state_ut,district,year_month,Latitude,Longitude,Month,Season,Cases,Deaths,preci,LAI,Temp,Cases_MA_3,Deaths_MA_3,Case_Growth_Rate
Andaman and Nicobar Islands,Andaman,2019-06-01,13.51111965,92.91738842,6,Monsoon,8.0,0.0,0.77260494,33.0,301.72,8.0,0.0,0.0
Andaman and Nicobar Islands,Andaman,2019-10-01,13.51111965,92.91738842,10,Post-Monsoon,30.0,0.0,0.1498575146,42.0,298.9066666,19.0,0.0,2.75
Andaman and Nicobar Islands,North and Middle Andaman,2013-12-01,12.61123865,92.83165406,12,Winter,86.0,0.0,0.1881493739,53.0,298.2,86.0,0.0,0.0
Andhra Pradesh,Anantapur,2010-06-01,14.6546235,77.55625984,6,Monsoon,68.0,0.0,0.2540483378,9.0,311.175,68.0,0.0,0.0
Andhra Pradesh,Anantapur,2011-06-01,14.6546235,77.55625984,6,Monsoon,128.0,0.0,0.027714734020000003,9.0,307.82,42.05555555555555,0.0,0.6344842284739983
Andhra Pradesh,Anantapur,2011-09-01,14.6546235,77.55625984,9,Monsoon,25.0,0.0,0.2521427967,7.0,303.445,43.333333333333336,0.0,-0.6951219512195121
Andhra Pradesh,Anantapur,2012-05-01,14.6546235,77.55625984,5,Summer,25.0,0.0,0.08289797767,3.0,312.8,44.0,0.0,0.0
Andhra Pradesh,Anantapur,2012-12-01,14.6546235,77.55625984,12,Winter,23.0,0.0,9.79e-05,6.0,306.06,24.333333333333332,0.0,-0.07999999999999996
Andhra Pradesh,Anantapur,2013-06-01,14.6546235,77.55625984,6,Monsoon,59.0,0.0,0.1960967701,2.0,303.445,35.666666666666664,0.0,1.5652173913043477
Andhra Pradesh,Anantapur,2013-08-01,14.6546235,77.55625984,8,Monsoon,34.0,2.0,0.03424359017,9.0,308.62,38.666666666666664,0.6666666666666666,-0.423728813559322
Andhra Pradesh,Anantapur,2014-06-01,14.6546235,77.55625984,6,Monsoon,12.0,0.0,0.00685651061,3.0,307.90500000000003,35.0,0.6666666666666666,-0.6470588235294117
Andhra Pradesh,Anantapur,2015-06-01,14.6546235,77.55625984,6,Monsoon,71.0,0.0,0.1592405045,5.0,313.15000000000003,39.0,0.6666666666666666,4.916666666666667
Andhra Pradesh,Anantapur,2016-06-01,14.6546235,77.55625984,6,Monsoon,11.0,0.0,0.09720540554,4.0,312.5,31.333333333333332,0.0,-0.8450704225352113
Andhra Pradesh,Anantapur,2021-03-01,14.6546235,77.55625984,3,Summer,60.0,0.0,3.87e-05,9.0,313.216,30.5,0.0,0.8636363636363635
Andhra Pradesh,Chittoor,2010-04-01,13.1601048,79.15555062,4,Summer,44.0,0.0,0.029148697520500002,7.0,310.362,18.0,0.0,0.5714285714285714
Andhra Pradesh,Chittoor,2010-05-01,13.1601048,79.15555062,5,Summer,81.0,0.0,0.01809973349,10.0,310.2905,32.0,0.0,0.21126126126126132
Andhra Pradesh,Chittoor,2010-06-01,13.1601048,79.15555062,6,Monsoon,25.0,3.0,0.41110525789999997,10.0,304.14250000000004,28.0,0.5,-0.601010101010101
Andhra Pradesh,Chittoor,2010-07-01,13.1601048,79.15555062,7,Monsoon,9.0,0.0,0.0265531894,9.0,301.38,11.333333333333334,1.0,0.2857142857142858
Andhra Pradesh,Chittoor,2010-11-01,13.1601048,79.15555062,11,Post-Monsoon,24.0,0.0,0.6433415455,13.0,299.14250000000004,10.166666666666668,0.5,0.16666666666666663
Andhra Pradesh,Chittoor,2011-06-01,13.1601048,79.15555062,6,Monsoon,51.0,0.0,0.02659007207,9.0,307.488,25.0,0.0,3.25
Andhra Pradesh,Chittoor,2011-11-01,13.1601048,79.15555062,11,Post-Monsoon,88.0,0.0,0.382623757075,13.0,301.6725,41.16666666666667,0.0,-0.08104575163398692
Andhra Pradesh,Chittoor,2012-06-01,13.1601048,79.15555062,6,Monsoon,45.0,1.0,0.104824311325,10.0,310.1613333,32.833333333333336,0.3333333333333333,-0.1843853820598007
Andhra Pradesh,Chittoor,2012-09-01,13.1601048,79.15555062,9,Monsoon,70.0,1.0,0.1577177859,10.0,304.78000000000003,38.333333333333336,0.6666666666666666,1.9166666666666665
Andhra Pradesh,Chittoor,2013-01-01,13.1601048,79.15555062,1,Winter,29.0,0.0,0.0006336637921,9.0,303.3566666,41.0,0.3333333333333333,-0.5857142857142856
Andhra Pradesh,Chittoor,2013-02-01,13.1601048,79.15555062,2,Winter,82.0,0.0,0.005553353091,8.0,304.9666666,60.333333333333336,0.3333333333333333,1.8275862068965516
Andhra Pradesh,Chittoor,2013-03-01,13.1601048,79.15555062,3,Summer,33.0,0.0,0.00054861344955,9.5,308.07,39.66666666666667,0.0,-0.05182926829268292
Andhra Pradesh,Chittoor,2013-04-01,13.1601048,79.15555062,4,Summer,16.0,0.0,0.007145038897,8.0,313.072,16.333333333333332,0.0,-0.23809523809523814
Andhra Pradesh,Chittoor,2013-05-01,13.1601048,79.15555062,5,Summer,44.0,0.0,0.002548878307,7.0,311.956,27.0,0.0,1.75
Andhra Pradesh,Chittoor,2013-11-01,13.1601048,79.15555062,11,Post-Monsoon,15.0,0.0,0.294202793,15.0,300.62,25.0,0.0,-0.6590909090909092
Andhra Pradesh,Chittoor,2014-06-01,13.1601048,79.15555062,6,Monsoon,19.0,0.0,0.1034736358,13.0,309.17,26.0,0.0,0.2666666666666666
Andhra Pradesh,Chittoor,2014-07-01,13.1601048,79.15555062,7,Monsoon,14.0,0.0,0.03713151105,8.0,304.98,16.0,0.0,-0.26315789473684215
Andhra Pradesh,Chittoor,2014-11-01,13.1601048,79.15555062,11,Post-Monsoon,22.0,2.0,0.001506591047,14.0,297.495,18.333333333333332,0.6666666666666666,0.5714285714285714
Andhra Pradesh,Chittoor,2015-03-01,13.1601048,79.15555062,3,Summer,82.0,0.0,0.001338915891,9.0,313.108,39.333333333333336,0.6666666666666666,2.727272727272727
Andhra Pradesh,Chittoor,2015-04-01,13.1601048,79.15555062,4,Summer,18.0,0.0,0.008543948554,7.0,310.95,40.666666666666664,0.6666666666666666,-0.7804878048780488
Andhra Pradesh,Chittoor,2015-05-01,13.1601048,79.15555062,5,Summer,55.0,0.0,0.07903718634333334,10.666666666666666,309.30333333333334,26.11111111111111,0.0,-0.008856682769726287
Andhra Pradesh,Chittoor,2015-06-01,13.1601048,79.15555062,6,Monsoon,55.0,1.0,0.48945949,14.0,306.42,29.0,0.3333333333333333,2.4375
Andhra Pradesh,Chittoor,2016-01-01,13.1601048,79.15555062,1,Winter,52.0,0.0,0.05755587459,11.0,302.264,41.0,0.3333333333333333,-0.054545454545454564
Andhra Pradesh,Chittoor,2016-06-01,13.1601048,79.15555062,6,Monsoon,75.0,1.0,0.4517175858,13.0,302.2,60.666666666666664,0.6666666666666666,0.4423076923076923
Andhra Pradesh,Chittoor,2016-07-01,13.1601048,79.15555062,7,Monsoon,11.0,0.0,0.8138324845,15.0,304.45,46.0,0.3333333333333333,-0.8533333333333333
Andhra Pradesh,Chittoor,2016-08-01,13.1601048,79.15555062,8,Monsoon,32.0,0.0,0.001476693637,17.0,299.2466666,39.333333333333336,0.3333333333333333,1.9090909090909092
Andhra Pradesh,Chittoor,2016-09-01,13.1601048,79.15555062,9,Monsoon,12.0,0.0,0.2775444993,9.0,302.16,18.333333333333332,0.0,-0.625
Andhra Pradesh,Chittoor,2017-03-01,13.1601048,79.15555062,3,Summer,63.0,0.0,0.0002700199809,8.0,306.12,35.666666666666664,0.0,4.25
Andhra Pradesh,Chittoor,2018-02-01,13.1601048,79.15555062,2,Winter,42.0,0.0,0.09335975988,11.0,304.23,39.0,0.0,-0.33333333333333337
Andhra Pradesh,Chittoor,2019-06-01,13.1601048,79.15555062,6,Monsoon,35.0,0.0,0.01858787331,8.0,310.12,46.666666666666664,0.0,-0.16666666666666663
Andhra Pradesh,Chittor,2011-08-01,13.2178147,79.0929361,8,Monsoon,29.0,0.0,0.06253562373,9.0,296.94,29.0,0.0,0.0
Andhra Pradesh,Cuddapah,2012-05-01,14.4956602,78.8349278,5,Summer,29.0,0.0,0.1016562317,9.0,314.0666666,29.0,0.0,0.0
Andhra Pradesh,Cuddapah,2016-06-01,14.4956602,78.8349278,6,Monsoon,14.0,0.0,0.296688057,6.0,309.54,21.5,0.0,-0.5172413793103448
Andhra Pradesh,Cuddapah,2016-07-01,14.4956602,78.8349278,7,Monsoon,42.0,0.0,0.1040768561,9.0,301.12,28.333333333333332,0.0,2.0
Andhra Pradesh,Cuddapah,2017-07-01,14.4956602,78.8349278,7,Monsoon,51.0,0.0,0.08707381249,6.0,308.0466666,35.666666666666664,0.0,0.2142857142857142
Andhra Pradesh,Cuddapah,2018-03-01,14.4956602,78.8349278,3,Summer,25.0,0.0,0.004435096183,8.0,310.12333340000004,39.333333333333336,0.0,-0.5098039215686274
Andhra Pradesh,East Godavari,2010-01-01,16.99842865,81.71561488,1,Winter,25.0,0.0,0.008943070151,13.0,300.535,25.0,0.0,0.0
Andhra Pradesh,East Godavari,2011-10-01,16.99842865,81.71561488,10,Post-Monsoon,55.0,0.0,0.01923500463,18.0,304.14,40.0,0.0,1.2000000000000002
Andhra Pradesh,East Godavari,2012-07-01,16.99842865,81.71561488,7,Monsoon,41.0,0.0,0.8395909477,13.0,305.8,40.333333333333336,0.0,-0.2545454545454545
Andhra Pradesh,East Godavari,2012-11-01,16.99842865,81.71561488,11,Post-Monsoon,224.0,0.0,1.285813591,19.0,299.28000000000003,106.66666666666667,0.0,4.463414634146342
Andhra Pradesh,East Godavari,2013-04-01,16.99842865,81.71561488,4,Summer,30.0,0.0,0.0006611923121,10.0,307.216,98.33333333333333,0.0,-0.8660714285714286
Andhra Pradesh,East Godavari,2014-07-01,16.99842865,81.71561488,7,Monsoon,110.0,0.0,1.741450456,7.0,300.55,121.33333333333333,0.0,2.6666666666666665
Andhra Pradesh,East Godavari,2015-07-01,16.99842865,81.71561488,7,Monsoon,29.0,0.0,0.1025574804,16.0,302.88,56.333333333333336,0.0,-0.7363636363636363
Andhra Pradesh,East Godavari,2015-10-01,16.99842865,81.71561488,10,Post-Monsoon,182.0,0.0,0.7861790594,9.0,301.65500000000003,107.0,0.0,5.0
Andhra Pradesh,East Godavari,2016-03-01,16.99842865,81.71561488,3,Summer,10.0,0.0,0.03940526049,12.0,301.7333334,73.66666666666667,0.0,-0.945054945054945
Andhra Pradesh,East Godavari,2016-08-01,16.99842865,81.71561488,8,Monsoon,14.0,0.0,1.40035154,9.0,303.445,68.66666666666667,0.0,0.3999999999999999
Andhra Pradesh,East Godavari,2017-01-01,16.99842865,81.71561488,1,Winter,15.0,0.0,0.0002294354551,25.0,300.392,13.0,0.0,0.0714285714285714
Andhra Pradesh,East Godavari,2017-09-01,16.99842865,81.71561488,9,Monsoon,24.0,0.0,0.3244615379,20.0,300.93,17.666666666666668,0.0,0.6000000000000001
Andhra Pradesh,East Godavari,2017-10-01,16.99842865,81.71561488,10,Post-Monsoon,67.0,0.0,0.5780676133,17.0,298.09000000000003,35.333333333333336,0.0,1.7916666666666665
Andhra Pradesh,East Godavari,2018-02-01,16.99842865,81.71561488,2,Winter,9.0,0.0,3.28e-05,16.0,302.7833334,33.333333333333336,0.0,-0.8656716417910448
Andhra Pradesh,Godavari,2011-03-01,16.99842865,81.71561488,3,Summer,19.0,0.0,0.001156009842,13.0,305.74,19.0,0.0,0.0
Andhra Pradesh,Guntur,2010-05-01,16.2915189,80.4541588,5,Summer,45.0,0.0,0.008228921511,9.0,310.272,45.0,0.0,0.0
Andhra Pradesh,Guntur,2018-01-01,16.2915189,80.4541588,1,Winter,7.0,2.0,0.004933707398,9.0,304.376,26.0,1.0,-0.8444444444444444
Andhra Pradesh,Guntur,2018-03-01,16.2915189,80.4541588,3,Summer,1025.5599999999977,4.0,0.0032135801930000003,8.666666666666666,311.836,250.79111111111058,1.3333333333333333,2.668208870491547
Andhra Pradesh,Guntur,2018-04-01,16.2915189,80.4541588,4,Summer,19.0,0.0,0.01110698313,7.0,311.4833334,292.1866666666659,1.3333333333333333,-0.09523809523809523
Andhra Pradesh,Guntur,2018-06-01,16.2915189,80.4541588,6,Monsoon,88.0,0.0,0.07889784523000001,7.0,309.9166667,30.333333333333332,0.0,0.6781954887218045
Andhra Pradesh,Guntur,2019-05-01,16.2915189,80.4541588,5,Summer,23.0,2.0,0.006561507979,5.0,315.024,37.0,0.6666666666666666,-0.5660377358490566
Andhra Pradesh,Guntur,2019-09-01,16.2915189,80.4541588,9,Monsoon,38.0,0.0,1.075276598,9.0,303.1266666,38.0,0.6666666666666666,0.6521739130434783
Andhra Pradesh,Kadapa,2009-06-01,14.4752936,78.8216861,6,Monsoon,39.0,0.0,0.05305104678,8.0,310.14,39.0,0.0,0.0
Andhra Pradesh,Kadapa,2009-07-01,14.4752936,78.8216861,7,Monsoon,68.0,0.0,0.1727718164,9.0,309.48,32.08333333333333,0.0,0.6196581196581197
Andhra Pradesh,Kadapa,2009-12-01,14.4752936,78.8216861,12,Winter,65.0,0.0,0.007220750371,9.0,302.14,44.333333333333336,0.0,0.30000000000000004
Andhra Pradesh,Kadapa,2010-05-01,14.4752936,78.8216861,5,Summer,77.0,0.0,0.015683737776666668,5.333333333333333,314.9817778,34.333333333333336,0.0,0.21789844142785322
Andhra Pradesh,Kadapa,2010-06-01,14.4752936,78.8216861,6,Monsoon,212.0,0.0,0.5494302793575,7.75,308.39458335,55.0,0.0,0.18350998734293933
Andhra Pradesh,Kadapa,2010-07-01,14.4752936,78.8216861,7,Monsoon,192.0,0.0,0.27308281993399997,9.4,306.418,37.8,0.0,0.6286454781724513
Andhra Pradesh,Kadapa,2011-05-01,14.4752936,78.8216861,5,Summer,32.0,0.0,0.03010703838,8.0,312.096,34.0,0.0,0.8823529411764706
Andhra Pradesh,Kadapa,2011-06-01,14.4752936,78.8216861,6,Monsoon,42.0,0.0,0.2414661965,7.0,310.4533334,30.333333333333332,0.0,0.3125
Andhra Pradesh,Kadapa,2011-07-01,14.4752936,78.8216861,7,Monsoon,20.0,0.0,0.1299988478,5.0,308.85,24.333333333333336,0.0,-0.38095238095238093
Andhra Pradesh,Kadapa,2011-10-01,14.4752936,78.8216861,10,Post-Monsoon,46.0,0.0,0.0062061692815,12.5,306.505,14.833333333333334,0.0,0.9192307692307692
Andhra Pradesh,Kadapa,2012-05-01,14.4752936,78.8216861,5,Summer,42.0,1.0,0.1016562317,9.0,314.0666666,29.333333333333332,0.3333333333333333,0.2727272727272727
Andhra Pradesh,Kadapa,2012-12-01,14.4752936,78.8216861,12,Winter,56.0,0.0,0.43309792785,11.5,303.5416667,34.0,0.3333333333333333,-0.22772657450076805
Andhra Pradesh,Kadapa,2013-06-01,14.4752936,78.8216861,6,Monsoon,48.0,2.0,0.08256184296,6.0,309.6,34.666666666666664,0.6666666666666666,0.9199999999999999
Andhra Pradesh,Kadapa,2014-05-01,14.4752936,78.8216861,5,Summer,15.0,0.0,0.0001169490468,9.0,316.036,29.333333333333332,0.6666666666666666,-0.6875
Andhra Pradesh,Kadapa,2015-03-01,14.4752936,78.8216861,3,Summer,42.0,0.0,0.04333554596,6.0,311.19,35.0,0.6666666666666666,1.7999999999999998
Andhra Pradesh,Kadapa,2015-07-01,14.4752936,78.8216861,7,Monsoon,101.0,0.0,0.009533108693,7.0,307.27,52.666666666666664,0.0,1.4047619047619047
Andhra Pradesh,Kadapa,2015-08-01,14.4752936,78.8216861,8,Monsoon,58.0,0.0,0.21687108065,4.0,308.87,56.16666666666667,0.0,-0.4981612446958982
Andhra Pradesh,Kadapa,2016-06-01,14.4752936,78.8216861,6,Monsoon,14.0,0.0,0.296688057,6.0,309.54,24.0,0.0,-0.3913043478260869
Andhra Pradesh,Kadapa,2016-07-01,14.4752936,78.8216861,7,Monsoon,42.0,0.0,0.1040768561,9.0,301.12,26.333333333333332,0.0,2.0
Andhra Pradesh,Kadapa,2017-03-01,14.4752936,78.8216861,3,Summer,32.0,0.0,0.01313335307,7.0,312.212,29.333333333333332,0.0,-0.23809523809523814
Andhra Pradesh,Kadapa,2017-04-01,14.4752936,78.8216861,4,Summer,48.0,0.0,0.001862683483,9.0,313.704,40.666666666666664,0.0,0.5
Andhra Pradesh,Kadapa,2017-05-01,14.4752936,78.8216861,5,Summer,62.0,0.0,0.03940527194,6.0,315.5733334,47.333333333333336,0.0,0.29166666666666674
Andhra Pradesh,Kadapa,2017-07-01,14.4752936,78.8216861,7,Monsoon,7.0,0.0,0.1471605754,7.0,310.02,39.0,0.0,-0.8870967741935484
Andhra Pradesh,Kadapa,2019-06-01,14.4752936,78.8216861,6,Monsoon,282.0,0.0,0.2276109761,3.0,313.94,117.0,0.0,5.0
Andhra Pradesh,Kadapa,2019-07-01,14.4752936,78.8216861,7,Monsoon,6.0,0.0,0.2835273569,3.0,313.94,98.33333333333333,0.0,-0.9787234042553191
Andhra Pradesh,Krishna,2010-04-01,16.21399145,81.02572814,4,Summer,19.0,0.0,0.000686087432,11.0,305.53200000000004,19.0,0.0,0.0
Andhra Pradesh,Krishna,2011-02-01,16.21399145,81.02572814,2,Winter,132.0,0.0,0.2278476707,15.0,300.628,75.5,0.0,5.0
Andhra Pradesh,Krishna,2011-04-01,16.21399145,81.02572814,4,Summer,106.0,3.0,0.5415081107,7.0,307.94,85.66666666666667,1.0,-0.19696969696969702
Andhra Pradesh,Krishna,2011-08-01,16.21399145,81.02572814,8,Monsoon,45.0,0.0,0.5729812104,9.0,300.82,94.33333333333333,1.0,-0.5754716981132075
Andhra Pradesh,Krishna,2011-09-01,16.21399145,81.02572814,9,Monsoon,30.0,0.0,0.02856716243,14.0,304.56,60.333333333333336,1.0,-0.33333333333333337
Andhra Pradesh,Krishna,2011-12-01,16.21399145,81.02572814,12,Winter,48.0,0.0,0.03798657977,9.0,302.336,41.0,0.0,0.6000000000000001
Andhra Pradesh,Krishna,2013-04-01,16.21399145,81.02572814,4,Summer,102.0,0.0,0.009029195966,7.0,310.368,60.0,0.0,1.125
Andhra Pradesh,Krishna,2014-03-01,16.21399145,81.02572814,3,Summer,31.0,0.0,7.47e-05,15.0,306.15000000000003,60.333333333333336,0.0,-0.696078431372549
Andhra Pradesh,Krishna,2014-12-01,16.21399145,81.02572814,12,Winter,25.0,0.0,0.0003007048705,14.0,300.37,52.666666666666664,0.0,-0.19354838709677424
Andhra Pradesh,Krishna,2015-07-01,16.21399145,81.02572814,7,Monsoon,140.0,0.0,0.09276153657,5.0,305.325,65.33333333333333,0.0,4.6
Andhra Pradesh,Krishna,2015-11-01,16.21399145,81.02572814,11,Post-Monsoon,25.0,0.0,0.08084867334,9.0,301.012,63.333333333333336,0.0,-0.8214285714285714
Andhra Pradesh,Krishna,2018-04-01,16.21399145,81.02572814,4,Summer,28.0,0.0,0.01054846624,9.0,305.64,64.33333333333333,0.0,0.1200000000000001
Andhra Pradesh,Krishna,2018-05-01,16.21399145,81.02572814,5,Summer,35.0,0.0,0.007031868493,4.0,305.4966666,29.333333333333332,0.0,0.25
Andhra Pradesh,Krishna,2022-04-01,16.21399145,81.02572814,4,Summer,30.0,0.0,0.001602218663,7.0,308.756,31.0,0.0,-0.1428571428571429
Andhra Pradesh,Kurnool,2010-06-01,15.8309251,78.0425373,6,Monsoon,22.0,0.0,0.04048025423,9.0,314.225,22.0,0.0,0.0
Andhra Pradesh,Kurnool,2011-04-01,15.8309251,78.0425373,4,Summer,71.0,0.0,0.0430614165,7.0,312.96,46.5,0.0,2.227272727272727
Andhra Pradesh,Kurnool,2011-05-01,15.8309251,78.0425373,5,Summer,183.0,0.0,0.08862595967,6.0,314.135,67.0,0.0,0.5509603072983353
Andhra Pradesh,Kurnool,2011-06-01,15.8309251,78.0425373,6,Monsoon,128.0,0.0,0.074249696364,5.0,309.008,40.733333333333334,0.0,-0.13366477272727267
Andhra Pradesh,Kurnool,2011-07-01,15.8309251,78.0425373,7,Monsoon,182.0,0.0,0.8024906864666667,4.666666666666667,304.18666666666667,58.77777777777777,0.0,1.1332480650662469
Andhra Pradesh,Kurnool,2012-08-01,15.8309251,78.0425373,8,Monsoon,28.0,0.0,0.4921974488,6.0,299.64,29.666666666666668,0.0,-0.30000000000000004
Andhra Pradesh,Kurnool,2012-09-01,15.8309251,78.0425373,9,Monsoon,18.0,0.0,0.008389028539,15.0,307.41,28.666666666666668,0.0,-0.3571428571428571
Andhra Pradesh,Kurnool,2012-10-01,15.8309251,78.0425373,10,Post-Monsoon,22.0,2.0,0.1665819417,16.0,301.935,22.666666666666668,0.6666666666666666,0.22222222222222232
Andhra Pradesh,Kurnool,2013-07-01,15.8309251,78.0425373,7,Monsoon,149.0,1.0,0.63268416055,6.5,303.445,43.5,1.0,1.1263636363636365
Andhra Pradesh,Kurnool,2013-11-01,15.8309251,78.0425373,11,Post-Monsoon,43.0,3.0,0.0549546173951,12.5,302.8473333,51.66666666666667,0.8333333333333333,-0.272461456671983
Andhra Pradesh,Kurnool,2015-02-01,15.8309251,78.0425373,2,Winter,22.0,0.0,0.0001869740084,9.0,311.44,21.666666666666668,1.0,-0.08333333333333337
Andhra Pradesh,Kurnool,2015-05-01,15.8309251,78.0425373,5,Summer,34.0,0.0,0.0271350511,6.0,310.176,26.666666666666668,0.6666666666666666,0.5454545454545454
Andhra Pradesh,Kurnool,2016-02-01,15.8309251,78.0425373,2,Winter,11.0,0.0,8.36e-05,9.0,311.1766666,22.333333333333332,0.0,-0.6764705882352942
Andhra Pradesh,Kurnool,2016-06-01,15.8309251,78.0425373,6,Monsoon,34.0,0.0,0.61201615,5.0,303.445,26.333333333333332,0.0,2.090909090909091
Andhra Pradesh,Kurnool,2017-05-01,15.8309251,78.0425373,5,Summer,71.0,0.0,0.023689140091,6.5,317.84000000000003,29.666666666666664,0.0,0.17962184873949583
Andhra Pradesh,Kurnool,2018-02-01,15.8309251,78.0425373,2,Winter,27.0,0.0,7.8e-05,6.0,309.112,32.666666666666664,0.0,-0.37209302325581395
Andhra Pradesh,Kurnool,2019-04-01,15.8309251,78.0425373,4,Summer,42.0,0.0,0.02615758416,9.0,317.156,37.333333333333336,0.0,0.5555555555555556
Andhra Pradesh,Kurnool,2019-09-01,15.8309251,78.0425373,9,Monsoon,26.0,0.0,0.2637816643,9.0,301.37333340000004,31.666666666666668,0.0,-0.38095238095238093
Andhra Pradesh,Kurnool,2019-10-01,15.8309251,78.0425373,10,Post-Monsoon,65.0,0.0,0.1314620815,16.0,302.46,44.333333333333336,0.0,1.5
Andhra Pradesh,Kurnool,2019-12-01,15.8309251,78.0425373,12,Winter,60.0,0.0,0.009241834235,12.0,301.62,50.333333333333336,0.0,-0.07692307692307687
Andhra Pradesh,Kurnool,2021-02-01,15.8309251,78.0425373,2,Winter,24.0,1.0,0.007255567001,8.0,306.6,49.666666666666664,0.3333333333333333,-0.6
Andhra Pradesh,Kurnool,2021-07-01,15.8309251,78.0425373,7,Monsoon,41.0,3.0,1.222079249,6.0,300.2,41.666666666666664,1.3333333333333333,0.7083333333333333
Andhra Pradesh,Nandyal,2022-05-01,15.52481495,78.41517104,5,Summer,31.0,1.0,0.24558094854020002,12.5,305.358,18.25,0.75,-0.2619047619047619
Andhra Pradesh,Nellore,2009-06-01,13.4923257,79.202539,6,Monsoon,43.0,0.0,0.1331302201,10.0,309.73,43.0,0.0,0.0
Andhra Pradesh,Nellore,2010-09-01,13.4923257,79.202539,9,Monsoon,27.0,1.0,0.09589897066,16.0,303.94,35.0,0.5,-0.37209302325581395
Andhra Pradesh,Nellore,2010-11-01,13.4923257,79.202539,11,Post-Monsoon,38.0,0.0,0.6782579387,15.0,299.22,36.0,0.3333333333333333,0.40740740740740744
Andhra Pradesh,Nellore,2011-06-01,13.4923257,79.202539,6,Monsoon,81.0,1.0,0.09398346726,9.0,303.445,48.666666666666664,0.6666666666666666,1.1315789473684212
Andhra Pradesh,Nellore,2011-07-01,13.4923257,79.202539,7,Monsoon,46.0,1.0,0.191673801645,8.0,309.0633333,43.5,0.5,0.125925925925926
Andhra Pradesh,Nellore,2012-01-01,13.4923257,79.202539,1,Winter,10.0,0.0,0.1145493093,13.0,300.96500000000003,18.666666666666668,0.3333333333333333,-0.6774193548387097
Andhra Pradesh,Nellore,2013-08-01,13.4923257,79.202539,8,Monsoon,27.0,0.0,0.1091315018,9.0,306.68,22.666666666666668,0.3333333333333333,1.7000000000000002
Andhra Pradesh,Nellore,2014-01-01,13.4923257,79.202539,1,Winter,32.0,0.0,0.005329409554,11.0,303.54,23.0,0.0,0.18518518518518512
Andhra Pradesh,Nellore,2015-05-01,13.4923257,79.202539,5,Summer,32.0,0.0,0.02226700101,5.0,309.90000000000003,30.333333333333332,0.0,0.0
Andhra Pradesh,Nellore,2015-08-01,13.4923257,79.202539,8,Monsoon,24.0,0.0,0.21630574725,9.5,308.9766667,21.833333333333336,0.0,-0.23721590909090906
Andhra Pradesh,Nellore,2015-10-01,13.4923257,79.202539,10,Post-Monsoon,48.0,0.0,0.5927571458,9.0,304.05,24.0,0.0,2.6923076923076925
Andhra Pradesh,Nellore,2015-12-01,13.4923257,79.202539,12,Winter,28.0,0.0,0.9864755403,13.0,299.46,25.166666666666664,0.0,-0.35416666666666663
Andhra Pradesh,Nellore,2016-05-01,13.4923257,79.202539,5,Summer,16.0,0.0,0.002134173655,10.0,307.7366666,14.666666666666666,0.0,0.1428571428571428
Andhra Pradesh,Prakasam,2009-06-01,15.6589741,79.47164373,6,Monsoon,51.0,1.0,0.09723388067,7.0,314.0066667,32.25,0.75,-0.34615384615384615
Andhra Pradesh,Prakasam,2010-02-01,15.6589741,79.47164373,2,Winter,42.0,0.0,0.0046923213825,8.5,308.216,19.333333333333336,0.16666666666666666,0.8674242424242424
Andhra Pradesh,Prakasam,2010-04-01,15.6589741,79.47164373,4,Summer,26.0,0.0,0.01063122106,6.0,315.796,22.666666666666668,0.0,-0.16129032258064513
Andhra Pradesh,Prakasam,2010-05-01,15.6589741,79.47164373,5,Summer,13.0,0.0,0.01731948379,9.0,312.48,23.333333333333332,0.0,-0.5
Andhra Pradesh,Prakasam,2010-06-01,15.6589741,79.47164373,6,Monsoon,37.0,0.0,0.1133148257,9.0,310.56,25.333333333333332,0.0,1.8461538461538463
Andhra Pradesh,Prakasam,2010-07-01,15.6589741,79.47164373,7,Monsoon,118.0,1.0,0.26400308792666666,9.666666666666666,303.73944439999997,37.44444444444444,0.1111111111111111,-0.04299754299754299
Andhra Pradesh,Prakasam,2010-10-01,15.6589741,79.47164373,10,Post-Monsoon,22.0,0.0,0.288185725,7.0,301.48,32.0,0.3333333333333333,-0.2666666666666667
Andhra Pradesh,Prakasam,2011-06-01,15.6589741,79.47164373,6,Monsoon,84.0,0.0,0.003870045437,6.0,312.76,26.88888888888889,0.1111111111111111,0.0909090909090909
Andhra Pradesh,Prakasam,2011-11-01,15.6589741,79.47164373,11,Post-Monsoon,20.0,0.0,8.42e-05,11.0,306.996,25.333333333333332,0.0,-0.2857142857142857
Andhra Pradesh,Prakasam,2012-04-01,15.6589741,79.47164373,4,Summer,95.0,0.0,0.0080503828275,5.0,315.8333334,37.16666666666667,0.0,0.7916666666666667
Andhra Pradesh,Prakasam,2013-03-01,15.6589741,79.47164373,3,Summer,27.0,0.0,0.01582499826,7.0,311.6,40.666666666666664,0.0,-0.22857142857142854
Andhra Pradesh,Prakasam,2013-05-01,15.6589741,79.47164373,5,Summer,22.0,0.0,0.04070217453,9.0,317.0933334,28.0,0.0,-0.18518518518518523
Andhra Pradesh,Prakasam,2014-01-01,15.6589741,79.47164373,1,Winter,50.0,0.0,0.05612538856,7.0,300.536,33.0,0.0,1.272727272727273
Andhra Pradesh,Prakasam,2015-02-01,15.6589741,79.47164373,2,Winter,22.0,0.0,0.001088607416,9.0,309.5366666,31.333333333333332,0.0,-0.56
Andhra Pradesh,Prakasam,2016-06-01,15.6589741,79.47164373,6,Monsoon,14.0,0.0,0.02424316593,9.0,312.02,28.666666666666668,0.0,-0.36363636363636365
Andhra Pradesh,Prakasam,2016-09-01,15.6589741,79.47164373,9,Monsoon,50.0,0.0,0.4254672712,5.0,302.76,28.666666666666668,0.0,2.5714285714285716
Andhra Pradesh,Prakasam,2017-05-01,15.6589741,79.47164373,5,Summer,28.0,0.0,0.06040740703,5.0,315.196,30.666666666666668,0.0,-0.43999999999999995
Andhra Pradesh,Prakasam,2018-06-01,15.6589741,79.47164373,6,Monsoon,30.0,1.0,0.09974351478,9.0,311.824,36.0,0.3333333333333333,0.0714285714285714
Andhra Pradesh,Prakasam,2018-08-01,15.6589741,79.47164373,8,Monsoon,35.0,0.0,0.04604273553,9.0,310.05,31.0,0.3333333333333333,0.16666666666666674
Andhra Pradesh,Prakasam,2022-05-01,15.6589741,79.47164373,5,Summer,29.0,0.0,0.9649838386,6.0,308.2466666,31.333333333333332,0.3333333333333333,-0.17142857142857137
Andhra Pradesh,Ranga Reddy,2013-09-01,13.1006135,79.1260283,9,Monsoon,80.0,0.0,0.6728311561,4.0,302.2,23.88888888888889,0.0,0.7456008044243339
Andhra Pradesh,Srikakulam,2013-08-01,18.32002205,83.9160772,8,Monsoon,16.0,0.0,0.5241072051,17.0,301.72,16.0,0.0,0.0
Andhra Pradesh,Srikakulam,2016-07-01,18.32002205,83.9160772,7,Monsoon,34.0,2.0,0.4084829108,14.0,303.62,15.333333333333334,0.8333333333333333,0.29166666666666663
Andhra Pradesh,Srikakulam,2017-06-01,18.32002205,83.9160772,6,Monsoon,16.0,0.0,0.8792437884,9.0,300.82,16.666666666666668,0.6666666666666666,-0.2727272727272727
Andhra Pradesh,Srikakulam,2018-11-01,18.32002205,83.9160772,11,Post-Monsoon,36.0,0.0,0.03246801788,13.0,302.2833334,24.666666666666668,0.0,1.25
Andhra Pradesh,Srikakulam,2018-12-01,18.32002205,83.9160772,12,Winter,39.0,0.0,0.000117000311,9.0,301.392,30.333333333333332,0.0,0.08333333333333326
Andhra Pradesh,Visakhapatnam,2009-08-01,17.7222517,83.32670984,8,Monsoon,26.0,0.0,0.337273926,9.0,301.7466666,26.0,0.0,0.0
Andhra Pradesh,Visakhapatnam,2010-03-01,17.7222517,83.32670984,3,Summer,36.0,0.0,0.0389688862,7.0,305.515,31.0,0.0,0.3846153846153846
Andhra Pradesh,Visakhapatnam,2010-10-01,17.7222517,83.32670984,10,Post-Monsoon,83.0,0.0,0.82819945315,11.0,301.43,34.666666666666664,0.0,0.412037037037037
Andhra Pradesh,Visakhapatnam,2010-11-01,17.7222517,83.32670984,11,Post-Monsoon,20.0,0.0,2.694219773,11.0,299.53000000000003,34.333333333333336,0.0,-0.6428571428571428
Andhra Pradesh,Visakhapatnam,2011-09-01,17.7222517,83.32670984,9,Monsoon,15.0,0.0,0.6172075623,9.0,303.445,30.333333333333332,0.0,-0.25
Andhra Pradesh,Visakhapatnam,2011-12-01,17.7222517,83.32670984,12,Winter,12.0,0.0,0.005255753106,9.0,302.38,15.666666666666666,0.0,-0.19999999999999996
Andhra Pradesh,Visakhapatnam,2012-06-01,17.7222517,83.32670984,6,Monsoon,55.0,1.0,0.01893911243,6.0,311.15000000000003,27.333333333333332,0.3333333333333333,3.583333333333333
Andhra Pradesh,Visakhapatnam,2012-09-01,17.7222517,83.32670984,9,Monsoon,11.0,0.0,0.426829247,10.0,303.445,26.0,0.3333333333333333,-0.8
Andhra Pradesh,Visakhapatnam,2012-11-01,17.7222517,83.32670984,11,Post-Monsoon,133.0,0.0,0.5130807354175,15.0,302.2158333,36.5,0.08333333333333333,0.8917508417508417
Andhra Pradesh,Visakhapatnam,2012-12-01,17.7222517,83.32670984,12,Winter,36.0,0.0,0.0004330389402,13.0,301.572,20.0,0.0,1.5714285714285716
Andhra Pradesh,Visakhapatnam,2013-06-01,17.7222517,83.32670984,6,Monsoon,15.0,0.0,0.03342050246,9.0,309.4066666,21.666666666666668,0.0,-0.5833333333333333
Andhra Pradesh,Visakhapatnam,2013-10-01,17.7222517,83.32670984,10,Post-Monsoon,21.0,0.0,2.5620023535,15.0,303.445,16.333333333333336,0.0,-0.17878787878787883
Andhra Pradesh,Visakhapatnam,2013-11-01,17.7222517,83.32670984,11,Post-Monsoon,30.0,0.0,0.0005585707952,9.0,302.2633334,17.0,0.0,2.0
Andhra Pradesh,Visakhapatnam,2014-04-01,17.7222517,83.32670984,4,Summer,14.0,2.0,0.003455332578,10.0,309.0733334,18.0,0.6666666666666666,-0.5333333333333333
Andhra Pradesh,Visakhapatnam,2014-08-01,17.7222517,83.32670984,8,Monsoon,23.0,0.0,0.2358781122,17.0,305.2466666,22.333333333333332,0.6666666666666666,0.6428571428571428
Andhra Pradesh,Visakhapatnam,2015-06-01,17.7222517,83.32670984,6,Monsoon,15.0,0.0,1.090899644,5.0,306.66,17.333333333333332,0.6666666666666666,-0.34782608695652173
Andhra Pradesh,Visakhapatnam,2015-09-01,17.7222517,83.32670984,9,Monsoon,52.0,0.0,2.692314466,9.0,303.445,30.0,0.0,2.466666666666667
Andhra Pradesh,Visakhapatnam,2015-10-01,17.7222517,83.32670984,10,Post-Monsoon,15.0,0.0,0.09566008838,18.0,303.516,27.333333333333332,0.0,-0.7115384615384616
Andhra Pradesh,Visakhapatnam,2016-01-01,17.7222517,83.32670984,1,Winter,20.0,0.0,0.00468783893,11.0,301.88,29.0,0.0,0.33333333333333326
Andhra Pradesh,Visakhapatnam,2016-05-01,17.7222517,83.32670984,5,Summer,15.0,0.0,1.904415471,9.0,307.67,16.666666666666668,0.0,-0.25
Andhra Pradesh,Visakhapatnam,2016-06-01,17.7222517,83.32670984,6,Monsoon,41.0,0.0,0.3516362116,15.0,304.53000000000003,25.333333333333332,0.0,1.7333333333333334
Andhra Pradesh,Visakhapatnam,2019-01-01,17.7222517,83.32670984,1,Winter,23.0,0.0,0.01016701059,11.0,301.456,26.333333333333332,0.0,-0.4390243902439024
Andhra Pradesh,Visakhapatnam,2019-02-01,17.7222517,83.32670984,2,Winter,133.0,0.0,0.001563707088,9.0,308.7966666,65.66666666666667,0.0,4.782608695652174
Andhra Pradesh,Visakhapatnam,2019-05-01,17.7222517,83.32670984,5,Summer,16.0,0.0,0.02533374769,9.0,308.59200000000004,57.333333333333336,0.0,-0.8796992481203008
Andhra Pradesh,Visakhapatnam,2019-06-01,17.7222517,83.32670984,6,Monsoon,14.0,0.0,0.005092893307,9.0,308.33,54.333333333333336,0.0,-0.125
Andhra Pradesh,Visakhapatnam,2020-02-01,17.7222517,83.32670984,2,Winter,13.0,0.0,0.1064647785,9.0,302.745,14.333333333333334,0.0,-0.0714285714285714
Andhra Pradesh,Vizianagaram,2010-08-01,18.1120819,83.40521962,8,Monsoon,25.0,0.0,0.8399196414,5.0,303.04,25.0,0.0,0.0
Andhra Pradesh,Vizianagaram,2010-09-01,18.1120819,83.40521962,9,Monsoon,38.0,0.0,0.43331235025,10.5,298.97,23.5,0.0,-0.25629629629629624
Andhra Pradesh,Vizianagaram,2010-11-01,18.1120819,83.40521962,11,Post-Monsoon,54.0,0.0,2.384673955,11.0,300.33,30.666666666666668,0.0,3.909090909090909
Andhra Pradesh,Vizianagaram,2011-04-01,18.1120819,83.40521962,4,Summer,22.0,0.0,0.2910443642,11.0,310.5,29.0,0.0,-0.5925925925925926
Andhra Pradesh,Vizianagaram,2012-12-01,18.1120819,83.40521962,12,Winter,219.0,0.0,0.00032832534864999995,11.0,301.6108333,47.166666666666664,0.0,0.5983703796203796
Andhra Pradesh,Vizianagaram,2013-09-01,18.1120819,83.40521962,9,Monsoon,17.0,0.0,0.6275069675,23.0,304.19,42.666666666666664,0.0,-0.782051282051282
Andhra Pradesh,Vizianagaram,2013-11-01,18.1120819,83.40521962,11,Post-Monsoon,55.0,0.0,0.13260425634849998,14.0,301.7403333,34.66666666666667,0.0,0.3766140602582496
Andhra Pradesh,Vizianagaram,2015-07-01,18.1120819,83.40521962,7,Monsoon,26.0,0.0,0.1762899299,5.0,303.445,27.0,0.0,0.8571428571428572
Andhra Pradesh,Vizianagaram,2015-09-01,18.1120819,83.40521962,9,Monsoon,54.0,0.0,0.6906381139,20.0,305.40000000000003,31.333333333333332,0.0,1.076923076923077
Andhra Pradesh,Vizianagaram,2016-06-01,18.1120819,83.40521962,6,Monsoon,37.0,0.0,0.3930712575,15.0,302.92,39.0,0.0,-0.31481481481481477
Andhra Pradesh,Vizianagaram,2016-07-01,18.1120819,83.40521962,7,Monsoon,24.0,0.0,1.206659991,9.0,304.3425,27.5,0.0,-0.40124740124740127
Andhra Pradesh,Vizianagaram,2016-08-01,18.1120819,83.40521962,8,Monsoon,14.0,0.0,0.2870516494,16.0,302.38,12.666666666666666,0.0,0.2727272727272727
Andhra Pradesh,Vizianagaram,2016-09-01,18.1120819,83.40521962,9,Monsoon,37.0,0.0,0.6099486256,16.0,303.445,20.666666666666668,0.0,1.6428571428571428
Andhra Pradesh,Vizianagaram,2019-06-01,18.1120819,83.40521962,6,Monsoon,14.0,0.0,0.1162495604,14.0,306.14,21.666666666666668,0.0,-0.6216216216216216
Andhra Pradesh,West Godavari,2012-01-01,16.63713765,81.58909666,1,Winter,0.0,0.0,0.0006761187498,12.0,300.69333340000003,0.0,0.0,0.0
Andhra Pradesh,West Godavari,2012-08-01,16.63713765,81.58909666,8,Monsoon,58.0,0.0,0.6296221556,14.0,301.24,29.0,0.0,0.0
Andhra Pradesh,West Godavari,2012-12-01,16.63713765,81.58909666,12,Winter,45.0,0.0,0.001204859045,9.0,301.31333340000003,34.333333333333336,0.0,-0.22413793103448276
Andhra Pradesh,West Godavari,2013-02-01,16.63713765,81.58909666,2,Winter,24.0,0.0,0.1170010357,19.0,302.045,42.333333333333336,0.0,-0.4666666666666667
Andhra Pradesh,West Godavari,2013-03-01,16.63713765,81.58909666,3,Summer,18.0,0.0,0.002922846405,20.0,303.4533334,29.0,0.0,-0.25
Andhra Pradesh,West Godavari,2013-11-01,16.63713765,81.58909666,11,Post-Monsoon,15.0,0.0,0.02712982454,14.0,300.888,19.0,0.0,-0.16666666666666663
Andhra Pradesh,West Godavari,2015-09-01,16.63713765,81.58909666,9,Monsoon,11.0,0.0,1.335196725,8.0,303.66,14.666666666666666,0.0,-0.2666666666666667
Andhra Pradesh,West Godavari,2016-12-01,16.63713765,81.58909666,12,Winter,38.0,0.0,0.0222333641,8.0,301.865,21.333333333333332,0.0,2.4545454545454546
Arunachal Pradesh,Changlang,2015-10-01,27.1398402,95.7382485,10,Post-Monsoon,508.0,6.0,0.09931108215,51.0,298.47200000000004,86.61111111111113,2.0,1.8416666666666668
Arunachal Pradesh,Dibang Valley,2017-05-01,28.83416675,95.94523415,5,Summer,28.0,0.0,2.026425866,34.0,299.84000000000003,28.0,0.0,0.0
Arunachal Pradesh,Dibang Valley,2018-03-01,28.83416675,95.94523415,3,Summer,30.0,0.0,1.66853422,32.0,282.308,29.0,0.0,0.0714285714285714
Arunachal Pradesh,East Kameng,2010-06-01,27.3,93.05,6,Monsoon,30.0,0.0,3.4182755775,5.0,286.4483333,15.0,0.0,0.0
Arunachal Pradesh,East Kameng,2011-01-01,27.3,93.05,1,Winter,686.0,0.0,0.5065819908,9.0,280.552,116.66666666666666,0.0,1.5299365391084563
Arunachal Pradesh,East Kameng,2012-09-01,27.3,93.05,9,Monsoon,31.0,1.0,2.993585127,13.0,284.0,165.0,0.3333333333333333,-0.8702928870292888
Arunachal Pradesh,East Kameng,2013-01-01,27.3,93.05,1,Winter,69.0,4.0,0.1920768368,24.0,284.4833334,66.5,1.3333333333333335,0.1573971078976641
Arunachal Pradesh,East Kameng,2013-06-01,27.3,93.05,6,Monsoon,52.0,0.0,2.720666618,9.0,290.91200000000003,40.333333333333336,1.3333333333333333,0.30000000000000004
Arunachal Pradesh,East Kameng,2015-11-01,27.3,93.05,11,Post-Monsoon,27.0,0.0,1.178883881,39.0,289.1766666,39.666666666666664,0.6666666666666666,-0.4807692307692307
Arunachal Pradesh,East Kameng,2018-02-01,27.3,93.05,2,Winter,17.0,0.0,0.7054884658,6.0,283.676,32.0,0.0,-0.37037037037037035
Arunachal Pradesh,East Kameng,2019-08-01,27.3,93.05,8,Monsoon,45.0,1.0,1.301433854,49.0,291.0933334,21.666666666666668,0.16666666666666666,0.14338235294117652
Arunachal Pradesh,East Siang,2013-10-01,28.3,95.15,10,Post-Monsoon,8.0,2.0,0.5127766859,50.0,292.868,8.0,2.0,0.0
Arunachal Pradesh,East Siang,2014-12-01,28.3,95.15,12,Winter,64.0,0.0,0.1201638328,35.0,286.85,18.5,0.5555555555555555,0.799074074074074
Arunachal Pradesh,East Siang,2015-06-01,28.3,95.15,6,Monsoon,7923.479999999981,6.0,3.5837345594545456,17.0,295.3772727272727,646.0533333333318,0.45454545454545453,0.7056444247605197
Arunachal Pradesh,East Siang,2015-08-01,28.3,95.15,8,Monsoon,38.0,0.0,3.054230503,8.0,298.36,570.3733333333317,0.6666666666666666,-0.9545758821841828
Arunachal Pradesh,East Siang,2016-08-01,28.3,95.15,8,Monsoon,5.0,0.0,0.4468191859,48.0,295.8,293.1866666666659,0.3333333333333333,-0.868421052631579
Arunachal Pradesh,East Siang,2019-06-01,28.3,95.15,6,Monsoon,499.0,0.0,1.24013165015,28.5,292.4566667,88.41666666666667,0.0,1.7509418324291741
Arunachal Pradesh,East Siang,2019-07-01,28.3,95.15,7,Monsoon,258.0,0.0,1.589279616,5.0,294.02,85.08333333333334,0.0,0.45130274509182544
Arunachal Pradesh,Kra Daadi,2019-06-01,27.96354175,93.76656539,6,Monsoon,27.0,0.0,0.5714545475,33.0,299.11333340000004,27.0,0.0,0.0
Arunachal Pradesh,Kurung Kumey,2012-01-01,27.98636765,93.15783469,1,Winter,199.0,8.0,0.1820995246,26.0,282.0566666,92.25,4.0,0.1705882352941176
Arunachal Pradesh,Kurung Kumey,2013-02-01,27.98636765,93.15783469,2,Winter,14.0,1.0,0.2853411741,38.0,286.8766666,71.0,3.0,-0.8771929824561404
Arunachal Pradesh,Lohit,2021-07-01,27.8239052,95.861898,7,Monsoon,4.0,0.0,0.7405375321,13.0,301.5,4.0,0.0,0.0
Arunachal Pradesh,Lower Dibang Valley,2010-05-01,28.21495625,95.87877404,5,Summer,65.0,0.0,0.3806328982,14.0,288.63,65.0,0.0,0.0
Arunachal Pradesh,Lower Dibang Valley,2017-11-01,28.21495625,95.87877404,11,Post-Monsoon,39.0,0.0,0.000359227118,34.0,298.79,52.0,0.0,-0.4
Arunachal Pradesh,Lower Subansiri,2010-08-01,27.8,93.6,8,Monsoon,24.0,0.0,1.018872718,28.0,286.375,24.0,0.0,0.0
Arunachal Pradesh,Papum Pare,2012-09-01,27.28636665,93.6187716,9,Monsoon,544.0,0.0,2.063140676,12.0,287.94,544.0,0.0,0.0
Arunachal Pradesh,Papum Pare,2014-07-01,27.28636665,93.6187716,7,Monsoon,5.0,3.0,1.772725267,5.0,291.64,274.5,1.5,-0.9908088235294118
Arunachal Pradesh,Papum Pare,2015-08-01,27.28636665,93.6187716,8,Monsoon,43.0,0.0,2.74522194,9.0,303.445,197.33333333333334,1.0,5.0
Arunachal Pradesh,Papum Pare,2015-09-01,27.28636665,93.6187716,9,Monsoon,239.0,0.0,1.707045544,15.5,294.08083335000003,43.0,0.25,0.4660896758280479
Arunachal Pradesh,Papum Pare,2017-08-01,27.28636665,93.6187716,8,Monsoon,112.0,1.0,1.461355685,22.0,297.8933334,99.33333333333333,0.3333333333333333,0.05660377358490565
Arunachal Pradesh,Papum Pare,2019-09-01,27.28636665,93.6187716,9,Monsoon,55.0,0.0,1.875597442,3.0,303.445,91.0,0.3333333333333333,-0.5089285714285714
Arunachal Pradesh,Seppa Town,2011-01-01,27.3594183,93.0406098,1,Winter,1033.0,0.0,0.5789123280999999,12.666666666666666,281.4168888666667,95.05555555555556,0.0,0.30516905548426304
Arunachal Pradesh,Shi-Yomi,2019-08-01,28.68516625,94.23678241,8,Monsoon,95.0,0.0,0.6327114122,37.0,288.03200000000004,95.0,0.0,0.0
Arunachal Pradesh,Shi-Yomi,2019-09-01,28.68516625,94.23678241,9,Monsoon,125.0,0.0,1.277127467,9.0,279.26,110.0,0.0,0.3157894736842106
Arunachal Pradesh,Tirap,2009-12-01,27.03016895,95.49791755,12,Winter,407.0,0.0,0.06696777185,50.0,289.63,159.25,0.0,0.7695652173913043
Arunachal Pradesh,Tirap,2015-05-01,27.03016895,95.49791755,5,Summer,20.0,0.0,0.7840058317,18.0,298.14,142.33333333333334,0.0,-0.9315068493150684
Arunachal Pradesh,Upper Siang,2012-09-01,28.73120455,95.03773151,9,Monsoon,278.0,0.0,2.45122472,14.0,293.79,278.0,0.0,0.0
Arunachal Pradesh,Upper Siang,2014-07-01,28.73120455,95.03773151,7,Monsoon,109.0,0.0,2.511717861,21.5,277.80333329999996,151.0,0.0,-0.5762272534913246
Arunachal Pradesh,Upper Siang,2015-08-01,28.73120455,95.03773151,8,Monsoon,43.0,0.0,3.054230503,8.0,298.36,35.5,0.0,-0.1810975609756098
Arunachal Pradesh,Upper Siang,2022-05-01,28.73120455,95.03773151,5,Summer,36.0,0.0,1.142611934,25.0,296.955,26.333333333333332,0.0,0.5652173913043479
Arunachal Pradesh,Upper Subansiri,2019-09-01,28.3,94.0,9,Monsoon,27.0,0.0,1.166137081,2.0,277.88,27.0,0.0,0.0
Arunachal Pradesh,West Kameng,2022-05-01,27.4,92.35,5,Summer,37.0,0.0,1.087377988,18.0,291.86,37.0,0.0,0.0
Arunachal Pradesh,West Siang,2012-03-01,28.4,94.55,3,Summer,284.0,4.0,1.424162362,30.0,289.99,284.0,4.0,0.0
Arunachal Pradesh,West Siang,2012-07-01,28.4,94.55,7,Monsoon,72.0,0.0,3.696519774,9.0,303.445,178.0,2.0,-0.7464788732394366
Arunachal Pradesh,West Siang,2012-09-01,28.4,94.55,9,Monsoon,363.0,0.0,2.628034519,13.0,292.9266666,239.66666666666666,1.3333333333333333,4.041666666666667
Arunachal Pradesh,West Siang,2013-06-01,28.4,94.55,6,Monsoon,200.0,2.0,2.544234703,2.0,290.68,211.66666666666666,0.6666666666666666,-0.4490358126721763
Arunachal Pradesh,West Siang,2015-08-01,28.4,94.55,8,Monsoon,460.0,0.0,0.646342076,4.0,292.5333334,76.83333333333333,0.16666666666666666,0.17978076261010878
Arunachal Pradesh,West Siang,2015-10-01,28.4,94.55,10,Post-Monsoon,20.0,0.0,0.2793232383,40.0,294.536,72.33333333333333,0.0,-0.803921568627451
Assam,Baksa,2011-09-01,26.62758805,91.46190527,9,Monsoon,33.0,0.0,1.350122507,24.0,300.44,33.0,0.0,0.0
Assam,Baksa,2013-06-01,26.62758805,91.46190527,6,Monsoon,81.0,0.0,0.2857575343,36.0,300.855,57.0,0.0,1.4545454545454546
Assam,Baksa,2014-11-01,26.62758805,91.46190527,11,Post-Monsoon,52.0,8.0,0.002178854045,36.5,298.50466670000003,43.0,1.8333333333333333,0.9315375982042647
Assam,Baksa,2022-05-01,26.62758805,91.46190527,5,Summer,15.0,0.0,0.1341413536,29.0,301.835,22.333333333333332,2.6666666666666665,-0.6341463414634146
Assam,Barpeta,2009-09-01,26.34142215,91.01674328,9,Monsoon,1476.5599999999977,10.0,0.5975486866,19.0,300.992,689.1399999999994,5.0,0.15356249999999816
Assam,Barpeta,2010-06-01,26.34142215,91.01674328,6,Monsoon,104.0,0.0,2.236576342,11.0,293.17,526.8533333333326,3.3333333333333335,-0.8756813617672369
Assam,Barpeta,2011-04-01,26.34142215,91.01674328,4,Summer,66.0,0.0,0.3847743948,9.0,300.896,335.51999999999924,1.6666666666666667,-0.3653846153846154
Assam,Barpeta,2011-06-01,26.34142215,91.01674328,6,Monsoon,13.0,6.0,2.1970775145,7.0,298.8591667,42.666666666666664,1.8333333333333335,-0.5183982683982684
Assam,Barpeta,2012-09-01,26.34142215,91.01674328,9,Monsoon,13.0,0.0,0.1012164724,8.0,300.108,8.666666666666666,2.0,1.1666666666666665
Assam,Barpeta,2013-03-01,26.34142215,91.01674328,3,Summer,25.0,5.0,0.001135455886,9.0,302.8833334,14.666666666666666,2.0,0.9230769230769231
Assam,Barpeta,2018-09-01,26.34142215,91.01674328,9,Monsoon,32.0,0.0,0.5442588898,20.0,301.15000000000003,23.333333333333332,1.6666666666666667,0.28
Assam,Barpeta,2018-11-01,26.34142215,91.01674328,11,Post-Monsoon,14.0,0.0,0.001068048725,22.0,297.9133334,23.666666666666668,1.6666666666666667,-0.5625
Assam,Bongaigaon,2009-06-01,26.41237695,90.57149765,6,Monsoon,24.0,4.0,0.9739409602,21.0,299.552,10.5,2.0,0.33333333333333337
Assam,Bongaigaon,2010-06-01,26.41237695,90.57149765,6,Monsoon,18.0,0.0,1.890202199,21.0,301.58,14.0,1.3333333333333333,0.19999999999999996
Assam,Bongaigaon,2012-08-01,26.41237695,90.57149765,8,Monsoon,12.0,2.0,2.001300137,37.0,300.34000000000003,15.0,1.3333333333333333,-0.33333333333333337
Assam,Bongaigaon,2012-10-01,26.41237695,90.57149765,10,Post-Monsoon,27.0,1.0,0.4364559501,39.0,296.968,19.0,1.0,1.25
Assam,Cachar,2012-05-01,24.75863995,92.88166476,5,Summer,228.0,1.0,0.007508876823,23.0,304.752,228.0,1.0,0.0
Assam,Cachar,2012-07-01,24.75863995,92.88166476,7,Monsoon,10.0,1.0,1.271590662,16.0,304.54,119.0,1.0,-0.956140350877193
Assam,Cachar,2016-01-01,24.75863995,92.88166476,1,Winter,348.0,4.0,0.03604729693733333,21.333333333333332,294.9422222,85.77777777777779,1.0,1.4038759689922482
Assam,Cachar,2016-02-01,24.75863995,92.88166476,2,Winter,66.0,0.0,0.0592041434825,10.75,298.2656667,53.0,0.5,0.799030172413793
Assam,Cachar,2016-06-01,24.75863995,92.88166476,6,Monsoon,36.0,0.0,0.285501384,25.0,301.66,27.666666666666668,0.0,0.02857142857142847
Assam,Cachar,2017-02-01,24.75863995,92.88166476,2,Winter,12.0,0.0,8.05e-05,19.0,298.476,27.666666666666668,0.0,-0.6666666666666667
Assam,Cachar,2018-07-01,24.75863995,92.88166476,7,Monsoon,1.0,1.0,1.071518744,7.0,303.445,16.333333333333332,0.3333333333333333,-0.9166666666666666
Assam,Cachar,2019-06-01,24.75863995,92.88166476,6,Monsoon,8.0,0.0,0.3031140007,9.0,301.964,7.0,0.3333333333333333,5.0
Assam,Cachar,2019-10-01,24.75863995,92.88166476,10,Post-Monsoon,6.0,0.0,0.13656439,34.0,301.7166666,5.0,0.3333333333333333,-0.25
Assam,Chirang,2010-06-01,26.6464231,90.62415699,6,Monsoon,20.0,2.0,2.040310236,2.0,294.52,20.0,2.0,0.0
Assam,Chirang,2011-06-01,26.6464231,90.62415699,6,Monsoon,901.0,4.0,0.74538676085,24.0,299.651,168.04166666666666,1.0833333333333333,2.2687713310580206
Assam,Chirang,2011-10-01,26.6464231,90.62415699,10,Post-Monsoon,297.0,1.0,0.03576092472,42.0,298.02,295.0,1.0,0.006779661016949046
Assam,Chirang,2011-11-01,26.6464231,90.62415699,11,Post-Monsoon,163.0,6.0,0.01363409314,47.0,296.6133333,189.83333333333334,2.5,-0.4167537443399512
Assam,Chirang,2012-04-01,26.6464231,90.62415699,4,Summer,35.0,1.0,0.6108139776,35.0,299.5466666,66.0,2.3333333333333335,-0.5394736842105263
Assam,Chirang,2015-10-01,26.6464231,90.62415699,10,Post-Monsoon,699.0,5.0,0.1324574296,41.0,298.6,155.55555555555557,0.888888888888889,1.688030888030888
Assam,Chirang,2017-04-01,26.6464231,90.62415699,4,Summer,12.0,0.0,1.017577064,38.0,294.145,175.33333333333334,1.6666666666666667,-0.9635258358662614
Assam,Chirang,2018-06-01,26.6464231,90.62415699,6,Monsoon,1.0,1.0,0.6504360001,37.0,300.3466666,114.0,2.0,-0.9166666666666666
Assam,Chirang,2019-11-01,26.6464231,90.62415699,11,Post-Monsoon,38.0,0.0,0.009075326833,9.0,297.5566666,17.0,0.3333333333333333,5.0
Assam,Darrang,2009-08-01,26.75,92.5,8,Monsoon,400.0,0.0,1.730537934,21.0,301.21,400.0,0.0,0.0
Assam,Darrang,2009-09-01,26.75,92.5,9,Monsoon,12.0,3.0,1.037069879,32.0,286.48,206.0,1.5,-0.97
Assam,Darrang,2012-03-01,26.75,92.5,3,Summer,10.0,0.0,0.03950848719,11.0,297.005,140.66666666666666,1.0,-0.16666666666666663
Assam,Darrang,2012-04-01,26.75,92.5,4,Summer,26.0,0.0,0.3027163354,12.0,299.76,16.0,1.0,1.6
Assam,Darrang,2012-05-01,26.75,92.5,5,Summer,38.0,1.0,0.7453016862,9.0,300.895,24.666666666666668,0.3333333333333333,0.46153846153846145
Assam,Darrang,2013-05-01,26.75,92.5,5,Summer,46.0,0.0,0.8263569684,9.0,302.40000000000003,36.666666666666664,0.3333333333333333,0.21052631578947367
Assam,Darrang,2014-01-01,26.75,92.5,1,Winter,9.0,2.0,0.003284458632,5.0,293.03200000000004,31.0,1.0,-0.8043478260869565
Assam,Darrang,2018-10-01,26.75,92.5,10,Post-Monsoon,11.0,0.0,0.3953130559,33.0,296.4066666,22.0,0.6666666666666666,0.22222222222222232
Assam,Darrang (Mangaldoi),2019-08-01,26.4365974,92.0342718,8,Monsoon,7.0,0.0,0.6794404621,9.0,300.4466666,7.0,0.0,0.0
Assam,Darrang (Mangaldoi),2019-11-01,26.4365974,92.0342718,11,Post-Monsoon,2.0,1.0,0.02317156183,34.0,297.08,4.5,0.5,-0.7142857142857143
Assam,Darrang (Mangaldoi),2021-07-01,26.4365974,92.0342718,7,Monsoon,1.0,1.0,0.5646023281,5.0,271.9,3.3333333333333335,0.6666666666666666,-0.5
Assam,Dhemaji,2010-05-01,27.4668315,94.51786509,5,Summer,257.0,0.0,1.05596465,8.0,296.57,257.0,0.0,0.0
Assam,Dhemaji,2010-06-01,27.4668315,94.51786509,6,Monsoon,5.0,3.0,1.370331055,2.0,300.06,131.0,1.5,-0.980544747081712
Assam,Dhemaji,2011-07-01,27.4668315,94.51786509,7,Monsoon,8.0,2.0,1.16395783555,8.0,290.355,46.33333333333333,1.5,0.13333333333333336
Assam,Dhemaji,2012-10-01,27.4668315,94.51786509,10,Post-Monsoon,11.0,0.0,0.00367121711,9.0,300.17,6.333333333333333,0.6666666666666666,1.2000000000000002
Assam,Dhemaji,2015-09-01,27.4668315,94.51786509,9,Monsoon,22.0,0.0,2.000969521,18.0,302.5,10.0,0.16666666666666666,0.0
Assam,Dhemaji,2019-06-01,27.4668315,94.51786509,6,Monsoon,15.0,0.0,0.1343827964,9.0,298.996,12.333333333333334,0.0,0.36363636363636354
Assam,Dhemaji,2021-07-01,27.4668315,94.51786509,7,Monsoon,2.0,0.0,0.6709550457,4.0,274.91,9.333333333333334,0.0,-0.8666666666666667
Assam,Dhubri,2010-06-01,26.01894625,89.94188952,6,Monsoon,140.0,0.0,4.658001312,2.0,290.95,140.0,0.0,0.0
Assam,Dhubri,2017-10-01,26.01894625,89.94188952,10,Post-Monsoon,7.0,0.0,0.6171185581,20.0,301.41200000000003,73.5,0.0,-0.95
Assam,Dhubri,2018-05-01,26.01894625,89.94188952,5,Summer,12.0,0.0,1.284291834,12.0,300.44,53.0,0.0,0.7142857142857142
Assam,Dhubri,2019-04-01,26.01894625,89.94188952,4,Summer,15.0,0.0,0.2764066617,13.0,297.892,11.333333333333334,0.0,0.25
Assam,Dhubri,2019-05-01,26.01894625,89.94188952,5,Summer,12.0,0.0,0.7692469173,10.0,298.556,13.0,0.0,-0.19999999999999996
Assam,Dibrugarh,2009-07-01,27.4844597,94.9019447,7,Monsoon,2.0,0.0,1.026480786,3.0,273.74,2.0,0.0,0.0
Assam,Dibrugarh,2010-05-01,27.4844597,94.9019447,5,Summer,7.0,2.0,0.7065725823,8.0,298.555,2.75,0.8333333333333333,0.41666666666666663
Assam,Dibrugarh,2010-06-01,27.4844597,94.9019447,6,Monsoon,4.0,1.0,1.901711645,2.0,289.49,3.6666666666666665,1.0,0.0
Assam,Dibrugarh,2010-08-01,27.4844597,94.9019447,8,Monsoon,12.0,1.0,0.485282387,9.0,300.14,6.666666666666667,0.6666666666666666,2.0
Assam,Dibrugarh,2010-09-01,27.4844597,94.9019447,9,Monsoon,13.0,0.0,1.00541316765,11.0,296.26,8.5,0.5,-0.4333333333333333
Assam,Dibrugarh,2010-11-01,27.4844597,94.9019447,11,Post-Monsoon,166.0,0.0,0.01781948214,19.0,301.19,59.666666666666664,0.0,5.0
Assam,Dibrugarh,2011-06-01,27.4844597,94.9019447,6,Monsoon,4.0,1.0,1.323451787,11.0,300.05,57.666666666666664,0.3333333333333333,-0.9759036144578314
Assam,Dibrugarh,2012-05-01,27.4844597,94.9019447,5,Summer,86.0,0.0,0.8280119688,15.0,299.212,85.33333333333333,0.3333333333333333,5.0
Assam,Dibrugarh,2012-06-01,27.4844597,94.9019447,6,Monsoon,23.0,0.0,1.913111273,11.0,283.66,37.666666666666664,0.3333333333333333,-0.7325581395348837
Assam,Dibrugarh,2012-07-01,27.4844597,94.9019447,7,Monsoon,15.0,0.0,1.551064922,3.0,287.44,41.333333333333336,0.0,-0.34782608695652173
Assam,Dibrugarh,2012-09-01,27.4844597,94.9019447,9,Monsoon,67.0,0.0,2.309937183,2.0,303.445,35.0,0.0,3.466666666666667
Assam,Dibrugarh,2013-01-01,27.4844597,94.9019447,1,Winter,94.0,5.0,0.002030220395,9.0,292.53000000000003,41.33333333333333,0.8333333333333334,2.0373134328358207
Assam,Dibrugarh,2013-04-01,27.4844597,94.9019447,4,Summer,33.0,2.0,1.191392867,6.0,293.445,42.333333333333336,2.3333333333333335,-0.6292134831460674
Assam,Dibrugarh,2013-06-01,27.4844597,94.9019447,6,Monsoon,183.0,5.0,0.0257022512,17.0,303.77,101.66666666666667,4.0,4.545454545454546
Assam,Dibrugarh,2013-09-01,27.4844597,94.9019447,9,Monsoon,17.0,0.0,0.3145262531,25.0,301.684,77.66666666666667,2.3333333333333335,-0.907103825136612
Assam,Dibrugarh,2013-10-01,27.4844597,94.9019447,10,Post-Monsoon,29.0,0.0,1.0540397323500001,15.5,296.1206667,42.83333333333333,0.8333333333333334,0.14171122994652413
Assam,Dibrugarh,2014-06-01,27.4844597,94.9019447,6,Monsoon,136.0,0.0,0.2138732549,11.0,303.0333334,41.833333333333336,0.0,1.3888888888888888
Assam,Dibrugarh,2014-07-01,27.4844597,94.9019447,7,Monsoon,43.0,5.0,0.773578551,9.0,279.84000000000003,59.666666666666664,1.6666666666666667,-0.36764705882352944
Assam,Dibrugarh,2014-11-01,27.4844597,94.9019447,11,Post-Monsoon,42.0,0.0,0.00108423338,9.0,302.3666666,51.0,1.6666666666666667,-0.023255813953488413
Assam,Dibrugarh,2015-10-01,27.4844597,94.9019447,10,Post-Monsoon,28.0,2.0,0.06220711313,20.0,299.8933334,37.666666666666664,2.3333333333333335,-0.33333333333333337
Assam,Dibrugarh,2016-01-01,27.4844597,94.9019447,1,Winter,67.0,5.0,0.0306679333,8.0,292.22,45.666666666666664,2.3333333333333335,1.3928571428571428
Assam,Dibrugarh,2016-02-01,27.4844597,94.9019447,2,Winter,10.0,2.0,0.03025554285,9.0,292.9166666,35.0,3.0,-0.8507462686567164
Assam,Dibrugarh,2016-08-01,27.4844597,94.9019447,8,Monsoon,14.0,0.0,0.3493071701,13.0,291.615,30.333333333333332,2.3333333333333335,0.3999999999999999
Assam,Dibrugarh,2016-12-01,27.4844597,94.9019447,12,Winter,33.0,5.0,0.0003594696305,13.0,296.54400000000004,19.0,2.3333333333333335,1.3571428571428572
Assam,Dibrugarh,2017-02-01,27.4844597,94.9019447,2,Winter,21.0,0.0,0.0124046834,9.0,298.1166666,22.666666666666668,1.6666666666666667,-0.36363636363636365
Assam,Dibrugarh,2017-03-01,27.4844597,94.9019447,3,Summer,26.0,4.0,0.32030291715000003,9.5,296.34000000000003,18.166666666666668,1.6666666666666665,0.31547619047619047
Assam,Dibrugarh,2017-08-01,27.4844597,94.9019447,8,Monsoon,24.0,0.0,0.401762508,22.0,291.265,16.666666666666668,1.3333333333333333,0.33333333333333326
Assam,Dibrugarh,2017-12-01,27.4844597,94.9019447,12,Winter,30.0,1.0,0.000170675394,12.0,296.016,24.0,1.3333333333333333,0.25
Assam,Dibrugarh,2018-06-01,27.4844597,94.9019447,6,Monsoon,7.0,0.0,1.015468781,9.0,292.42,20.333333333333332,0.3333333333333333,-0.7666666666666666
Assam,Dibrugarh,2019-05-01,27.4844597,94.9019447,5,Summer,9.0,0.0,0.889684084,9.0,294.38,15.333333333333334,0.3333333333333333,0.2857142857142858
Assam,Dibrugarh,2019-06-01,27.4844597,94.9019447,6,Monsoon,70.0,0.0,0.5659578779,12.0,302.32,28.666666666666668,0.0,5.0
Assam,Dibrugarh,2019-10-01,27.4844597,94.9019447,10,Post-Monsoon,1.0,0.0,0.3143609,9.0,299.708,26.666666666666668,0.0,-0.9857142857142858
Assam,Dibrugarh,2020-01-01,27.4844597,94.9019447,1,Winter,6.0,2.0,0.01485558021,10.0,292.3933334,25.666666666666668,0.6666666666666666,5.0
Assam,Dibrugarh,2020-05-01,27.4844597,94.9019447,5,Summer,21.0,0.0,0.6472085684,17.0,304.0933334,9.333333333333334,0.6666666666666666,2.5
Assam,Dibrugarh,2022-06-01,27.4844597,94.9019447,6,Monsoon,18.0,0.0,0.8621149921,9.0,294.68,15.0,0.6666666666666666,-0.1428571428571429
Assam,Dima Hasao,2012-06-01,25.40036255,93.07522923,6,Monsoon,35.0,5.0,3.916801064,24.0,297.96,35.0,5.0,0.0
Assam,Dima Hasao,2014-08-01,25.40036255,93.07522923,8,Monsoon,64.0,0.0,0.5269555396,4.0,299.7,49.5,2.5,0.8285714285714285
Assam,Dima Hasao,2019-03-01,25.40036255,93.07522923,3,Summer,9.0,0.0,0.05266030585,32.0,297.712,36.0,1.6666666666666667,-0.859375
Assam,Dima Hasao,2021-08-01,25.40036255,93.07522923,8,Monsoon,1.0,1.0,1.280343128,33.0,301.515,24.666666666666668,0.3333333333333333,-0.8888888888888888
Assam,Dima Hasao,2021-10-01,25.40036255,93.07522923,10,Post-Monsoon,1.0,1.0,0.5690477769,38.0,301.3933334,3.6666666666666665,0.6666666666666666,0.0
Assam,Goalpara,2012-03-01,26.1783623,90.6226683,3,Summer,11.0,1.0,0.03361445865,6.0,302.644,11.0,1.0,0.0
Assam,Goalpara,2013-05-01,26.1783623,90.6226683,5,Summer,44.0,1.0,0.40106515,12.0,300.6166666,27.5,1.0,3.0
Assam,Goalpara,2014-10-01,26.1783623,90.6226683,10,Post-Monsoon,12.0,0.0,0.03946386326,16.0,302.05333340000004,22.333333333333332,0.6666666666666666,-0.7272727272727273
Assam,Goalpara,2016-06-01,26.1783623,90.6226683,6,Monsoon,30.0,0.0,1.026625244,12.0,298.67,28.666666666666668,0.3333333333333333,1.5
Assam,Goalpara,2017-08-01,26.1783623,90.6226683,8,Monsoon,27.0,0.0,2.670809058,4.0,303.445,23.0,0.0,-0.09999999999999998
Assam,Goalpara,2021-01-01,26.1783623,90.6226683,1,Winter,13.0,0.0,0.0417289438,17.0,294.5933334,23.333333333333332,0.0,-0.5185185185185186
Assam,Golaghat,2009-06-01,26.40490095,94.03209112,6,Monsoon,5.0,2.0,0.3168177374,32.0,299.4866666,5.0,2.0,0.0
Assam,Golaghat,2009-10-01,26.40490095,94.03209112,10,Post-Monsoon,57.0,3.0,0.9227963438,34.0,300.13,31.0,2.5,5.0
Assam,Golaghat,2010-05-01,26.40490095,94.03209112,5,Summer,140.0,5.0,1.471170596,22.0,298.98,67.33333333333333,3.3333333333333335,1.456140350877193
Assam,Golaghat,2010-06-01,26.40490095,94.03209112,6,Monsoon,27.0,0.0,2.895928809,9.0,298.16,74.66666666666667,2.6666666666666665,-0.8071428571428572
Assam,Golaghat,2011-05-01,26.40490095,94.03209112,5,Summer,10.0,1.0,0.3332368067,22.0,300.585,59.0,2.0,-0.6296296296296297
Assam,Golaghat,2011-06-01,26.40490095,94.03209112,6,Monsoon,27.0,0.0,0.2794277848,9.0,304.32,21.333333333333332,0.3333333333333333,1.7000000000000002
Assam,Golaghat,2012-05-01,26.40490095,94.03209112,5,Summer,16.0,0.0,0.3758969277,9.0,303.99,17.666666666666668,0.3333333333333333,-0.40740740740740744
Assam,Golaghat,2013-03-01,26.40490095,94.03209112,3,Summer,161.0,9.0,0.0006522577008,25.0,300.6166666,43.0,2.1666666666666665,1.805921052631579
Assam,Golaghat,2014-03-01,26.40490095,94.03209112,3,Summer,33.0,3.0,0.01784388068,25.0,298.825,64.66666666666667,4.0,-0.7317073170731707
Assam,Golaghat,2014-05-01,26.40490095,94.03209112,5,Summer,46.0,1.0,0.09546251166,26.5,305.2041667,42.5,2.1666666666666665,-0.04696969696969694
Assam,Golaghat,2014-06-01,26.40490095,94.03209112,6,Monsoon,11.0,0.0,0.3885351421,25.0,308.40000000000003,19.0,0.3333333333333333,-0.5769230769230769
Assam,Golaghat,2016-04-01,26.40490095,94.03209112,4,Summer,6.0,4.0,0.3455075791,9.0,301.552,9.5,1.0,-0.36363636363636365
Assam,Golaghat,2018-10-01,26.40490095,94.03209112,10,Post-Monsoon,35.0,0.0,0.08963011693,40.0,299.992,13.666666666666666,1.3333333333333333,5.0
Assam,Hailakandi,2011-06-01,24.68845365,92.57381528,6,Monsoon,550.0,5.0,0.6068332427,9.0,303.445,275.0,1.25,0.0
Assam,Hailakandi,2016-03-01,24.68845365,92.57381528,3,Summer,23.0,0.0,0.5682023857,19.0,300.3233334,191.0,1.6666666666666667,-0.9163636363636364
Assam,Hailakandi,2018-05-01,24.68845365,92.57381528,5,Summer,16.0,1.0,1.280801746,22.0,299.52,104.66666666666667,2.0,-0.30434782608695654
Assam,Jorhat,2010-11-01,26.7577925,94.2079645,11,Post-Monsoon,17.0,1.0,0.044882859484999996,10.5,297.92,9.25,0.25,-0.15000000000000002
Assam,Jorhat,2010-12-01,26.7577925,94.2079645,12,Winter,10.0,2.0,0.002555440834,9.0,295.0733334,6.5,0.8333333333333333,-0.14285714285714285
Assam,Jorhat,2011-04-01,26.7577925,94.2079645,4,Summer,6.0,2.0,0.1487792432,9.0,300.095,5.333333333333333,1.3333333333333333,0.19999999999999996
Assam,Jorhat,2011-06-01,26.7577925,94.2079645,6,Monsoon,11.0,4.0,1.440916452,7.0,295.54,5.666666666666667,1.8333333333333335,-0.08333333333333331
Assam,Jorhat,2011-07-01,26.7577925,94.2079645,7,Monsoon,12.0,2.0,2.117842053,7.0,294.3066666,7.666666666666667,2.0,1.4
Assam,Jorhat,2012-05-01,26.7577925,94.2079645,5,Summer,64.0,0.0,0.250042579275,17.5,300.12875,14.083333333333334,0.5,0.1517857142857143
Assam,Jorhat,2012-09-01,26.7577925,94.2079645,9,Monsoon,84.0,0.0,0.4022642,9.0,298.19333340000003,40.666666666666664,0.0,5.0
Assam,Jorhat,2012-12-01,26.7577925,94.2079645,12,Winter,15.0,0.0,0.02919107386,30.0,292.8566666,37.666666666666664,0.0,-0.8214285714285714
Assam,Jorhat,2013-01-01,26.7577925,94.2079645,1,Winter,42.0,5.0,0.006444886221,30.0,294.3566666,47.0,1.6666666666666667,1.7999999999999998
Assam,Jorhat,2014-01-01,26.7577925,94.2079645,1,Winter,18.0,0.0,0.007962702131,29.0,293.468,25.0,1.6666666666666667,-0.5714285714285714
Assam,Jorhat,2014-04-01,26.7577925,94.2079645,4,Summer,21.0,0.0,0.02797657407,12.0,303.38,27.0,1.6666666666666667,0.16666666666666674
Assam,Jorhat,2014-05-01,26.7577925,94.2079645,5,Summer,21.0,0.0,0.1104332111,9.0,306.415,20.0,0.0,0.0
Assam,Jorhat,2014-06-01,26.7577925,94.2079645,6,Monsoon,40.0,0.0,0.4735485209,9.0,302.68,27.333333333333332,0.0,0.9047619047619047
Assam,Jorhat,2014-11-01,26.7577925,94.2079645,11,Post-Monsoon,22.0,0.0,0.01729844128,15.0,300.18333340000004,27.666666666666668,0.0,-0.44999999999999996
Assam,Jorhat,2015-01-01,26.7577925,94.2079645,1,Winter,18.0,0.0,0.1530587097,30.0,291.54,26.666666666666668,0.0,-0.18181818181818177
Assam,Jorhat,2016-02-01,26.7577925,94.2079645,2,Winter,1.0,1.0,0.1090668924,9.0,296.336,13.666666666666666,0.3333333333333333,-0.9444444444444444
Assam,Jorhat,2016-06-01,26.7577925,94.2079645,6,Monsoon,26.0,1.0,0.9911735618,7.5,300.0233333,9.5,0.5,2.6818181818181817
Assam,Jorhat,2018-03-01,26.7577925,94.2079645,3,Summer,19.0,0.0,0.2620208339,11.0,297.768,15.0,0.3333333333333333,0.2666666666666666
Assam,Jorhat,2018-06-01,26.7577925,94.2079645,6,Monsoon,9.0,0.0,0.3905855557,7.0,304.196,14.333333333333334,0.3333333333333333,-0.5263157894736843
Assam,Jorhat,2019-01-01,26.7577925,94.2079645,1,Winter,12.0,0.0,0.02072528327,34.0,293.6033334,13.333333333333334,0.0,0.33333333333333326
Assam,Jorhat,2019-03-01,26.7577925,94.2079645,3,Summer,35.0,0.0,0.2238638954,10.0,294.36400000000003,18.666666666666668,0.0,1.9166666666666665
Assam,Kamrup,2009-06-01,26.12755515,91.29987148,6,Monsoon,5.0,1.0,0.777605627,3.0,302.14,5.0,1.0,0.0
Assam,Kamrup,2009-10-01,26.12755515,91.29987148,10,Post-Monsoon,31.0,0.0,0.9433891119,20.0,299.3066666,18.0,0.5,5.0
Assam,Kamrup,2010-08-01,26.12755515,91.29987148,8,Monsoon,70.0,0.0,0.4933375414,8.0,302.44,35.333333333333336,0.3333333333333333,1.2580645161290325
Assam,Kamrup,2010-09-01,26.12755515,91.29987148,9,Monsoon,21.0,0.0,2.363425784,9.0,300.6,40.666666666666664,0.0,-0.7
Assam,Kamrup,2012-12-01,26.12755515,91.29987148,12,Winter,27.0,0.0,0.0002072430532,20.0,297.4866666,39.333333333333336,0.0,0.2857142857142858
Assam,Kamrup,2013-02-01,26.12755515,91.29987148,2,Winter,57.0,5.0,0.000312370871,19.0,298.17,35.0,1.6666666666666667,1.1111111111111112
Assam,Kamrup,2013-07-01,26.12755515,91.29987148,7,Monsoon,130.0,0.0,1.799676349,10.0,301.16,71.33333333333333,1.6666666666666667,1.280701754385965
Assam,Kamrup,2013-08-01,26.12755515,91.29987148,8,Monsoon,14.0,0.0,2.470183416,9.0,299.54,67.0,1.6666666666666667,-0.8923076923076922
Assam,Kamrup,2014-06-01,26.12755515,91.29987148,6,Monsoon,84.0,1.0,0.1729915908,13.0,303.5266666,76.0,0.3333333333333333,5.0
Assam,Kamrup,2014-07-01,26.12755515,91.29987148,7,Monsoon,208.0,2.0,1.111815146,9.0,301.37,82.33333333333333,0.8333333333333333,0.11904761904761907
Assam,Kamrup,2014-11-01,26.12755515,91.29987148,11,Post-Monsoon,36.0,1.0,0.02090519138,33.0,300.388,81.33333333333333,1.0,-0.6538461538461539
Assam,Kamrup,2014-12-01,26.12755515,91.29987148,12,Winter,20.0,0.0,0.004539112976,9.0,295.176,53.333333333333336,0.6666666666666666,-0.4444444444444444
Assam,Kamrup,2015-02-01,26.12755515,91.29987148,2,Winter,13.0,0.0,0.002519467917,7.0,296.7266666,23.0,0.3333333333333333,-0.35
Assam,Kamrup,2015-07-01,26.12755515,91.29987148,7,Monsoon,1242.0,2.0,1.127119895,9.0,301.81333340000003,157.86666666666667,0.2,1.5095171329636945
Assam,Kamrup,2015-12-01,26.12755515,91.29987148,12,Winter,31.0,0.0,0.002191030846,30.0,298.536,315.3333333333333,0.6666666666666666,-0.9366053169734151
Assam,Kamrup,2016-04-01,26.12755515,91.29987148,4,Summer,520.0,1.0,1.4133594369999998,12.0,297.76,145.0,0.2222222222222222,1.869952210274791
Assam,Kamrup,2016-06-01,26.12755515,91.29987148,6,Monsoon,13.0,0.0,0.409327615,9.0,302.625,168.66666666666666,0.3333333333333333,-0.9584664536741214
Assam,Kamrup,2016-08-01,26.12755515,91.29987148,8,Monsoon,33.0,0.0,0.4937968531,9.0,301.4533334,119.66666666666667,0.3333333333333333,1.5384615384615383
Assam,Kamrup,2016-09-01,26.12755515,91.29987148,9,Monsoon,75.0,0.0,1.09787880185,9.0,297.75250000000005,34.5,0.0,0.010577472841623747
Assam,Kamrup,2016-10-01,26.12755515,91.29987148,10,Post-Monsoon,33.0,0.0,0.00218317406,19.0,301.76,36.0,0.0,0.5
Assam,Kamrup,2017-01-01,26.12755515,91.29987148,1,Winter,33.0,0.0,0.01882134169,19.0,296.1033334,29.333333333333332,0.0,0.0
Assam,Kamrup,2017-08-01,26.12755515,91.29987148,8,Monsoon,16.0,0.0,0.6309130433,15.0,301.42,27.333333333333332,0.0,-0.5151515151515151
Assam,Kamrup,2017-09-01,26.12755515,91.29987148,9,Monsoon,25.0,0.0,1.015994235,9.0,300.98,24.666666666666668,0.0,0.5625
Assam,Kamrup,2017-10-01,26.12755515,91.29987148,10,Post-Monsoon,34.0,0.0,0.5247491289,23.0,301.5466666,25.0,0.0,0.3600000000000001
Assam,Kamrup,2018-04-01,26.12755515,91.29987148,4,Summer,41.0,0.0,0.06844909719,9.0,301.516,33.333333333333336,0.0,0.2058823529411764
Assam,Kamrup,2018-05-01,26.12755515,91.29987148,5,Summer,11.0,0.0,0.8174189771,11.0,300.7933334,28.666666666666668,0.0,-0.7317073170731707
Assam,Kamrup,2019-04-01,26.12755515,91.29987148,4,Summer,13.0,0.0,0.3783044545,9.0,304.5466666,21.666666666666668,0.0,0.18181818181818188
Assam,Kamrup,2019-12-01,26.12755515,91.29987148,12,Winter,58.0,0.0,0.01192469865,18.0,292.976,27.333333333333332,0.0,3.4615384615384617
Assam,Kamrup,2020-10-01,26.12755515,91.29987148,10,Post-Monsoon,21.0,0.0,1.372511654,31.0,302.5066666,30.666666666666668,0.0,-0.6379310344827587
Assam,Karbi - Anglong,2015-08-01,26.0,93.5,8,Monsoon,36.0,0.0,0.972101841,9.0,301.56,36.0,0.0,0.0
Assam,Karbi Anglong,2010-01-01,26.0,93.5,1,Winter,21.0,2.0,0.01013108921,20.0,292.5333334,21.0,2.0,0.0
Assam,Karbi Anglong,2010-03-01,26.0,93.5,3,Summer,960.0,1.0,1.0079298775,20.5,300.236,275.5,1.25,2.6241217798594847
Assam,Karbi Anglong,2010-05-01,26.0,93.5,5,Summer,677.0,0.0,1.002229445,9.0,302.1,545.6666666666666,0.3333333333333333,0.27016885553470926
Assam,Karbi Anglong,2011-09-01,26.0,93.5,9,Monsoon,11.0,4.0,0.7498638641,9.0,298.88,407.0,1.3333333333333333,-0.983751846381093
Assam,Karbi Anglong,2015-09-01,26.0,93.5,9,Monsoon,82.0,1.0,1.433380595,7.0,261.3,256.6666666666667,1.6666666666666667,5.0
Assam,Karbi Anglong,2022-06-01,26.0,93.5,6,Monsoon,54.0,0.0,1.127105814,9.0,303.445,49.0,1.6666666666666667,-0.3414634146341463
Assam,Karbi-Anglong,2018-09-01,26.0,93.5,9,Monsoon,18.0,0.0,0.498053236,36.0,300.72,18.0,0.0,0.0
Assam,Karbi-Anglong (DIPHU),2015-09-01,25.90810415,93.38966491,9,Monsoon,87.0,1.0,1.433380595,7.0,261.3,87.0,1.0,0.0
Assam,Karbi-Anglong (Diphu),2019-09-01,25.90810415,93.38966491,9,Monsoon,4.0,1.0,0.8584791317,36.0,299.12,4.0,1.0,0.0
Assam,Karimganj,2014-01-01,24.8483482,92.33221292,1,Winter,18.0,0.0,0.0005382347714,20.0,294.47200000000004,18.0,0.0,0.0
Assam,Karimganj,2016-02-01,24.8483482,92.33221292,2,Winter,9.0,1.0,0.5203251089,14.0,303.445,13.5,0.5,-0.5
Assam,Karimganj,2016-04-01,24.8483482,92.33221292,4,Summer,270.0,2.0,4.284939663,11.0,296.7805,73.5,0.8333333333333333,2.5
Assam,Karimganj,2017-05-01,24.8483482,92.33221292,5,Summer,12.0,0.0,0.3297125344,15.0,301.468,94.0,0.6666666666666666,-0.9111111111111111
Assam,Karimganj,2019-09-01,24.8483482,92.33221292,9,Monsoon,1.0,1.0,0.3383264513,22.0,303.7,49.333333333333336,0.6666666666666666,-0.9166666666666666
Assam,Kokrajhar,2014-10-01,26.58687695,90.29293105,10,Post-Monsoon,32.0,1.0,0.1488913486,44.0,297.1333334,32.0,1.0,0.0
Assam,Kokrajhar,2014-12-01,26.58687695,90.29293105,12,Winter,836.5599999999977,1.0,0.001397909572,15.0,291.2233334,434.27999999999884,1.0,5.0
Assam,Kokrajhar,2016-10-01,26.58687695,90.29293105,10,Post-Monsoon,7.0,1.0,0.5778237805,46.0,298.60400000000004,291.85333333333256,1.0,-0.9916323993497179
Assam,Kokrajhar,2017-07-01,26.58687695,90.29293105,7,Monsoon,10.0,0.0,4.258933777,9.0,303.445,284.51999999999924,0.6666666666666666,0.4285714285714286
Assam,Kokrajhar,2017-09-01,26.58687695,90.29293105,9,Monsoon,4.0,1.0,0.8524764544,24.0,297.36,7.0,0.6666666666666666,-0.6
Assam,Kokrajhar,2020-11-01,26.58687695,90.29293105,11,Post-Monsoon,8.0,0.0,0.001920052198,28.0,299.78000000000003,7.333333333333333,0.3333333333333333,1.0
Assam,Lakhimpur,2010-06-01,27.0827158,93.9978423,6,Monsoon,6.0,1.0,1.599624629,3.0,300.52,6.0,1.0,0.0
Assam,Lakhimpur,2010-09-01,27.0827158,93.9978423,9,Monsoon,10.0,0.0,1.010860409,9.0,301.06,8.0,0.5,0.6666666666666667
Assam,Lakhimpur,2011-06-01,27.0827158,93.9978423,6,Monsoon,7.0,0.0,0.7305679829,16.0,304.36,7.666666666666667,0.3333333333333333,-0.30000000000000004
Assam,Lakhimpur,2012-03-01,27.0827158,93.9978423,3,Summer,10.0,2.0,0.5696230415,9.0,298.444,9.0,0.6666666666666666,0.4285714285714286
Assam,Lakhimpur,2013-03-01,27.0827158,93.9978423,3,Summer,15.0,5.0,0.008773006531,14.0,303.0733334,10.666666666666666,2.3333333333333335,0.5
Assam,Lakhimpur,2014-01-01,27.0827158,93.9978423,1,Winter,41.0,3.0,0.08401240019,31.0,293.312,22.0,3.3333333333333335,1.7333333333333334
Assam,Lakhimpur,2014-06-01,27.0827158,93.9978423,6,Monsoon,97.0,0.0,1.547335667,18.0,303.445,51.0,2.6666666666666665,1.3658536585365852
Assam,Lakhimpur,2014-09-01,27.0827158,93.9978423,9,Monsoon,301.0,8.0,0.2732600276,24.0,302.944,84.8888888888889,1.7777777777777777,0.22421806744714304
Assam,Lakhimpur,2015-05-01,27.0827158,93.9978423,5,Summer,54.0,0.0,1.12439909745,13.0,299.5625,74.83333333333334,1.8333333333333335,-0.13474025974025977
Assam,Lakhimpur,2015-09-01,27.0827158,93.9978423,9,Monsoon,22.0,0.0,4.067612711,3.0,303.445,25.333333333333332,0.0,-0.33333333333333337
Assam,Lakhimpur,2017-08-01,27.0827158,93.9978423,8,Monsoon,8.0,0.0,0.262439787,9.0,303.065,21.0,0.0,-0.6363636363636364
Assam,Lakhimpur,2017-10-01,27.0827158,93.9978423,10,Post-Monsoon,10.0,0.0,0.4655475234,27.0,301.315,13.333333333333334,0.0,0.25
Assam,Lakhimpur,2018-04-01,27.0827158,93.9978423,4,Summer,28.0,0.0,1.406184019,9.0,302.6333334,15.333333333333334,0.0,1.7999999999999998
Assam,Lakhimpur,2018-06-01,27.0827158,93.9978423,6,Monsoon,49.0,0.0,0.5600655489,24.0,300.8533334,29.0,0.0,0.75
Assam,Lakhimpur,2019-04-01,27.0827158,93.9978423,4,Summer,37.0,0.0,0.6748318597,9.0,300.7,38.0,0.0,-0.24489795918367352
Assam,Lakhimpur,2021-07-01,27.0827158,93.9978423,7,Monsoon,1.0,1.0,0.7783882222,23.0,300.78000000000003,29.0,0.3333333333333333,-0.972972972972973
Assam,Marigaon,2011-09-01,26.290712,92.29221257,9,Monsoon,22.0,2.0,0.4011745704,23.0,301.08,22.0,2.0,0.0
Assam,Marigaon,2012-09-01,26.290712,92.29221257,9,Monsoon,33.0,0.0,0.2987110436,9.0,297.27,27.5,1.0,0.5
Assam,Marigaon,2015-05-01,26.290712,92.29221257,5,Summer,10.0,0.0,0.2636993708,21.0,300.8433334,21.666666666666668,0.6666666666666666,-0.696969696969697
Assam,Marigaon,2016-04-01,26.290712,92.29221257,4,Summer,5.0,2.0,0.3350384775,16.0,300.764,16.0,0.6666666666666666,-0.5
Assam,Marigaon,2018-11-01,26.290712,92.29221257,11,Post-Monsoon,7.0,0.0,0.0369340191,41.0,301.336,7.333333333333333,0.6666666666666666,0.3999999999999999
Assam,Marigaon,2019-07-01,26.290712,92.29221257,7,Monsoon,31.0,0.0,1.01198966,10.0,300.43,14.333333333333334,0.6666666666666666,3.428571428571429
Assam,Marigaon,2019-08-01,26.290712,92.29221257,8,Monsoon,16.0,0.0,0.4183755845,24.0,302.728,18.0,0.0,-0.4838709677419355
Assam,Morigaon,2011-05-01,26.2551482,92.3290878,5,Summer,46.0,1.0,0.9328065209,21.0,300.78000000000003,46.0,1.0,0.0
Assam,Morigaon,2011-06-01,26.2551482,92.3290878,6,Monsoon,65.0,2.0,1.5089947195,14.5,300.20500000000004,41.25,1.0,-0.2886473429951691
Assam,Morigaon,2013-03-01,26.2551482,92.3290878,3,Summer,48.0,0.0,0.2169218072,11.0,299.06333340000003,37.666666666666664,0.6666666666666666,1.4
Assam,Nagaon,2009-12-01,26.30414915,92.71605974,12,Winter,463.0,0.0,0.0425777914,20.0,291.5233334,463.0,0.0,0.0
Assam,Nagaon,2010-11-01,26.30414915,92.71605974,11,Post-Monsoon,18.0,0.0,0.1259869458,9.0,297.02,240.5,0.0,-0.9611231101511879
Assam,Nagaon,2011-09-01,26.30414915,92.71605974,9,Monsoon,8.0,2.0,0.8620547574,9.0,297.82,163.0,0.6666666666666666,-0.5555555555555556
Assam,Nagaon,2013-09-01,26.30414915,92.71605974,9,Monsoon,55.0,1.0,0.90593647145,22.0,301.13,17.5,0.8333333333333333,1.21875
Assam,Nagaon,2015-07-01,26.30414915,92.71605974,7,Monsoon,24.0,0.0,0.9327305323,9.0,303.32,26.333333333333332,0.3333333333333333,-0.3846153846153846
Assam,Nagaon,2015-08-01,26.30414915,92.71605974,8,Monsoon,9.0,0.0,0.7333330727,9.0,304.71,24.0,0.3333333333333333,-0.625
Assam,Nagaon,2016-01-01,26.30414915,92.71605974,1,Winter,27.0,5.0,0.005392601433,19.0,293.8966666,20.0,1.6666666666666667,2.0
Assam,Nagaon,2016-04-01,26.30414915,92.71605974,4,Summer,73.0,0.0,0.75946933375,20.0,299.212,26.833333333333336,1.6666666666666667,0.42296296296296293
Assam,Nagaon,2017-07-01,26.30414915,92.71605974,7,Monsoon,130.0,0.0,1.097272065,21.5,303.40999999999997,49.833333333333336,0.0,0.35416666666666663
Assam,Nagaon,2017-09-01,26.30414915,92.71605974,9,Monsoon,13.0,0.0,0.9472657615,24.0,301.93,47.666666666666664,0.0,-0.8414634146341463
Assam,Nagaon,2017-10-01,26.30414915,92.71605974,10,Post-Monsoon,17.0,2.0,1.256796128,32.0,300.22,37.333333333333336,0.6666666666666666,0.3076923076923077
Assam,Nagaon,2019-04-01,26.30414915,92.71605974,4,Summer,20.0,0.0,0.07967517011,27.0,302.056,16.666666666666668,0.6666666666666666,0.17647058823529416
Assam,Nagaon,2019-05-01,26.30414915,92.71605974,5,Summer,9.0,0.0,0.720231476,22.0,301.64,15.333333333333334,0.6666666666666666,-0.55
Assam,Nagaon,2020-10-01,26.30414915,92.71605974,10,Post-Monsoon,21.0,2.0,2.127016304,28.0,299.94,16.666666666666668,0.6666666666666666,1.3333333333333335
Assam,Nagaon,2021-08-01,26.30414915,92.71605974,8,Monsoon,1.0,1.0,0.6903584484,19.0,299.81333340000003,10.333333333333334,1.0,-0.9523809523809523
Assam,Nagaon,2021-12-01,26.30414915,92.71605974,12,Winter,1.0,0.0,6.34e-05,23.0,295.6033334,7.666666666666667,1.0,0.0
Assam,Nalbari,2009-10-01,26.42386165,91.45122755,10,Post-Monsoon,14.0,1.0,1.975201291,39.0,303.445,14.0,1.0,0.0
Assam,Nalbari,2010-03-01,26.42386165,91.45122755,3,Summer,5.0,2.0,0.003936544618,5.0,300.332,9.5,1.5,-0.6428571428571428
Assam,Nalbari,2010-05-01,26.42386165,91.45122755,5,Summer,62.0,0.0,3.178165065,9.0,296.2966666,27.0,1.0,5.0
Assam,Nalbari,2012-07-01,26.42386165,91.45122755,7,Monsoon,20.0,2.0,0.8639459833,9.0,298.0333334,29.0,1.3333333333333333,-0.6774193548387097
Assam,Nalbari,2017-11-01,26.42386165,91.45122755,11,Post-Monsoon,2.0,1.0,0.009152424322,40.0,295.7166666,28.0,1.0,-0.9
Assam,Nalbari,2018-05-01,26.42386165,91.45122755,5,Summer,8.0,0.0,0.1576910642,19.0,299.6733334,10.0,1.0,3.0
Assam,Nalbari,2018-06-01,26.42386165,91.45122755,6,Monsoon,1.0,1.0,0.8803549054,7.0,286.67,3.6666666666666665,0.6666666666666666,-0.875
Assam,Sibsagar,2010-09-01,26.96388985,94.58213345,9,Monsoon,180.0,0.0,1.527125002,9.0,299.48,180.0,0.0,0.0
Assam,Sibsagar,2010-10-01,26.96388985,94.58213345,10,Post-Monsoon,45.0,2.0,0.3042944508,27.0,300.5466666,85.75,0.5833333333333333,0.26688034188034193
Assam,Sibsagar,2010-11-01,26.96388985,94.58213345,11,Post-Monsoon,17.0,0.0,0.3082220842,15.0,296.06,20.666666666666668,0.6666666666666666,-0.46875
Assam,Sibsagar,2011-05-01,26.96388985,94.58213345,5,Summer,47.0,0.0,0.7447201719500001,17.0,302.375,21.333333333333332,0.16666666666666666,0.5078431372549019
Assam,Sibsagar,2011-06-01,26.96388985,94.58213345,6,Monsoon,3.0,1.0,1.410996264,12.0,300.705,16.666666666666668,0.3333333333333333,-0.90625
Assam,Sibsagar,2011-09-01,26.96388985,94.58213345,9,Monsoon,17.0,0.0,0.8672224147,21.0,301.05,17.333333333333332,0.3333333333333333,4.666666666666667
Assam,Sibsagar,2012-05-01,26.96388985,94.58213345,5,Summer,40.0,1.0,0.1099748259,21.0,303.035,20.0,0.6666666666666666,1.3529411764705883
Assam,Sibsagar,2012-09-01,26.96388985,94.58213345,9,Monsoon,59.0,0.0,1.432131992,2.0,303.445,38.666666666666664,0.3333333333333333,0.4750000000000001
Assam,Sibsagar,2013-01-01,26.96388985,94.58213345,1,Winter,43.0,5.0,7.2e-05,9.0,296.0666666,47.333333333333336,2.0,-0.27118644067796616
Assam,Sibsagar,2016-09-01,26.96388985,94.58213345,9,Monsoon,30.0,0.0,0.6505195303,19.0,300.4866666,44.0,1.6666666666666667,-0.3023255813953488
Assam,Sibsagar,2017-01-01,26.96388985,94.58213345,1,Winter,24.0,3.0,0.01410269898,10.0,293.7933334,32.333333333333336,2.6666666666666665,-0.19999999999999996
Assam,Sibsagar,2018-06-01,26.96388985,94.58213345,6,Monsoon,23.0,0.0,1.766388015,8.0,305.36,25.666666666666668,1.0,-0.04166666666666663
Assam,Sibsagar,2018-09-01,26.96388985,94.58213345,9,Monsoon,19.0,1.0,0.5640186702,23.0,301.38,22.0,1.3333333333333333,-0.17391304347826086
Assam,Sivasagar,2009-10-01,26.9834936,94.6394226,10,Post-Monsoon,10.0,2.0,0.6488592336,27.0,297.74,10.0,2.0,0.0
Assam,Sivasagar,2011-05-01,26.9834936,94.6394226,5,Summer,158.0,0.0,0.5992525517,17.0,301.07,84.0,1.0,5.0
Assam,Sivasagar,2013-02-01,26.9834936,94.6394226,2,Winter,105.0,5.0,0.007902201888,8.0,297.34000000000003,91.0,2.3333333333333335,-0.33544303797468356
Assam,Sivasagar,2013-05-01,26.9834936,94.6394226,5,Summer,19.0,1.0,1.362098214,11.0,304.22,94.0,2.0,-0.819047619047619
Assam,Sivasagar,2016-04-01,26.9834936,94.6394226,4,Summer,37.0,5.0,0.7124893778,9.0,298.36,53.666666666666664,3.6666666666666665,0.9473684210526316
Assam,Sivasagar,2016-05-01,26.9834936,94.6394226,5,Summer,235.0,1.0,1.842831286,16.0,299.18,97.0,2.3333333333333335,5.0
Assam,Sonitpur,2009-09-01,26.76777075,92.70140886,9,Monsoon,578.0,5.0,0.6003700907,32.0,294.745,578.0,5.0,0.0
Assam,Sonitpur,2009-11-01,26.76777075,92.70140886,11,Post-Monsoon,65.0,1.0,0.004613573965,31.0,299.90000000000003,321.5,3.0,-0.8875432525951557
Assam,Sonitpur,2010-03-01,26.76777075,92.70140886,3,Summer,889.5599999999977,6.0,1.9224935336666666,9.0,298.48,185.95111111111086,1.5555555555555554,1.55273132664437
Assam,Sonitpur,2010-05-01,26.76777075,92.70140886,5,Summer,569.0,5.0,1.4016609123333332,9.333333333333334,301.02000000000004,292.56888888888835,2.0,0.3352921744094774
Assam,Sonitpur,2010-09-01,26.76777075,92.70140886,9,Monsoon,252.0,5.0,0.8358232404,16.5,299.8833333,210.16666666666669,3.0,-0.5555124686791553
Assam,Sonitpur,2010-10-01,26.76777075,92.70140886,10,Post-Monsoon,1025.5599999999977,11.0,0.16969002600000002,29.333333333333332,300.0333333333333,277.12444444444395,3.4444444444444446,2.5527712997495873
Assam,Sonitpur,2011-04-01,26.76777075,92.70140886,4,Summer,13.0,0.0,0.35847868,17.0,298.94333340000003,286.1866666666659,2.0,0.4444444444444444
Assam,Sonitpur,2011-05-01,26.76777075,92.70140886,5,Summer,264.0,0.0,2.058355918,18.0,301.3708333,59.166666666666664,0.16666666666666666,3.010989010989011
Assam,Sonitpur,2011-07-01,26.76777075,92.70140886,7,Monsoon,47.0,2.0,2.508183342,7.0,299.18,103.66666666666667,0.6666666666666666,-0.7740384615384616
Assam,Sonitpur,2011-11-01,26.76777075,92.70140886,11,Post-Monsoon,15.0,1.0,0.08348132513,35.0,299.8766666,90.0,1.0,-0.6808510638297872
Assam,Sonitpur,2012-10-01,26.76777075,92.70140886,10,Post-Monsoon,505.0,0.0,0.4597851300375,27.25,299.52708335,74.83333333333333,0.3333333333333333,1.4976934523809522
Assam,Sonitpur,2013-04-01,26.76777075,92.70140886,4,Summer,10.0,1.0,1.053657897,5.0,298.88,156.33333333333334,0.3333333333333333,-0.9574468085106383
Assam,Sonitpur,2013-09-01,26.76777075,92.70140886,9,Monsoon,225.0,0.0,0.1921449881,26.0,303.4766666,156.66666666666666,0.3333333333333333,5.0
Assam,Sonitpur,2015-01-01,26.76777075,92.70140886,1,Winter,12.0,0.0,0.001136885664,28.0,295.68333340000004,82.33333333333333,0.3333333333333333,-0.9466666666666667
Assam,Sonitpur,2015-03-01,26.76777075,92.70140886,3,Summer,42.0,0.0,0.01183512621,15.0,303.876,93.0,0.0,2.5
Assam,Sonitpur,2016-06-01,26.76777075,92.70140886,6,Monsoon,113.0,0.0,0.7493774582,9.0,299.99,55.666666666666664,0.0,1.6904761904761907
Assam,Sonitpur,2022-06-01,26.76777075,92.70140886,6,Monsoon,2.0,0.0,0.5937271413,9.0,301.796,52.333333333333336,0.0,-0.9823008849557522
Assam,Sonitpur (Tezpur),2017-05-01,26.6265106,92.8002917,5,Summer,48.0,0.0,0.4129942317,19.0,304.04,48.0,0.0,0.0
Assam,Sonitpur (Tezpur),2017-10-01,26.6265106,92.8002917,10,Post-Monsoon,11.0,0.0,1.798216382,32.0,293.2333334,29.5,0.0,-0.7708333333333334
Assam,Sonitpur (Tezpur),2019-04-01,26.6265106,92.8002917,4,Summer,22.0,0.0,0.322215395,9.0,300.1,27.0,0.0,1.0
Assam,Sonitpur (Tezpur),2019-07-01,26.6265106,92.8002917,7,Monsoon,8.0,0.0,4.013340576,9.0,303.445,13.666666666666666,0.0,-0.6363636363636364
Assam,Tinsukia,2010-06-01,27.52016575,95.53063473,6,Monsoon,11.0,0.0,1.511458932,3.0,303.445,11.0,0.0,0.0
Assam,Tinsukia,2011-06-01,27.52016575,95.53063473,6,Monsoon,11.0,1.0,0.3427579212,13.0,302.2666666,11.0,0.5,0.0
Assam,Tinsukia,2012-07-01,27.52016575,95.53063473,7,Monsoon,15.0,1.0,1.668652947,9.0,295.16,12.333333333333334,0.6666666666666666,0.36363636363636354
Assam,Tinsukia,2013-01-01,27.52016575,95.53063473,1,Winter,81.0,5.0,0.01251454682,17.0,291.36333340000004,35.666666666666664,2.3333333333333335,4.4
Assam,Tinsukia,2013-06-01,27.52016575,95.53063473,6,Monsoon,41.0,5.0,0.1551163368,9.0,306.4633334,45.666666666666664,3.6666666666666665,-0.49382716049382713
Assam,Tinsukia,2013-10-01,27.52016575,95.53063473,10,Post-Monsoon,10.0,2.0,0.02083127434,36.0,300.9733334,44.0,4.0,-0.7560975609756098
Assam,Tinsukia,2013-11-01,27.52016575,95.53063473,11,Post-Monsoon,11.0,1.0,0.3515346128,34.0,294.325,20.666666666666668,2.6666666666666665,0.10000000000000009
Assam,Tinsukia,2016-01-01,27.52016575,95.53063473,1,Winter,65.0,5.0,0.01704671474,21.0,292.4766666,28.666666666666668,2.6666666666666665,4.909090909090909
Assam,Tinsukia,2016-08-01,27.52016575,95.53063473,8,Monsoon,16.0,0.0,0.4757304659,35.0,300.625,30.666666666666668,2.0,-0.7538461538461538
Assam,Tinsukia,2017-06-01,27.52016575,95.53063473,6,Monsoon,22.0,0.0,1.012743797,30.0,304.38,34.333333333333336,1.6666666666666667,0.375
Assam,Tinsukia,2017-08-01,27.52016575,95.53063473,8,Monsoon,280.0,0.0,0.5237995799,9.0,303.38,106.0,0.0,5.0
Assam,Tinsukia,2018-09-01,27.52016575,95.53063473,9,Monsoon,79.0,0.0,0.5365674269,35.0,298.7133334,127.0,0.0,-0.7178571428571429
Assam,Tinsukia,2019-08-01,27.52016575,95.53063473,8,Monsoon,10.0,0.0,0.9413872445,27.0,301.76,123.0,0.0,-0.8734177215189873
Assam,Tinsukia,2019-09-01,27.52016575,95.53063473,9,Monsoon,5.0,0.0,0.3024225084,35.0,303.0666666,31.333333333333332,0.0,-0.5
Assam,Tinsukia,2019-11-01,27.52016575,95.53063473,11,Post-Monsoon,12.0,0.0,0.02130639336,31.0,298.15000000000003,9.0,0.0,1.4
Assam,Udalguri,2011-06-01,26.77253155,92.10641749,6,Monsoon,1352.0,13.0,0.4512064029,15.0,296.445,327.0,2.125,0.308062234794908
Assam,Udalguri,2012-02-01,26.77253155,92.10641749,2,Winter,30.0,2.0,0.0456279034,21.0,292.2066666,279.3333333333333,4.0,-0.9257425742574258
Assam,Udalguri,2012-05-01,26.77253155,92.10641749,5,Summer,57.0,2.0,0.2949388284,27.0,302.31,163.66666666666666,3.0,0.8999999999999999
Assam,Udalguri,2013-05-01,26.77253155,92.10641749,5,Summer,40.0,2.0,0.64690451105,9.0,297.08333330000005,35.16666666666667,1.5,-0.5224171539961014
Assam,Udalguri,2014-01-01,26.77253155,92.10641749,1,Winter,14.0,1.0,0.00108755249,27.0,294.632,18.0,1.0,0.07692307692307687
Assam,Udalguri,2014-07-01,26.77253155,92.10641749,7,Monsoon,14.0,4.0,0.6693631551,7.0,295.34000000000003,13.666666666666666,2.0,0.0
Assam,Udalguri,2014-11-01,26.77253155,92.10641749,11,Post-Monsoon,13.0,1.0,0.03663071029,31.0,292.8666666,13.666666666666666,2.0,-0.0714285714285714
Assam,Udalguri,2014-12-01,26.77253155,92.10641749,12,Winter,120.0,1.0,7.25e-05,7.0,293.51,49.0,2.0,5.0
Assam,Udalguri,2015-09-01,26.77253155,92.10641749,9,Monsoon,55.0,0.0,2.523038283,36.0,289.94,62.666666666666664,0.6666666666666666,-0.5416666666666667
Assam,Udalguri,2015-10-01,26.77253155,92.10641749,10,Post-Monsoon,14.0,0.0,0.1778561426,39.0,301.18333340000004,63.0,0.3333333333333333,-0.7454545454545455
Assam,Udalguri,2016-05-01,26.77253155,92.10641749,5,Summer,35.0,2.0,0.3287352801,20.0,301.38,34.666666666666664,0.6666666666666666,1.5
Assam,Udalguri,2017-12-01,26.77253155,92.10641749,12,Winter,121.0,0.0,0.0001818226472,8.5,294.8263333,49.66666666666667,0.6666666666666666,0.47910906298003064
Assam,Udalguri,2018-05-01,26.77253155,92.10641749,5,Summer,97.0,0.0,1.1301280445000002,14.0,298.5825,48.83333333333333,0.0,0.37120060790273557
Assam,Udalguri,2018-06-01,26.77253155,92.10641749,6,Monsoon,14.0,0.0,0.5968360201,7.0,303.445,37.0,0.0,-0.72
Assam,Udalguri,2019-04-01,26.77253155,92.10641749,4,Summer,52.0,0.0,0.03253068923,27.0,299.30400000000003,38.666666666666664,0.0,2.7142857142857144
Assam,Udalguri,2019-11-01,26.77253155,92.10641749,11,Post-Monsoon,9.0,1.0,0.01176659525,32.0,295.51,25.0,0.3333333333333333,-0.8269230769230769
Assam,Udalguri,2021-07-01,26.77253155,92.10641749,7,Monsoon,1.0,1.0,0.3605618443,24.0,301.72,20.666666666666668,0.6666666666666666,-0.8888888888888888
Assam,Udalguri,2021-08-01,26.77253155,92.10641749,8,Monsoon,34.0,0.0,2.04125962,22.0,300.42,14.666666666666666,0.6666666666666666,5.0
Assam,Udalguri,2022-05-01,26.77253155,92.10641749,5,Summer,14.0,0.0,2.407587488,9.0,300.92,16.333333333333332,0.3333333333333333,-0.5882352941176471
Assam,Udalguri (Darrang),2011-04-01,26.7445958,92.0971834,4,Summer,200.0,0.0,0.1040485349,9.0,296.75,200.0,0.0,0.0
Bihar,Araria,2010-09-01,26.26498795,87.37162648,9,Monsoon,18.0,0.0,1.120859326,15.0,300.82,18.0,0.0,0.0
Bihar,Araria,2010-11-01,26.26498795,87.37162648,11,Post-Monsoon,4.0,4.0,0.01407986658,10.0,302.172,11.0,2.0,-0.7777777777777778
Bihar,Araria,2011-10-01,26.26498795,87.37162648,10,Post-Monsoon,74.0,0.0,0.11754749446666667,9.0,301.64222220000005,19.333333333333332,0.8888888888888888,1.9901433691756274
Bihar,Araria,2011-11-01,26.26498795,87.37162648,11,Post-Monsoon,12.0,0.0,0.0478068869,9.0,299.625,18.333333333333332,0.0,-0.6129032258064516
Bihar,Araria,2012-03-01,26.26498795,87.37162648,3,Summer,29.0,0.0,0.0005334981688,6.0,301.8266666,24.0,0.0,1.4166666666666665
Bihar,Araria,2012-11-01,26.26498795,87.37162648,11,Post-Monsoon,20.0,0.0,6.04e-05,10.0,302.16,20.333333333333332,0.0,-0.31034482758620685
Bihar,Araria,2013-09-01,26.26498795,87.37162648,9,Monsoon,39.0,0.0,0.7170112573,9.5,301.14200000000005,21.166666666666668,0.0,0.001315789473684159
Bihar,Araria,2013-10-01,26.26498795,87.37162648,10,Post-Monsoon,18.0,2.0,0.3190018024,21.0,301.0933334,19.0,0.6666666666666666,-0.09999999999999998
Bihar,Araria,2013-12-01,26.26498795,87.37162648,12,Winter,12.0,5.0,0.01410128011,9.0,295.16,16.666666666666668,2.3333333333333335,-0.33333333333333337
Bihar,Araria,2014-09-01,26.26498795,87.37162648,9,Monsoon,28.0,9.0,0.93776085425,15.5,300.023,13.0,4.333333333333334,0.5833333333333333
Bihar,Araria,2014-10-01,26.26498795,87.37162648,10,Post-Monsoon,23.0,5.0,0.09968361484999999,18.0,302.142,14.666666666666668,3.0,-0.39852941176470585
Bihar,Araria,2014-11-01,26.26498795,87.37162648,11,Post-Monsoon,5.0,5.0,0.03353428156,14.0,302.248,9.333333333333334,3.3333333333333335,-0.16666666666666663
Bihar,Araria,2019-10-01,26.26498795,87.37162648,10,Post-Monsoon,36.0,3.0,2.071982844,18.0,298.65000000000003,15.666666666666666,4.333333333333333,5.0
Bihar,Arwal,2016-07-01,25.18077715,84.65920203,7,Monsoon,21.0,0.0,0.5989348944,9.0,302.04,21.0,0.0,0.0
Bihar,Arwal,2017-07-01,25.18077715,84.65920203,7,Monsoon,31.0,1.0,1.30259643765,2.5,303.21333330000004,16.916666666666664,0.41666666666666663,0.07738095238095233
Bihar,Arwal,2019-10-01,25.18077715,84.65920203,10,Post-Monsoon,5.0,0.0,0.03988869053,9.0,302.568,12.0,0.3333333333333333,-0.736842105263158
Bihar,Aurangabad,2011-07-01,24.786306,84.41448983,7,Monsoon,8.0,2.0,0.8185006585,10.0,303.445,8.0,2.0,0.0
Bihar,Aurangabad,2011-08-01,24.786306,84.41448983,8,Monsoon,53.0,1.0,1.2452947373,5.333333333333333,303.1055555333333,16.0,0.6666666666666666,0.3468660968660968
Bihar,Aurangabad,2011-09-01,24.786306,84.41448983,9,Monsoon,18.0,0.0,0.8577299239,17.0,296.40000000000003,17.666666666666668,0.3333333333333333,1.0
Bihar,Aurangabad,2011-11-01,24.786306,84.41448983,11,Post-Monsoon,22.0,0.0,4.81e-05,11.0,301.615,16.333333333333332,0.3333333333333333,0.22222222222222232
Bihar,Aurangabad,2012-07-01,24.786306,84.41448983,7,Monsoon,16.0,0.0,0.7214775343,9.0,303.445,18.666666666666668,0.0,-0.2727272727272727
Bihar,Aurangabad,2012-08-01,24.786306,84.41448983,8,Monsoon,25.0,0.0,0.5480145182,9.0,303.445,21.0,0.0,0.5625
Bihar,Aurangabad,2015-06-01,24.786306,84.41448983,6,Monsoon,836.5599999999977,0.0,1.230280633,8.0,309.44,292.51999999999924,0.0,5.0
Bihar,Aurangabad,2015-07-01,24.786306,84.41448983,7,Monsoon,3.0,2.0,0.5102865319,7.0,303.4666666,288.1866666666659,0.6666666666666666,-0.9964138854355934
Bihar,Aurangabad,2017-10-01,24.786306,84.41448983,10,Post-Monsoon,20.0,2.0,0.0009095016288,14.0,303.2466666,286.51999999999924,1.3333333333333333,5.0
Bihar,Aurangabad,2018-08-01,24.786306,84.41448983,8,Monsoon,7.0,0.0,2.445436209,1.0,303.445,10.0,1.3333333333333333,-0.65
Bihar,Banka,2013-06-01,24.8655681,86.87278642,6,Monsoon,37.0,0.0,1.379389116,7.0,303.445,37.0,0.0,0.0
Bihar,Banka,2014-07-01,24.8655681,86.87278642,7,Monsoon,101.0,0.0,0.6429880459,10.0,304.04,69.0,0.0,1.7297297297297298
Bihar,Banka,2014-08-01,24.8655681,86.87278642,8,Monsoon,38.0,0.0,0.8109946902,6.0,303.445,58.666666666666664,0.0,-0.6237623762376238
Bihar,Banka,2014-09-01,24.8655681,86.87278642,9,Monsoon,29.0,0.0,0.3579548846,9.0,300.335,56.0,0.0,-0.23684210526315785
Bihar,Banka,2015-11-01,24.8655681,86.87278642,11,Post-Monsoon,22.0,3.0,0.0002900935046,6.0,300.64,29.666666666666668,1.0,-0.24137931034482762
Bihar,Bhabua,2013-07-01,25.07634815,83.63359776,7,Monsoon,1182.5599999999977,0.0,0.4814204257,9.0,272.0,468.6399999999994,0.0,0.7089017341040429
Bihar,Bhabua,2016-07-01,25.07634815,83.63359776,7,Monsoon,24.0,0.0,0.8506309581,9.0,306.44,402.1866666666659,0.0,-0.9713110834847469
Bihar,Bhabua,2016-08-01,25.07634815,83.63359776,8,Monsoon,150.0,2.0,0.907183331,11.75,300.1241667,92.04666666666647,0.25,1.203792735042735
Bihar,Bhabua,2016-09-01,25.07634815,83.63359776,9,Monsoon,61.0,0.0,0.6308306346,9.0,306.06,61.666666666666664,0.6666666666666666,-0.42452830188679247
Bihar,Bhabua,2017-09-01,25.07634815,83.63359776,9,Monsoon,57.0,2.0,0.40269697713333336,12.333333333333334,301.9042222,37.0,0.3333333333333333,-0.013546402167424346
Bihar,Bhabua,2019-10-01,25.07634815,83.63359776,10,Post-Monsoon,3.0,1.0,0.03083031893,16.0,300.52,14.333333333333334,1.0,-0.8846153846153846
Bihar,Bhagalpur,2011-10-01,25.2871758,87.13033088,10,Post-Monsoon,30.0,0.0,0.1532392824,18.0,301.81333340000003,30.0,0.0,0.0
Bihar,Bhagalpur,2015-06-01,25.2871758,87.13033088,6,Monsoon,521.0,1.0,1.25256457,5.0,303.445,275.5,0.5,5.0
Bihar,Bhagalpur,2019-10-01,25.2871758,87.13033088,10,Post-Monsoon,13.0,3.0,0.40245357,20.0,301.25333340000003,188.0,1.3333333333333333,-0.9750479846449136
Bihar,Bhojpur,2012-07-01,25.25,84.25,7,Monsoon,62.0,2.0,2.034400387,3.0,287.98,28.0,1.5,0.24
Bihar,Bhojpur,2012-08-01,25.25,84.25,8,Monsoon,51.0,1.0,0.63574607705,7.5,295.505,31.5,0.5,-0.3191268191268192
Bihar,Bhojpur,2012-10-01,25.25,84.25,10,Post-Monsoon,36.0,0.0,0.002867402414,10.0,303.7333334,29.0,0.3333333333333333,2.0
Bihar,Bhojpur,2015-06-01,25.25,84.25,6,Monsoon,724.0,2.0,1.972170859,5.0,296.03000000000003,257.3333333333333,1.0,5.0
Bihar,Buxar,2016-07-01,25.5620715,84.01567205,7,Monsoon,15.0,0.0,0.7764857433,9.0,278.52,15.0,0.0,0.0
Bihar,Buxar,2020-03-01,25.5620715,84.01567205,3,Summer,50.0,0.0,0.06771296632,19.0,296.904,32.5,0.0,2.3333333333333335
Bihar,Darbhanga,2011-09-01,26.08314325,86.03257097,9,Monsoon,81.0,1.0,0.1226691085,18.0,301.3866666,81.0,1.0,0.0
Bihar,Darbhanga,2013-08-01,26.08314325,86.03257097,8,Monsoon,20.0,0.0,0.9507921101,9.0,303.08,50.5,0.5,-0.7530864197530864
Bihar,Darbhanga,2013-09-01,26.08314325,86.03257097,9,Monsoon,33.0,0.0,0.19337862,17.0,300.26,44.666666666666664,0.3333333333333333,0.6499999999999999
Bihar,Darbhanga,2013-11-01,26.08314325,86.03257097,11,Post-Monsoon,72.0,0.0,3.07e-05,8.0,300.80333340000004,41.666666666666664,0.0,1.1818181818181817
Bihar,Darbhanga,2014-09-01,26.08314325,86.03257097,9,Monsoon,81.0,0.0,0.6904417549,14.0,300.86,62.0,0.0,0.125
Bihar,Darbhanga,2016-09-01,26.08314325,86.03257097,9,Monsoon,19.0,0.0,0.7542751842,9.0,302.34000000000003,57.333333333333336,0.0,-0.7654320987654322
Bihar,Darbhanga,2016-10-01,26.08314325,86.03257097,10,Post-Monsoon,133.0,0.0,0.30109571509,13.75,300.868,37.166666666666664,0.0,0.4009922346850734
Bihar,Darbhanga,2017-10-01,26.08314325,86.03257097,10,Post-Monsoon,33.0,0.0,0.07969373345,16.0,300.76,27.0,0.0,0.375
Bihar,East Champaran,2013-09-01,26.5475298,84.6717583,9,Monsoon,14.0,1.0,0.4426088755,21.0,297.2,14.0,1.0,0.0
Bihar,East Champaran,2014-03-01,26.5475298,84.6717583,3,Summer,20.0,0.0,0.5296489103,14.0,292.675,17.0,0.5,0.4285714285714286
Bihar,East Champaran,2014-10-01,26.5475298,84.6717583,10,Post-Monsoon,21.0,1.0,0.04125474081,13.0,300.868,18.333333333333332,0.6666666666666666,0.050000000000000044
Bihar,Gaya,2011-06-01,24.7964355,85.0079563,6,Monsoon,73.0,0.0,0.5427496906666667,5.0,310.6,21.944444444444443,0.0,1.1628930817610061
Bihar,Gaya,2011-07-01,24.7964355,85.0079563,7,Monsoon,54.0,0.0,0.5665152136,8.666666666666666,304.79,21.444444444444443,0.0,0.2722222222222222
Bihar,Gaya,2011-08-01,24.7964355,85.0079563,8,Monsoon,270.0,5.0,1.8081129052500002,7.75,303.19124999999997,35.08333333333333,0.4166666666666667,1.5076193520886616
Bihar,Gaya,2012-05-01,24.7964355,85.0079563,5,Summer,32.0,10.0,7.03e-05,4.0,317.6866666,79.16666666666667,4.166666666666667,-0.13681592039800994
Bihar,Gaya,2012-06-01,24.7964355,85.0079563,6,Monsoon,54.0,0.0,0.7106616371,2.0,313.84000000000003,28.666666666666668,3.3333333333333335,1.7000000000000002
Bihar,Gaya,2012-07-01,24.7964355,85.0079563,7,Monsoon,50.0,0.0,0.99666858055,6.5,302.5325,33.83333333333333,0.8333333333333334,-0.2685185185185185
Bihar,Gaya,2012-08-01,24.7964355,85.0079563,8,Monsoon,93.0,5.0,0.6480359816,9.0,303.445,28.555555555555557,1.2222222222222223,0.13575467941059338
Bihar,Gaya,2012-11-01,24.7964355,85.0079563,11,Post-Monsoon,23.0,0.0,0.0001737243681,10.0,299.705,28.333333333333332,0.6666666666666666,-0.34285714285714286
Bihar,Gaya,2013-04-01,24.7964355,85.0079563,4,Summer,24.0,0.0,0.03725978907,4.0,314.5233334,27.333333333333332,0.6666666666666666,0.04347826086956519
Bihar,Gaya,2013-06-01,24.7964355,85.0079563,6,Monsoon,72.0,1.0,1.147288305,7.0,308.3,39.666666666666664,0.3333333333333333,2.0
Bihar,Gaya,2014-06-01,24.7964355,85.0079563,6,Monsoon,90.0,1.0,0.023350651134999997,8.0,308.5293333,52.16666666666667,0.6666666666666666,-0.2998737373737374
Bihar,Gaya,2014-09-01,24.7964355,85.0079563,9,Monsoon,110.0,0.0,0.8045851698,15.0,302.0,66.66666666666667,0.3333333333333333,2.142857142857143
Bihar,Gaya,2015-06-01,24.7964355,85.0079563,6,Monsoon,836.5599999999977,0.0,0.8612070731,8.0,303.445,327.1866666666659,0.0,5.0
Bihar,Gaya,2016-04-01,24.7964355,85.0079563,4,Summer,88.0,0.0,5.63e-05,3.0,318.5,319.1866666666659,0.0,-0.4737018265276847
Bihar,Gaya,2016-05-01,24.7964355,85.0079563,5,Summer,367.0,0.0,0.1246818943,4.0,314.89,99.16666666666667,0.0,1.502367424242424
Bihar,Gopalganj,2011-08-01,26.4207265,84.37406407,8,Monsoon,34.0,1.0,0.6867550611,10.0,302.34749999999997,23.0,0.25,-0.41379310344827586
Bihar,Gopalganj,2012-07-01,26.4207265,84.37406407,7,Monsoon,20.0,0.0,1.846160155,3.0,303.445,18.0,0.3333333333333333,3.0
Bihar,Gopalganj,2015-08-01,26.4207265,84.37406407,8,Monsoon,9.0,2.0,0.7687098152,9.0,301.06,11.333333333333334,1.0,-0.55
Bihar,Jamui,2011-08-01,24.96785205,86.17351147,8,Monsoon,64.0,0.0,1.30231605645,8.0,303.14250000000004,41.0,0.0,-0.36
Bihar,Jamui,2012-08-01,24.96785205,86.17351147,8,Monsoon,14.0,1.0,0.5629016227,10.0,300.61333340000004,26.0,0.3333333333333333,0.0
Bihar,Jamui,2013-08-01,24.96785205,86.17351147,8,Monsoon,20.0,2.0,0.5454215166,12.0,302.7066666,16.0,1.0,0.4285714285714286
Bihar,Jamui,2015-12-01,24.96785205,86.17351147,12,Winter,48.0,2.0,0.03020803562,9.0,295.325,27.333333333333332,1.6666666666666667,1.4
Bihar,Jamui,2016-01-01,24.96785205,86.17351147,1,Winter,6.0,0.0,2.74e-05,6.5,296.288,24.666666666666668,1.3333333333333333,-0.875
Bihar,Jamui,2016-06-01,24.96785205,86.17351147,6,Monsoon,11.0,0.0,0.2660622835,7.0,310.3,21.666666666666668,0.6666666666666666,0.8333333333333333
Bihar,Jamui,2016-07-01,24.96785205,86.17351147,7,Monsoon,34.0,0.0,0.47349612630000004,6.0,304.98249999999996,12.333333333333332,0.0,0.46212121212121204
Bihar,Jamui,2016-08-01,24.96785205,86.17351147,8,Monsoon,51.0,2.0,0.6967143108333334,10.333333333333334,304.23333333333335,16.77777777777778,0.4444444444444444,1.0041035353535352
Bihar,Jamui,2016-09-01,24.96785205,86.17351147,9,Monsoon,56.0,0.0,0.8555641287,9.0,301.27,23.0,0.3333333333333333,0.5897435897435898
Bihar,Jamui,2017-08-01,24.96785205,86.17351147,8,Monsoon,17.0,0.0,0.7413227056,9.0,300.84749999999997,18.333333333333332,0.0,0.27812499999999996
Bihar,Jamui,2017-10-01,24.96785205,86.17351147,10,Post-Monsoon,34.0,1.0,0.9192221273,9.0,301.04400000000004,17.0,0.3333333333333333,1.8333333333333335
Bihar,Jamui,2018-09-01,24.96785205,86.17351147,9,Monsoon,33.0,0.0,0.455808117,19.0,303.7866666,26.333333333333332,0.3333333333333333,-0.02941176470588236
Bihar,Jehanabad,2011-08-01,25.15247135,85.00687849,8,Monsoon,39.0,5.0,0.4825565637,10.0,303.24,39.0,5.0,0.0
Bihar,Jehanabad,2015-08-01,25.15247135,85.00687849,8,Monsoon,14.0,0.0,0.5010215145,15.0,303.58,26.5,2.5,-0.641025641025641
Bihar,Jehanabad,2016-09-01,25.15247135,85.00687849,9,Monsoon,45.0,3.0,0.60627152805,15.0,301.9716667,20.333333333333336,1.6666666666666667,1.1071428571428572
Bihar,Jehanabad,2017-08-01,25.15247135,85.00687849,8,Monsoon,17.0,3.0,0.6532279597,9.0,303.22,20.666666666666668,2.0,-0.5142857142857142
Bihar,Jehanabad,2019-06-01,25.15247135,85.00687849,6,Monsoon,14.0,1.0,0.155958273805,6.5,316.75800000000004,15.5,1.3333333333333333,-0.5058823529411764
Bihar,Jehanabad,2019-10-01,25.15247135,85.00687849,10,Post-Monsoon,14.0,0.0,0.35236651355000004,15.0,300.185,6.833333333333334,0.3333333333333333,0.4027777777777778
Bihar,Katihar,2011-07-01,25.5591001,87.64745596,7,Monsoon,38.0,2.0,0.4385494543,8.0,302.41,19.0,1.0,0.0
Bihar,Katihar,2011-10-01,25.5591001,87.64745596,10,Post-Monsoon,55.0,2.0,0.026322436545,14.0,302.5,22.666666666666668,1.1666666666666665,0.2774122807017544
Bihar,Katihar,2013-10-01,25.5591001,87.64745596,10,Post-Monsoon,13.0,3.0,0.0504392425,9.0,301.2133334,22.666666666666668,1.6666666666666667,-0.5806451612903225
Bihar,Katihar,2014-07-01,25.5591001,87.64745596,7,Monsoon,22.0,0.0,0.5999962582,9.0,302.69,22.0,1.0,0.6923076923076923
Bihar,Katihar,2014-09-01,25.5591001,87.64745596,9,Monsoon,19.0,0.0,0.6517010335,9.0,301.34000000000003,18.0,1.0,-0.13636363636363635
Bihar,Katihar,2014-10-01,25.5591001,87.64745596,10,Post-Monsoon,15.0,0.0,0.09867226591,21.0,301.1966666,18.666666666666668,0.0,-0.21052631578947367
Bihar,Katihar,2016-07-01,25.5591001,87.64745596,7,Monsoon,26.0,0.0,0.7951526221,9.0,303.445,20.0,0.0,0.7333333333333334
Bihar,Katihar,2016-10-01,25.5591001,87.64745596,10,Post-Monsoon,9.0,2.0,0.05356773136,15.0,302.8566666,16.666666666666668,0.6666666666666666,-0.6538461538461539
Bihar,Khagaria,2011-03-01,25.4916868,86.69910848,3,Summer,2.0,0.0,0.001582866165,15.0,296.82,2.0,0.0,0.0
Bihar,Khagaria,2014-08-01,25.4916868,86.69910848,8,Monsoon,10.0,0.0,0.9954727515,6.0,300.62,6.0,0.0,4.0
Bihar,Khagaria,2015-11-01,25.4916868,86.69910848,11,Post-Monsoon,29.0,0.0,0.01839182669,7.0,303.492,13.666666666666666,0.0,1.9
Bihar,Lakhisarai,2010-06-01,25.1677029,86.05935924,6,Monsoon,134.0,0.0,0.6143783894,5.0,307.72,40.0,0.0,2.5
Bihar,Lakhisarai,2011-02-01,25.1677029,86.05935924,2,Winter,45.0,0.0,0.0897718966,9.0,294.672,59.666666666666664,0.0,-0.628099173553719
Bihar,Lakhisarai,2011-07-01,25.1677029,86.05935924,7,Monsoon,47.0,0.0,0.47051803323333335,8.0,303.675,34.666666666666664,0.0,-0.2650793650793651
Bihar,Lakhisarai,2011-08-01,25.1677029,86.05935924,8,Monsoon,32.0,1.0,0.73793054575,8.5,301.0333333,15.333333333333334,0.16666666666666666,0.01428571428571429
Bihar,Lakhisarai,2011-10-01,25.1677029,86.05935924,10,Post-Monsoon,8.0,1.0,0.07687955655,9.0,302.464,13.333333333333334,0.6666666666666666,-0.33333333333333337
Bihar,Lakhisarai,2011-11-01,25.1677029,86.05935924,11,Post-Monsoon,45.0,0.0,0.002280614862,8.0,300.8833334,21.666666666666668,0.6666666666666666,4.625
Bihar,Lakhisarai,2012-07-01,25.1677029,86.05935924,7,Monsoon,22.0,2.0,0.9146905568,4.0,303.445,25.0,1.0,-0.5111111111111111
Bihar,Lakhisarai,2012-08-01,25.1677029,86.05935924,8,Monsoon,113.0,1.0,0.59864757746,9.6,301.27,25.533333333333335,0.3333333333333333,-0.033254963427377236
Bihar,Lakhisarai,2013-07-01,25.1677029,86.05935924,7,Monsoon,16.0,0.0,0.5813792475,6.0,297.46,15.333333333333334,0.3333333333333333,0.06666666666666665
Bihar,Lakhisarai,2014-06-01,25.1677029,86.05935924,6,Monsoon,62.0,0.0,0.09822919527,7.0,304.764,23.333333333333336,0.16666666666666666,0.46875
Bihar,Lakhisarai,2014-07-01,25.1677029,86.05935924,7,Monsoon,22.0,0.0,0.4590265376,7.0,302.23,28.0,0.0,-0.29032258064516125
Bihar,Madhubani,2011-09-01,26.350072,86.22914689,9,Monsoon,118.0,1.0,0.8028566807,14.0,289.26,118.0,1.0,0.0
Bihar,Madhubani,2011-10-01,26.350072,86.22914689,10,Post-Monsoon,61.0,1.0,0.1263816755,18.5,301.52,69.58333333333333,0.5833333333333333,-0.5823687474162877
Bihar,Madhubani,2012-07-01,26.350072,86.22914689,7,Monsoon,18.0,0.0,1.146858848,6.0,281.44,26.333333333333332,0.3333333333333333,-0.09999999999999998
Bihar,Madhubani,2012-09-01,26.350072,86.22914689,9,Monsoon,71.0,2.0,1.067061481,19.0,289.0,36.333333333333336,1.0,2.9444444444444446
Bihar,Madhubani,2013-05-01,26.350072,86.22914689,5,Summer,17.0,1.0,0.2585846614,9.0,302.78000000000003,35.333333333333336,1.0,-0.7605633802816901
Bihar,Madhubani,2013-06-01,26.350072,86.22914689,6,Monsoon,16.0,1.0,0.3493724776,9.0,306.04,34.666666666666664,1.3333333333333333,-0.05882352941176472
Bihar,Madhubani,2013-07-01,26.350072,86.22914689,7,Monsoon,15.0,0.0,2.133578023,7.0,303.445,16.0,0.6666666666666666,-0.0625
Bihar,Madhubani,2013-08-01,26.350072,86.22914689,8,Monsoon,27.0,0.0,0.9095147056,5.0,286.67,19.333333333333332,0.3333333333333333,0.8
Bihar,Madhubani,2013-09-01,26.350072,86.22914689,9,Monsoon,193.0,1.0,0.83635817222,14.2,300.61366668,31.73333333333333,0.13333333333333333,0.3259991801277711
Bihar,Madhubani,2013-10-01,26.350072,86.22914689,10,Post-Monsoon,88.0,3.0,0.16287229726333333,12.0,300.2164444666667,37.333333333333336,0.7777777777777777,0.07769726247987123
Bihar,Madhubani,2014-08-01,26.350072,86.22914689,8,Monsoon,22.0,1.0,1.138553184,9.0,289.59000000000003,30.666666666666668,1.0,-0.2666666666666667
Bihar,Madhubani,2014-09-01,26.350072,86.22914689,9,Monsoon,17.0,0.0,0.6258789936,21.0,293.22400000000005,23.0,0.6666666666666666,-0.2272727272727273
Bihar,Madhubani,2015-08-01,26.350072,86.22914689,8,Monsoon,11.0,0.0,0.7988266214,9.0,294.7733334,16.666666666666668,0.3333333333333333,-0.3529411764705882
Bihar,Madhubani,2015-09-01,26.350072,86.22914689,9,Monsoon,23.0,0.0,0.6543405703,17.0,301.265,17.0,0.0,1.0909090909090908
Bihar,Madhubani,2016-07-01,26.350072,86.22914689,7,Monsoon,30.0,2.0,0.5558263312,7.0,290.175,18.0,0.3333333333333333,-0.32919254658385094
Bihar,Madhubani,2017-04-01,26.350072,86.22914689,4,Summer,21.0,0.0,0.0573375211,9.0,300.676,17.0,0.6666666666666666,1.3333333333333335
Bihar,Madhubani,2017-05-01,26.350072,86.22914689,5,Summer,23.0,0.0,0.1139035332,9.0,303.3533334,17.666666666666668,0.6666666666666666,0.09523809523809534
Bihar,Madhubani,2017-08-01,26.350072,86.22914689,8,Monsoon,10.0,0.0,0.6710073868,17.0,298.02,18.0,0.0,-0.5652173913043479
Bihar,Madhubani,2017-09-01,26.350072,86.22914689,9,Monsoon,13.0,1.0,0.2068480881,20.0,301.28400000000005,15.333333333333334,0.3333333333333333,0.30000000000000004
Bihar,Madhubani,2018-09-01,26.350072,86.22914689,9,Monsoon,15.0,0.0,0.7651931259,14.0,298.48,12.666666666666666,0.3333333333333333,0.15384615384615374
Bihar,Munger,2009-08-01,25.22081165,86.51720367,8,Monsoon,1624.5599999999977,1.0,1.1410147102333335,8.0,301.66833333333335,654.6199999999985,0.611111111111111,-0.08243724477925911
Bihar,Munger,2009-09-01,25.22081165,86.51720367,9,Monsoon,260.0,0.0,0.862804304,9.0,302.19,349.3333333333333,0.0,-0.42604856512141276
Bihar,Munger,2010-07-01,25.22081165,86.51720367,7,Monsoon,83.0,0.0,0.9780725054,9.0,310.58,180.83333333333334,0.0,-0.013196286472148544
Bihar,Munger,2010-09-01,25.22081165,86.51720367,9,Monsoon,72.0,0.0,0.8112634733,9.0,287.9666666,51.666666666666664,0.0,0.33333333333333326
Bihar,Munger,2010-11-01,25.22081165,86.51720367,11,Post-Monsoon,56.0,0.0,0.0002046776099,9.0,304.09200000000004,60.666666666666664,0.0,-0.2222222222222222
Bihar,Munger,2011-06-01,25.22081165,86.51720367,6,Monsoon,64.0,0.0,1.157159943,8.0,303.26,64.0,0.0,0.1428571428571428
Bihar,Munger,2011-07-01,25.22081165,86.51720367,7,Monsoon,272.0,0.0,0.5079873519333333,8.333333333333334,302.6516666666667,86.8888888888889,0.0,0.06252645502645504
Bihar,Munger,2011-08-01,25.22081165,86.51720367,8,Monsoon,22.0,0.0,1.355408388,10.0,299.28000000000003,64.66666666666667,0.0,-0.5217391304347826
Bihar,Munger,2011-09-01,25.22081165,86.51720367,9,Monsoon,41.0,0.0,1.25375256465,9.0,300.53499999999997,25.666666666666664,0.0,-0.08596837944664032
Bihar,Munger,2011-10-01,25.22081165,86.51720367,10,Post-Monsoon,121.0,0.0,0.2413847456,11.5,302.014,35.333333333333336,0.0,1.2795138888888888
Bihar,Munger,2011-11-01,25.22081165,86.51720367,11,Post-Monsoon,10.0,0.0,0.02117672342,6.0,299.945,43.666666666666664,0.0,-0.8876404494382022
Bihar,Munger,2012-10-01,25.22081165,86.51720367,10,Post-Monsoon,18.0,0.0,0.281095429,15.0,302.08,39.0,0.0,0.8
Bihar,Munger,2013-04-01,25.22081165,86.51720367,4,Summer,53.0,0.0,0.04115492534,8.0,305.644,27.0,0.0,1.9444444444444446
Bihar,Munger,2013-07-01,25.22081165,86.51720367,7,Monsoon,19.0,0.0,0.3201293737,8.0,300.14,30.0,0.0,-0.6415094339622642
Bihar,Munger,2013-09-01,25.22081165,86.51720367,9,Monsoon,198.0,0.0,0.1044747224,9.0,302.496,54.5,0.0,2.1052631578947367
Bihar,Munger,2014-07-01,25.22081165,86.51720367,7,Monsoon,39.0,0.0,0.5864205719,2.0,303.445,79.0,0.0,-0.75625
Bihar,Munger,2016-07-01,25.22081165,86.51720367,7,Monsoon,214.0,0.0,0.6020184926000001,9.0,301.18,78.33333333333333,0.0,2.230769230769231
Bihar,Munger,2016-08-01,25.22081165,86.51720367,8,Monsoon,57.0,0.0,0.50783559545,9.0,302.8175,79.16666666666666,0.0,2.020408163265306
Bihar,Munger,2016-09-01,25.22081165,86.51720367,9,Monsoon,37.0,1.0,0.5049515931,9.0,300.615,31.333333333333332,0.3333333333333333,-0.24489795918367352
Bihar,Munger,2016-10-01,25.22081165,86.51720367,10,Post-Monsoon,87.0,2.0,1.081396618,15.0,300.44,57.666666666666664,1.0,1.3513513513513513
Bihar,Munger,2017-10-01,25.22081165,86.51720367,10,Post-Monsoon,10.0,0.0,0.580811162,15.0,299.58,44.666666666666664,1.0,-0.8850574712643678
Bihar,Munger,2018-07-01,25.22081165,86.51720367,7,Monsoon,16.0,0.0,0.3405304098,5.0,311.96,37.666666666666664,0.6666666666666666,0.6000000000000001
Bihar,Munger,2018-08-01,25.22081165,86.51720367,8,Monsoon,85.0,0.0,0.7517474068,9.0,300.29,37.0,0.0,4.3125
Bihar,Munger,2018-10-01,25.22081165,86.51720367,10,Post-Monsoon,13.0,1.0,0.05951866274,15.0,302.256,38.0,0.3333333333333333,-0.8470588235294118
Bihar,Munger,2019-06-01,25.22081165,86.51720367,6,Monsoon,2.0,1.0,0.4163308108,6.0,305.87333340000004,33.333333333333336,0.6666666666666666,-0.8461538461538461
Bihar,Munger,2019-09-01,25.22081165,86.51720367,9,Monsoon,7.0,0.0,0.8664437514,9.0,299.96,7.333333333333333,0.6666666666666666,2.5
Bihar,Muzaffarpur,2010-06-01,26.1486581,85.34001282,6,Monsoon,74.0,5.0,0.3982292379,9.0,303.745,74.0,5.0,0.0
Bihar,Muzaffarpur,2011-06-01,26.1486581,85.34001282,6,Monsoon,837.0,25.0,0.2191638826,8.0,303.74,128.25,4.027777777777778,0.15232752815809292
Bihar,Muzaffarpur,2012-05-01,26.1486581,85.34001282,5,Summer,494.0,15.0,0.0001333996933,6.0,310.2866666,125.66666666666667,5.0,1.2699860446570972
Bihar,Muzaffarpur,2012-08-01,26.1486581,85.34001282,8,Monsoon,123.0,0.0,0.6171291925,9.0,292.47,195.0,3.3333333333333335,-0.6392961876832844
Bihar,Muzaffarpur,2013-04-01,26.1486581,85.34001282,4,Summer,124.0,5.0,0.001574200667,9.0,308.96,196.0,3.3333333333333335,0.008130081300812941
Bihar,Muzaffarpur,2015-09-01,26.1486581,85.34001282,9,Monsoon,60.0,2.0,0.13665448548,15.0,300.8855,73.16666666666667,2.166666666666667,2.032258064516129
Bihar,Muzaffarpur,2016-05-01,26.1486581,85.34001282,5,Summer,8.0,2.0,0.17132196685,7.5,307.79,20.833333333333336,1.0,-0.6519230769230769
Bihar,Muzaffarpur,2016-10-01,26.1486581,85.34001282,10,Post-Monsoon,40.0,0.0,0.5183521178,17.5,301.142,10.666666666666668,0.5,2.2051282051282053
Bihar,Muzaffarpur,2017-08-01,26.1486581,85.34001282,8,Monsoon,21.0,0.0,1.236105823,7.0,302.76,20.333333333333332,0.0,-0.2222222222222222
Bihar,Muzaffarpur,2017-09-01,26.1486581,85.34001282,9,Monsoon,69.0,3.0,0.3199489509,13.0,301.5205,32.0,1.0,0.4246031746031747
Bihar,Muzaffarpur,2017-10-01,26.1486581,85.34001282,10,Post-Monsoon,28.0,2.0,0.07857444966,14.0,302.116,20.0,1.1666666666666667,0.5166666666666666
Bihar,Muzaffarpur,2018-06-01,26.1486581,85.34001282,6,Monsoon,5.0,2.0,0.168722299,9.0,312.51,11.0,1.3333333333333333,-0.75
Bihar,Muzaffarpur,2018-08-01,26.1486581,85.34001282,8,Monsoon,10.0,0.0,1.147583181,2.0,303.445,11.666666666666666,0.6666666666666666,1.0
Bihar,Muzaffarpur,2018-10-01,26.1486581,85.34001282,10,Post-Monsoon,51.0,1.0,0.19918454237,12.0,302.714,13.333333333333332,0.6666666666666666,2.2
Bihar,Muzaffarpur,2019-06-01,26.1486581,85.34001282,6,Monsoon,67.0,0.0,0.3267005442,7.0,303.40000000000003,39.333333333333336,0.3333333333333333,0.42553191489361697
Bihar,Muzaffarpur,2019-07-01,26.1486581,85.34001282,7,Monsoon,10.0,0.0,0.4255024977,4.0,305.92,41.333333333333336,0.0,-0.8507462686567164
Bihar,Muzaffarpur,2019-09-01,26.1486581,85.34001282,9,Monsoon,18.0,1.0,0.8718170144,12.0,301.73,31.666666666666668,0.3333333333333333,0.8
Bihar,Muzaffarpur,2019-10-01,26.1486581,85.34001282,10,Post-Monsoon,16.0,2.0,1.7959571171500002,14.5,299.015,11.333333333333334,0.8333333333333333,0.0
Bihar,Nalanda,2011-07-01,25.1364914,85.44365465,7,Monsoon,20.0,0.0,0.5153475642,9.0,303.445,20.0,0.0,0.0
Bihar,Nalanda,2011-09-01,25.1364914,85.44365465,9,Monsoon,17.0,1.0,0.5889640547,9.0,302.7333334,18.5,0.5,-0.15000000000000002
Bihar,Nalanda,2011-11-01,25.1364914,85.44365465,11,Post-Monsoon,24.0,0.0,0.0008950611861,9.0,301.625,20.333333333333332,0.3333333333333333,0.41176470588235303
Bihar,Nalanda,2012-08-01,25.1364914,85.44365465,8,Monsoon,138.0,0.0,0.6883543837166667,7.0,296.9141666666667,23.722222222222225,0.05555555555555555,0.07754629629629628
Bihar,Nalanda,2014-07-01,25.1364914,85.44365465,7,Monsoon,15.0,2.0,0.1942736912,9.0,303.445,16.333333333333332,0.6666666666666666,-0.16666666666666663
Bihar,Nalanda,2015-03-01,25.1364914,85.44365465,3,Summer,14.0,0.0,0.0001707363753,6.0,310.1766666,15.666666666666666,0.6666666666666666,-0.06666666666666665
Bihar,Nalanda,2016-07-01,25.1364914,85.44365465,7,Monsoon,42.0,0.0,0.3912298658666667,8.666666666666666,303.445,14.0,0.2222222222222222,0.08643578643578642
Bihar,Nalanda,2016-08-01,25.1364914,85.44365465,8,Monsoon,259.0,0.0,0.44715837401666664,7.5,303.45666666666665,25.277777777777782,0.0,0.9420053366174056
Bihar,Nalanda,2018-12-01,25.1364914,85.44365465,12,Winter,65.0,0.0,3.61e-05,4.0,297.9133334,87.33333333333333,0.0,-0.6130952380952381
Bihar,Nalanda,2019-07-01,25.1364914,85.44365465,7,Monsoon,33.0,0.0,1.644256935,9.0,303.445,88.66666666666667,0.0,-0.49230769230769234
Bihar,Nawada,2011-08-01,24.818124,85.51855623,8,Monsoon,168.0,2.0,1.4623404909333333,6.333333333333333,303.1066666666666,87.33333333333333,0.2222222222222222,-0.30253113700281237
Bihar,Nawada,2011-10-01,24.818124,85.51855623,10,Post-Monsoon,22.0,5.0,0.09647800357,9.0,301.3833334,19.666666666666668,2.3333333333333335,0.22222222222222232
Bihar,Nawada,2012-08-01,24.818124,85.51855623,8,Monsoon,62.0,2.0,0.4867545838,9.0,299.68,34.0,3.0,1.8181818181818183
Bihar,Nawada,2014-04-01,24.818124,85.51855623,4,Summer,60.0,0.0,0.0006062651784,6.0,313.89,48.0,2.3333333333333335,-0.032258064516129004
Bihar,Nawada,2014-08-01,24.818124,85.51855623,8,Monsoon,30.0,2.0,0.6201659893,6.0,301.5,50.666666666666664,1.3333333333333333,-0.5
Bihar,Nawada,2015-07-01,24.818124,85.51855623,7,Monsoon,14.0,0.0,0.6466447404,7.0,303.6866666,34.666666666666664,0.6666666666666666,-0.5333333333333333
Bihar,Nawada,2016-07-01,24.818124,85.51855623,7,Monsoon,20.0,0.0,0.3935562757,8.0,303.445,21.333333333333332,0.6666666666666666,0.4285714285714286
Bihar,Nawada,2017-06-01,24.818124,85.51855623,6,Monsoon,52.0,0.0,0.067982174335,5.0,315.481,23.166666666666664,0.0,0.11287878787878786
Bihar,Nawada,2017-08-01,24.818124,85.51855623,8,Monsoon,72.0,3.0,0.45079682095,12.0,304.13583335,20.0,0.6666666666666666,0.0048496240601503815
Bihar,Nawada,2017-09-01,24.818124,85.51855623,9,Monsoon,9.0,3.0,0.6298910186,17.0,303.68,14.0,1.3333333333333333,-0.3571428571428571
Bihar,Nawada,2017-11-01,24.818124,85.51855623,11,Post-Monsoon,75.0,1.0,7.85e-05,5.0,299.95,32.666666666666664,1.3333333333333333,5.0
Bihar,Nawada,2018-08-01,24.818124,85.51855623,8,Monsoon,10.0,0.0,1.048366398,4.0,299.78000000000003,31.333333333333332,1.3333333333333333,-0.8666666666666667
Bihar,Patna,2010-08-01,25.6093239,85.1235252,8,Monsoon,15.0,1.0,1.257206497,9.0,299.67,15.0,1.0,0.0
Bihar,Patna,2011-07-01,25.6093239,85.1235252,7,Monsoon,7.0,2.0,0.6912540655,9.0,303.445,11.0,1.5,-0.5333333333333333
Bihar,Patna,2011-08-01,25.6093239,85.1235252,8,Monsoon,6.0,1.0,0.9837397667,4.0,303.445,9.333333333333334,1.3333333333333333,-0.1428571428571429
Bihar,Patna,2011-09-01,25.6093239,85.1235252,9,Monsoon,16.0,0.0,0.08807096489,11.0,302.2233334,9.666666666666666,1.0,1.6666666666666665
Bihar,Patna,2012-07-01,25.6093239,85.1235252,7,Monsoon,14.0,1.0,0.5475505757,3.0,287.11,12.0,0.6666666666666666,-0.125
Bihar,Patna,2012-09-01,25.6093239,85.1235252,9,Monsoon,272.0,1.0,0.6517331016,9.0,303.11,100.66666666666667,0.6666666666666666,5.0
Bihar,Patna,2014-10-01,25.6093239,85.1235252,10,Post-Monsoon,11.0,1.0,0.3067623681,11.0,300.856,99.0,1.0,-0.9595588235294118
Bihar,Patna,2015-06-01,25.6093239,85.1235252,6,Monsoon,2314.1199999999953,2.0,1.085549486,5.0,301.35,315.1119999999995,0.6,1.6399125228490863
Bihar,Patna,2015-07-01,25.6093239,85.1235252,7,Monsoon,28.0,0.0,0.1434306575,6.0,303.67,567.0399999999985,0.0,-0.9665295973988715
Bihar,Patna,2016-04-01,25.6093239,85.1235252,4,Summer,38.0,0.0,0.001457891263,5.0,314.324,300.85333333333256,0.0,0.3571428571428572
Bihar,Patna,2016-09-01,25.6093239,85.1235252,9,Monsoon,35.0,1.0,0.8017726053,6.5,302.35249999999996,28.166666666666664,0.16666666666666666,-0.5219298245614035
Bihar,Patna,2017-08-01,25.6093239,85.1235252,8,Monsoon,20.0,0.0,1.268049227,5.0,277.74,18.333333333333332,0.3333333333333333,3.0
Bihar,Patna,2018-04-01,25.6093239,85.1235252,4,Summer,5.0,3.0,0.04047923617,5.0,306.19,10.0,1.3333333333333333,-0.75
Bihar,Purnea,2013-09-01,25.7773601,87.4731227,9,Monsoon,12.0,2.0,1.063004918,9.0,299.23,12.0,2.0,0.0
Bihar,Purnia,2013-09-01,26.0,87.5,9,Monsoon,34.0,1.0,0.5605086344,23.0,302.31,34.0,1.0,0.0
Bihar,Purnia,2014-08-01,26.0,87.5,8,Monsoon,20.0,1.0,1.038531644,12.0,296.90000000000003,27.0,1.0,-0.4117647058823529
Bihar,Purnia,2015-07-01,26.0,87.5,7,Monsoon,17.0,0.0,1.136184013,7.0,303.445,23.666666666666668,0.6666666666666666,-0.15000000000000002
Bihar,Purnia,2017-02-01,26.0,87.5,2,Winter,52.0,0.0,0.0001357618793,9.0,297.8266666,29.666666666666668,0.3333333333333333,2.0588235294117645
Bihar,Purnia,2018-11-01,26.0,87.5,11,Post-Monsoon,32.0,0.0,4.39e-05,6.0,300.16,33.666666666666664,0.0,-0.3846153846153846
Bihar,Rohtas,2011-07-01,24.6723487,83.92090397,7,Monsoon,35.0,0.0,0.8308785022,11.0,296.54,35.0,0.0,0.0
Bihar,Rohtas,2011-08-01,24.6723487,83.92090397,8,Monsoon,105.0,4.0,1.8352027876666668,10.0,302.59666666666664,32.5,0.6666666666666666,0.23015873015873015
Bihar,Rohtas,2011-09-01,24.6723487,83.92090397,9,Monsoon,100.0,4.0,0.8022105749,17.0,301.91,45.83333333333333,2.0,0.0
Bihar,Rohtas,2012-08-01,24.6723487,83.92090397,8,Monsoon,67.0,2.0,0.6787384512000001,7.0,299.63,40.66666666666667,1.6666666666666665,0.010740740740740717
Bihar,Rohtas,2013-06-01,24.6723487,83.92090397,6,Monsoon,35.0,0.0,0.06591552661,5.0,315.61,34.0,0.6666666666666666,-0.125
Bihar,Rohtas,2013-07-01,24.6723487,83.92090397,7,Monsoon,37.0,2.0,0.5918222799,7.0,311.26,37.333333333333336,0.6666666666666666,0.05714285714285716
Bihar,Rohtas,2015-07-01,24.6723487,83.92090397,7,Monsoon,130.0,5.0,0.7751392579,8.0,303.445,67.33333333333333,2.3333333333333335,2.5135135135135136
Bihar,Rohtas,2015-09-01,24.6723487,83.92090397,9,Monsoon,56.0,1.0,0.14954200193333334,13.333333333333334,301.92177780000003,42.77777777777778,1.6666666666666667,0.6264957264957266
Bihar,Rohtas,2016-06-01,24.6723487,83.92090397,6,Monsoon,13.0,0.0,0.5361010967,6.0,311.38,21.0,0.0,-0.5666666666666667
Bihar,Rohtas,2016-07-01,24.6723487,83.92090397,7,Monsoon,102.0,2.0,1.7799938540000002,6.0,306.5125,39.333333333333336,0.6666666666666666,2.1538461538461537
Bihar,Rohtas,2016-08-01,24.6723487,83.92090397,8,Monsoon,61.0,1.0,0.5953650504666667,8.0,301.8772222,28.11111111111111,0.5555555555555555,-0.10515873015873019
Bihar,Rohtas,2016-09-01,24.6723487,83.92090397,9,Monsoon,107.0,0.0,0.8125744232,15.0,302.072,49.0,0.0,5.0
Bihar,Rohtas,2016-10-01,24.6723487,83.92090397,10,Post-Monsoon,50.0,0.0,0.8536487066,27.0,301.55333340000004,57.666666666666664,0.0,-0.5327102803738317
Bihar,Rohtas,2019-10-01,24.6723487,83.92090397,10,Post-Monsoon,25.0,0.0,0.02749447843,16.0,298.18,60.666666666666664,0.0,-0.5
Bihar,Rohtas,2019-12-01,24.6723487,83.92090397,12,Winter,16.0,0.0,0.003215469871,9.0,300.6066666,30.333333333333332,0.0,-0.36
Bihar,Rohtas,2020-12-01,24.6723487,83.92090397,12,Winter,112.0,0.0,3.86e-05,6.0,297.4266666,51.0,0.0,5.0
Bihar,Saharsa,2011-06-01,25.83264165,86.61489283,6,Monsoon,100.0,1.0,0.6846782762,9.0,303.93,34.44444444444445,0.27777777777777773,-0.04761904761904764
Bihar,Saharsa,2011-09-01,25.83264165,86.61489283,9,Monsoon,55.0,0.0,2.228340938,9.0,300.82,30.833333333333336,0.16666666666666666,-0.13095238095238093
Bihar,Saharsa,2012-06-01,25.83264165,86.61489283,6,Monsoon,25.0,0.0,1.857253676,9.0,302.18,26.666666666666668,0.0,0.25
Bihar,Saharsa,2012-08-01,25.83264165,86.61489283,8,Monsoon,25.0,0.0,0.9537911399,18.0,301.0,23.333333333333332,0.0,0.0
Bihar,Saharsa,2013-06-01,25.83264165,86.61489283,6,Monsoon,28.0,5.0,0.6091006196,9.0,302.565,26.0,1.6666666666666667,0.1200000000000001
Bihar,Saharsa,2013-10-01,25.83264165,86.61489283,10,Post-Monsoon,37.0,3.0,0.375000592615,12.0,300.2273333,21.666666666666668,2.333333333333333,0.25595238095238104
Bihar,Saharsa,2014-08-01,25.83264165,86.61489283,8,Monsoon,51.0,0.0,0.8186835667,9.0,289.59000000000003,29.333333333333332,1.0,1.04
Bihar,Saharsa,2014-10-01,25.83264165,86.61489283,10,Post-Monsoon,80.0,5.0,0.2116607778,23.0,301.23,52.0,2.3333333333333335,0.5686274509803921
Bihar,Saharsa,2015-08-01,25.83264165,86.61489283,8,Monsoon,15.0,0.0,1.235795682,9.0,295.5666666,48.666666666666664,1.6666666666666667,-0.8125
Bihar,Saharsa,2015-09-01,25.83264165,86.61489283,9,Monsoon,17.0,0.0,0.4001810118,10.0,298.75,37.333333333333336,1.6666666666666667,0.1333333333333333
Bihar,Saharsa,2017-08-01,25.83264165,86.61489283,8,Monsoon,16.0,0.0,1.031599159,5.0,292.15000000000003,16.0,0.0,-0.05882352941176472
Bihar,Saharsa,2019-10-01,25.83264165,86.61489283,10,Post-Monsoon,8.0,0.0,0.2782386903,23.0,299.744,13.666666666666666,0.0,-0.5
Bihar,Samastipur,2012-09-01,25.7744929,85.86626813,9,Monsoon,10.0,2.0,0.8321333265,9.0,302.5,10.0,2.0,0.0
Bihar,Samastipur,2012-10-01,25.7744929,85.86626813,10,Post-Monsoon,52.0,0.0,0.000483998266,10.0,303.8366666,31.0,1.0,4.2
Bihar,Samastipur,2015-07-01,25.7744929,85.86626813,7,Monsoon,107.0,0.0,0.8707652883,6.0,294.56,56.333333333333336,0.6666666666666666,1.0576923076923075
Bihar,Samastipur,2016-09-01,25.7744929,85.86626813,9,Monsoon,13.0,1.0,1.425957039,9.0,300.74,47.16666666666667,0.3333333333333333,0.14369158878504673
Bihar,Samastipur,2016-10-01,25.7744929,85.86626813,10,Post-Monsoon,9.0,1.0,0.4563869155,16.0,301.555,7.333333333333333,0.6666666666666666,0.0
Bihar,Samastipur,2017-09-01,25.7744929,85.86626813,9,Monsoon,9.0,0.0,0.1336311033,12.0,302.176,9.0,0.3333333333333333,0.0
Bihar,Saran,2015-09-01,25.90835495,84.78074761,9,Monsoon,47.0,2.0,0.5850124477,16.0,300.26,47.0,2.0,0.0
Bihar,Saran,2018-09-01,25.90835495,84.78074761,9,Monsoon,40.0,0.0,0.3890777004,17.0,300.996,43.5,1.0,-0.14893617021276595
Bihar,Sheikhpura,2011-07-01,25.12635425,85.81510621,7,Monsoon,51.0,3.0,0.2080329692,12.5,303.2683333,25.75,1.75,-0.019230769230769218
Bihar,Sheikhpura,2011-08-01,25.12635425,85.81510621,8,Monsoon,50.0,5.0,2.302524213,9.0,300.66,33.666666666666664,2.6666666666666665,1.0
Bihar,Sheikhpura,2012-07-01,25.12635425,85.81510621,7,Monsoon,35.0,0.0,0.6655908594,6.0,304.04,36.666666666666664,2.0,-0.30000000000000004
Bihar,Sheikhpura,2013-07-01,25.12635425,85.81510621,7,Monsoon,12.0,1.0,0.7978656253,10.0,303.445,32.333333333333336,2.0,-0.6571428571428571
Bihar,Sheikhpura,2019-08-01,25.12635425,85.81510621,8,Monsoon,18.0,0.0,0.6478096888,9.0,300.436,21.666666666666668,0.3333333333333333,0.5
Bihar,Siwan,2012-05-01,26.1310043,84.39125661,5,Summer,42.0,0.0,0.001456034924,5.0,312.84000000000003,42.0,0.0,0.0
Bihar,Siwan,2012-07-01,26.1310043,84.39125661,7,Monsoon,15.0,0.0,1.156622517,3.0,286.52,28.5,0.0,-0.6428571428571428
Bihar,Siwan,2012-08-01,26.1310043,84.39125661,8,Monsoon,30.0,1.0,0.4148011906,12.0,302.1,29.0,0.3333333333333333,1.0
Bihar,Siwan,2018-10-01,26.1310043,84.39125661,10,Post-Monsoon,134.0,0.0,0.1032550294,9.0,300.888,59.666666666666664,0.3333333333333333,3.466666666666667
Bihar,Siwan,2019-08-01,26.1310043,84.39125661,8,Monsoon,9.0,3.0,1.024802009,15.0,301.96500000000003,57.666666666666664,1.3333333333333333,-0.9328358208955224
Bihar,Siwan,2019-10-01,26.1310043,84.39125661,10,Post-Monsoon,21.0,0.0,0.0465514234825,13.0,299.79200000000003,30.0,1.0,0.3888888888888889
Bihar,Vaishali,2015-09-01,25.95322565,85.1445776,9,Monsoon,11.0,0.0,0.4629351829,12.0,298.69,11.0,0.0,0.0
Bihar,Vaishali,2015-10-01,25.95322565,85.1445776,10,Post-Monsoon,58.0,1.0,0.01342984076,19.0,304.12333340000004,34.5,0.5,4.2727272727272725
Bihar,Vaishali,2016-10-01,25.95322565,85.1445776,10,Post-Monsoon,29.0,2.0,0.53360740625,17.0,300.968,27.5,0.8333333333333333,0.18869731800766287
Bihar,Vaishali,2017-07-01,25.95322565,85.1445776,7,Monsoon,32.0,0.0,0.4397621465,6.0,305.0266666,20.333333333333332,0.6666666666666666,0.6000000000000001
Bihar,Vaishali,2017-08-01,25.95322565,85.1445776,8,Monsoon,21.0,0.0,1.487610193,7.0,303.445,24.333333333333332,0.3333333333333333,-0.34375
Bihar,Vaishali,2018-06-01,25.95322565,85.1445776,6,Monsoon,10.0,0.0,0.2050773603,6.0,313.6266666,21.0,0.0,-0.5238095238095238
Bihar,West Champaran,2013-08-01,26.6919717,84.5796928,8,Monsoon,22.0,1.0,1.043703819,11.0,298.92,22.0,1.0,0.0
Bihar,West Champaran,2015-07-01,26.6919717,84.5796928,7,Monsoon,22.0,0.0,0.2585307914,9.0,302.5466666,22.0,0.5,0.0
Bihar,West Champaran,2016-07-01,26.6919717,84.5796928,7,Monsoon,14.0,0.0,0.6460309313,5.0,303.445,19.333333333333332,0.3333333333333333,-0.36363636363636365
Bihar,West Champaran,2016-09-01,26.6919717,84.5796928,9,Monsoon,9.0,0.0,1.00629961,9.0,300.38,15.0,0.0,-0.3571428571428571
Bihar,West Champaran,2017-09-01,26.6919717,84.5796928,9,Monsoon,13.0,0.0,0.780164959,14.0,302.02,12.0,0.0,0.4444444444444444
Bihar,West Champaran,2019-08-01,26.6919717,84.5796928,8,Monsoon,15.0,3.0,0.5705352334,6.0,303.445,12.333333333333334,1.0,0.15384615384615374
Chandigarh,Chandigarh,2009-10-01,30.72984395,76.78414567,10,Post-Monsoon,8.0,0.0,4.88e-05,9.0,302.0466666,8.0,0.0,0.0
Chandigarh,Chandigarh,2010-09-01,30.72984395,76.78414567,9,Monsoon,103.0,0.0,0.6042564227,18.0,301.505,14.972222222222223,0.0,0.4825
Chandigarh,Chandigarh,2010-10-01,30.72984395,76.78414567,10,Post-Monsoon,25.0,0.0,0.005205862058,18.0,302.6666666,24.333333333333332,0.0,0.04166666666666674
Chandigarh,Chandigarh,2011-08-01,30.72984395,76.78414567,8,Monsoon,5.0,0.0,0.3910680314,17.0,302.31333340000003,18.0,0.0,-0.8
Chandigarh,Chandigarh,2012-06-01,30.72984395,76.78414567,6,Monsoon,6.0,0.0,0.01020976427,5.0,316.34000000000003,12.0,0.0,0.19999999999999996
Chandigarh,Chandigarh,2012-09-01,30.72984395,76.78414567,9,Monsoon,1415.5599999999977,0.0,0.3768368195,20.0,300.2266666,335.2599999999996,0.0,2.722417962003452
Chandigarh,Chandigarh,2015-07-01,30.72984395,76.78414567,7,Monsoon,4.0,0.0,1.05904693575,9.0,303.39750000000004,376.35333333333256,0.0,-0.49880462847853113
Chandigarh,Chandigarh,2015-08-01,30.72984395,76.78414567,8,Monsoon,269.0,0.0,0.5189634976999999,19.2,300.37199999999996,33.6,0.0,2.2614945280437757
Chandigarh,Chandigarh,2015-09-01,30.72984395,76.78414567,9,Monsoon,1676.1199999999953,0.0,0.05697711888333334,23.666666666666668,301.8711111333334,314.1866666666659,0.0,1.3422619047619049
Chandigarh,Chandigarh,2016-06-01,30.72984395,76.78414567,6,Monsoon,122.0,0.0,0.08376674356999998,9.0,309.1366666,303.74222222222147,0.0,-0.13254030072976788
Chandigarh,Chandigarh,2016-08-01,30.72984395,76.78414567,8,Monsoon,17.0,0.0,0.2352487723,26.0,301.485,36.0,0.0,-0.6666666666666667
Chandigarh,Chandigarh,2017-01-01,30.72984395,76.78414567,1,Winter,246.0,0.0,0.01061825247,9.0,288.108,104.66666666666667,0.0,5.0
Chandigarh,Chandigarh,2017-03-01,30.72984395,76.78414567,3,Summer,64.0,0.0,0.03620573275,15.0,296.57,109.0,0.0,-0.7398373983739837
Chandigarh,Chandigarh,2017-06-01,30.72984395,76.78414567,6,Monsoon,3.0,0.0,0.008095585039,7.0,310.9866666,104.33333333333333,0.0,-0.953125
Chandigarh,Chandigarh,2017-08-01,30.72984395,76.78414567,8,Monsoon,1015.0,0.0,1.805582248,14.0,303.445,148.0,0.0,1.8264523157052648
Chandigarh,Chandigarh,2018-01-01,30.72984395,76.78414567,1,Winter,31.0,0.0,0.0008005236948,9.0,288.8933334,214.0,0.0,-0.8908450704225352
Chandigarh,Chandigarh,2018-06-01,30.72984395,76.78414567,6,Monsoon,141.0,0.0,0.2024247287,6.0,308.885,152.0,0.0,3.548387096774194
Chandigarh,Chandigarh,2018-09-01,30.72984395,76.78414567,9,Monsoon,18.0,0.0,0.3238669042,14.0,300.96,63.333333333333336,0.0,-0.8723404255319149
Chandigarh,Chandigarh,2020-11-01,30.72984395,76.78414567,11,Post-Monsoon,11.0,0.0,0.0003842740343,9.0,299.09000000000003,56.666666666666664,0.0,-0.38888888888888884
Chandigarh,Chandigarh,2020-12-01,30.72984395,76.78414567,12,Winter,13.0,0.0,7.18e-05,7.0,294.7233334,14.0,0.0,0.18181818181818188
Chandigarh,Chandigarh,2021-08-01,30.72984395,76.78414567,8,Monsoon,19.0,0.0,2.63598158,12.0,303.445,10.666666666666666,0.0,-0.004807692307692291
Chhattisgarh,Balod,2013-06-01,20.73218365,81.14335738,6,Monsoon,29.0,0.0,1.572375281,6.0,306.94,29.0,0.0,0.0
Chhattisgarh,Balod,2013-07-01,20.73218365,81.14335738,7,Monsoon,99.0,0.0,0.9063293771,4.0,303.445,64.0,0.0,2.413793103448276
Chhattisgarh,Balod,2013-08-01,20.73218365,81.14335738,8,Monsoon,310.0,0.0,0.9313958837375,6.75,301.7825,42.541666666666664,0.0,0.021057359679650667
Chhattisgarh,Balod,2013-10-01,20.73218365,81.14335738,10,Post-Monsoon,65.0,0.0,0.8500639424,21.0,300.4066666,50.333333333333336,0.0,0.30000000000000004
Chhattisgarh,Balod,2016-05-01,20.73218365,81.14335738,5,Summer,34.0,0.0,0.08160874024,9.0,314.1566666,49.666666666666664,0.0,-0.4769230769230769
Chhattisgarh,Balod,2016-06-01,20.73218365,81.14335738,6,Monsoon,362.0,0.0,0.12360808825,9.5,312.94,126.0,0.0,2.1934865900383143
Chhattisgarh,Balod,2016-07-01,20.73218365,81.14335738,7,Monsoon,37.0,0.0,0.8242280517,9.0,298.86,133.0,0.0,-0.6336633663366337
Chhattisgarh,Balod,2016-08-01,20.73218365,81.14335738,8,Monsoon,69.0,0.0,1.039434868,9.0,299.04,69.0,0.0,0.8648648648648649
Chhattisgarh,Balod,2016-10-01,20.73218365,81.14335738,10,Post-Monsoon,32.0,0.0,0.3219874482,9.0,299.456,46.0,0.0,-0.536231884057971
Chhattisgarh,Balod,2017-06-01,20.73218365,81.14335738,6,Monsoon,101.0,0.0,0.4626178821,13.0,309.4866666,67.33333333333333,0.0,2.15625
Chhattisgarh,Balod,2017-07-01,20.73218365,81.14335738,7,Monsoon,72.0,0.0,3.372722278,4.0,303.445,68.33333333333333,0.0,-0.28712871287128716
Chhattisgarh,Balod,2018-03-01,20.73218365,81.14335738,3,Summer,72.0,0.0,0.08594004817,7.0,308.716,81.66666666666667,0.0,0.0
Chhattisgarh,Balod,2018-04-01,20.73218365,81.14335738,4,Summer,30.0,0.0,0.01524088485,9.0,313.1633334,58.0,0.0,-0.5833333333333333
Chhattisgarh,Balod,2019-07-01,20.73218365,81.14335738,7,Monsoon,65.0,0.0,0.9198799312,2.0,303.445,55.666666666666664,0.0,1.1666666666666665
Chhattisgarh,Balod,2019-11-01,20.73218365,81.14335738,11,Post-Monsoon,30.0,0.0,0.3509587684,18.0,299.36,41.666666666666664,0.0,-0.5384615384615384
Chhattisgarh,Balod,2020-08-01,20.73218365,81.14335738,8,Monsoon,206.0,0.0,0.5967599863,6.0,295.88,100.33333333333333,0.0,5.0
Chhattisgarh,Balod,2022-06-01,20.73218365,81.14335738,6,Monsoon,8.0,1.0,0.09105455212,9.0,312.90000000000003,81.33333333333333,0.3333333333333333,-0.9611650485436893
Chhattisgarh,Balodabazar,2016-07-01,21.6542,82.1739,7,Monsoon,179.0,0.0,1.040990283325,3.0,305.62874999999997,57.166666666666664,0.0,0.2875
Chhattisgarh,Balodabazar,2017-05-01,21.6542,82.1739,5,Summer,28.0,0.0,0.0007461644227,4.0,319.84000000000003,27.0,0.0,-0.31707317073170727
Chhattisgarh,Balodabazar,2017-08-01,21.6542,82.1739,8,Monsoon,28.0,0.0,0.37602886,6.0,304.04,32.333333333333336,0.0,0.0
Chhattisgarh,Balodabazar,2018-04-01,21.6542,82.1739,4,Summer,81.0,0.0,0.01325096373,9.0,316.9666666,45.666666666666664,0.0,1.8928571428571428
Chhattisgarh,Balodabazar,2018-05-01,21.6542,82.1739,5,Summer,157.0,0.0,0.04137538134,4.0,312.154,66.83333333333333,0.0,0.28703703703703703
Chhattisgarh,Balodabazar,2019-07-01,21.6542,82.1739,7,Monsoon,94.0,1.0,0.4944780677,4.0,306.9345,66.83333333333334,0.16666666666666666,-0.27184466019417475
Chhattisgarh,Balodabazar,2019-08-01,21.6542,82.1739,8,Monsoon,39.0,0.0,1.576523139,7.0,299.78000000000003,44.333333333333336,0.3333333333333333,-0.17021276595744683
Chhattisgarh,Balodabazar,2019-10-01,21.6542,82.1739,10,Post-Monsoon,19.0,2.0,0.2915577522,20.0,301.24,35.0,1.0,-0.5128205128205128
Chhattisgarh,Balodabazar,2020-01-01,21.6542,82.1739,1,Winter,6.0,0.0,0.2264525665,9.0,298.4666666,21.333333333333332,0.6666666666666666,-0.6842105263157895
Chhattisgarh,Balrampur,2016-07-01,23.6263016,83.48245092,7,Monsoon,17.0,2.0,0.9150496124,4.0,312.54,17.0,2.0,0.0
Chhattisgarh,Balrampur,2016-08-01,23.6263016,83.48245092,8,Monsoon,55.0,2.0,2.655794279,4.0,303.445,36.0,2.0,2.235294117647059
Chhattisgarh,Balrampur,2019-09-01,23.6263016,83.48245092,9,Monsoon,32.0,4.0,0.5333334325,22.0,302.4666666,34.666666666666664,2.6666666666666665,-0.4181818181818182
Chhattisgarh,Balrampur,2019-10-01,23.6263016,83.48245092,10,Post-Monsoon,3.0,1.0,0.1906232152,29.0,299.85,30.0,2.3333333333333335,-0.90625
Chhattisgarh,Bastar,2013-01-01,19.11912825,81.82918649,1,Winter,9.0,1.0,0.008912680621,10.0,301.8433334,9.0,1.0,0.0
Chhattisgarh,Bastar,2013-07-01,19.11912825,81.82918649,7,Monsoon,46.0,2.0,1.175589681,9.0,305.38,27.5,1.5,4.111111111111111
Chhattisgarh,Bastar,2013-08-01,19.11912825,81.82918649,8,Monsoon,12.0,0.0,1.728970679,2.0,303.445,22.333333333333332,1.0,-0.7391304347826086
Chhattisgarh,Bastar,2013-09-01,19.11912825,81.82918649,9,Monsoon,32.0,0.0,0.3277336823,21.0,304.26,30.0,0.6666666666666666,1.6666666666666665
Chhattisgarh,Bastar,2014-01-01,19.11912825,81.82918649,1,Winter,28.0,0.0,0.0004638725962,12.0,301.41,24.0,0.0,-0.125
Chhattisgarh,Bastar,2016-07-01,19.11912825,81.82918649,7,Monsoon,6.0,0.0,0.2959212604,9.0,299.6,22.0,0.0,-0.7857142857142857
Chhattisgarh,Bastar,2016-09-01,19.11912825,81.82918649,9,Monsoon,8.0,2.0,0.6268291657,8.0,300.88,14.0,0.6666666666666666,0.33333333333333326
Chhattisgarh,Bastar,2017-07-01,19.11912825,81.82918649,7,Monsoon,73.0,1.0,0.9983114652,11.0,303.445,29.0,1.0,5.0
Chhattisgarh,Bastar,2017-08-01,19.11912825,81.82918649,8,Monsoon,26.0,5.0,0.8154084114,8.0,303.445,35.666666666666664,2.6666666666666665,-0.6438356164383562
Chhattisgarh,Bastar,2018-08-01,19.11912825,81.82918649,8,Monsoon,64.0,0.0,0.6504860088,8.0,298.52,54.333333333333336,2.0,1.4615384615384617
Chhattisgarh,Bastar,2018-09-01,19.11912825,81.82918649,9,Monsoon,23.0,0.0,1.282190319,25.0,298.89,37.666666666666664,1.6666666666666667,-0.640625
Chhattisgarh,Bastar,2018-10-01,19.11912825,81.82918649,10,Post-Monsoon,5.0,0.0,0.001025961804,22.0,303.8333334,30.666666666666668,0.0,-0.782608695652174
Chhattisgarh,Bastar,2018-11-01,19.11912825,81.82918649,11,Post-Monsoon,5.0,0.0,5.01e-05,13.0,301.684,11.0,0.0,0.0
Chhattisgarh,Bastar,2018-12-01,19.11912825,81.82918649,12,Winter,5.0,0.0,0.005192771959,9.0,301.388,5.0,0.0,0.0
Chhattisgarh,Bastar,2019-08-01,19.11912825,81.82918649,8,Monsoon,74.0,0.0,1.938439867,6.0,303.445,28.0,0.0,5.0
Chhattisgarh,Bastar,2019-10-01,19.11912825,81.82918649,10,Post-Monsoon,75.0,1.0,1.228526767,25.0,299.648,51.333333333333336,0.3333333333333333,0.013513513513513598
Chhattisgarh,Bemetara,2015-06-01,21.6783969,81.43047623,6,Monsoon,22.0,0.0,0.7141596569,4.0,310.08,22.0,0.0,0.0
Chhattisgarh,Bemetara,2015-09-01,21.6783969,81.43047623,9,Monsoon,39.0,0.0,0.1292542445,21.0,302.5366666,30.5,0.0,0.7727272727272727
Chhattisgarh,Bemetara,2016-05-01,21.6783969,81.43047623,5,Summer,165.0,0.0,0.02992796302,4.0,315.644,75.33333333333333,0.0,3.230769230769231
Chhattisgarh,Bemetara,2016-07-01,21.6783969,81.43047623,7,Monsoon,85.0,0.0,1.887600829,1.0,307.1,96.33333333333333,0.0,-0.48484848484848486
Chhattisgarh,Bemetara,2016-09-01,21.6783969,81.43047623,9,Monsoon,174.0,0.0,0.50028114035,14.5,301.1433333,106.33333333333333,0.0,-0.06675786593707256
Chhattisgarh,Bemetara,2017-05-01,21.6783969,81.43047623,5,Summer,71.0,0.0,0.012600937212,4.0,321.7906667,54.66666666666667,0.0,-0.1435672514619883
Chhattisgarh,Bemetara,2017-06-01,21.6783969,81.43047623,6,Monsoon,157.0,1.0,0.2964260794,4.0,315.84000000000003,76.0,0.3333333333333333,3.757575757575758
Chhattisgarh,Bemetara,2017-07-01,21.6783969,81.43047623,7,Monsoon,59.0,0.0,0.6899436639,9.0,303.445,83.0,0.3333333333333333,-0.6242038216560509
Chhattisgarh,Bemetara,2017-08-01,21.6783969,81.43047623,8,Monsoon,48.0,0.0,0.551561137,6.0,303.445,88.0,0.3333333333333333,-0.18644067796610164
Chhattisgarh,Bemetara,2017-09-01,21.6783969,81.43047623,9,Monsoon,15.0,0.0,1.296176135,21.0,297.84000000000003,40.666666666666664,0.0,-0.6875
Chhattisgarh,Bemetara,2018-06-01,21.6783969,81.43047623,6,Monsoon,24.0,0.0,1.051271553,4.0,314.55,29.0,0.0,0.6000000000000001
Chhattisgarh,Bemetara,2018-09-01,21.6783969,81.43047623,9,Monsoon,107.0,0.0,0.01991349118,21.0,303.92,48.666666666666664,0.0,3.458333333333333
Chhattisgarh,Bilaspur,2009-06-01,21.98934025,82.10996499,6,Monsoon,17.0,5.0,0.5489886799,2.0,315.74,17.0,5.0,0.0
Chhattisgarh,Bilaspur,2011-07-01,21.98934025,82.10996499,7,Monsoon,51.0,4.0,0.9187795438999999,8.5,303.445,16.833333333333336,3.75,2.1470588235294117
Chhattisgarh,Bilaspur,2011-08-01,21.98934025,82.10996499,8,Monsoon,21.0,0.0,1.207808455,5.0,303.445,24.0,1.3333333333333333,-0.5434782608695652
Chhattisgarh,Bilaspur,2011-09-01,21.98934025,82.10996499,9,Monsoon,54.0,3.0,1.3612081773333333,15.666666666666666,299.11333333333334,21.333333333333332,0.7777777777777777,0.20165945165945162
Chhattisgarh,Bilaspur,2011-10-01,21.98934025,82.10996499,10,Post-Monsoon,26.0,0.0,0.06903762196,22.0,302.19333340000003,23.0,0.6666666666666666,0.7333333333333334
Chhattisgarh,Bilaspur,2011-11-01,21.98934025,82.10996499,11,Post-Monsoon,53.0,0.0,4.76e-05,9.0,303.652,31.333333333333332,0.0,1.0384615384615383
Chhattisgarh,Bilaspur,2013-08-01,21.98934025,82.10996499,8,Monsoon,43.0,0.0,0.4016766318,4.0,303.445,40.666666666666664,0.0,-0.18867924528301883
Chhattisgarh,Bilaspur,2016-06-01,21.98934025,82.10996499,6,Monsoon,96.0,0.0,0.1118283955,4.0,317.5,64.0,0.0,1.2325581395348837
Chhattisgarh,Bilaspur,2016-07-01,21.98934025,82.10996499,7,Monsoon,66.0,0.0,1.002114789,9.0,303.445,68.33333333333333,0.0,-0.3125
Chhattisgarh,Bilaspur,2017-06-01,21.98934025,82.10996499,6,Monsoon,558.0,0.0,0.1023700904,4.0,314.84000000000003,240.0,0.0,5.0
Chhattisgarh,Bilaspur,2017-07-01,21.98934025,82.10996499,7,Monsoon,5.0,2.0,1.554666691,3.0,303.445,209.66666666666666,0.6666666666666666,-0.9910394265232975
Chhattisgarh,Dhamtari,2011-08-01,20.7084545,81.5481305,8,Monsoon,20.0,1.0,1.073780256,9.0,301.28000000000003,20.0,1.0,0.0
Chhattisgarh,Dhamtari,2011-09-01,20.7084545,81.5481305,9,Monsoon,192.0,0.0,1.0603421110000002,10.5,300.9925,63.833333333333336,0.41666666666666663,1.871276595744681
Chhattisgarh,Dhamtari,2012-07-01,20.7084545,81.5481305,7,Monsoon,116.0,0.0,1.777151653,9.0,303.445,76.0,0.0,-0.08489795918367343
Chhattisgarh,Dhamtari,2012-08-01,20.7084545,81.5481305,8,Monsoon,86.0,0.0,0.7407673759666666,10.666666666666666,300.62166666666667,40.22222222222222,0.0,-0.24529780564263318
Chhattisgarh,Dhamtari,2012-12-01,20.7084545,81.5481305,12,Winter,22.0,0.0,0.0007352574346,9.0,299.6266666,26.333333333333332,0.0,0.04761904761904767
Chhattisgarh,Dhamtari,2013-07-01,20.7084545,81.5481305,7,Monsoon,48.0,0.0,1.242766732,4.0,303.445,30.333333333333332,0.0,1.1818181818181817
Chhattisgarh,Dhamtari,2013-08-01,20.7084545,81.5481305,8,Monsoon,21.0,0.0,1.337242309,3.0,300.12,30.333333333333332,0.0,-0.5625
Chhattisgarh,Dhamtari,2013-11-01,20.7084545,81.5481305,11,Post-Monsoon,34.0,0.0,5.33e-05,9.0,299.08,34.333333333333336,0.0,0.6190476190476191
Chhattisgarh,Dhamtari,2014-06-01,20.7084545,81.5481305,6,Monsoon,87.0,0.0,1.069202183,9.0,309.74,47.333333333333336,0.0,1.5588235294117645
Chhattisgarh,Dhamtari,2014-07-01,20.7084545,81.5481305,7,Monsoon,168.0,0.0,1.122768677,0.0,307.2,76.66666666666666,0.0,-0.017241379310344807
Chhattisgarh,Dhamtari,2015-09-01,20.7084545,81.5481305,9,Monsoon,38.0,0.0,0.8140111977,29.0,301.66,68.66666666666667,0.0,-0.5476190476190477
Chhattisgarh,Dhamtari,2016-05-01,20.7084545,81.5481305,5,Summer,236.0,0.0,0.03186012162,9.0,314.736,119.33333333333333,0.0,5.0
Chhattisgarh,Dhamtari,2016-07-01,20.7084545,81.5481305,7,Monsoon,88.0,0.0,0.5484403319,9.0,303.445,120.66666666666667,0.0,-0.6271186440677966
Chhattisgarh,Dhamtari,2016-08-01,20.7084545,81.5481305,8,Monsoon,15.0,0.0,3.150080992,8.0,303.445,113.0,0.0,-0.8295454545454546
Chhattisgarh,Dhamtari,2016-09-01,20.7084545,81.5481305,9,Monsoon,83.0,0.0,0.9779547797,9.0,298.90000000000003,62.0,0.0,4.533333333333333
Chhattisgarh,Dhamtari,2016-10-01,20.7084545,81.5481305,10,Post-Monsoon,153.0,0.0,0.0198385369,9.0,300.5266666,83.66666666666667,0.0,0.8433734939759037
Chhattisgarh,Dhamtari,2019-08-01,20.7084545,81.5481305,8,Monsoon,15.0,0.0,0.8507147588,10.0,303.445,83.66666666666667,0.0,-0.9019607843137255
Chhattisgarh,Dhamtari,2020-01-01,20.7084545,81.5481305,1,Winter,169.0,0.0,4.68e-05,9.0,298.56,112.33333333333333,0.0,5.0
Chhattisgarh,Durg,2011-09-01,21.19903535,81.39795456,9,Monsoon,76.0,0.0,0.6796575829,14.0,298.975,31.0,0.0,0.5833333333333333
Chhattisgarh,Durg,2012-10-01,21.19903535,81.39795456,10,Post-Monsoon,579.0,1.0,0.0001745259642,9.0,302.708,218.33333333333334,0.3333333333333333,5.0
Chhattisgarh,Durg,2013-05-01,21.19903535,81.39795456,5,Summer,67.0,0.0,0.03644856416,9.0,315.5,232.66666666666666,0.3333333333333333,-0.8842832469775475
Chhattisgarh,Durg,2015-06-01,21.19903535,81.39795456,6,Monsoon,22.0,0.0,1.081352977,5.0,303.445,222.66666666666666,0.3333333333333333,-0.6716417910447761
Chhattisgarh,Durg,2016-06-01,21.19903535,81.39795456,6,Monsoon,20.0,0.0,0.03340775887,9.0,318.36333340000004,36.333333333333336,0.0,-0.09090909090909094
Chhattisgarh,Durg,2016-07-01,21.19903535,81.39795456,7,Monsoon,200.0,0.0,1.746788107,9.0,303.445,80.66666666666667,0.0,5.0
Chhattisgarh,Durg,2018-04-01,21.19903535,81.39795456,4,Summer,22.0,0.0,0.0118431258,6.0,315.81333340000003,80.66666666666667,0.0,-0.89
Chhattisgarh,Durg,2019-04-01,21.19903535,81.39795456,4,Summer,15.0,0.0,0.001338561477,7.0,311.3833334,79.0,0.0,-0.31818181818181823
Chhattisgarh,Durg,2019-07-01,21.19903535,81.39795456,7,Monsoon,40.0,0.0,0.4978949548,8.0,308.13,25.666666666666668,0.0,1.6666666666666665
Chhattisgarh,Gariyaband,2016-07-01,20.52684285,82.187831,7,Monsoon,64.0,3.0,1.054114344,9.0,300.96,64.0,3.0,0.0
Chhattisgarh,Gariyaband,2016-08-01,20.52684285,82.187831,8,Monsoon,16.0,0.0,0.6697603062,9.0,299.86,40.0,1.5,-0.75
Chhattisgarh,Gariyaband,2016-09-01,20.52684285,82.187831,9,Monsoon,34.0,2.0,0.82970298265,11.5,299.405,25.166666666666664,1.0,-0.034226190476190466
Chhattisgarh,Gariyaband,2017-03-01,20.52684285,82.187831,3,Summer,55.0,0.0,8.38e-05,10.0,306.12,29.666666666666668,0.6666666666666666,3.230769230769231
Chhattisgarh,Gariyaband,2017-04-01,20.52684285,82.187831,4,Summer,15.0,0.0,0.005558159937,10.0,314.34000000000003,27.666666666666668,0.3333333333333333,-0.7272727272727273
Chhattisgarh,Gariyaband,2020-04-01,20.52684285,82.187831,4,Summer,21.0,0.0,0.06504547658,13.0,309.4766666,30.333333333333332,0.0,0.3999999999999999
Chhattisgarh,Gariyaband,2022-05-01,20.52684285,82.187831,5,Summer,33.0,0.0,0.1969795804,11.0,307.805,23.0,0.0,0.5714285714285714
Chhattisgarh,Janjgir,2011-07-01,22.0090841,82.578896,7,Monsoon,63.0,0.0,1.5115045941,8.5,291.8666667,33.25,0.0,-0.09999999999999998
Chhattisgarh,Janjgir,2011-08-01,22.0090841,82.578896,8,Monsoon,35.0,0.0,1.42235185945,12.0,300.56500000000005,23.5,0.0,-0.06547619047619052
Chhattisgarh,Janjgir,2011-09-01,22.0090841,82.578896,9,Monsoon,90.0,1.0,1.1537135537399998,14.2,299.716,18.73333333333333,0.06666666666666667,-0.04761904761904763
Chhattisgarh,Janjgir,2012-07-01,22.0090841,82.578896,7,Monsoon,193.0,0.0,1.02023336905,8.0,302.12260000000003,36.6,0.13333333333333333,0.7590747753951079
Chhattisgarh,Janjgir,2012-08-01,22.0090841,82.578896,8,Monsoon,99.0,0.0,1.7262778262,7.25,302.86375,24.0,0.0,0.20680892272757637
Chhattisgarh,Janjgir,2012-09-01,22.0090841,82.578896,9,Monsoon,62.0,0.0,0.6046635738,18.0,300.99,26.666666666666668,0.0,0.8166666666666667
Chhattisgarh,Janjgir,2013-07-01,22.0090841,82.578896,7,Monsoon,115.0,0.0,1.4392773205,9.5,300.84000000000003,53.5,0.0,0.12469839877166045
Chhattisgarh,Janjgir,2013-09-01,22.0090841,82.578896,9,Monsoon,13.0,0.0,0.4382272044,22.0,302.624,42.666666666666664,0.0,-0.2777777777777778
Chhattisgarh,Janjgir,2013-10-01,22.0090841,82.578896,10,Post-Monsoon,18.0,0.0,0.5875757856,21.0,299.81333340000003,16.333333333333332,0.0,0.3846153846153846
Chhattisgarh,Janjgir,2014-07-01,22.0090841,82.578896,7,Monsoon,109.0,0.0,0.8636092748,9.5,302.53125,20.083333333333332,0.0,0.45611645299145304
Chhattisgarh,Janjgir,2014-08-01,22.0090841,82.578896,8,Monsoon,216.0,0.0,0.88923357875,9.5,300.56600000000003,61.83333333333333,0.0,2.1818181818181817
Chhattisgarh,Janjgir,2015-05-01,22.0090841,82.578896,5,Summer,11.0,0.0,0.05244086327,10.0,308.98,75.66666666666667,0.0,-0.9438775510204082
Chhattisgarh,Janjgir,2015-07-01,22.0090841,82.578896,7,Monsoon,19.0,0.0,0.7000451423,12.0,303.445,75.33333333333333,0.0,0.7272727272727273
Chhattisgarh,Janjgir,2015-08-01,22.0090841,82.578896,8,Monsoon,34.0,0.0,1.238558853,8.0,295.58,21.333333333333332,0.0,0.7894736842105263
Chhattisgarh,Janjgir,2015-11-01,22.0090841,82.578896,11,Post-Monsoon,50.0,0.0,0.1364586965,13.0,300.188,34.333333333333336,0.0,0.47058823529411775
Chhattisgarh,Janjgir,2016-07-01,22.0090841,82.578896,7,Monsoon,46.0,0.0,1.255811187,6.0,303.445,43.333333333333336,0.0,-0.07999999999999996
Chhattisgarh,Janjgir,2016-08-01,22.0090841,82.578896,8,Monsoon,103.0,4.0,1.2674466669000002,6.8,300.05,26.0,0.8,0.5700683052856966
Chhattisgarh,Janjgir,2016-09-01,22.0090841,82.578896,9,Monsoon,282.0,0.0,0.67664144965,13.5,299.95433335,71.41666666666667,0.0,0.8108581894296181
Chhattisgarh,Janjgir,2017-05-01,22.0090841,82.578896,5,Summer,17.0,0.0,0.0006542746898,9.0,315.7933334,18.333333333333332,0.0,0.41666666666666674
Chhattisgarh,Janjgir,2017-07-01,22.0090841,82.578896,7,Monsoon,33.0,0.0,2.251508933,4.0,303.445,15.666666666666668,0.0,0.04117647058823526
Chhattisgarh,Janjgir,2018-05-01,22.0090841,82.578896,5,Summer,16.0,0.0,0.06698960854,10.0,310.32,16.333333333333332,0.0,-0.11111111111111116
Chhattisgarh,Janjgir,2018-06-01,22.0090841,82.578896,6,Monsoon,22.0,0.0,0.07098774885,10.0,310.772,18.666666666666668,0.0,0.375
Chhattisgarh,Janjgir,2019-04-01,22.0090841,82.578896,4,Summer,19.0,0.0,0.0421244447,9.0,311.81,19.0,0.0,-0.13636363636363635
Chhattisgarh,Janjgir,2019-06-01,22.0090841,82.578896,6,Monsoon,24.0,0.0,0.002878310014,9.0,310.2966666,21.666666666666668,0.0,0.26315789473684204
Chhattisgarh,Janjgir,2019-07-01,22.0090841,82.578896,7,Monsoon,85.0,0.0,1.4886844667,13.0,303.76,37.333333333333336,0.0,0.5902777777777778
Chhattisgarh,Janjgir,2019-08-01,22.0090841,82.578896,8,Monsoon,56.0,0.0,1.1001990933999999,9.0,299.315,28.5,0.0,0.8009049773755655
Chhattisgarh,Janjgir,2019-09-01,22.0090841,82.578896,9,Monsoon,34.0,0.0,0.91599181005,16.0,302.1325,25.333333333333332,0.0,-0.4659977703455964
Chhattisgarh,Janjgir,2019-12-01,22.0090841,82.578896,12,Winter,30.0,0.0,9.38e-06,9.0,296.43,21.333333333333332,0.0,1.727272727272727
Chhattisgarh,Janjgir Champa,2022-05-01,21.9671264,82.66472425,5,Summer,90.0,0.0,0.007851413851,9.0,311.276,51.0,0.0,-0.21052631578947367
Chhattisgarh,Jashpur,2011-08-01,22.76678355,83.95304519,8,Monsoon,10.0,1.0,0.7170336687,14.0,299.90000000000003,10.0,1.0,0.0
Chhattisgarh,Jashpur,2013-08-01,22.76678355,83.95304519,8,Monsoon,79.0,2.0,1.2063177509999998,12.0,303.445,33.333333333333336,1.0,2.1171875
Chhattisgarh,Jashpur,2016-07-01,22.76678355,83.95304519,7,Monsoon,3.0,3.0,1.683144893,8.0,303.445,27.333333333333332,1.6666666666666667,-0.8
Chhattisgarh,Jashpur,2017-06-01,22.76678355,83.95304519,6,Monsoon,14.0,0.0,0.6275276376,14.0,307.46,10.666666666666666,1.3333333333333333,3.666666666666667
Chhattisgarh,Jashpur,2018-09-01,22.76678355,83.95304519,9,Monsoon,14.0,0.0,0.3131990707,23.0,301.645,10.333333333333334,1.0,0.0
Chhattisgarh,Jashpur,2022-06-01,22.76678355,83.95304519,6,Monsoon,12.0,0.0,0.002634188494,15.0,307.896,13.333333333333334,0.0,-0.1428571428571429
Chhattisgarh,Kanker,2019-04-01,20.1270026,80.98109349,4,Summer,104.0,0.0,0.04790943286,9.0,312.764,104.0,0.0,0.0
Chhattisgarh,Kawardha,2011-06-01,22.0059254,81.2332055,6,Monsoon,74.0,1.0,0.7844003495,5.0,304.56,74.0,1.0,0.0
Chhattisgarh,Kawardha,2017-05-01,22.0059254,81.2332055,5,Summer,30.0,0.0,0.06346998891,4.0,316.28400000000005,52.0,0.5,-0.5945945945945945
Chhattisgarh,Kawardha,2017-07-01,22.0059254,81.2332055,7,Monsoon,27.0,0.0,0.8429891701,3.0,303.445,43.666666666666664,0.3333333333333333,-0.09999999999999998
Chhattisgarh,Kawardha,2017-09-01,22.0059254,81.2332055,9,Monsoon,29.0,0.0,0.5352976868,16.0,302.99,28.666666666666668,0.0,0.07407407407407418
Chhattisgarh,Kawardha,2019-06-01,22.0059254,81.2332055,6,Monsoon,10.0,0.0,0.2134299573,4.0,317.0066666,22.0,0.0,-0.6551724137931034
Chhattisgarh,Kawardha,2019-08-01,22.0059254,81.2332055,8,Monsoon,20.0,0.0,0.8814036732,10.0,300.42666670000006,13.333333333333334,0.0,-0.04090909090909084
Chhattisgarh,Kawardha,2019-09-01,22.0059254,81.2332055,9,Monsoon,6.0,0.0,0.6650936986,13.0,300.512,8.666666666666666,0.0,-0.33333333333333337
Chhattisgarh,Kondagaon,2016-07-01,19.5885769,81.6628742,7,Monsoon,7.0,1.0,0.5167184995,5.0,303.445,7.0,1.0,0.0
Chhattisgarh,Kondagaon,2017-01-01,19.5885769,81.6628742,1,Winter,30.0,0.0,7.28e-05,14.0,300.2666666,18.5,0.5,3.2857142857142856
Chhattisgarh,Kondagaon,2017-05-01,19.5885769,81.6628742,5,Summer,17.0,1.0,0.06359775424,12.0,313.58,18.0,0.6666666666666666,-0.43333333333333335
Chhattisgarh,Korba,2009-09-01,22.3547468,82.7110855,9,Monsoon,6.0,3.0,0.01548100882,25.0,301.62333340000004,6.0,3.0,0.0
Chhattisgarh,Korba,2011-05-01,22.3547468,82.7110855,5,Summer,17.0,0.0,0.008465848586,9.0,311.876,11.5,1.5,1.8333333333333335
Chhattisgarh,Korba,2011-06-01,22.3547468,82.7110855,6,Monsoon,250.0,1.0,1.60297475452,8.0,307.712,45.86666666666667,0.4,1.2034067681126506
Chhattisgarh,Korba,2012-08-01,22.3547468,82.7110855,8,Monsoon,23.0,1.0,0.8781455194,2.0,303.445,37.0,0.3333333333333333,0.6428571428571428
Chhattisgarh,Korba,2013-05-01,22.3547468,82.7110855,5,Summer,79.0,0.0,0.005121333871,9.0,314.0833334,38.666666666666664,0.3333333333333333,2.4347826086956523
Chhattisgarh,Korba,2013-07-01,22.3547468,82.7110855,7,Monsoon,49.0,0.0,0.968520359,6.0,299.89,50.333333333333336,0.3333333333333333,-0.379746835443038
Chhattisgarh,Korba,2013-09-01,22.3547468,82.7110855,9,Monsoon,25.0,0.0,0.7882824546,22.0,301.84000000000003,51.0,0.0,-0.4897959183673469
Chhattisgarh,Korba,2013-10-01,22.3547468,82.7110855,10,Post-Monsoon,36.0,0.0,0.5125654173,21.0,299.81333340000003,36.666666666666664,0.0,0.43999999999999995
Chhattisgarh,Korba,2013-12-01,22.3547468,82.7110855,12,Winter,13.0,0.0,4.78e-05,8.0,296.4966666,24.666666666666668,0.0,-0.6388888888888888
Chhattisgarh,Korba,2016-07-01,22.3547468,82.7110855,7,Monsoon,7.0,2.0,1.362877675,9.0,288.5,18.666666666666668,0.6666666666666666,-0.46153846153846156
Chhattisgarh,Korba,2016-08-01,22.3547468,82.7110855,8,Monsoon,16.0,0.0,0.8309448543,9.0,296.40000000000003,12.0,0.6666666666666666,1.2857142857142856
Chhattisgarh,Korba,2016-09-01,22.3547468,82.7110855,9,Monsoon,56.0,0.0,0.7082834696,7.0,299.02,26.333333333333332,0.6666666666666666,2.5
Chhattisgarh,Korba,2017-07-01,22.3547468,82.7110855,7,Monsoon,101.0,0.0,1.55121106,6.0,303.445,47.833333333333336,0.0,-0.11145320197044328
Chhattisgarh,Korba,2018-10-01,22.3547468,82.7110855,10,Post-Monsoon,41.0,0.0,0.003324239414,9.0,304.132,47.333333333333336,0.0,-0.046511627906976716
Chhattisgarh,Koriya,2012-08-01,23.4316014,82.31383043,8,Monsoon,304.0,3.0,0.8984590789,2.0,303.445,304.0,3.0,0.0
Chhattisgarh,Koriya,2015-07-01,23.4316014,82.31383043,7,Monsoon,434.0,0.0,1.124761202,14.0,301.66,369.0,1.5,0.42763157894736836
Chhattisgarh,Koriya,2016-07-01,23.4316014,82.31383043,7,Monsoon,367.0,0.0,1.587052989,3.0,303.445,368.3333333333333,1.0,-0.15437788018433185
Chhattisgarh,Mahasamund,2011-07-01,21.1882332,82.48484762,7,Monsoon,70.0,0.0,0.195885137,7.0,307.04,70.0,0.0,0.0
Chhattisgarh,Mahasamund,2011-08-01,21.1882332,82.48484762,8,Monsoon,131.0,3.0,0.6128441253,9.5,303.7625,56.75,0.5,1.512111801242236
Chhattisgarh,Mahasamund,2011-09-01,21.1882332,82.48484762,9,Monsoon,38.0,0.0,2.325341804,16.0,303.445,56.333333333333336,1.0,-0.6481481481481481
Chhattisgarh,Mahasamund,2012-07-01,21.1882332,82.48484762,7,Monsoon,153.0,2.0,1.011977099,9.0,303.445,99.66666666666667,1.6666666666666667,3.026315789473684
Chhattisgarh,Mahasamund,2012-08-01,21.1882332,82.48484762,8,Monsoon,435.0,9.0,1.1892514643,6.666666666666667,303.1608333333333,81.33333333333333,1.6666666666666667,0.2543448632476697
Chhattisgarh,Mahasamund,2013-07-01,21.1882332,82.48484762,7,Monsoon,16.0,1.0,0.6609109955,3.0,302.06,45.0,0.6666666666666666,-0.7575757575757576
Chhattisgarh,Mahasamund,2014-07-01,21.1882332,82.48484762,7,Monsoon,121.0,2.0,1.57408469555,6.5,302.7991667,44.166666666666664,0.8333333333333333,1.2527173913043477
Chhattisgarh,Mahasamund,2014-08-01,21.1882332,82.48484762,8,Monsoon,13.0,0.0,1.320361566,3.0,303.445,44.666666666666664,0.6666666666666666,-0.8266666666666667
Chhattisgarh,Mahasamund,2015-06-01,21.1882332,82.48484762,6,Monsoon,49.0,0.0,0.2894295334,8.5,306.8125,30.5,0.16666666666666666,0.5116550116550116
Chhattisgarh,Mahasamund,2015-07-01,21.1882332,82.48484762,7,Monsoon,17.0,0.0,0.298851477,11.0,302.1,22.0,0.0,0.0625
Chhattisgarh,Mahasamund,2015-11-01,21.1882332,82.48484762,11,Post-Monsoon,97.0,0.0,6.99e-05,12.0,301.7966666,43.333333333333336,0.0,4.705882352941177
Chhattisgarh,Mahasamund,2016-06-01,21.1882332,82.48484762,6,Monsoon,61.0,0.0,0.27676821085,6.5,310.548,48.5,0.0,0.20320130222463384
Chhattisgarh,Mahasamund,2016-07-01,21.1882332,82.48484762,7,Monsoon,38.0,2.0,0.6850587082,6.0,303.445,33.0,0.6666666666666666,-0.09523809523809523
Chhattisgarh,Mahasamund,2017-06-01,21.1882332,82.48484762,6,Monsoon,13.0,0.0,1.129699366,1.0,304.74,31.0,0.6666666666666666,-0.6578947368421053
Chhattisgarh,Mahasamund,2017-07-01,21.1882332,82.48484762,7,Monsoon,44.0,0.0,0.9376933728,4.0,303.445,31.666666666666668,0.6666666666666666,2.3846153846153846
Chhattisgarh,Mahasamund,2017-08-01,21.1882332,82.48484762,8,Monsoon,39.0,0.0,0.4004477981,10.0,301.44,32.0,0.0,-0.11363636363636365
Chhattisgarh,Mahasamund,2019-05-01,21.1882332,82.48484762,5,Summer,34.0,0.0,0.01405675225,7.0,317.456,39.0,0.0,-0.1282051282051282
Chhattisgarh,Mungeli,2015-06-01,22.0661098,81.6874282,6,Monsoon,66.0,0.0,0.9587710593,13.0,303.84000000000003,66.0,0.0,0.0
Chhattisgarh,Narayanpur,2013-09-01,19.5842032,81.11369855,9,Monsoon,66.0,5.0,0.7666694201,20.0,301.8,66.0,5.0,0.0
Chhattisgarh,Raigarh,2011-09-01,22.5,83.5,9,Monsoon,103.0,1.0,1.033275074,13.0,300.0,103.0,1.0,0.0
Chhattisgarh,Raigarh,2011-11-01,22.5,83.5,11,Post-Monsoon,12.0,0.0,4.76e-05,9.0,302.4533334,57.5,0.5,-0.883495145631068
Chhattisgarh,Raigarh,2012-02-01,22.5,83.5,2,Winter,99.0,0.0,0.05914072873,8.0,297.948,71.33333333333333,0.3333333333333333,5.0
Chhattisgarh,Raigarh,2012-05-01,22.5,83.5,5,Summer,33.0,1.0,9.2e-05,8.0,316.0466666,48.0,0.3333333333333333,-0.6666666666666667
Chhattisgarh,Raigarh,2012-06-01,22.5,83.5,6,Monsoon,10.0,0.0,1.203182234,6.0,309.24,47.333333333333336,0.3333333333333333,-0.696969696969697
Chhattisgarh,Raigarh,2012-07-01,22.5,83.5,7,Monsoon,91.0,0.0,1.393005051,10.0,302.46,30.833333333333332,0.16666666666666666,1.6597560975609755
Chhattisgarh,Raigarh,2012-08-01,22.5,83.5,8,Monsoon,93.0,0.0,2.14985145,9.0,303.445,47.0,0.0,-0.05125000000000002
Chhattisgarh,Raigarh,2013-07-01,22.5,83.5,7,Monsoon,25.0,0.0,1.018270976,11.0,303.445,39.333333333333336,0.0,-0.4444444444444444
Chhattisgarh,Raigarh,2013-08-01,22.5,83.5,8,Monsoon,130.0,0.0,0.8160226713,10.0,302.63,44.44444444444445,0.0,0.9069444444444446
Chhattisgarh,Raigarh,2014-06-01,22.5,83.5,6,Monsoon,56.0,0.0,0.43838541499999994,11.0,305.7683333,29.0,0.0,-0.18008658008658007
Chhattisgarh,Raigarh,2014-07-01,22.5,83.5,7,Monsoon,38.0,0.0,0.9333558716000001,8.5,302.4225,21.833333333333332,0.0,0.16149068322981364
Chhattisgarh,Raigarh,2014-08-01,22.5,83.5,8,Monsoon,86.0,0.0,0.5656565706,12.666666666666666,301.74444446666666,24.0,0.0,0.22474747474747472
Chhattisgarh,Raigarh,2014-12-01,22.5,83.5,12,Winter,27.0,0.0,0.002586469478,11.0,298.8666666,30.333333333333332,0.0,-0.32499999999999996
Chhattisgarh,Raigarh,2015-09-01,22.5,83.5,9,Monsoon,29.0,0.0,0.1014175756,9.0,303.40000000000003,32.0,0.0,0.07407407407407418
Chhattisgarh,Raigarh,2016-05-01,22.5,83.5,5,Summer,22.0,1.0,0.02245249993,7.0,315.2366666,26.0,0.3333333333333333,-0.24137931034482762
Chhattisgarh,Raigarh,2016-06-01,22.5,83.5,6,Monsoon,71.0,0.0,0.5120470741,7.5,311.028,29.333333333333336,0.3333333333333333,0.3366477272727273
Chhattisgarh,Raigarh,2016-07-01,22.5,83.5,7,Monsoon,159.0,0.0,1.15929120656,6.6,305.067,34.06666666666666,0.0,0.6576728826728827
Chhattisgarh,Raigarh,2016-08-01,22.5,83.5,8,Monsoon,41.0,0.0,1.32562742,7.0,300.22,29.0,0.0,0.3666666666666667
Chhattisgarh,Raigarh,2016-09-01,22.5,83.5,9,Monsoon,72.0,0.0,0.496173473,7.0,303.445,47.666666666666664,0.0,0.7560975609756098
Chhattisgarh,Raigarh,2017-06-01,22.5,83.5,6,Monsoon,47.0,0.0,0.2771768348,9.0,310.495,53.333333333333336,0.0,-0.3472222222222222
Chhattisgarh,Raigarh,2017-07-01,22.5,83.5,7,Monsoon,100.0,0.0,0.8138808734333334,7.333333333333333,303.51666666666665,43.77777777777778,0.0,-0.10696081651521232
Chhattisgarh,Raigarh,2018-06-01,22.5,83.5,6,Monsoon,49.0,0.0,0.6621628154,4.0,303.445,32.0,0.0,0.96
Chhattisgarh,Raigarh,2018-12-01,22.5,83.5,12,Winter,25.0,0.0,7.48e-05,9.0,295.55,33.0,0.0,-0.4897959183673469
Chhattisgarh,Raigarh,2019-10-01,22.5,83.5,10,Post-Monsoon,63.0,0.0,1.20006470875,22.5,298.64750000000004,29.166666666666664,0.0,1.1830769230769231
Chhattisgarh,Raigarh,2019-11-01,22.5,83.5,11,Post-Monsoon,74.0,0.0,0.0009846442116,19.0,298.78000000000003,45.666666666666664,0.0,0.48
Chhattisgarh,Raigarh,2019-12-01,22.5,83.5,12,Winter,21.0,0.0,0.0009012357975000001,14.0,296.913,37.666666666666664,0.0,0.047297297297297314
Chhattisgarh,Raipur,2009-08-01,21.2380912,81.6336993,8,Monsoon,11.0,0.0,0.05779330451,9.0,305.5,11.0,0.0,0.0
Chhattisgarh,Raipur,2011-07-01,21.2380912,81.6336993,7,Monsoon,50.0,0.0,0.7745685888,9.0,302.4,15.916666666666666,0.0,1.1287878787878787
Chhattisgarh,Raipur,2011-08-01,21.2380912,81.6336993,8,Monsoon,173.0,2.0,0.9271804046,6.333333333333333,301.4216666666667,44.22222222222222,0.4444444444444444,1.6026446713799425
Chhattisgarh,Raipur,2011-09-01,21.2380912,81.6336993,9,Monsoon,118.0,0.0,0.9376059089000001,16.5,299.666,55.16666666666667,0.3333333333333333,2.0194174757281553
Chhattisgarh,Raipur,2012-07-01,21.2380912,81.6336993,7,Monsoon,168.0,0.0,1.212981018,7.0,301.52,95.33333333333333,0.0,0.4736842105263157
Chhattisgarh,Raipur,2012-08-01,21.2380912,81.6336993,8,Monsoon,54.0,0.0,0.6600048626,8.0,303.445,112.0,0.0,-0.6785714285714286
Chhattisgarh,Raipur,2013-04-01,21.2380912,81.6336993,4,Summer,26.0,0.0,0.09949604187,6.0,313.068,82.66666666666667,0.0,-0.5185185185185186
Chhattisgarh,Raipur,2014-09-01,21.2380912,81.6336993,9,Monsoon,110.0,0.0,0.49708963032500003,18.75,300.57458335,31.5,0.0,0.27779183535762486
Chhattisgarh,Raipur,2014-10-01,21.2380912,81.6336993,10,Post-Monsoon,41.0,0.0,0.0001719088613,26.0,303.056,27.333333333333332,0.0,1.4117647058823528
Chhattisgarh,Raipur,2015-06-01,21.2380912,81.6336993,6,Monsoon,17.0,0.0,0.1507586985,5.0,286.78000000000003,25.0,0.0,-0.5853658536585367
Chhattisgarh,Raipur,2015-07-01,21.2380912,81.6336993,7,Monsoon,325.0,0.0,0.3285409676,9.5,301.605,101.33333333333334,0.0,2.28125
Chhattisgarh,Raipur,2015-08-01,21.2380912,81.6336993,8,Monsoon,173.0,0.0,0.4521459433,16.0,303.18,53.333333333333336,0.0,0.3175743794517262
Chhattisgarh,Raipur,2015-10-01,21.2380912,81.6336993,10,Post-Monsoon,31.0,0.0,0.0004706187149,22.0,304.3166666,45.0,0.0,-0.45614035087719296
Chhattisgarh,Raipur,2016-07-01,21.2380912,81.6336993,7,Monsoon,26.0,0.0,1.463634027,4.0,303.445,38.0,0.0,-0.16129032258064513
Chhattisgarh,Raipur,2016-08-01,21.2380912,81.6336993,8,Monsoon,31.0,2.0,1.182055361,9.0,300.14,29.333333333333332,0.6666666666666666,0.1923076923076923
Chhattisgarh,Raipur,2016-09-01,21.2380912,81.6336993,9,Monsoon,192.0,0.0,1.036938619,9.0,298.4266666,83.0,0.6666666666666666,5.0
Chhattisgarh,Raipur,2019-06-01,21.2380912,81.6336993,6,Monsoon,39.0,0.0,0.1077817702,9.0,317.8,87.33333333333333,0.6666666666666666,-0.796875
Chhattisgarh,Rajnandgaon,2011-09-01,20.9727404,80.69155548,9,Monsoon,33.0,0.0,0.4903200333,9.0,299.9666666,33.0,0.0,0.0
Chhattisgarh,Rajnandgaon,2013-06-01,20.9727404,80.69155548,6,Monsoon,49.0,0.0,1.319301587,7.0,301.81,41.0,0.0,0.48484848484848486
Chhattisgarh,Rajnandgaon,2013-11-01,20.9727404,80.69155548,11,Post-Monsoon,19.0,0.0,4.87e-05,9.0,300.08,33.666666666666664,0.0,-0.6122448979591837
Chhattisgarh,Rajnandgaon,2014-09-01,20.9727404,80.69155548,9,Monsoon,45.0,0.0,1.048032584,4.0,299.02,37.666666666666664,0.0,1.3684210526315788
Chhattisgarh,Rajnandgaon,2015-06-01,20.9727404,80.69155548,6,Monsoon,42.0,0.0,0.6496737212,8.0,312.42,35.333333333333336,0.0,-0.06666666666666665
Chhattisgarh,Rajnandgaon,2015-07-01,20.9727404,80.69155548,7,Monsoon,66.0,0.0,0.722138650975,11.0,302.1554167,21.166666666666668,0.0,0.3135964912280702
Chhattisgarh,Rajnandgaon,2015-09-01,20.9727404,80.69155548,9,Monsoon,13.0,0.0,0.4701308686,31.0,299.93333340000004,19.666666666666668,0.0,-0.5185185185185186
Chhattisgarh,Rajnandgaon,2015-10-01,20.9727404,80.69155548,10,Post-Monsoon,18.0,0.0,0.01181482315,31.0,300.5266666,19.333333333333332,0.0,0.3846153846153846
Chhattisgarh,Rajnandgaon,2016-07-01,20.9727404,80.69155548,7,Monsoon,283.0,1.0,1.0951704429333333,3.3333333333333335,303.445,57.77777777777777,0.1111111111111111,2.6647509578544057
Chhattisgarh,Rajnandgaon,2016-08-01,20.9727404,80.69155548,8,Monsoon,104.0,1.0,1.5148382364,5.75,302.3325,52.333333333333336,0.41666666666666663,0.7339581185404984
Chhattisgarh,Rajnandgaon,2016-09-01,20.9727404,80.69155548,9,Monsoon,193.0,0.0,0.6611996587,16.0,297.37,81.0,0.0,5.0
Chhattisgarh,Rajnandgaon,2016-11-01,20.9727404,80.69155548,11,Post-Monsoon,15.0,0.0,4.12e-05,9.0,301.0133334,73.33333333333333,0.0,-0.9222797927461139
Chhattisgarh,Rajnandgaon,2017-06-01,20.9727404,80.69155548,6,Monsoon,110.0,0.0,0.6041818595,6.5,311.875,59.0,0.0,1.819047619047619
Chhattisgarh,Rajnandgaon,2017-07-01,20.9727404,80.69155548,7,Monsoon,18.0,0.0,0.5246402223,2.0,303.445,42.666666666666664,0.0,-0.797752808988764
Chhattisgarh,Rajnandgaon,2019-03-01,20.9727404,80.69155548,3,Summer,13.0,0.0,0.01301690773,9.0,307.42,40.0,0.0,-0.2777777777777778
Chhattisgarh,Rajnandgaon,2019-05-01,20.9727404,80.69155548,5,Summer,112.0,0.0,0.0001514191123,8.0,318.848,47.666666666666664,0.0,5.0
Chhattisgarh,Rajnandgaon,2019-06-01,20.9727404,80.69155548,6,Monsoon,39.0,0.0,0.1569675641,10.0,315.38,54.666666666666664,0.0,-0.6517857142857143
Chhattisgarh,Rajnandgaon,2019-08-01,20.9727404,80.69155548,8,Monsoon,61.0,0.0,1.108574475,9.0,303.445,70.66666666666667,0.0,0.5641025641025641
Chhattisgarh,Sukma,2015-09-01,18.26654225,81.29252341,9,Monsoon,140.0,0.0,1.314751452,23.0,303.445,140.0,0.0,0.0
Chhattisgarh,Sukma,2016-08-01,18.26654225,81.29252341,8,Monsoon,41.0,0.0,0.9548058234,8.0,303.445,90.5,0.0,-0.7071428571428571
Chhattisgarh,Sukma,2019-09-01,18.26654225,81.29252341,9,Monsoon,54.0,0.0,0.712956887,21.0,300.34000000000003,78.33333333333333,0.0,0.3170731707317074
Chhattisgarh,Surajpur,2016-05-01,23.35151515,82.97290273,5,Summer,239.0,1.0,0.003698723325,11.0,315.78000000000003,239.0,1.0,0.0
Chhattisgarh,Surajpur,2017-07-01,23.35151515,82.97290273,7,Monsoon,836.5599999999977,5.0,2.46135401,9.0,303.445,537.7799999999988,3.0,2.500251046025095
Chhattisgarh,Surajpur,2019-06-01,23.35151515,82.97290273,6,Monsoon,74.0,0.0,0.001636847556,11.0,315.156,383.1866666666659,2.0,-0.9115425074113032
Chhattisgarh,Surguja,2010-07-01,23.25,83.0,7,Monsoon,32.0,0.0,0.8929789357,9.0,303.445,32.0,0.0,0.0
Chhattisgarh,Surguja,2011-05-01,23.25,83.0,5,Summer,28.0,0.0,0.01015428535,5.0,314.2666666,30.0,0.0,-0.125
Chhattisgarh,Surguja,2011-06-01,23.25,83.0,6,Monsoon,54.0,0.0,2.6909845082999997,4.0,306.6775,17.5,0.0,-0.14148351648351648
Chhattisgarh,Surguja,2011-08-01,23.25,83.0,8,Monsoon,10.0,3.0,0.7252829099,15.0,301.55,12.333333333333334,1.0,-0.23076923076923073
Chhattisgarh,Surguja,2016-07-01,23.25,83.0,7,Monsoon,4.0,2.0,1.00315394,9.0,303.445,9.0,1.6666666666666667,-0.6
Dadra and Nagar Haveli,Dadra and Nagar Haveli,2010-10-01,20.2712521,73.0014588,10,Post-Monsoon,4.0,0.0,0.07394494812,23.0,301.0866666,4.0,0.0,0.0
Dadra and Nagar Haveli,Dadra and Nagar Haveli,2013-07-01,20.2712521,73.0014588,7,Monsoon,12.0,0.0,2.044548616,1.0,303.445,8.0,0.0,2.0
Dadra and Nagar Haveli,Dadra and Nagar Haveli,2015-08-01,20.2712521,73.0014588,8,Monsoon,3.0,0.0,0.39726129975,15.0,300.1433333,5.333333333333334,0.0,0.041666666666666685
Dadra and Nagar Haveli,Dadra and Nagar Haveli,2015-09-01,20.2712521,73.0014588,9,Monsoon,28.0,0.0,0.7543017589500001,14.0,299.815,7.5,0.0,2.6666666666666665
Dadra and Nagar Haveli,Dadra and Nagar Haveli,2016-07-01,20.2712521,73.0014588,7,Monsoon,2.0,0.0,0.6110899287,9.0,300.88,10.0,0.0,-0.875
Dadra and Nagar Haveli,Dadra and Nagar Haveli,2016-11-01,20.2712521,73.0014588,11,Post-Monsoon,53.0,0.0,5e-05,12.0,306.176,23.666666666666668,0.0,5.0
Dadra and Nagar Haveli,Dadra and Nagar Haveli,2018-07-01,20.2712521,73.0014588,7,Monsoon,26.0,0.0,1.493951557,1.0,303.445,22.833333333333332,0.0,2.0283018867924527
Dadra and Nagar Haveli,Dadra and Nagar Haveli,2019-01-01,20.2712521,73.0014588,1,Winter,6.0,0.0,8.72e-05,9.0,304.0666666,10.666666666666666,0.0,-0.7391304347826086
Dadra and Nagar Haveli,Dadra and Nagar Haveli,2020-01-01,20.2712521,73.0014588,1,Winter,98.0,0.0,0.00636530782,9.0,304.48400000000004,42.333333333333336,0.0,5.0
Daman and Diu,Daman and Diu,2009-07-01,20.42000485,72.8637629,7,Monsoon,33.0,0.0,0.2254894541,5.0,296.12,33.0,0.0,0.0
Daman and Diu,Daman and Diu,2012-10-01,20.42000485,72.8637629,10,Post-Monsoon,70.0,0.0,0.2254894541,21.0,300.9133334,51.5,0.0,1.121212121212121
Daman and Diu,Daman and Diu,2019-09-01,20.42000485,72.8637629,9,Monsoon,107.0,2.0,0.2254894541,13.0,301.75,70.0,0.6666666666666666,0.5285714285714285
Daman and Diu,Diu,2012-10-01,20.71817495,70.93238341,10,Post-Monsoon,17.0,0.0,0.2254894541,9.0,303.445,17.0,0.0,0.0
Daman and Diu,Diu Daman,2020-03-01,20.71817495,70.93238341,3,Summer,14.0,0.0,0.2254894541,9.0,303.445,14.0,0.0,0.0
Delhi,Central Delhi,2014-09-01,28.69854835,77.21939069,9,Monsoon,21.0,0.0,0.04855303631,11.0,303.6466666,21.0,0.0,0.0
Delhi,New Delhi,2013-07-01,28.6138954,77.2090057,7,Monsoon,2509.679999999993,10.0,0.5165098757,9.0,308.8066666,836.5599999999977,2.611111111111111,0.0
Delhi,New Delhi,2013-08-01,28.6138954,77.2090057,8,Monsoon,50.0,1.0,0.1086299315,9.0,303.22,574.3733333333317,3.0,-0.9402314239265562
Delhi,New Delhi,2015-01-01,28.6138954,77.2090057,1,Winter,1255.0,4.0,0.0003135274763,4.0,289.75333340000003,444.75999999999965,2.1666666666666665,2.8155136268343814
Delhi,New Delhi,2015-07-01,28.6138954,77.2090057,7,Monsoon,7669.039999999979,35.0,0.5552956350818182,5.363636363636363,308.2990909090909,682.7406060606044,2.909090909090909,0.3026751714941644
Delhi,North Delhi,2016-07-01,28.78722785,77.09809033,7,Monsoon,26.0,0.0,0.9702527936,7.0,312.82,26.0,0.0,0.0
Delhi,North Delhi,2018-08-01,28.78722785,77.09809033,8,Monsoon,60.0,0.0,0.22426672373,8.5,304.83000000000004,23.833333333333336,0.0,1.2307692307692308
Delhi,North Delhi,2019-06-01,28.78722785,77.09809033,6,Monsoon,4.0,0.0,0.06398791246,9.0,316.6433334,21.333333333333332,0.0,-0.9166666666666666
Delhi,North Delhi,2019-07-01,28.78722785,77.09809033,7,Monsoon,5.0,0.0,0.8748362289,7.0,306.64,19.0,0.0,0.25
Delhi,South Delhi,2015-01-01,28.4851694,77.1963652,1,Winter,17.0,0.0,0.0472677179,8.0,290.828,17.0,0.0,0.0
Delhi,South Delhi,2016-01-01,28.4851694,77.1963652,1,Winter,13.0,0.0,7.38e-06,5.0,293.3333334,15.0,0.0,-0.23529411764705888
Delhi,South Delhi,2017-09-01,28.4851694,77.1963652,9,Monsoon,22.0,0.0,0.001552962315,9.0,307.648,17.333333333333332,0.0,0.6923076923076923
Delhi,South Delhi,2019-10-01,28.4851694,77.1963652,10,Post-Monsoon,12.0,0.0,0.05319440215,6.0,307.704,15.666666666666666,0.0,-0.4545454545454546
Delhi,South District,2013-06-01,28.59449355,76.90650844,6,Monsoon,190.0,2.0,0.03173770702,4.0,307.276,190.0,2.0,0.0
Delhi,South west District,2013-07-01,28.59449355,76.90650844,7,Monsoon,50.0,1.0,0.519847218,5.0,312.2733334,50.0,1.0,0.0
Delhi,West Delhi,2016-03-01,28.6479519,77.08556541,3,Summer,47.0,0.0,0.007758078181,6.0,304.3433334,47.0,0.0,0.0
Delhi,West Delhi,2016-10-01,28.6479519,77.08556541,10,Post-Monsoon,25.0,0.0,0.0001010348947,5.0,309.65000000000003,36.0,0.0,-0.46808510638297873
Goa,North Goa,2013-05-01,15.60444125,74.00172406,5,Summer,171.0,1.0,0.18875850763500002,17.5,307.81,79.75,0.25,0.15540540540540537
Goa,North Goa,2018-02-01,15.60444125,74.00172406,2,Winter,46.0,0.0,3.28e-05,25.0,304.216,72.33333333333333,0.3333333333333333,-0.5257731958762887
Goa,North Goa,2018-05-01,15.60444125,74.00172406,5,Summer,49.0,0.0,0.2490229366,16.0,306.03000000000003,64.0,0.3333333333333333,0.0652173913043479
Goa,North Goa,2018-06-01,15.60444125,74.00172406,6,Monsoon,43.0,0.0,0.4681427335,21.0,304.455,46.0,0.0,-0.12244897959183676
Goa,North Goa,2018-09-01,15.60444125,74.00172406,9,Monsoon,35.0,0.0,0.4932080572,9.0,298.12,42.333333333333336,0.0,-0.18604651162790697
Goa,North Goa,2019-02-01,15.60444125,74.00172406,2,Winter,19.0,0.0,3.7e-05,25.0,302.8833334,32.333333333333336,0.0,-0.4571428571428572
Goa,North Goa,2019-03-01,15.60444125,74.00172406,3,Summer,5.0,0.0,0.0003177100814,22.0,307.9766666,19.666666666666668,0.0,-0.736842105263158
Goa,South Goa,2009-07-01,15.21961365,74.1152813,7,Monsoon,30.0,0.0,3.755514997,3.0,292.66,30.0,0.0,0.0
Goa,South Goa,2009-12-01,15.21961365,74.1152813,12,Winter,17.0,0.0,0.006113389157,24.0,301.36400000000003,23.5,0.0,-0.43333333333333335
Goa,South Goa,2013-02-01,15.21961365,74.1152813,2,Winter,11.0,1.0,0.1701618491,9.0,304.392,19.333333333333332,0.3333333333333333,-0.3529411764705882
Goa,South Goa,2015-05-01,15.21961365,74.1152813,5,Summer,20.0,0.0,0.06643924061,22.0,303.248,16.0,0.3333333333333333,0.8181818181818181
Goa,South Goa,2015-09-01,15.21961365,74.1152813,9,Monsoon,19.0,0.0,0.08378575413,12.0,300.0133334,16.666666666666668,0.3333333333333333,-0.050000000000000044
Goa,South Goa,2017-08-01,15.21961365,74.1152813,8,Monsoon,179.0,0.0,0.6381093065,15.0,297.96,72.66666666666667,0.0,5.0
Goa,South Goa,2018-04-01,15.21961365,74.1152813,4,Summer,22.0,0.0,0.002563216481,24.0,305.8833334,73.33333333333333,0.0,-0.8770949720670391
Goa,South Goa,2018-07-01,15.21961365,74.1152813,7,Monsoon,29.0,1.0,2.651921753,2.0,303.445,46.0,0.3333333333333333,-0.3503787878787879
Goa,South Goa,2019-04-01,15.21961365,74.1152813,4,Summer,17.0,0.0,0.003058369119,23.0,307.7066666,15.333333333333334,0.3333333333333333,2.4
Gujarat,Ahmadabad,2012-05-01,23.0216238,72.5797068,5,Summer,24.0,0.0,4.05e-05,5.0,316.2666666,24.0,0.0,0.0
Gujarat,Ahmedabad,2010-08-01,23.0216238,72.5797068,8,Monsoon,4.0,0.0,0.1930258334,9.0,303.42,4.0,0.0,0.0
Gujarat,Ahmedabad,2010-12-01,23.0216238,72.5797068,12,Winter,240.0,0.0,8.13e-05,4.0,301.3,122.0,0.0,5.0
Gujarat,Ahmedabad,2011-02-01,23.0216238,72.5797068,2,Winter,10.0,0.0,4.25e-05,10.0,303.212,84.66666666666667,0.0,-0.9583333333333334
Gujarat,Ahmedabad,2012-08-01,23.0216238,72.5797068,8,Monsoon,136.0,0.0,0.1957929965,9.0,303.445,128.66666666666666,0.0,5.0
Gujarat,Ahmedabad,2012-10-01,23.0216238,72.5797068,10,Post-Monsoon,14.0,0.0,0.00535877149,13.0,306.56333340000003,53.333333333333336,0.0,-0.8970588235294118
Gujarat,Ahmedabad,2013-04-01,23.0216238,72.5797068,4,Summer,67.0,0.0,2.62e-05,5.0,316.1,72.33333333333333,0.0,3.7857142857142856
Gujarat,Ahmedabad,2013-06-01,23.0216238,72.5797068,6,Monsoon,51.0,0.0,0.005221476132,4.0,315.87333340000004,44.0,0.0,-0.23880597014925375
Gujarat,Ahmedabad,2013-07-01,23.0216238,72.5797068,7,Monsoon,25.0,0.0,1.525266005,2.0,303.445,47.666666666666664,0.0,-0.5098039215686274
Gujarat,Ahmedabad,2014-01-01,23.0216238,72.5797068,1,Winter,33.0,0.0,5.56e-05,9.0,300.028,36.333333333333336,0.0,0.32000000000000006
Gujarat,Ahmedabad,2014-07-01,23.0216238,72.5797068,7,Monsoon,37.0,0.0,0.005188415844,4.0,308.764,31.666666666666668,0.0,0.1212121212121211
Gujarat,Ahmedabad,2015-02-01,23.0216238,72.5797068,2,Winter,24.0,1.0,6.17e-05,9.0,307.0566666,31.333333333333332,0.3333333333333333,-0.3513513513513513
Gujarat,Ahmedabad,2019-06-01,23.0216238,72.5797068,6,Monsoon,34.0,0.0,0.1622094207,5.0,309.1733334,31.666666666666668,0.3333333333333333,0.41666666666666674
Gujarat,Ahmedabad,2022-02-01,23.0216238,72.5797068,2,Winter,67.0,0.0,7.25e-05,9.0,302.55333340000004,41.666666666666664,0.3333333333333333,0.9705882352941178
Gujarat,Amreli,2009-07-01,20.866667,70.75,7,Monsoon,58.0,0.0,2.66063763,5.0,303.445,58.0,0.0,0.0
Gujarat,Amreli,2010-01-01,20.866667,70.75,1,Winter,45.0,0.0,3.16e-05,9.0,306.93333340000004,51.5,0.0,-0.22413793103448276
Gujarat,Amreli,2010-10-01,20.866667,70.75,10,Post-Monsoon,12.0,0.0,0.1970733304,19.0,302.805,38.333333333333336,0.0,-0.7333333333333334
Gujarat,Amreli,2010-11-01,20.866667,70.75,11,Post-Monsoon,35.0,0.0,9.44e-05,12.0,307.6433334,30.666666666666668,0.0,1.9166666666666665
Gujarat,Amreli,2011-04-01,20.866667,70.75,4,Summer,43.0,0.0,0.000820893836,6.5,314.94500000000005,22.666666666666664,0.0,0.6116883116883117
Gujarat,Amreli,2011-11-01,20.866667,70.75,11,Post-Monsoon,146.0,0.0,4.67e-05,9.0,307.80333340000004,44.833333333333336,0.0,0.7708333333333333
Gujarat,Amreli,2013-03-01,20.866667,70.75,3,Summer,22.0,0.0,0.0001923105415,5.0,316.652,56.0,0.0,-0.7755102040816326
Gujarat,Amreli,2014-05-01,20.866667,70.75,5,Summer,62.0,0.0,0.002716027403,7.0,314.94333340000003,60.666666666666664,0.0,1.8181818181818183
Gujarat,Amreli,2014-08-01,20.866667,70.75,8,Monsoon,15.0,0.0,0.3483901807,9.0,300.67,33.0,0.0,-0.7580645161290323
Gujarat,Amreli,2015-03-01,20.866667,70.75,3,Summer,52.0,0.0,7.03e-05,6.0,313.0966666,43.0,0.0,2.466666666666667
Gujarat,Anand,2010-07-01,22.5584995,72.9625629,7,Monsoon,12.0,0.0,0.9663964233,9.0,303.445,12.0,0.0,0.0
Gujarat,Anand,2010-08-01,22.5584995,72.9625629,8,Monsoon,74.0,0.0,0.2442679533,8.0,302.8,43.0,0.0,5.0
Gujarat,Anand,2011-02-01,22.5584995,72.9625629,2,Winter,21.0,0.0,4.25e-05,9.0,304.61,35.666666666666664,0.0,-0.7162162162162162
Gujarat,Anand,2011-04-01,22.5584995,72.9625629,4,Summer,108.0,0.0,0.00017926431805000002,6.0,316.1746667,53.33333333333333,0.0,1.3482142857142856
Gujarat,Anand,2011-11-01,22.5584995,72.9625629,11,Post-Monsoon,28.0,0.0,4.24e-05,8.0,307.56,45.333333333333336,0.0,1.3333333333333335
Gujarat,Anand,2012-02-01,22.5584995,72.9625629,2,Winter,26.0,0.0,4.81e-05,9.0,301.63,22.0,0.0,-0.0714285714285714
Gujarat,Anand,2012-07-01,22.5584995,72.9625629,7,Monsoon,122.0,0.0,0.37015621489,5.666666666666667,305.60611113333334,33.333333333333336,0.0,0.34977703455964315
Gujarat,Anand,2013-07-01,22.5584995,72.9625629,7,Monsoon,43.0,0.0,1.6879432859999999,2.0,303.445,34.83333333333333,0.0,-0.21223404255319156
Gujarat,Anand,2014-03-01,22.5584995,72.9625629,3,Summer,31.0,0.0,4.46e-05,9.0,311.476,24.666666666666668,0.0,0.34782608695652173
Gujarat,Anand,2014-11-01,22.5584995,72.9625629,11,Post-Monsoon,29.0,0.0,0.09833897068,11.0,305.145,27.666666666666668,0.0,-0.06451612903225812
Gujarat,Anand,2014-12-01,22.5584995,72.9625629,12,Winter,116.0,0.0,6.445e-05,8.5,301.51750000000004,38.5,0.0,1.1790450928381964
Gujarat,Anand,2015-07-01,22.5584995,72.9625629,7,Monsoon,71.0,0.0,0.09945914505,7.0,308.2483333,54.33333333333333,0.0,-0.5032879818594105
Gujarat,Anand,2015-09-01,22.5584995,72.9625629,9,Monsoon,34.0,0.0,0.03158392558,12.0,305.04400000000004,35.0,0.0,0.5454545454545454
Gujarat,Anand,2015-10-01,22.5584995,72.9625629,10,Post-Monsoon,72.0,1.0,0.0006117987188,12.0,309.46,42.666666666666664,0.3333333333333333,1.1176470588235294
Gujarat,Anand,2017-01-01,22.5584995,72.9625629,1,Winter,69.0,0.0,2.46e-05,9.0,302.612,58.333333333333336,0.3333333333333333,-0.04166666666666663
Gujarat,Anand,2017-06-01,22.5584995,72.9625629,6,Monsoon,57.0,0.0,0.9190543476,4.0,309.04,66.0,0.3333333333333333,-0.17391304347826086
Gujarat,Anand,2017-08-01,22.5584995,72.9625629,8,Monsoon,33.0,0.0,1.074812929,7.0,299.44,53.0,0.0,-0.42105263157894735
Gujarat,Anand,2017-12-01,22.5584995,72.9625629,12,Winter,87.0,0.0,5.58e-05,8.0,304.2933334,59.0,0.0,1.6363636363636362
Gujarat,Anand,2018-01-01,22.5584995,72.9625629,1,Winter,196.0,0.0,0.0001094685119,10.0,302.535,105.33333333333333,0.0,1.2528735632183907
Gujarat,Anand,2018-07-01,22.5584995,72.9625629,7,Monsoon,31.0,0.0,0.6690163003,4.0,303.445,104.66666666666667,0.0,-0.8418367346938775
Gujarat,Anand,2019-01-01,22.5584995,72.9625629,1,Winter,75.0,0.0,6.69e-05,9.0,298.748,100.66666666666667,0.0,1.4193548387096775
Gujarat,Anand,2019-08-01,22.5584995,72.9625629,8,Monsoon,40.0,0.0,0.8088184757,5.0,301.3,48.666666666666664,0.0,-0.4666666666666667
Gujarat,Anand,2021-05-01,22.5584995,72.9625629,5,Summer,15.0,0.0,0.002561268239,9.0,308.588,43.333333333333336,0.0,-0.625
Gujarat,Anand,2022-03-01,22.5584995,72.9625629,3,Summer,24.0,0.0,5.63e-05,9.0,307.34000000000003,26.333333333333332,0.0,0.6000000000000001
Gujarat,Aravalli,2015-05-01,23.48345905,73.39881244,5,Summer,142.0,0.0,0.000101720055,9.0,316.5766666,50.5,0.0,1.3666666666666667
Gujarat,Aravalli,2016-04-01,23.48345905,73.39881244,4,Summer,12.0,0.0,9.33e-05,5.0,316.4533334,51.333333333333336,0.0,-0.8928571428571429
Gujarat,Banaskantha,2011-02-01,24.172056,72.431134,2,Winter,42.0,0.0,0.0008085716425,10.0,303.3333334,42.0,0.0,0.0
Gujarat,Banaskantha,2011-05-01,24.172056,72.431134,5,Summer,319.0,0.0,0.0004629636403,7.5,315.3366667,78.66666666666666,0.0,2.380952380952381
Gujarat,Banaskantha,2012-01-01,24.172056,72.431134,1,Winter,193.0,0.0,0.0002519498100666667,8.0,297.8844444666667,116.77777777777777,0.0,-0.4698993418505613
Gujarat,Banaskantha,2012-07-01,24.172056,72.431134,7,Monsoon,468.0,5.0,0.03550232816,9.0,310.34000000000003,192.33333333333334,1.6666666666666667,5.0
Gujarat,Banaskantha,2013-05-01,24.172056,72.431134,5,Summer,141.0,0.0,0.008265910713,7.0,312.5766666,211.33333333333334,1.6666666666666667,-0.6987179487179487
Gujarat,Banaskantha,2013-09-01,24.172056,72.431134,9,Monsoon,6.0,0.0,0.02438348543,12.0,307.97,205.0,1.6666666666666667,-0.9574468085106383
Gujarat,Banaskantha,2015-06-01,24.172056,72.431134,6,Monsoon,38.0,0.0,0.01902643619,6.0,312.375,61.666666666666664,0.0,5.0
Gujarat,Banaskantha,2016-04-01,24.172056,72.431134,4,Summer,45.0,1.0,0.000208044708,5.0,310.2166666,29.666666666666668,0.3333333333333333,0.18421052631578938
Gujarat,Banaskantha,2016-06-01,24.172056,72.431134,6,Monsoon,14.0,0.0,4.93e-05,9.0,318.31,32.333333333333336,0.3333333333333333,-0.6888888888888889
Gujarat,Banaskantha,2016-07-01,24.172056,72.431134,7,Monsoon,194.0,0.0,0.2124229522,6.0,307.2,84.33333333333333,0.3333333333333333,5.0
Gujarat,Banaskantha,2017-06-01,24.172056,72.431134,6,Monsoon,25.0,0.0,0.02636463181,9.0,311.184,77.66666666666667,0.0,-0.8711340206185567
Gujarat,Banaskantha,2018-03-01,24.172056,72.431134,3,Summer,23.0,0.0,5.77e-05,6.0,308.64,80.66666666666667,0.0,-0.07999999999999996
Gujarat,Bharuch,2010-09-01,21.75,73.0,9,Monsoon,2.0,0.0,0.08235727429,22.0,300.78400000000005,2.0,0.0,0.0
Gujarat,Bharuch,2011-01-01,21.75,73.0,1,Winter,215.0,0.0,6.28e-05,7.0,304.736,108.5,0.0,5.0
Gujarat,Bharuch,2011-05-01,21.75,73.0,5,Summer,42.0,0.0,5.55e-05,6.0,315.1266666,86.33333333333333,0.0,-0.8046511627906977
Gujarat,Bharuch,2011-12-01,21.75,73.0,12,Winter,30.0,0.0,6.02e-05,8.0,306.59200000000004,95.66666666666667,0.0,-0.2857142857142857
Gujarat,Bharuch,2012-02-01,21.75,73.0,2,Winter,176.0,0.0,7.730000000000001e-05,6.0,304.734,61.0,0.0,0.9666666666666666
Gujarat,Bharuch,2012-05-01,21.75,73.0,5,Summer,15.0,0.0,0.001852235288,6.0,312.016,63.666666666666664,0.0,-0.8295454545454546
Gujarat,Bharuch,2014-06-01,21.75,73.0,6,Monsoon,101.0,0.0,0.09258189551,7.0,307.32,68.0,0.0,5.0
Gujarat,Bharuch,2014-09-01,21.75,73.0,9,Monsoon,50.0,0.0,1.0649708595,9.0,298.745,48.833333333333336,0.0,-0.4097486671744097
Gujarat,Bharuch,2015-06-01,21.75,73.0,6,Monsoon,45.0,0.0,0.4464055969,9.0,309.28000000000003,31.666666666666668,0.0,0.875
Gujarat,Bharuch,2018-04-01,21.75,73.0,4,Summer,40.0,0.0,3.38e-05,9.0,316.0833334,36.333333333333336,0.0,-0.11111111111111116
Gujarat,Bhavnagar,2009-07-01,21.7718836,72.1416449,7,Monsoon,860.5599999999977,2.0,0.1828031055,4.0,308.47,633.4199999999983,1.0,-0.48565554174237346
Gujarat,Bhavnagar,2010-06-01,21.7718836,72.1416449,6,Monsoon,80.0,0.0,0.04482176549,9.0,311.07,167.42666666666628,0.5,0.33333333333333337
Gujarat,Bhavnagar,2011-11-01,21.7718836,72.1416449,11,Post-Monsoon,75.0,0.0,5.82e-05,9.0,310.17,51.666666666666664,0.0,0.875
Gujarat,Bhavnagar,2011-12-01,21.7718836,72.1416449,12,Winter,17.0,0.0,4.9e-05,8.0,307.5466666,44.0,0.0,-0.7733333333333333
Gujarat,Bhavnagar,2012-05-01,21.7718836,72.1416449,5,Summer,36.0,0.0,3.56e-05,4.0,322.388,42.666666666666664,0.0,1.1176470588235294
Gujarat,Bhavnagar,2013-05-01,21.7718836,72.1416449,5,Summer,22.0,0.0,7.59e-05,3.0,321.81,25.0,0.0,-0.38888888888888884
Gujarat,Bhavnagar,2014-08-01,21.7718836,72.1416449,8,Monsoon,32.0,0.0,0.2281555344,5.0,303.445,30.0,0.0,0.4545454545454546
Gujarat,Bhavnagar,2014-12-01,21.7718836,72.1416449,12,Winter,428.0,0.0,6.616666666666667e-05,7.0,302.61466666666666,93.1111111111111,0.0,0.9007473382473382
Gujarat,Bhavnagar,2018-06-01,21.7718836,72.1416449,6,Monsoon,103.0,0.0,0.02094828216,9.0,310.65000000000003,152.33333333333334,0.0,-0.4213483146067416
Gujarat,Chhota Udepur,2022-06-01,22.3148736,74.0141067,6,Monsoon,203.0,0.0,0.2976319834,5.0,309.9733334,203.0,0.0,0.0
Gujarat,Chota Udaipur,2014-11-01,22.3148736,74.0141067,11,Post-Monsoon,94.0,1.0,7.7e-05,9.0,306.9533334,94.0,1.0,0.0
Gujarat,Dahod,2010-02-01,22.8358542,74.2556782,2,Winter,10.0,0.0,0.001401144212,9.0,305.812,10.0,0.0,0.0
Gujarat,Dahod,2010-06-01,22.8358542,74.2556782,6,Monsoon,21.0,1.0,0.005934464198,2.0,321.36,15.5,0.5,1.1
Gujarat,Dahod,2011-03-01,22.8358542,74.2556782,3,Summer,17.0,0.0,0.0001041250099,4.0,314.8233334,16.0,0.3333333333333333,-0.19047619047619047
Gujarat,Dahod,2012-05-01,22.8358542,74.2556782,5,Summer,47.0,0.0,5.28e-05,3.0,322.416,28.333333333333332,0.3333333333333333,1.7647058823529411
Gujarat,Dahod,2012-08-01,22.8358542,74.2556782,8,Monsoon,20.0,0.0,0.9580954113,6.0,300.61,28.0,0.0,-0.574468085106383
Gujarat,Dahod,2014-07-01,22.8358542,74.2556782,7,Monsoon,9.0,3.0,1.225144503,9.0,303.445,25.333333333333332,1.0,-0.55
Gujarat,Dahod,2018-04-01,22.8358542,74.2556782,4,Summer,23.0,0.0,0.0003618246792,3.0,323.152,17.333333333333332,1.0,1.5555555555555554
Gujarat,Dahod,2018-07-01,22.8358542,74.2556782,7,Monsoon,3.0,0.0,0.65438957195,2.5,303.6325,9.833333333333332,0.5,0.021739130434782594
Gujarat,Devbhoomi Dwarka,2019-05-01,22.2105363,69.653336,5,Summer,5.0,0.0,0.0002652657501,2.0,316.036,5.0,0.0,0.0
Gujarat,Devbhumi Dwarka,2017-02-01,22.2444759,68.96800188,2,Winter,38.0,0.0,6.66e-05,9.0,303.445,38.0,0.0,0.0
Gujarat,Gandhi Nagar,2010-05-01,23.06016515,72.58063822,5,Summer,57.0,0.0,0.002044044618,4.0,318.5066666,57.0,0.0,0.0
Gujarat,Gandhi Nagar,2010-06-01,23.06016515,72.58063822,6,Monsoon,16.0,0.0,0.04410776889,4.0,316.928,36.5,0.0,-0.7192982456140351
Gujarat,Gandhi Nagar,2011-06-01,23.06016515,72.58063822,6,Monsoon,76.0,0.0,0.010455489485,6.5,313.61966670000004,30.166666666666668,0.0,1.375
Gujarat,Gandhi Nagar,2013-07-01,23.06016515,72.58063822,7,Monsoon,6.0,0.0,0.09547742144,9.0,310.2,27.333333333333332,0.0,-0.9
Gujarat,Gandhi Nagar,2014-11-01,23.06016515,72.58063822,11,Post-Monsoon,18.0,0.0,0.0001576567256,9.0,305.82,28.0,0.0,2.0
Gujarat,Gandhi Nagar,2015-05-01,23.06016515,72.58063822,5,Summer,10.0,0.0,0.0001344182891,9.0,319.152,10.166666666666668,0.0,-0.6944444444444444
Gujarat,Gandhi Nagar,2016-03-01,23.06016515,72.58063822,3,Summer,34.0,0.0,7.61e-05,6.0,312.1666666,14.666666666666666,0.0,5.0
Gujarat,Gandhi Nagar,2016-04-01,23.06016515,72.58063822,4,Summer,55.0,0.0,3.25e-05,5.0,315.6066666,24.166666666666668,0.0,0.11834733893557425
Gujarat,Gandhi Nagar,2016-05-01,23.06016515,72.58063822,5,Summer,97.0,0.0,0.01565446637,5.0,317.2466666,50.666666666666664,0.0,1.8529411764705883
Gujarat,Gandhi Nagar,2016-06-01,23.06016515,72.58063822,6,Monsoon,15.0,0.0,0.007965288353,4.0,313.12,48.666666666666664,0.0,-0.845360824742268
Gujarat,Gandhi Nagar,2017-05-01,23.06016515,72.58063822,5,Summer,71.0,0.0,5.35e-05,5.0,319.26,61.0,0.0,3.7333333333333334
Gujarat,Gandhi Nagar,2019-06-01,23.06016515,72.58063822,6,Monsoon,3.0,0.0,7.08e-05,4.0,315.6,29.666666666666668,0.0,-0.9577464788732395
Gujarat,Gandhi Nagar,2021-07-01,23.06016515,72.58063822,7,Monsoon,27.0,0.0,0.018340711364999998,7.5,307.49,20.833333333333336,0.0,2.142857142857143
Gujarat,Gandhinagar,2010-04-01,23.2232877,72.6492267,4,Summer,94.0,0.0,5.86e-05,5.0,314.24333340000004,94.0,0.0,0.0
Gujarat,Gandhinagar,2010-06-01,23.2232877,72.6492267,6,Monsoon,128.0,0.0,0.04975466717,6.5,313.09000000000003,63.75,0.0,2.0691489361702127
Gujarat,Gandhinagar,2010-07-01,23.2232877,72.6492267,7,Monsoon,12.0,0.0,2.152496609,9.0,303.445,46.666666666666664,0.0,-0.8956521739130435
Gujarat,Gandhinagar,2010-12-01,23.2232877,72.6492267,12,Winter,16.0,0.0,2.45e-05,9.0,301.5466666,47.666666666666664,0.0,0.33333333333333326
Gujarat,Gandhinagar,2012-06-01,23.2232877,72.6492267,6,Monsoon,60.0,1.0,0.001793252258,4.0,310.28000000000003,29.333333333333332,0.3333333333333333,2.75
Gujarat,Gandhinagar,2012-07-01,23.2232877,72.6492267,7,Monsoon,62.0,0.0,0.3638519885,3.0,316.08,46.0,0.3333333333333333,0.03333333333333344
Gujarat,Gandhinagar,2013-04-01,23.2232877,72.6492267,4,Summer,25.0,0.0,0.0140592212365,5.0,314.66033330000005,37.0,0.16666666666666666,-0.43362282878411906
Gujarat,Gandhinagar,2013-05-01,23.2232877,72.6492267,5,Summer,87.0,2.0,6.44e-05,5.0,317.24,37.333333333333336,0.6666666666666666,5.0
Gujarat,Gandhinagar,2013-06-01,23.2232877,72.6492267,6,Monsoon,24.0,0.0,0.6426252955,5.0,303.48,37.83333333333333,0.6666666666666666,-0.6964164976335362
Gujarat,Gandhinagar,2014-06-01,23.2232877,72.6492267,6,Monsoon,13.0,0.0,0.00197039326,4.0,315.99,12.333333333333334,0.0,0.8571428571428572
Gujarat,Gandhinagar,2016-03-01,23.2232877,72.6492267,3,Summer,34.0,0.0,7.61e-05,6.0,312.1666666,18.0,0.0,1.6153846153846154
Gujarat,Gandhinagar,2016-06-01,23.2232877,72.6492267,6,Monsoon,28.0,0.0,0.001888167203,4.0,315.8866666,25.0,0.0,-0.17647058823529416
Gujarat,Gandhinagar,2016-07-01,23.2232877,72.6492267,7,Monsoon,12.0,0.0,0.6417646359,9.0,316.06,24.666666666666668,0.0,-0.5714285714285714
Gujarat,Gandhinagar,2016-08-01,23.2232877,72.6492267,8,Monsoon,104.0,0.0,0.8992496641000001,3.0,303.445,34.666666666666664,0.0,1.6666666666666665
Gujarat,Gandhinagar,2016-10-01,23.2232877,72.6492267,10,Post-Monsoon,14.0,0.0,0.4269231871,13.0,302.325,39.333333333333336,0.0,-0.7307692307692308
Gujarat,Gandhinagar,2017-05-01,23.2232877,72.6492267,5,Summer,101.0,0.0,0.005320479081,5.0,314.1,55.666666666666664,0.0,5.0
Gujarat,Gandhinagar,2017-06-01,23.2232877,72.6492267,6,Monsoon,189.0,0.0,0.08440429428,5.0,310.24,101.33333333333333,0.0,0.8712871287128714
Gujarat,Gandhinagar,2022-03-01,23.2232877,72.6492267,3,Summer,14.0,0.0,7.1e-05,9.0,307.38,101.33333333333333,0.0,-0.9259259259259259
Gujarat,Gir Somnath,2015-09-01,20.9911049,70.68806405,9,Monsoon,82.0,0.0,0.0536668793,21.0,303.2566666,82.0,0.0,0.0
Gujarat,Gir Somnath,2017-05-01,20.9911049,70.68806405,5,Summer,12.0,0.0,0.002096745091,9.0,315.6566666,47.0,0.0,-0.8536585365853658
Gujarat,Jamnagar,2010-12-01,22.4732415,70.0552102,12,Winter,329.0,0.0,4.04e-05,9.0,301.94,329.0,0.0,0.0
Gujarat,Jamnagar,2011-06-01,22.4732415,70.0552102,6,Monsoon,1.0,0.0,0.06156902892,2.0,307.73,165.0,0.0,-0.9969604863221885
Gujarat,Jamnagar,2012-04-01,22.4732415,70.0552102,4,Summer,54.0,0.0,2.87e-05,4.0,318.79200000000003,128.0,0.0,5.0
Gujarat,Jamnagar,2012-06-01,22.4732415,70.0552102,6,Monsoon,10.0,0.0,0.002220530685,2.0,313.6733334,21.666666666666668,0.0,-0.8148148148148149
Gujarat,Jamnagar,2013-01-01,22.4732415,70.0552102,1,Winter,11.0,0.0,0.04386575055,4.0,301.36400000000003,25.0,0.0,0.10000000000000009
Gujarat,Jamnagar,2013-06-01,22.4732415,70.0552102,6,Monsoon,10.0,0.0,0.1257427299,2.0,315.97200000000004,10.333333333333334,0.0,-0.09090909090909094
Gujarat,Jamnagar,2016-04-01,22.4732415,70.0552102,4,Summer,13.0,0.0,0.0002461407325,2.0,317.03200000000004,11.333333333333334,0.0,0.30000000000000004
Gujarat,Jamnagar,2016-05-01,22.4732415,70.0552102,5,Summer,47.0,0.0,0.0003191528184,2.0,321.492,23.333333333333332,0.0,2.6153846153846154
Gujarat,Jamnagar,2020-02-01,22.4732415,70.0552102,2,Winter,37.0,0.0,4.38e-05,10.0,303.0066666,32.333333333333336,0.0,-0.21276595744680848
Gujarat,Junagadh,2009-06-01,21.5174104,70.4642754,6,Monsoon,31.0,0.0,0.003849650292,3.0,312.596,31.0,0.0,0.0
Gujarat,Junagadh,2010-09-01,21.5174104,70.4642754,9,Monsoon,15.0,0.0,0.6634035391,5.0,301.84000000000003,23.0,0.0,-0.5161290322580645
Gujarat,Junagadh,2010-10-01,21.5174104,70.4642754,10,Post-Monsoon,202.0,0.0,0.021653050847650002,13.0,307.06,53.83333333333333,0.0,2.1833333333333336
Gujarat,Junagadh,2010-11-01,21.5174104,70.4642754,11,Post-Monsoon,26.0,0.0,0.1155053409,10.0,302.0,76.0,0.0,-0.8169014084507042
Gujarat,Junagadh,2010-12-01,21.5174104,70.4642754,12,Winter,123.0,0.0,5.69e-05,10.0,301.144,57.16666666666667,0.0,1.3653846153846154
Gujarat,Junagadh,2011-03-01,21.5174104,70.4642754,3,Summer,18.0,0.0,0.0001128298492,7.0,310.35,47.0,0.0,-0.8144329896907216
Gujarat,Junagadh,2012-11-01,21.5174104,70.4642754,11,Post-Monsoon,343.0,5.0,0.0001624911054,9.0,312.068,152.66666666666666,1.6666666666666667,5.0
Gujarat,Junagadh,2015-12-01,21.5174104,70.4642754,12,Winter,50.0,0.0,0.0007738048045,8.0,304.9233334,137.0,1.6666666666666667,-0.8542274052478134
Gujarat,Junagadh,2016-06-01,21.5174104,70.4642754,6,Monsoon,23.0,0.0,0.01192847138,4.0,312.2166666,138.66666666666666,1.6666666666666667,-0.54
Gujarat,Junagadh,2017-04-01,21.5174104,70.4642754,4,Summer,126.0,0.0,0.00023247263525,7.0,319.218,48.0,0.0,0.8893280632411067
Gujarat,Junagadh,2017-06-01,21.5174104,70.4642754,6,Monsoon,13.0,0.0,0.02067987628,9.0,314.112,46.333333333333336,0.0,-0.7833333333333333
Gujarat,Junagadh,2018-04-01,21.5174104,70.4642754,4,Summer,48.0,0.0,0.0002567973069,9.0,322.4866666,40.333333333333336,0.0,2.6923076923076925
Gujarat,Junagadh,2022-06-01,21.5174104,70.4642754,6,Monsoon,25.0,0.0,0.0008335765121,4.0,315.92400000000004,28.666666666666668,0.0,-0.47916666666666663
Gujarat,Junagarh,2010-08-01,21.25,70.333333,8,Monsoon,42.0,0.0,0.3228535896,9.0,303.32,42.0,0.0,0.0
Gujarat,Junagarh,2017-03-01,21.25,70.333333,3,Summer,22.0,0.0,0.0001316036471,5.0,314.568,32.0,0.0,-0.47619047619047616
Gujarat,Kheda,2010-03-01,22.75,72.833333,3,Summer,33.0,0.0,1.97e-05,9.0,316.05,33.0,0.0,0.0
Gujarat,Kheda,2010-06-01,22.75,72.833333,6,Monsoon,62.0,1.0,0.046233605828000006,9.0,313.61788886666665,25.222222222222225,0.38888888888888884,0.17453848833159172
Gujarat,Kheda,2010-09-01,22.75,72.833333,9,Monsoon,8.0,2.0,0.02042735116,14.0,303.62,13.666666666666666,0.6666666666666666,-0.6521739130434783
Gujarat,Kheda,2011-01-01,22.75,72.833333,1,Winter,95.0,0.0,4.99e-05,10.0,300.83,42.0,0.6666666666666666,5.0
Gujarat,Kheda,2011-03-01,22.75,72.833333,3,Summer,25.0,0.0,2.47e-05,9.0,313.62,42.666666666666664,0.6666666666666666,-0.736842105263158
Gujarat,Kheda,2011-04-01,22.75,72.833333,4,Summer,19.0,0.0,0.001741688785,5.0,316.0966666,46.333333333333336,0.0,-0.24
Gujarat,Kheda,2011-06-01,22.75,72.833333,6,Monsoon,39.0,1.0,0.01034451457875,9.0,314.653,21.833333333333332,0.3333333333333333,-0.06442831215970957
Gujarat,Kheda,2012-01-01,22.75,72.833333,1,Winter,41.0,0.0,0.001980834165,9.0,298.87,26.666666666666668,0.3333333333333333,3.0999999999999996
Gujarat,Kheda,2012-04-01,22.75,72.833333,4,Summer,25.0,0.0,5.55e-05,6.0,315.6066666,25.333333333333332,0.0,-0.3902439024390244
Gujarat,Kheda,2012-05-01,22.75,72.833333,5,Summer,105.0,0.0,4.4200000000000004e-05,5.0,317.32166659999996,43.833333333333336,0.0,0.6235820895522388
Gujarat,Kheda,2013-04-01,22.75,72.833333,4,Summer,61.0,0.0,5.57e-05,5.0,313.8,55.333333333333336,0.0,0.605263157894737
Gujarat,Kheda,2013-07-01,22.75,72.833333,7,Monsoon,14.0,0.0,1.540231603,2.0,303.445,37.666666666666664,0.0,-0.7704918032786885
Gujarat,Kheda,2013-08-01,22.75,72.833333,8,Monsoon,13.0,0.0,0.1069196757,10.0,301.6,29.333333333333332,0.0,-0.0714285714285714
Gujarat,Kheda,2013-09-01,22.75,72.833333,9,Monsoon,41.0,0.0,2.533894167,5.0,303.445,22.666666666666668,0.0,2.1538461538461537
Gujarat,Kheda,2014-04-01,22.75,72.833333,4,Summer,12.0,1.0,0.02083285209,9.0,313.572,22.0,0.3333333333333333,-0.7073170731707317
Gujarat,Kheda,2014-07-01,22.75,72.833333,7,Monsoon,31.0,0.0,0.07187423672,1.0,315.94,28.0,0.3333333333333333,1.5833333333333335
Gujarat,Kheda,2014-09-01,22.75,72.833333,9,Monsoon,13.0,0.0,0.02370517307,9.0,305.0166666,18.666666666666668,0.3333333333333333,-0.5806451612903225
Gujarat,Kheda,2015-07-01,22.75,72.833333,7,Monsoon,407.0,1.0,3.667721542,2.0,303.445,109.5,0.3333333333333333,2.5544041450777204
Gujarat,Kheda,2016-01-01,22.75,72.833333,1,Winter,11.0,0.0,5.13e-05,9.0,301.3766666,139.33333333333334,0.3333333333333333,-0.9485981308411215
Gujarat,Kheda,2016-02-01,22.75,72.833333,2,Winter,24.0,0.0,6.51e-05,9.0,300.6766666,83.0,0.0,1.1818181818181817
Gujarat,Kheda,2016-03-01,22.75,72.833333,3,Summer,82.0,0.0,8.13e-05,6.0,312.1733334,39.0,0.0,2.4166666666666665
Gujarat,Kheda,2016-05-01,22.75,72.833333,5,Summer,73.0,0.0,0.01075004829,5.0,317.5866666,59.666666666666664,0.0,-0.1097560975609756
Gujarat,Kheda,2016-07-01,22.75,72.833333,7,Monsoon,37.0,0.0,0.6336163037,4.0,316.06,64.0,0.0,-0.4931506849315068
Gujarat,Kheda,2016-08-01,22.75,72.833333,8,Monsoon,77.0,1.0,0.8092235402,3.0,303.445,62.333333333333336,0.3333333333333333,1.0810810810810811
Gujarat,Kheda,2016-09-01,22.75,72.833333,9,Monsoon,101.0,0.0,0.02547058312,16.0,305.01,71.66666666666667,0.3333333333333333,0.3116883116883118
Gujarat,Kheda,2016-10-01,22.75,72.833333,10,Post-Monsoon,51.0,0.0,3.67e-05,10.0,306.8666666,76.33333333333333,0.3333333333333333,-0.49504950495049505
Gujarat,Kheda,2017-07-01,22.75,72.833333,7,Monsoon,45.0,0.0,5.679999853,3.0,303.62,65.66666666666667,0.0,-0.11764705882352944
Gujarat,Kheda,2017-12-01,22.75,72.833333,12,Winter,25.0,0.0,0.1428627050345,5.5,298.3475,31.5,0.0,-0.7009661835748793
Gujarat,Kheda,2018-05-01,22.75,72.833333,5,Summer,23.0,0.0,6.56e-05,4.0,319.14,16.0,0.0,5.0
Gujarat,Kheda,2018-07-01,22.75,72.833333,7,Monsoon,18.0,0.0,1.467803365,9.0,290.44,14.333333333333334,0.0,-0.21739130434782605
Gujarat,Kheda,2019-05-01,22.75,72.833333,5,Summer,55.0,0.0,7.54e-05,9.0,317.5933334,32.0,0.0,2.0555555555555554
Gujarat,Kheda,2019-07-01,22.75,72.833333,7,Monsoon,18.0,0.0,0.1766005699,5.0,311.89,30.333333333333332,0.0,-0.6727272727272727
Gujarat,Kheda,2021-06-01,22.75,72.833333,6,Monsoon,10.0,0.0,0.04506399228,7.0,307.52,27.666666666666668,0.0,-0.4444444444444444
Gujarat,Kheda,2021-07-01,22.75,72.833333,7,Monsoon,10.0,0.0,0.2755054941,5.0,311.66,12.666666666666666,0.0,0.0
Gujarat,Kheda,2022-03-01,22.75,72.833333,3,Summer,19.0,0.0,8.42e-05,6.0,311.62333340000004,13.0,0.0,0.8999999999999999
Gujarat,Kutch,2010-08-01,23.583333,70.0,8,Monsoon,524.0,0.0,0.8300368866,5.0,294.44,218.5,0.0,0.4971428571428571
Gujarat,Kutch,2011-05-01,23.583333,70.0,5,Summer,99.0,0.0,0.0002663771331,3.0,316.3833334,207.66666666666666,0.0,-0.7163323782234957
Gujarat,Kutch,2012-03-01,23.583333,70.0,3,Summer,50.0,0.0,9.53e-05,4.0,312.5266666,166.0,0.0,-0.4949494949494949
Gujarat,Kutch,2012-08-01,23.583333,70.0,8,Monsoon,33.0,0.0,0.01114512451,2.0,312.91,60.666666666666664,0.0,-0.33999999999999997
Gujarat,Kutch,2012-10-01,23.583333,70.0,10,Post-Monsoon,15.0,1.0,5.61e-05,7.0,314.57,32.666666666666664,0.3333333333333333,-0.5454545454545454
Gujarat,Mahesana,2011-05-01,23.6015557,72.3867981,5,Summer,158.0,0.0,0.001998657765,6.0,316.1866666,60.0,0.0,0.9268292682926829
Gujarat,Mahesana,2014-05-01,23.6015557,72.3867981,5,Summer,26.0,0.0,0.0043187536565,9.0,317.8726667,52.166666666666664,0.0,-0.36538461538461536
Gujarat,Mahesana,2014-07-01,23.6015557,72.3867981,7,Monsoon,72.0,0.0,0.60447180656,3.5,307.6975,23.333333333333336,0.0,0.7857142857142857
Gujarat,Mahesana,2015-06-01,23.6015557,72.3867981,6,Monsoon,10.0,0.0,0.08118033826,5.0,311.545,27.333333333333332,0.0,-0.7727272727272727
Gujarat,Mahesana,2016-10-01,23.6015557,72.3867981,10,Post-Monsoon,65.0,0.0,0.50743532,10.0,304.6016667,27.833333333333336,0.0,1.2552631578947366
Gujarat,Mahesana,2016-11-01,23.6015557,72.3867981,11,Post-Monsoon,12.0,0.0,9.91e-05,10.0,307.83,25.666666666666668,0.0,-0.5555555555555556
Gujarat,Mahesana,2017-03-01,23.6015557,72.3867981,3,Summer,18.0,0.0,5.77e-05,7.0,310.69,19.0,0.0,0.5
Gujarat,Mahesana,2017-07-01,23.6015557,72.3867981,7,Monsoon,59.0,0.0,0.110457854,9.0,310.49,29.666666666666668,0.0,2.2777777777777777
Gujarat,Mahesana,2017-11-01,23.6015557,72.3867981,11,Post-Monsoon,56.0,0.0,4.78e-05,9.0,307.58,44.333333333333336,0.0,-0.05084745762711862
Gujarat,Mahesana,2019-01-01,23.6015557,72.3867981,1,Winter,12.0,0.0,0.0001120414055,7.0,298.01,42.333333333333336,0.0,-0.7857142857142857
Gujarat,Mahesana,2019-06-01,23.6015557,72.3867981,6,Monsoon,13.0,0.0,0.04759859363,5.0,317.5966666,27.0,0.0,0.08333333333333326
Gujarat,Mahesana,2019-10-01,23.6015557,72.3867981,10,Post-Monsoon,250.0,0.0,0.01058782493,9.0,307.8266666,91.66666666666667,0.0,5.0
Gujarat,Mahesana,2020-01-01,23.6015557,72.3867981,1,Winter,45.0,0.0,6.17e-05,9.0,297.6633334,102.66666666666667,0.0,-0.8200000000000001
Gujarat,Mehsana,2013-04-01,23.6015557,72.3867981,4,Summer,73.0,0.0,5.57e-05,6.0,313.43,73.0,0.0,0.0
Gujarat,Mehsana,2013-06-01,23.6015557,72.3867981,6,Monsoon,27.0,0.0,0.005066166348,9.0,315.616,50.0,0.0,-0.6301369863013699
Gujarat,Mehsana,2015-01-01,23.6015557,72.3867981,1,Winter,37.0,0.0,0.0003403025753,11.0,297.50333340000003,45.666666666666664,0.0,0.37037037037037046
Gujarat,Mehsana,2015-02-01,23.6015557,72.3867981,2,Winter,20.0,0.0,6.69e-05,10.0,305.08,28.0,0.0,-0.45945945945945943
Gujarat,Mehsana,2016-01-01,23.6015557,72.3867981,1,Winter,18.0,0.0,2.4e-05,10.0,300.94,25.0,0.0,-0.09999999999999998
Gujarat,Morbi,2015-06-01,22.8176662,70.8345928,6,Monsoon,98.0,0.0,0.05572676094,2.0,315.228,98.0,0.0,0.0
Gujarat,Morbi,2016-11-01,22.8176662,70.8345928,11,Post-Monsoon,113.0,0.0,5.96e-05,5.0,307.59000000000003,105.5,0.0,0.15306122448979598
Gujarat,Morbi,2017-10-01,22.8176662,70.8345928,10,Post-Monsoon,19.0,0.0,7.82e-05,9.0,309.9566666,76.66666666666667,0.0,-0.831858407079646
Gujarat,Morbi,2018-07-01,22.8176662,70.8345928,7,Monsoon,46.0,0.0,0.1675780561,1.0,314.12,59.333333333333336,0.0,1.4210526315789473
Gujarat,Morbi,2019-12-01,22.8176662,70.8345928,12,Winter,190.0,0.0,6.14e-05,9.0,301.62,85.0,0.0,3.1304347826086953
Gujarat,Morbi,2021-06-01,22.8176662,70.8345928,6,Monsoon,44.0,0.0,0.01993589005,3.0,309.2566666,93.33333333333333,0.0,-0.7684210526315789
Gujarat,Narmada,2010-10-01,21.8678464,73.5025585,10,Post-Monsoon,39.0,1.0,0.09825528651,9.0,306.78000000000003,39.0,1.0,0.0
Gujarat,Narmada,2010-12-01,21.8678464,73.5025585,12,Winter,16.0,0.0,0.0001274969872,9.0,302.06,27.5,0.5,-0.5897435897435898
Gujarat,Narmada,2012-04-01,21.8678464,73.5025585,4,Summer,16.0,0.0,6.86e-05,5.0,315.7866666,23.666666666666668,0.3333333333333333,0.0
Gujarat,Narmada,2013-07-01,21.8678464,73.5025585,7,Monsoon,20.0,0.0,0.6817206856,1.0,303.445,17.333333333333332,0.0,0.25
Gujarat,Narmada,2014-09-01,21.8678464,73.5025585,9,Monsoon,17.0,0.0,1.08466022,5.0,302.08,17.666666666666668,0.0,-0.15000000000000002
Gujarat,Narmada,2015-06-01,21.8678464,73.5025585,6,Monsoon,15.0,0.0,0.1861349374,7.0,307.94,17.333333333333332,0.0,-0.11764705882352944
Gujarat,Narmada,2016-06-01,21.8678464,73.5025585,6,Monsoon,41.0,1.0,0.004507394,5.0,313.30400000000003,24.333333333333332,0.3333333333333333,1.7333333333333334
Gujarat,Narmada,2018-04-01,21.8678464,73.5025585,4,Summer,19.0,1.0,6.65e-05,6.0,316.4566666,25.0,0.6666666666666666,-0.5365853658536586
Gujarat,Narmada,2018-07-01,21.8678464,73.5025585,7,Monsoon,31.0,0.0,1.033709667,1.0,303.445,30.333333333333332,0.6666666666666666,0.631578947368421
Gujarat,Navsari,2010-05-01,20.952407,72.9323831,5,Summer,157.0,0.0,0.001019817741,7.0,313.15333340000007,88.75,0.0,-0.20707070707070707
Gujarat,Navsari,2010-06-01,20.952407,72.9323831,6,Monsoon,305.0,0.0,0.02331308607,5.0,308.12,95.66666666666666,0.0,1.7895913154533842
Gujarat,Navsari,2010-09-01,20.952407,72.9323831,9,Monsoon,164.0,0.0,1.693848304,5.0,291.94,132.5,0.0,-0.25726427622841963
Gujarat,Navsari,2011-02-01,20.952407,72.9323831,2,Winter,29.0,0.0,0.0008183304689,4.0,304.848,64.33333333333333,0.0,-0.6741573033707865
Gujarat,Navsari,2011-04-01,20.952407,72.9323831,4,Summer,28.0,0.0,0.0001314640023,4.0,311.77,48.666666666666664,0.0,-0.03448275862068961
Gujarat,Navsari,2011-05-01,20.952407,72.9323831,5,Summer,53.0,0.0,0.0003037917781,9.0,311.8,26.5,0.0,0.13690476190476186
Gujarat,Navsari,2011-07-01,20.952407,72.9323831,7,Monsoon,65.0,0.0,0.8027774261999999,9.0,305.1225,32.66666666666667,0.0,-0.07472826086956519
Gujarat,Navsari,2011-08-01,20.952407,72.9323831,8,Monsoon,35.0,0.0,1.846970939,9.0,303.445,33.333333333333336,0.0,0.8421052631578947
Gujarat,Navsari,2012-07-01,20.952407,72.9323831,7,Monsoon,87.0,0.0,0.5929920254,2.0,303.445,47.0,0.0,1.4857142857142858
Gujarat,Navsari,2013-06-01,20.952407,72.9323831,6,Monsoon,32.0,0.0,0.5544591588,4.0,301.64,51.333333333333336,0.0,-0.632183908045977
Gujarat,Navsari,2013-10-01,20.952407,72.9323831,10,Post-Monsoon,14.0,0.0,0.2864003961,9.0,302.57,44.333333333333336,0.0,-0.5625
Gujarat,Navsari,2013-11-01,20.952407,72.9323831,11,Post-Monsoon,102.0,1.0,6.01e-05,9.0,305.7,49.333333333333336,0.3333333333333333,5.0
Gujarat,Navsari,2014-08-01,20.952407,72.9323831,8,Monsoon,47.0,0.0,0.5151682244,5.0,297.62,54.333333333333336,0.3333333333333333,-0.5392156862745099
Gujarat,Navsari,2015-05-01,20.952407,72.9323831,5,Summer,45.0,0.0,4.55e-05,5.0,312.68333340000004,64.66666666666667,0.3333333333333333,-0.04255319148936165
Gujarat,Navsari,2015-06-01,20.952407,72.9323831,6,Monsoon,16.0,0.0,1.366120498,9.0,303.445,36.0,0.0,-0.6444444444444444
Gujarat,Navsari,2015-07-01,20.952407,72.9323831,7,Monsoon,47.0,0.0,0.1182589681,7.0,300.68,24.166666666666664,0.0,0.27529761904761907
Gujarat,Navsari,2016-04-01,20.952407,72.9323831,4,Summer,114.0,0.0,4.11e-05,3.0,312.612,53.666666666666664,0.0,3.384615384615385
Gujarat,Navsari,2016-07-01,20.952407,72.9323831,7,Monsoon,223.0,0.0,0.5310265855,3.25,302.3275,47.166666666666664,0.0,1.1929824561403508
Gujarat,Navsari,2016-10-01,20.952407,72.9323831,10,Post-Monsoon,42.0,0.0,1.58e-05,9.0,305.5066666,75.66666666666667,0.0,-0.7558139534883721
Gujarat,Navsari,2016-12-01,20.952407,72.9323831,12,Winter,39.0,0.0,4.99e-05,5.0,305.2366666,84.33333333333333,0.0,-0.0714285714285714
Gujarat,Navsari,2017-07-01,20.952407,72.9323831,7,Monsoon,47.0,0.0,1.214032591,9.0,303.445,42.666666666666664,0.0,0.20512820512820507
Gujarat,Navsari,2018-03-01,20.952407,72.9323831,3,Summer,27.0,0.0,4.4e-05,3.0,308.408,37.666666666666664,0.0,-0.42553191489361697
Gujarat,Navsari,2018-04-01,20.952407,72.9323831,4,Summer,22.0,0.0,7.16e-05,9.0,312.2966666,32.0,0.0,-0.18518518518518523
Gujarat,Navsari,2018-07-01,20.952407,72.9323831,7,Monsoon,23.0,0.0,0.3879520571,9.0,300.135,24.0,0.0,0.045454545454545414
Gujarat,Navsari,2019-07-01,20.952407,72.9323831,7,Monsoon,25.0,0.0,0.1795757448,7.0,304.285,23.333333333333332,0.0,0.08695652173913038
Gujarat,Navsari,2021-06-01,20.952407,72.9323831,6,Monsoon,15.0,0.0,0.07229866355,7.0,305.425,21.0,0.0,-0.4
Gujarat,Navsari,2021-07-01,20.952407,72.9323831,7,Monsoon,43.0,0.0,0.5702178237,4.0,303.445,18.333333333333332,0.0,0.6916666666666668
Gujarat,Navsari,2021-10-01,20.952407,72.9323831,10,Post-Monsoon,77.0,0.0,1.1359736455,9.5,302.044,37.16666666666667,0.0,0.19601254480286745
Gujarat,Navsari,2021-11-01,20.952407,72.9323831,11,Post-Monsoon,12.0,0.0,0.03195768538,7.0,301.8,29.666666666666668,0.0,1.4
Gujarat,Navsari,2022-01-01,20.952407,72.9323831,1,Winter,21.0,0.0,0.00499654567,5.0,298.955,12.666666666666666,0.0,0.75
Gujarat,Navsari,2022-03-01,20.952407,72.9323831,3,Summer,76.0,0.0,0.00011272428214999999,4.0,308.77166669999997,31.166666666666668,0.0,0.5238095238095238
Gujarat,Navsari,2022-05-01,20.952407,72.9323831,5,Summer,47.0,0.0,8.75e-05,3.0,307.56333340000003,41.0,0.0,1.473684210526316
Gujarat,Panchmahal,2010-05-01,22.7748893,73.620404,5,Summer,6.0,0.0,3e-05,3.0,324.7,6.0,0.0,0.0
Gujarat,Panchmahal,2010-07-01,22.7748893,73.620404,7,Monsoon,6.0,5.0,0.4808198686,6.0,307.59000000000003,6.0,2.5,0.0
Gujarat,Panchmahal,2011-07-01,22.7748893,73.620404,7,Monsoon,8.0,2.0,0.5380064098,2.0,303.445,5.0,2.166666666666667,-0.16666666666666669
Gujarat,Panchmahal,2012-05-01,22.7748893,73.620404,5,Summer,26.0,0.0,3.74e-05,4.0,320.78000000000003,11.333333333333334,0.6666666666666666,5.0
Gujarat,Panchmahal,2012-09-01,22.7748893,73.620404,9,Monsoon,50.0,0.0,1.84157285135,17.0,299.67,19.666666666666664,0.16666666666666666,0.8141025641025641
Gujarat,Panchmahal,2013-04-01,22.7748893,73.620404,4,Summer,14.0,0.0,0.01125508684,4.0,318.288,21.333333333333332,0.0,-0.631578947368421
Gujarat,Panchmahal,2013-09-01,22.7748893,73.620404,9,Monsoon,29.0,1.0,0.08055287730499999,22.5,302.19,19.166666666666668,0.16666666666666666,-0.06071428571428572
Gujarat,Panchmahal,2013-11-01,22.7748893,73.620404,11,Post-Monsoon,10.0,0.0,4.73e-05,10.0,306.5866666,13.0,0.3333333333333333,0.11111111111111116
Gujarat,Panchmahal,2014-06-01,22.7748893,73.620404,6,Monsoon,11.0,0.0,0.0002850627042,9.0,319.2466666,10.0,0.3333333333333333,0.10000000000000009
Gujarat,Panchmahal,2019-10-01,22.7748893,73.620404,10,Post-Monsoon,1.0,1.0,0.06211634838,22.0,302.564,7.333333333333333,0.3333333333333333,-0.9090909090909091
Gujarat,Patan,2011-12-01,23.77405735,71.68373466,12,Winter,13.0,0.0,5.28e-05,4.0,309.75333340000003,13.0,0.0,0.0
Gujarat,Patan,2013-09-01,23.77405735,71.68373466,9,Monsoon,49.0,1.0,0.04590138707,6.0,303.632,31.0,0.5,2.769230769230769
Gujarat,Patan,2017-02-01,23.77405735,71.68373466,2,Winter,59.0,1.0,6.74e-05,9.0,311.13,40.333333333333336,0.6666666666666666,0.20408163265306123
Gujarat,Patan,2017-05-01,23.77405735,71.68373466,5,Summer,147.0,0.0,0.0002845194639,3.0,318.2066666,85.0,0.6666666666666666,1.4915254237288136
Gujarat,Patan,2022-01-01,23.77405735,71.68373466,1,Winter,7.0,0.0,0.06509449409,9.0,299.08,71.0,0.3333333333333333,-0.9523809523809523
Gujarat,Porbandar,2017-02-01,21.6409,69.611,2,Winter,44.0,0.0,4.44e-05,9.0,306.78400000000005,44.0,0.0,0.0
Gujarat,Porbandar,2018-07-01,21.6409,69.611,7,Monsoon,26.0,0.0,1.264608286,1.0,303.445,35.0,0.0,-0.40909090909090906
Gujarat,Rajkot,2010-09-01,22.3053263,70.8028377,9,Monsoon,218.0,0.0,0.1354442078,12.0,302.105,218.0,0.0,0.0
Gujarat,Rajkot,2010-10-01,22.3053263,70.8028377,10,Post-Monsoon,94.0,0.0,0.1272072970095,12.0,308.28,117.0,0.0,-0.28462210572302316
Gujarat,Rajkot,2011-09-01,22.3053263,70.8028377,9,Monsoon,44.0,0.0,1.011349505,14.0,295.33,46.0,0.0,-0.15384615384615385
Gujarat,Rajkot,2011-11-01,22.3053263,70.8028377,11,Post-Monsoon,271.0,0.0,5.886666666666667e-05,10.0,308.86111106666664,52.333333333333336,0.0,1.484848484848485
Gujarat,Rajkot,2011-12-01,22.3053263,70.8028377,12,Winter,29.0,0.0,0.000838247386,9.0,305.225,93.33333333333333,0.0,-0.8744588744588745
Gujarat,Rajkot,2012-03-01,22.3053263,70.8028377,3,Summer,61.0,0.0,0.0001730151463,5.0,309.1966666,107.0,0.0,1.103448275862069
Gujarat,Rajkot,2013-06-01,22.3053263,70.8028377,6,Monsoon,21.0,0.0,0.1016335968,4.0,310.035,37.0,0.0,-0.6557377049180328
Gujarat,Rajkot,2015-01-01,22.3053263,70.8028377,1,Winter,44.0,0.0,0.005514882421,5.0,303.152,42.0,0.0,1.0952380952380953
Gujarat,Rajkot,2016-06-01,22.3053263,70.8028377,6,Monsoon,89.0,0.0,0.01895826123,2.0,309.8433334,51.333333333333336,0.0,1.022727272727273
Gujarat,Rajkot,2017-02-01,22.3053263,70.8028377,2,Winter,23.0,0.0,7.26e-05,4.0,313.4766666,52.0,0.0,-0.7415730337078652
Gujarat,Rajkot,2019-04-01,22.3053263,70.8028377,4,Summer,70.0,0.0,6.94e-05,9.0,321.5566666,60.666666666666664,0.0,2.0434782608695654
Gujarat,Sabarkantha,2010-09-01,24.0294885,73.0459884,9,Monsoon,11.0,0.0,0.00813693022,23.0,302.27,11.0,0.0,0.0
Gujarat,Sabarkantha,2011-01-01,24.0294885,73.0459884,1,Winter,32.0,0.0,8.2e-05,9.0,298.75333340000003,21.5,0.0,1.9090909090909092
Gujarat,Sabarkantha,2011-04-01,24.0294885,73.0459884,4,Summer,37.0,0.0,8.772279910000001e-05,5.0,317.31,20.666666666666664,0.0,0.22916666666666674
Gujarat,Sabarkantha,2011-06-01,24.0294885,73.0459884,6,Monsoon,176.0,0.0,0.01258606819,6.0,313.816,71.0,0.0,5.0
Gujarat,Sabarkantha,2011-09-01,24.0294885,73.0459884,9,Monsoon,11.0,0.0,0.06785677637,20.0,300.1433334,70.66666666666667,0.0,-0.9375
Gujarat,Sabarkantha,2012-05-01,24.0294885,73.0459884,5,Summer,12.0,0.0,0.00277135941,7.0,315.0133334,66.33333333333333,0.0,0.09090909090909083
Gujarat,Sabarkantha,2013-07-01,24.0294885,73.0459884,7,Monsoon,7.0,0.0,0.1712291853,9.0,306.9466666,10.0,0.0,-0.41666666666666663
Gujarat,Sabarkantha,2013-10-01,24.0294885,73.0459884,10,Post-Monsoon,35.0,0.0,0.9914794766,20.0,299.21,18.0,0.0,4.0
Gujarat,Sabarkantha,2014-08-01,24.0294885,73.0459884,8,Monsoon,23.0,1.0,1.656777275,9.0,300.72,21.666666666666668,0.3333333333333333,-0.34285714285714286
Gujarat,Sabarkantha,2014-10-01,24.0294885,73.0459884,10,Post-Monsoon,263.0,0.0,6.66e-05,15.0,305.83,107.0,0.3333333333333333,5.0
Gujarat,Sabarkantha,2015-05-01,24.0294885,73.0459884,5,Summer,22.0,0.0,0.004588629021,6.0,319.7366666,102.66666666666667,0.3333333333333333,-0.9163498098859315
Gujarat,Sabarkantha,2015-06-01,24.0294885,73.0459884,6,Monsoon,183.0,0.0,0.5394310747378667,7.0,306.74444446666666,71.88888888888889,0.0,1.0755558658784465
Gujarat,Sabarkantha,2015-07-01,24.0294885,73.0459884,7,Monsoon,16.0,0.0,0.0344501256,9.0,301.31,45.333333333333336,0.0,-0.8202247191011236
Gujarat,Sabarkantha,2016-06-01,24.0294885,73.0459884,6,Monsoon,27.0,0.0,0.009809507705,5.0,311.0433334,44.0,0.0,0.6875
Gujarat,Sabarkantha,2017-09-01,24.0294885,73.0459884,9,Monsoon,34.0,0.0,0.3329927846,9.0,303.05333340000004,25.666666666666668,0.0,0.2592592592592593
Gujarat,Sabarkantha,2018-05-01,24.0294885,73.0459884,5,Summer,78.0,0.0,5.58e-05,7.5,315.755,38.833333333333336,0.0,0.032352941176470584
Gujarat,Sabarkantha,2020-06-01,24.0294885,73.0459884,6,Monsoon,8.0,0.0,0.2213283721,7.0,309.0366666,28.666666666666668,0.0,-0.5555555555555556
Gujarat,Sabarkantha,2022-04-01,24.0294885,73.0459884,4,Summer,4.0,3.0,0.0004518239242,7.0,318.4766666,10.0,1.0,-0.5
Gujarat,Surat,2010-06-01,21.19177615,72.95441578,6,Monsoon,15.0,0.0,0.06013076757,8.0,310.876,15.0,0.0,0.0
Gujarat,Surat,2010-08-01,21.19177615,72.95441578,8,Monsoon,24.0,0.0,0.5743738278,10.0,291.72,19.5,0.0,0.6000000000000001
Gujarat,Surat,2010-09-01,21.19177615,72.95441578,9,Monsoon,20.0,0.0,1.20702249,8.0,298.2,19.666666666666668,0.0,-0.16666666666666663
Gujarat,Surat,2011-01-01,21.19177615,72.95441578,1,Winter,29.0,0.0,0.00012712466055,7.0,301.552,17.5,0.0,0.00833333333333336
Gujarat,Surat,2011-03-01,21.19177615,72.95441578,3,Summer,66.0,0.0,0.0001238154963,8.0,308.816,24.333333333333336,0.0,0.47058823529411764
Gujarat,Surat,2011-06-01,21.19177615,72.95441578,6,Monsoon,15.0,0.0,0.03202568453,7.0,308.94,27.0,0.0,-0.53125
Gujarat,Surat,2011-12-01,21.19177615,72.95441578,12,Winter,40.0,0.0,3.94e-05,8.0,305.40000000000003,29.0,0.0,1.6666666666666665
Gujarat,Surat,2012-03-01,21.19177615,72.95441578,3,Summer,34.0,0.0,7.94e-05,6.0,309.23,29.666666666666668,0.0,-0.15000000000000002
Gujarat,Surat,2012-12-01,21.19177615,72.95441578,12,Winter,26.0,0.0,7.36e-05,8.0,303.3233334,33.333333333333336,0.0,-0.23529411764705888
Gujarat,Surat,2013-03-01,21.19177615,72.95441578,3,Summer,32.0,0.0,5.07e-05,6.0,311.6266666,30.666666666666668,0.0,0.23076923076923084
Gujarat,Surat,2013-08-01,21.19177615,72.95441578,8,Monsoon,32.0,0.0,1.307068748,6.0,293.14,30.0,0.0,0.0
Gujarat,Surat,2014-04-01,21.19177615,72.95441578,4,Summer,38.0,0.0,0.0002140636356,7.0,312.0233334,34.0,0.0,0.1875
Gujarat,Surat,2014-07-01,21.19177615,72.95441578,7,Monsoon,26.0,0.0,1.524562269,2.0,301.56,32.0,0.0,-0.3157894736842105
Gujarat,Surat,2014-11-01,21.19177615,72.95441578,11,Post-Monsoon,37.0,0.0,5.36e-05,10.0,306.3933334,33.666666666666664,0.0,0.42307692307692313
Gujarat,Surat,2015-06-01,21.19177615,72.95441578,6,Monsoon,77.0,0.0,0.2175673923,8.0,310.92,46.666666666666664,0.0,1.0810810810810811
Gujarat,Surat,2015-07-01,21.19177615,72.95441578,7,Monsoon,15.0,0.0,0.1889404997,8.0,301.42,43.0,0.0,-0.8051948051948052
Gujarat,Surat,2015-08-01,21.19177615,72.95441578,8,Monsoon,61.0,0.0,0.567186819,4.0,298.82,51.0,0.0,3.0666666666666664
Gujarat,Surat,2016-03-01,21.19177615,72.95441578,3,Summer,16.0,0.0,0.0004883834724,7.0,312.6366666,30.666666666666668,0.0,-0.7377049180327868
Gujarat,Surat,2016-05-01,21.19177615,72.95441578,5,Summer,204.0,0.0,0.01475131112,7.0,312.49,93.66666666666667,0.0,5.0
Gujarat,Surat,2016-07-01,21.19177615,72.95441578,7,Monsoon,75.0,0.0,0.713356643,2.0,289.6675,47.166666666666664,0.0,0.0901928953399542
Gujarat,Surat,2017-09-01,21.19177615,72.95441578,9,Monsoon,18.0,0.0,0.7513579243,9.0,304.87333340000004,23.333333333333332,0.0,-0.4193548387096774
Gujarat,Surat,2017-12-01,21.19177615,72.95441578,12,Winter,65.0,0.0,5.48e-05,9.0,298.52500000000003,38.0,0.0,2.611111111111111
Gujarat,Surat,2018-03-01,21.19177615,72.95441578,3,Summer,77.0,0.0,0.001935575772,6.0,308.0933334,53.333333333333336,0.0,0.18461538461538463
Gujarat,Surat,2018-06-01,21.19177615,72.95441578,6,Monsoon,12.0,0.0,0.1476572732,7.0,303.985,51.333333333333336,0.0,-0.8441558441558441
Gujarat,Surat,2018-09-01,21.19177615,72.95441578,9,Monsoon,54.0,0.0,0.2671809516,6.0,288.79,47.666666666666664,0.0,3.5
Gujarat,Surat,2019-08-01,21.19177615,72.95441578,8,Monsoon,43.0,0.0,0.3714204194,7.0,298.34000000000003,36.333333333333336,0.0,-0.20370370370370372
Gujarat,Surat,2019-10-01,21.19177615,72.95441578,10,Post-Monsoon,88.0,0.0,0.01329498765,13.0,305.7266666,61.666666666666664,0.0,1.0465116279069768
Gujarat,Surat,2021-05-01,21.19177615,72.95441578,5,Summer,108.0,5.0,0.04020598334,10.0,302.808,79.66666666666667,1.6666666666666667,0.2272727272727273
Gujarat,Surat,2021-09-01,21.19177615,72.95441578,9,Monsoon,28.0,0.0,0.3946962448,9.0,300.34000000000003,74.66666666666667,1.6666666666666667,-0.7407407407407407
Gujarat,Surat,2021-10-01,21.19177615,72.95441578,10,Post-Monsoon,15.0,0.0,0.1717429095,9.0,298.788,50.333333333333336,1.6666666666666667,-0.4642857142857143
Gujarat,Surat,2021-12-01,21.19177615,72.95441578,12,Winter,32.0,0.0,0.00691965996775,10.5,300.735,18.666666666666668,0.0,-0.039393939393939426
Gujarat,Surendranagar,2009-06-01,22.75,71.666667,6,Monsoon,137.0,2.0,0.0001163615629,3.0,312.43333340000004,137.0,2.0,0.0
Gujarat,Surendranagar,2010-06-01,22.75,71.666667,6,Monsoon,76.0,0.0,0.007075568913,2.0,312.744,106.5,1.0,-0.44525547445255476
Gujarat,Surendranagar,2010-11-01,22.75,71.666667,11,Post-Monsoon,68.0,0.0,0.3640836786,5.0,300.69333340000003,93.66666666666667,0.6666666666666666,-0.10526315789473684
Gujarat,Surendranagar,2012-01-01,22.75,71.666667,1,Winter,138.0,0.0,0.003225627346,9.0,300.97,94.0,0.0,1.0294117647058822
Gujarat,Surendranagar,2012-03-01,22.75,71.666667,3,Summer,91.0,0.0,0.0001146026329,5.0,312.99,99.0,0.0,-0.3405797101449275
Gujarat,Surendranagar,2012-05-01,22.75,71.666667,5,Summer,127.0,0.0,5.14e-05,3.0,315.2466666,118.66666666666667,0.0,0.39560439560439553
Gujarat,Surendranagar,2012-07-01,22.75,71.666667,7,Monsoon,32.0,1.0,1.243289876,2.0,304.87,83.33333333333333,0.3333333333333333,-0.7480314960629921
Gujarat,Surendranagar,2013-10-01,22.75,71.666667,10,Post-Monsoon,38.0,0.0,0.0001278605349,8.0,309.6166666,65.66666666666667,0.3333333333333333,0.1875
Gujarat,Surendranagar,2017-06-01,22.75,71.666667,6,Monsoon,102.0,0.0,0.008551700984,9.0,310.44,57.333333333333336,0.3333333333333333,1.6842105263157894
Gujarat,Surendranagar,2018-01-01,22.75,71.666667,1,Winter,25.0,0.0,5.59e-05,6.0,303.2133334,55.0,0.0,-0.7549019607843137
Gujarat,Tapi,2011-01-01,21.1060413,72.7008247,1,Winter,153.0,0.0,7.22e-05,5.0,303.5233334,153.0,0.0,0.0
Gujarat,Tapi,2012-10-01,21.1060413,72.7008247,10,Post-Monsoon,262.0,0.0,0.00011653241423333333,8.333333333333334,307.326,94.38888888888887,0.0,1.1690009337068161
Gujarat,Tapi,2013-05-01,21.1060413,72.7008247,5,Summer,32.0,0.0,0.01385899395,4.0,308.2,94.0,0.0,-0.5733333333333333
Gujarat,Tapi,2015-07-01,21.1060413,72.7008247,7,Monsoon,9.0,0.0,1.00982611,9.0,303.445,38.666666666666664,0.0,-0.71875
Gujarat,Tapi (Surat),2010-08-01,21.1060413,72.7008247,8,Monsoon,10.0,0.0,0.3417858691,8.0,299.31,10.0,0.0,0.0
Gujarat,Vadodara,2010-05-01,22.2973142,73.1942567,5,Summer,21.0,0.0,0.0001021245957,5.0,320.4366666,21.0,0.0,0.0
Gujarat,Vadodara,2010-07-01,22.2973142,73.1942567,7,Monsoon,41.0,2.0,0.492251303,5.0,307.72,31.0,1.0,0.9523809523809523
Gujarat,Vadodara,2010-08-01,22.2973142,73.1942567,8,Monsoon,35.0,0.0,1.547957471,9.0,287.78000000000003,32.333333333333336,0.6666666666666666,-0.14634146341463417
Gujarat,Vadodara,2011-05-01,22.2973142,73.1942567,5,Summer,12.0,0.0,0.0001526603341,9.0,314.628,29.333333333333332,0.6666666666666666,-0.6571428571428571
Gujarat,Vadodara,2011-08-01,22.2973142,73.1942567,8,Monsoon,23.0,0.0,0.9328676717,7.0,298.86,23.333333333333332,0.0,0.9166666666666667
Gujarat,Vadodara,2011-10-01,22.2973142,73.1942567,10,Post-Monsoon,50.0,0.0,0.001700838664,11.0,308.17,22.166666666666664,0.0,0.04347826086956519
Gujarat,Vadodara,2014-06-01,22.2973142,73.1942567,6,Monsoon,50.0,0.0,0.01781931182,9.0,309.22,33.333333333333336,0.0,1.0
Gujarat,Vadodara,2014-09-01,22.2973142,73.1942567,9,Monsoon,33.0,0.0,0.1068458317,9.0,301.83,36.0,0.0,-0.33999999999999997
Gujarat,Vadodara,2014-10-01,22.2973142,73.1942567,10,Post-Monsoon,35.0,0.0,0.05149728213,13.0,305.4266666,39.333333333333336,0.0,0.06060606060606055
Gujarat,Vadodara,2014-11-01,22.2973142,73.1942567,11,Post-Monsoon,36.0,0.0,7.49e-05,11.0,306.236,34.666666666666664,0.0,0.02857142857142847
Gujarat,Vadodara,2015-05-01,22.2973142,73.1942567,5,Summer,10.0,0.0,7.12e-05,6.0,316.8833334,27.0,0.0,-0.7222222222222222
Gujarat,Vadodara,2016-07-01,22.2973142,73.1942567,7,Monsoon,47.0,0.0,0.4174039821,5.0,300.52,31.0,0.0,3.7
Gujarat,Vadodara,2017-06-01,22.2973142,73.1942567,6,Monsoon,19.0,0.0,0.7961108618,4.0,308.62,25.333333333333332,0.0,-0.5957446808510638
Gujarat,Vadodara,2018-02-01,22.2973142,73.1942567,2,Winter,203.0,0.0,0.0003184515001,8.0,304.98,89.66666666666667,0.0,5.0
Gujarat,Vadodara,2018-05-01,22.2973142,73.1942567,5,Summer,15.0,0.0,0.0001097851973,5.0,316.92400000000004,79.0,0.0,-0.9261083743842364
Gujarat,Vadodara,2018-07-01,22.2973142,73.1942567,7,Monsoon,148.0,2.0,0.5335655656333333,6.666666666666667,303.445,67.77777777777777,0.4444444444444444,1.6245067497403947
Gujarat,Vadodara,2019-07-01,22.2973142,73.1942567,7,Monsoon,20.0,0.0,0.1829838399,9.0,304.88,20.333333333333332,0.3333333333333333,-0.23076923076923073
Gujarat,Vadodara,2019-08-01,22.2973142,73.1942567,8,Monsoon,11.0,0.0,2.551227918,9.0,303.445,19.0,0.3333333333333333,-0.44999999999999996
Gujarat,Vadodara,2021-07-01,22.2973142,73.1942567,7,Monsoon,3.0,0.0,1.138774169,1.0,303.445,11.333333333333334,0.0,-0.7272727272727273
Gujarat,Valsad,2011-05-01,20.43219565,73.1409893,5,Summer,12.0,0.0,0.004517472025,7.0,314.4666666,12.0,0.0,0.0
Gujarat,Valsad,2013-12-01,20.43219565,73.1409893,12,Winter,18.0,0.0,0.01662872702,13.0,303.428,15.0,0.0,0.5
Gujarat,Valsad,2014-08-01,20.43219565,73.1409893,8,Monsoon,63.0,0.0,0.6625803796,10.0,299.29,31.0,0.0,2.5
Gujarat,Valsad,2014-09-01,20.43219565,73.1409893,9,Monsoon,28.0,0.0,2.2595444154999997,8.5,300.6675,30.833333333333332,0.0,-0.31990231990232
Gujarat,Valsad,2015-02-01,20.43219565,73.1409893,2,Winter,45.0,0.0,0.0001917874173,9.0,307.3833334,24.333333333333332,0.0,2.0
Gujarat,Valsad,2015-05-01,20.43219565,73.1409893,5,Summer,20.0,0.0,0.05469757396,9.0,317.9133334,26.666666666666668,0.0,-0.5555555555555556
Gujarat,Valsad,2016-07-01,20.43219565,73.1409893,7,Monsoon,13.0,0.0,1.677390855,4.0,303.445,26.0,0.0,-0.35
Gujarat,Valsad,2017-07-01,20.43219565,73.1409893,7,Monsoon,13.0,0.0,3.237218046,1.0,303.445,15.333333333333334,0.0,0.0
Gujarat,Valsad,2017-09-01,20.43219565,73.1409893,9,Monsoon,32.0,0.0,0.4020179356,27.0,299.2933334,19.333333333333332,0.0,1.4615384615384617
Gujarat,Valsad,2018-09-01,20.43219565,73.1409893,9,Monsoon,48.0,0.0,0.5181203545,22.0,298.01,31.0,0.0,0.5
Gujarat,Valsad,2021-09-01,20.43219565,73.1409893,9,Monsoon,10.0,0.0,1.520053152,6.0,297.34000000000003,30.0,0.0,-0.7916666666666666
Haryana,Ambala,2009-10-01,30.3843674,76.770421,10,Post-Monsoon,45.0,0.0,0.05832963845,14.0,302.5066667,21.75,0.0,0.0714285714285714
Haryana,Ambala,2009-12-01,30.3843674,76.770421,12,Winter,49.0,0.0,0.002821091201,6.0,293.14,31.333333333333332,0.0,1.0416666666666665
Haryana,Ambala,2011-05-01,30.3843674,76.770421,5,Summer,41.0,0.0,0.05303068409,6.0,308.18333340000004,30.5,0.0,-0.27091836734693875
Haryana,Ambala,2011-08-01,30.3843674,76.770421,8,Monsoon,19.0,0.0,0.9099881978,17.0,301.0466666,20.0,0.0,-0.09523809523809523
Haryana,Ambala,2011-12-01,30.3843674,76.770421,12,Winter,49.0,0.0,0.1705462967,9.0,292.90000000000003,29.666666666666668,0.0,1.5789473684210527
Haryana,Ambala,2012-08-01,30.3843674,76.770421,8,Monsoon,38.0,0.0,0.5724908067,9.0,302.72,35.333333333333336,0.0,-0.22448979591836737
Haryana,Ambala,2013-10-01,30.3843674,76.770421,10,Post-Monsoon,60.0,1.0,0.1967678515,12.0,299.41,49.0,0.3333333333333333,0.5789473684210527
Haryana,Ambala,2014-11-01,30.3843674,76.770421,11,Post-Monsoon,52.0,0.0,0.01122619996,9.0,300.24,39.0,0.3333333333333333,-0.21666666666666662
Haryana,Ambala,2016-02-01,30.3843674,76.770421,2,Winter,31.0,0.0,0.01446901059,9.0,293.85200000000003,27.666666666666668,0.0,0.1071428571428572
Haryana,Ambala,2016-03-01,30.3843674,76.770421,3,Summer,25.0,0.0,0.1070902614,9.0,297.82,28.0,0.0,-0.19354838709677424
Haryana,Ambala,2016-04-01,30.3843674,76.770421,4,Summer,57.0,0.0,0.02152862875,6.0,313.11333340000004,37.666666666666664,0.0,1.2799999999999998
Haryana,Ambala,2016-09-01,30.3843674,76.770421,9,Monsoon,116.0,0.0,0.2867421352,9.0,303.085,66.0,0.0,1.0350877192982457
Haryana,Ambala,2018-07-01,30.3843674,76.770421,7,Monsoon,21.0,0.0,1.117438312,10.0,302.28000000000003,64.66666666666667,0.0,-0.8189655172413793
Haryana,Ambala,2019-01-01,30.3843674,76.770421,1,Winter,15.0,0.0,0.00143451636,13.0,289.27,50.666666666666664,0.0,-0.2857142857142857
Haryana,Ambala,2019-09-01,30.3843674,76.770421,9,Monsoon,81.0,2.0,0.2011654714,22.0,300.184,26.666666666666664,0.5,0.8797619047619047
Haryana,Ambala,2019-10-01,30.3843674,76.770421,10,Post-Monsoon,60.0,2.0,0.00961377013,12.0,301.8533334,47.0,1.3333333333333333,0.13207547169811318
Haryana,Faridabad,2011-10-01,28.4031478,77.3105561,10,Post-Monsoon,119.0,2.0,0.0117964173,6.0,308.5766666,54.75,1.0,0.18999999999999995
Haryana,Fatehabad,2016-09-01,29.51238035,75.42917898,9,Monsoon,108.0,2.0,0.0009089087277,25.0,304.3166666,108.0,2.0,0.0
Haryana,Fatehabad,2016-10-01,29.51238035,75.42917898,10,Post-Monsoon,294.0,2.0,0.01608966947,14.0,306.7266666,201.0,2.0,1.7222222222222223
Haryana,Fatehabad,2018-06-01,29.51238035,75.42917898,6,Monsoon,215.0,1.0,0.00345743643165,5.5,313.0566666,174.16666666666666,1.1666666666666665,-0.4698700375672657
Haryana,Gurgaon,2010-05-01,28.42826235,77.00270015,5,Summer,230.0,1.0,0.005179284233,3.0,319.1,230.0,1.0,0.0
Haryana,Gurgaon,2010-07-01,28.42826235,77.00270015,7,Monsoon,741.0,5.0,0.6950235812,6.5,309.295,258.08333333333337,1.25,1.2272791023842917
Haryana,Gurgaon,2011-07-01,28.42826235,77.00270015,7,Monsoon,5.0,2.0,0.4909773682,7.0,307.66,222.33333333333331,2.166666666666667,-0.24829351535836175
Haryana,Gurgaon,2011-08-01,28.42826235,77.00270015,8,Monsoon,113.0,0.0,0.6470240605,11.0,309.42,39.333333333333336,0.6666666666666666,5.0
Haryana,Gurgaon,2011-09-01,28.42826235,77.00270015,9,Monsoon,279.0,0.0,0.46983030909999995,10.5,304.525,89.0,0.16666666666666666,2.1150442477876106
Haryana,Gurgaon,2011-12-01,28.42826235,77.00270015,12,Winter,109.0,0.0,5.77e-05,9.0,298.504,129.33333333333334,0.0,-0.5691699604743083
Haryana,Gurgaon,2013-06-01,28.42826235,77.00270015,6,Monsoon,20.0,0.0,0.1193703896,4.0,311.17,127.33333333333333,0.0,-0.8165137614678899
Haryana,Gurgaon,2014-06-01,28.42826235,77.00270015,6,Monsoon,60.0,0.0,3.86e-05,9.0,316.1533334,63.0,0.0,2.0
Haryana,Gurgaon,2017-07-01,28.42826235,77.00270015,7,Monsoon,40.0,0.0,0.3273653217,8.0,304.0866666,40.0,0.0,-0.33333333333333337
Haryana,Gurugram,2018-05-01,28.4646148,77.0299194,5,Summer,52.0,0.0,0.0001483086675,3.0,317.9233334,52.0,0.0,0.0
Haryana,Gurugram,2021-09-01,28.4646148,77.0299194,9,Monsoon,20.0,0.0,0.1899488085,9.0,304.72,36.0,0.0,-0.6153846153846154
Haryana,Gurugram,2022-05-01,28.4646148,77.0299194,5,Summer,6.0,0.0,0.06665708229,5.0,303.99333340000004,26.0,0.0,-0.7
Haryana,Jhajjar,2009-08-01,28.53364155,76.68981478,8,Monsoon,37.0,0.0,0.008671530823,10.0,308.548,37.0,0.0,0.0
Haryana,Jind,2010-05-01,29.30182625,76.33847077,5,Summer,1394.0,2.0,0.01700769048,9.0,320.14,653.5,0.5,0.14262295081967213
Haryana,Jind,2010-08-01,29.30182625,76.33847077,8,Monsoon,120.0,0.0,0.2777880534,16.0,303.05333340000004,504.6666666666667,0.6666666666666666,-0.846938775510204
Haryana,Jind,2012-08-01,29.30182625,76.33847077,8,Monsoon,119.0,0.0,2.084676426,11.0,302.14,341.0,0.6666666666666666,-0.008333333333333304
Haryana,Jind,2018-05-01,29.30182625,76.33847077,5,Summer,61.0,0.0,0.003302127174,9.0,315.6633334,100.0,0.0,-0.4873949579831933
Haryana,Kaithal,2009-10-01,29.82282075,76.37830987,10,Post-Monsoon,34.0,0.0,4.26e-05,9.0,302.56,34.0,0.0,0.0
Haryana,Kaithal,2012-06-01,29.82282075,76.37830987,6,Monsoon,76.0,0.0,0.02904895053,2.0,304.08,55.0,0.0,1.2352941176470589
Haryana,Kaithal,2014-09-01,29.82282075,76.37830987,9,Monsoon,28.0,1.0,0.7375409567,9.0,300.8266666,38.0,0.16666666666666666,-0.40789473684210525
Haryana,Kaithal,2016-06-01,29.82282075,76.37830987,6,Monsoon,28.0,0.0,0.04098758289,2.0,309.2766666,18.666666666666668,0.3333333333333333,1.0
Haryana,Kaithal,2019-04-01,29.82282075,76.37830987,4,Summer,28.0,0.0,0.04091918687,3.0,309.8933334,23.333333333333332,0.3333333333333333,0.0
Haryana,Kaithal,2021-10-01,29.82282075,76.37830987,10,Post-Monsoon,38.0,0.0,1.399919414,9.0,302.845,31.333333333333332,0.0,0.3571428571428572
Haryana,Karnal,2010-07-01,29.6803266,76.9896254,7,Monsoon,198.0,0.0,0.32139383466666666,11.333333333333334,301.8566666666666,34.666666666666664,0.0,1.8956521739130434
Haryana,Karnal,2010-09-01,29.6803266,76.9896254,9,Monsoon,460.0,6.0,2.594754971,9.0,299.0,116.33333333333333,1.3333333333333333,1.0721155947767012
Haryana,Karnal,2011-10-01,29.6803266,76.9896254,10,Post-Monsoon,37.0,0.0,0.04768943848,9.0,304.448,152.66666666666666,1.3333333333333333,-0.8471074380165289
Haryana,Karnal,2012-08-01,29.6803266,76.9896254,8,Monsoon,13.0,0.0,0.6979880794,22.0,304.08,97.33333333333333,0.6666666666666666,-0.6486486486486487
Haryana,Karnal,2012-09-01,29.6803266,76.9896254,9,Monsoon,26.0,0.0,0.5788694536,22.0,300.14,25.333333333333332,0.0,1.0
Haryana,Karnal,2017-07-01,29.6803266,76.9896254,7,Monsoon,10.0,0.0,0.1339377585,9.0,301.112,16.333333333333332,0.0,-0.6153846153846154
Haryana,Karnal,2021-08-01,29.6803266,76.9896254,8,Monsoon,62.0,0.0,0.47879780245,22.0,301.83500000000004,24.0,0.0,1.1611111111111112
Haryana,Kurukshetra,2009-10-01,29.9693747,76.8482787,10,Post-Monsoon,41.0,1.0,0.002794920697,10.0,302.8566666,41.0,1.0,0.0
Haryana,Kurukshetra,2010-07-01,29.9693747,76.8482787,7,Monsoon,10.0,0.0,1.240352412,9.0,303.045,20.0,0.41666666666666663,-0.43902439024390244
Haryana,Kurukshetra,2011-01-01,29.9693747,76.8482787,1,Winter,12.0,0.0,0.0001306651459,12.0,289.6033334,7.333333333333333,0.0,1.4
Haryana,Kurukshetra,2012-07-01,29.9693747,76.8482787,7,Monsoon,694.0,0.0,0.0406073827,6.0,307.948,183.5,0.0,2.417989417989418
Haryana,Kurukshetra,2013-09-01,29.9693747,76.8482787,9,Monsoon,74.0,0.0,0.3282719552,9.0,300.8566666,190.83333333333331,0.0,-0.7969236356090474
Haryana,Kurukshetra,2018-07-01,29.9693747,76.8482787,7,Monsoon,11.0,0.0,1.029942644,14.0,300.65000000000003,28.333333333333332,0.0,-0.15384615384615385
Haryana,Kurukshetra,2018-08-01,29.9693747,76.8482787,8,Monsoon,20.0,0.0,0.1532728888,16.0,298.675,14.666666666666666,0.0,0.8181818181818181
Haryana,Kurukshetra,2018-09-01,29.9693747,76.8482787,9,Monsoon,11.0,0.0,0.946116861,19.0,302.0,14.0,0.0,-0.44999999999999996
Haryana,Kurukshetra,2019-09-01,29.9693747,76.8482787,9,Monsoon,28.0,0.0,0.1537639687,21.0,302.1333334,19.666666666666668,0.0,1.5454545454545454
Haryana,Kurukshetra,2021-09-01,29.9693747,76.8482787,9,Monsoon,16.0,0.0,0.3041257083,16.0,300.32,18.333333333333332,0.0,-0.4285714285714286
Haryana,Mewat,2015-09-01,27.993178,77.04073903,9,Monsoon,727.0,2.0,0.01042826838,17.0,304.24333340000004,727.0,2.0,0.0
Haryana,Narnaul,2010-07-01,27.99708325,76.07576218,7,Monsoon,465.0,0.0,0.2608407146,6.0,311.92,226.25,0.0,0.05681818181818177
Haryana,Nuh,2021-09-01,28.09734515,77.05085582,9,Monsoon,19.0,0.0,0.5809280116,12.0,299.94,19.0,0.0,0.0
Haryana,Palwal,2009-07-01,28.1769589,77.37311204,7,Monsoon,57.0,0.0,0.1547586485,4.0,307.83,57.0,0.0,0.0
Haryana,Palwal,2011-08-01,28.1769589,77.37311204,8,Monsoon,330.0,10.0,0.6427361151,13.0,303.125,118.5,2.916666666666667,0.9324726911618668
Haryana,Palwal,2013-09-01,28.1769589,77.37311204,9,Monsoon,68.0,5.0,0.002385195117,17.0,302.528,132.66666666666666,5.0,-0.6023391812865497
Haryana,Panchkula,2011-08-01,30.7137692,76.868276,8,Monsoon,5.0,0.0,1.956093124,9.0,300.11333340000004,5.0,0.0,0.0
Haryana,Panchkula,2011-10-01,30.7137692,76.868276,10,Post-Monsoon,37.0,0.0,0.07678103099,15.0,302.0333334,21.0,0.0,5.0
Haryana,Panchkula,2012-06-01,30.7137692,76.868276,6,Monsoon,59.0,0.0,0.012767892,5.0,314.752,33.666666666666664,0.0,0.5945945945945945
Haryana,Panchkula,2014-08-01,30.7137692,76.868276,8,Monsoon,1552.0,0.0,0.03640993686,9.0,303.76,411.33333333333337,0.0,2.5197109067017083
Haryana,Panchkula,2019-09-01,30.7137692,76.868276,9,Monsoon,108.0,0.0,0.4429856255,23.0,300.276,553.3333333333334,0.0,-0.8634639696586599
Haryana,Panchkula,2021-07-01,30.7137692,76.868276,7,Monsoon,951.0,2.0,0.453999401,8.0,305.1,399.66666666666663,0.5,1.6177188552188553
Haryana,Panipat,2009-09-01,29.3912753,76.9771675,9,Monsoon,820.0,10.0,1.189492367,20.0,301.37333340000004,391.5,5.0,0.09919571045576403
Haryana,Panipat,2015-07-01,29.3912753,76.9771675,7,Monsoon,233.0,4.0,0.2045576086,9.0,303.1466666,256.1666666666667,3.5,1.6900356732571498
Haryana,Panipat,2022-04-01,29.3912753,76.9771675,4,Summer,6.0,0.0,0.007797900735,9.0,309.8166666,79.66666666666667,1.3333333333333333,-0.9693877551020408
Haryana,Rohtak,2011-05-01,28.9010899,76.5801935,5,Summer,58.0,0.0,0.04773047419,3.0,316.53000000000003,58.0,0.0,0.0
Haryana,Rohtak,2012-06-01,28.9010899,76.5801935,6,Monsoon,121.0,0.0,0.007715406346,2.0,318.248,89.5,0.0,1.0862068965517242
Haryana,Sirsa,2013-11-01,29.583333,75.083333,11,Post-Monsoon,100.0,0.0,0.008162282452,6.0,302.06333340000003,100.0,0.0,0.0
Haryana,Sirsa,2014-11-01,29.583333,75.083333,11,Post-Monsoon,31.0,0.0,0.01078927966,9.0,303.572,65.5,0.0,-0.69
Haryana,Yamuna Nagar,2011-05-01,30.1389108,77.301064,5,Summer,33.0,0.0,0.001068512926,4.0,309.6633334,15.75,0.0,0.09999999999999998
Haryana,Yamuna Nagar,2011-10-01,30.1389108,77.301064,10,Post-Monsoon,14.0,0.0,0.04768943848,9.0,304.448,15.666666666666666,0.0,-0.2222222222222222
Haryana,Yamuna Nagar,2012-05-01,30.1389108,77.301064,5,Summer,27.0,0.0,6.4e-05,3.0,314.1766666,19.666666666666668,0.0,0.9285714285714286
Haryana,Yamuna Nagar,2013-08-01,30.1389108,77.301064,8,Monsoon,133.0,0.0,0.1675920974,9.0,299.95,58.0,0.0,3.9259259259259256
Haryana,Yamuna Nagar,2015-02-01,30.1389108,77.301064,2,Winter,110.0,0.0,0.02581062705,17.0,289.475,90.0,0.0,-0.17293233082706772
Haryana,Yamuna Nagar,2015-07-01,30.1389108,77.301064,7,Monsoon,41.0,0.0,0.714428752,4.0,300.66,94.66666666666667,0.0,-0.6272727272727272
Haryana,Yamuna Nagar,2015-08-01,30.1389108,77.301064,8,Monsoon,80.0,0.0,0.1322717098,15.0,301.38,77.0,0.0,0.9512195121951219
Haryana,Yamuna Nagar,2016-07-01,30.1389108,77.301064,7,Monsoon,12.0,0.0,0.2067710959,5.0,305.1533334,44.333333333333336,0.0,-0.85
Haryana,Yamuna Nagar,2018-06-01,30.1389108,77.301064,6,Monsoon,99.0,0.0,0.1112401818,5.0,303.94,63.666666666666664,0.0,5.0
Haryana,Yamuna Nagar,2019-01-01,30.1389108,77.301064,1,Winter,45.0,0.0,0.5302098992,13.0,291.4133334,52.0,0.0,-0.5454545454545454
Haryana,Yamuna Nagar,2021-07-01,30.1389108,77.301064,7,Monsoon,44.0,0.0,1.52509925425,10.5,303.6691667,41.0,0.0,0.3367521367521367
Haryana,Yamuna Nagar,2021-08-01,30.1389108,77.301064,8,Monsoon,42.0,0.0,2.54223063,12.0,303.445,23.0,0.0,-0.16129032258064518
Haryana,Yamunanagar,2010-07-01,30.2112003,77.28638972,7,Monsoon,219.0,0.0,0.3794397078,7.0,302.36,219.0,0.0,0.0
Haryana,Yamunanagar,2010-08-01,30.2112003,77.28638972,8,Monsoon,90.0,0.0,0.6187983069,9.0,302.27,154.5,0.0,-0.589041095890411
Himachal Pradesh,Bilaspur,2009-07-01,31.3380959,76.7611631,7,Monsoon,14.0,0.0,2.286832073,23.0,296.34000000000003,192.33333333333334,0.6666666666666666,1.7999999999999998
Himachal Pradesh,Bilaspur,2013-11-01,31.3380959,76.7611631,11,Post-Monsoon,573.0,1.0,6.75e-05,12.0,292.5933334,197.33333333333334,1.0,5.0
Himachal Pradesh,Bilaspur,2017-10-01,31.3380959,76.7611631,10,Post-Monsoon,45.0,0.0,0.002334592571,9.0,298.25333340000003,206.16666666666669,0.3333333333333333,-0.7689517888307156
Himachal Pradesh,Bilaspur,2018-06-01,31.3380959,76.7611631,6,Monsoon,364.0,0.0,0.3000817268,23.0,294.5333334,74.16666666666667,0.0,2.8846153846153846
Himachal Pradesh,Bilaspur,2018-07-01,31.3380959,76.7611631,7,Monsoon,339.0,0.0,0.7324642694,28.0,295.38,234.33333333333334,0.0,-0.0058651026392961825
Himachal Pradesh,Bilaspur,2018-08-01,31.3380959,76.7611631,8,Monsoon,1435.0,0.0,0.9873107641666667,23.0,295.36833333333334,402.77777777777777,0.0,0.34931406474548066
Himachal Pradesh,Bilaspur,2021-02-01,31.3380959,76.7611631,2,Winter,309.0,0.0,0.2279965979,12.0,287.772,442.6666666666667,0.0,-0.5455882352941177
Himachal Pradesh,Chamba,2009-09-01,32.518429,76.23086566,9,Monsoon,253.0,0.0,1.026490179,9.0,298.41,78.25,0.0,2.5
Himachal Pradesh,Chamba,2009-11-01,32.518429,76.23086566,11,Post-Monsoon,53.0,0.0,0.1160935897,10.0,288.4266666,102.0,0.0,-0.7623318385650224
Himachal Pradesh,Hamirpur,2009-06-01,31.687996,76.51925223,6,Monsoon,33.0,0.0,0.06685814675,9.0,310.1666666,33.0,0.0,0.0
Himachal Pradesh,Hamirpur,2012-05-01,31.687996,76.51925223,5,Summer,20.0,0.0,0.02572132906,11.0,312.6333334,26.5,0.0,-0.3939393939393939
Himachal Pradesh,Hamirpur,2015-09-01,31.687996,76.51925223,9,Monsoon,190.0,0.0,0.09575289392,33.0,301.2666666,81.0,0.0,5.0
Himachal Pradesh,Kangra,2009-10-01,32.166667,76.25,10,Post-Monsoon,216.0,0.0,0.1613780847,20.0,296.70500000000004,104.5,0.0,0.06930693069306926
Himachal Pradesh,Kangra,2014-01-01,32.166667,76.25,1,Winter,390.0,0.0,0.03201482876,9.0,279.86,202.0,0.0,2.391304347826087
Himachal Pradesh,Kangra,2015-04-01,32.166667,76.25,4,Summer,13.0,0.0,0.149828417,13.0,294.084,172.66666666666666,0.0,-0.9666666666666667
Himachal Pradesh,Kangra,2015-11-01,32.166667,76.25,11,Post-Monsoon,151.0,0.0,0.112395337,9.0,289.332,184.66666666666666,0.0,5.0
Himachal Pradesh,Kangra,2015-12-01,32.166667,76.25,12,Winter,50.0,0.0,0.00478940965,9.0,289.1533334,65.0,0.0,-0.41721854304635764
Himachal Pradesh,Kangra,2017-06-01,32.166667,76.25,6,Monsoon,40.0,0.0,0.2305334774,9.0,303.4666666,30.0,0.0,0.6000000000000001
Himachal Pradesh,Kangra,2017-07-01,32.166667,76.25,7,Monsoon,32.0,0.0,1.668347205,9.0,289.99,32.333333333333336,0.0,-0.19999999999999996
Himachal Pradesh,Kangra,2017-11-01,32.166667,76.25,11,Post-Monsoon,302.0,0.0,0.4606819828,11.0,289.232,124.66666666666667,0.0,5.0
Himachal Pradesh,Kangra,2017-12-01,32.166667,76.25,12,Winter,70.0,0.0,0.6054374208,9.0,283.395,126.0,0.0,-0.7172185430463576
Himachal Pradesh,Kangra,2018-05-01,32.166667,76.25,5,Summer,397.0,0.0,0.5611138927,9.0,300.345,155.66666666666666,0.0,5.0
Himachal Pradesh,Kangra,2018-07-01,32.166667,76.25,7,Monsoon,93.0,0.0,0.7885911709,21.0,301.18,160.5,0.0,-0.5991138898884492
Himachal Pradesh,Kangra,2019-03-01,32.166667,76.25,3,Summer,225.0,0.0,0.3749970267,14.0,288.272,106.0,0.0,5.0
Himachal Pradesh,Kangra,2019-08-01,32.166667,76.25,8,Monsoon,122.0,0.0,0.461887375,33.0,299.204,128.0,0.0,-0.45777777777777773
Himachal Pradesh,Kangra,2020-06-01,32.166667,76.25,6,Monsoon,28.0,0.0,0.4374365403,22.0,301.612,125.0,0.0,-0.7704918032786885
Himachal Pradesh,Kullu,2017-07-01,32.00186325,77.3789964,7,Monsoon,210.0,0.0,0.5009017968,20.0,288.008,210.0,0.0,0.0
Himachal Pradesh,Kullu,2018-04-01,32.00186325,77.3789964,4,Summer,23.0,0.0,0.01484013113,9.0,288.77,116.5,0.0,-0.8904761904761904
Himachal Pradesh,Kullu,2018-10-01,32.00186325,77.3789964,10,Post-Monsoon,17.0,0.0,0.03333946896,16.0,286.1333334,83.33333333333333,0.0,-0.26086956521739135
Himachal Pradesh,Kullu,2019-09-01,32.00186325,77.3789964,9,Monsoon,51.0,1.0,0.3177570528,9.0,286.232,30.333333333333332,0.3333333333333333,2.0
Himachal Pradesh,Lahaul & Spiti,2009-06-01,32.5038495,77.58227188,6,Monsoon,9.0,0.0,0.007848185143,22.0,287.1466666,9.0,0.0,0.0
Himachal Pradesh,Mandi,2009-07-01,31.6723392,76.95331691,7,Monsoon,53.0,0.0,0.3242249213,20.0,301.0866666,53.0,0.0,0.0
Himachal Pradesh,Mandi,2012-06-01,31.6723392,76.95331691,6,Monsoon,27.0,0.0,0.167399079,17.0,300.868,40.0,0.0,-0.49056603773584906
Himachal Pradesh,Mandi,2012-07-01,31.6723392,76.95331691,7,Monsoon,67.0,0.0,0.08524201051,9.0,302.7233334,49.0,0.0,1.4814814814814814
Himachal Pradesh,Mandi,2013-08-01,31.6723392,76.95331691,8,Monsoon,89.0,0.0,2.408572902,9.0,288.5,61.0,0.0,0.32835820895522394
Himachal Pradesh,Mandi,2014-06-01,31.6723392,76.95331691,6,Monsoon,39.0,0.0,0.3178199835,18.0,299.54400000000004,65.0,0.0,-0.5617977528089888
Himachal Pradesh,Mandi,2014-07-01,31.6723392,76.95331691,7,Monsoon,16.0,0.0,0.242984163,9.0,298.1366666,48.0,0.0,-0.5897435897435898
Himachal Pradesh,Mandi,2014-08-01,31.6723392,76.95331691,8,Monsoon,163.0,0.0,1.182367579,35.0,295.7,72.66666666666667,0.0,5.0
Himachal Pradesh,Mandi,2014-12-01,31.6723392,76.95331691,12,Winter,120.0,0.0,0.002475753501,9.0,284.1466666,99.66666666666667,0.0,-0.2638036809815951
Himachal Pradesh,Mandi,2015-02-01,31.6723392,76.95331691,2,Winter,39.0,0.0,0.6427159967,14.0,284.225,107.33333333333333,0.0,-0.675
Himachal Pradesh,Mandi,2015-03-01,31.6723392,76.95331691,3,Summer,43.0,0.0,0.91520296355,12.0,284.66333340000006,42.833333333333336,0.0,0.04887820512820512
Himachal Pradesh,Mandi,2015-07-01,31.6723392,76.95331691,7,Monsoon,25.0,0.0,2.769888611,9.0,295.7266666,22.666666666666668,0.0,-0.07407407407407407
Himachal Pradesh,Mandi,2016-08-01,31.6723392,76.95331691,8,Monsoon,120.0,1.0,1.440969423,24.666666666666668,296.877,32.0,0.3333333333333333,0.3979138321995465
Himachal Pradesh,Mandi,2016-10-01,31.6723392,76.95331691,10,Post-Monsoon,39.0,0.0,0.1099529082,28.0,295.1666666,46.0,0.0,-0.21999999999999997
Himachal Pradesh,Mandi,2017-02-01,31.6723392,76.95331691,2,Winter,81.0,0.0,0.2162809324,11.0,284.02500000000003,56.666666666666664,0.0,1.076923076923077
Himachal Pradesh,Mandi,2017-05-01,31.6723392,76.95331691,5,Summer,34.0,2.0,0.20555447785000003,22.0,301.2666667,42.66666666666667,0.5,-0.5608465608465608
Himachal Pradesh,Mandi,2017-06-01,31.6723392,76.95331691,6,Monsoon,60.0,0.0,0.1276555437,9.0,301.88,31.333333333333332,0.6666666666666666,3.615384615384615
Himachal Pradesh,Mandi,2017-12-01,31.6723392,76.95331691,12,Winter,44.0,0.0,0.01519217774,9.0,286.57,39.0,0.3333333333333333,-0.2666666666666667
Himachal Pradesh,Mandi,2018-02-01,31.6723392,76.95331691,2,Winter,25.0,0.0,0.3966010649,9.0,286.448,43.0,0.0,-0.43181818181818177
Himachal Pradesh,Mandi,2018-03-01,31.6723392,76.95331691,3,Summer,25.0,0.0,0.02561128055,9.0,297.3933334,31.333333333333332,0.0,0.0
Himachal Pradesh,Mandi,2018-04-01,31.6723392,76.95331691,4,Summer,27.0,0.0,0.03625767117,17.0,300.02,25.666666666666668,0.0,0.08000000000000007
Himachal Pradesh,Mandi,2018-07-01,31.6723392,76.95331691,7,Monsoon,92.0,0.0,1.647024207,9.0,293.772,48.0,0.0,2.4074074074074074
Himachal Pradesh,Mandi,2019-03-01,31.6723392,76.95331691,3,Summer,126.0,0.0,0.5797664278,14.0,285.91,81.66666666666667,0.0,0.36956521739130443
Himachal Pradesh,Mandi,2019-04-01,31.6723392,76.95331691,4,Summer,74.0,0.0,0.3928754947,9.0,298.072,97.33333333333333,0.0,-0.4126984126984127
Himachal Pradesh,Mandi,2019-06-01,31.6723392,76.95331691,6,Monsoon,104.0,0.0,0.2238471877,23.0,302.968,101.33333333333333,0.0,0.4054054054054055
Himachal Pradesh,Mandi,2019-08-01,31.6723392,76.95331691,8,Monsoon,188.0,0.0,1.0175280982,18.666666666666668,297.70933333333335,75.0,0.0,-0.15845247193873724
Himachal Pradesh,Mandi,2020-03-01,31.6723392,76.95331691,3,Summer,33.0,0.0,0.4705645454,16.0,289.26,54.0,0.0,-0.2142857142857143
Himachal Pradesh,Mandi,2021-07-01,31.6723392,76.95331691,7,Monsoon,65.0,0.0,2.046384693,21.0,296.96,46.666666666666664,0.0,0.9696969696969697
Himachal Pradesh,Shimla,2009-09-01,31.1041526,77.1709729,9,Monsoon,45.0,0.0,2.897754535,9.0,299.17,45.0,0.0,0.0
Himachal Pradesh,Shimla,2010-03-01,31.1041526,77.1709729,3,Summer,14.0,0.0,1.46e-05,15.0,301.9833334,29.5,0.0,-0.6888888888888889
Himachal Pradesh,Shimla,2010-05-01,31.1041526,77.1709729,5,Summer,64.0,0.0,0.02221137909,17.0,308.30400000000003,41.0,0.0,3.571428571428571
Himachal Pradesh,Shimla,2010-07-01,31.1041526,77.1709729,7,Monsoon,315.0,3.0,0.7396077053,29.0,297.395,64.11111111111111,0.6666666666666666,1.5
Himachal Pradesh,Shimla,2010-08-01,31.1041526,77.1709729,8,Monsoon,37.0,0.0,1.342600571,26.0,262.75,104.0,0.6666666666666666,-0.8425531914893617
Himachal Pradesh,Sirmaur,2012-06-01,30.75,77.5,6,Monsoon,16.0,1.0,0.5707521164,10.0,305.996,16.0,1.0,0.0
Himachal Pradesh,Sirmaur,2015-03-01,30.75,77.5,3,Summer,36.0,0.0,1.278782817,16.0,292.672,26.0,0.5,1.25
Himachal Pradesh,Solan,2013-10-01,30.92589585,77.08200509,10,Post-Monsoon,30.0,0.0,0.004539964919,9.0,296.3666666,30.0,0.0,0.0
Himachal Pradesh,Solan,2014-06-01,30.92589585,77.08200509,6,Monsoon,10.0,1.0,0.06460958829,22.0,306.11333340000004,20.0,0.5,-0.6666666666666667
Himachal Pradesh,Solan,2015-09-01,30.92589585,77.08200509,9,Monsoon,151.0,2.0,0.03760034753,36.0,297.87,63.666666666666664,1.0,5.0
Himachal Pradesh,Solan,2016-04-01,30.92589585,77.08200509,4,Summer,17.0,0.0,0.02504466222,19.0,302.0733334,59.333333333333336,1.0,-0.8874172185430463
Himachal Pradesh,Solan,2017-08-01,30.92589585,77.08200509,8,Monsoon,10.0,0.0,0.5833126291,34.0,295.90000000000003,59.333333333333336,0.6666666666666666,-0.4117647058823529
Himachal Pradesh,Solan,2018-05-01,30.92589585,77.08200509,5,Summer,4.0,0.0,0.03705054763,18.0,303.2933334,10.333333333333334,0.0,-0.6
Himachal Pradesh,Solan,2018-07-01,30.92589585,77.08200509,7,Monsoon,67.0,0.0,0.96342463805,22.0,295.0341667,22.0,0.0,2.2127659574468086
Himachal Pradesh,Solan,2019-06-01,30.92589585,77.08200509,6,Monsoon,46.0,0.0,0.3992460076,22.0,303.0266666,37.666666666666664,0.0,1.2999999999999998
Himachal Pradesh,Solan,2022-06-01,30.92589585,77.08200509,6,Monsoon,34.0,0.0,7.63e-05,9.0,305.7866666,33.333333333333336,0.0,-0.26086956521739135
Himachal Pradesh,Una,2013-08-01,31.4787354,76.2750706,8,Monsoon,196.0,0.0,1.943781248,9.0,298.6266666,196.0,0.0,0.0
Himachal Pradesh,Una,2015-02-01,31.4787354,76.2750706,2,Winter,50.0,0.0,0.2999054151,14.0,291.855,123.0,0.0,-0.7448979591836735
Himachal Pradesh,Una,2015-09-01,31.4787354,76.2750706,9,Monsoon,12.0,0.0,0.1250183666,33.0,300.6466666,86.0,0.0,-0.76
Jammu and Kashmir,Anantnag,2011-08-01,33.7368773,75.1455138,8,Monsoon,41.0,0.0,0.2492130329,20.0,295.94,41.0,0.0,0.0
Jammu and Kashmir,Anantnag,2013-08-01,33.7368773,75.1455138,8,Monsoon,35.0,0.0,1.22855445,15.0,296.156,38.0,0.0,-0.14634146341463417
Jammu and Kashmir,Anantnag,2014-08-01,33.7368773,75.1455138,8,Monsoon,165.0,0.0,0.7008359070000001,20.5,296.6533333,60.333333333333336,0.0,0.6878737541528239
Jammu and Kashmir,Anantnag,2015-03-01,33.7368773,75.1455138,3,Summer,160.0,0.0,1.122902167,9.0,285.27,108.33333333333333,0.0,1.0253164556962027
Jammu and Kashmir,Anantnag,2015-07-01,33.7368773,75.1455138,7,Monsoon,141.0,0.0,0.7305525598,13.5,293.64200000000005,98.5,0.0,0.04172794117647055
Jammu and Kashmir,Anantnag,2016-08-01,33.7368773,75.1455138,8,Monsoon,780.0,0.0,0.2453523926,22.0,295.66,307.0,0.0,5.0
Jammu and Kashmir,Anantnag,2017-07-01,33.7368773,75.1455138,7,Monsoon,13.0,0.0,0.6963826516,20.0,292.63,294.3333333333333,0.0,-0.9833333333333333
Jammu and Kashmir,Anantnag,2018-07-01,33.7368773,75.1455138,7,Monsoon,12.0,0.0,0.7896168243,17.0,295.48400000000004,268.3333333333333,0.0,-0.07692307692307687
Jammu and Kashmir,Badgam,2011-08-01,34.0154721,74.7220085,8,Monsoon,859.5599999999977,0.0,0.3409176875,18.5,299.006,633.1699999999983,0.0,-0.48625322750310795
Jammu and Kashmir,Badgam,2013-08-01,34.0154721,74.7220085,8,Monsoon,137.0,0.0,0.9263008481,20.0,297.796,332.1866666666659,0.0,4.956521739130435
Jammu and Kashmir,Bandipora,2012-09-01,34.4232433,74.635965,9,Monsoon,97.0,0.0,0.5425308792,9.0,291.2,97.0,0.0,0.0
Jammu and Kashmir,Bandipora,2013-07-01,34.4232433,74.635965,7,Monsoon,62.0,0.0,0.5672215797,25.0,295.732,79.5,0.0,-0.3608247422680413
Jammu and Kashmir,Bandipora,2013-10-01,34.4232433,74.635965,10,Post-Monsoon,48.0,0.0,0.01279391623,9.0,296.0466666,69.0,0.0,-0.22580645161290325
Jammu and Kashmir,Bandipora,2016-12-01,34.4232433,74.635965,12,Winter,16.0,0.0,0.04952390072,6.0,280.1033334,42.0,0.0,-0.6666666666666667
Jammu and Kashmir,Bandipora,2017-08-01,34.4232433,74.635965,8,Monsoon,24.0,0.0,0.04996701226,9.0,296.9233334,29.333333333333332,0.0,0.5
Jammu and Kashmir,Baramulla,2012-06-01,34.20500565,74.36221081,6,Monsoon,87.0,0.0,0.1265253611,9.0,298.18,87.0,0.0,0.0
Jammu and Kashmir,Baramulla,2012-07-01,34.20500565,74.36221081,7,Monsoon,348.0,0.0,0.09106377984,21.0,297.79,217.5,0.0,3.0
Jammu and Kashmir,Baramulla,2012-08-01,34.20500565,74.36221081,8,Monsoon,44.0,0.0,0.1017104946,19.0,297.98400000000004,159.66666666666666,0.0,-0.8735632183908046
Jammu and Kashmir,Baramulla,2012-09-01,34.20500565,74.36221081,9,Monsoon,238.0,0.0,0.6331318758,17.0,292.096,210.0,0.0,4.409090909090909
Jammu and Kashmir,Baramulla,2014-07-01,34.20500565,74.36221081,7,Monsoon,120.0,0.0,0.2247694331,22.0,293.15000000000003,134.0,0.0,-0.4957983193277311
Jammu and Kashmir,Baramulla,2015-07-01,34.20500565,74.36221081,7,Monsoon,53.0,0.0,0.4498289947,19.0,294.6,137.0,0.0,-0.5583333333333333
Jammu and Kashmir,Baramulla,2015-08-01,34.20500565,74.36221081,8,Monsoon,80.0,0.0,0.1043157386,27.0,291.80333340000004,84.33333333333333,0.0,0.509433962264151
Jammu and Kashmir,Baramulla,2016-05-01,34.20500565,74.36221081,5,Summer,62.0,0.0,0.3197687328,16.0,293.1266666,65.0,0.0,-0.22499999999999998
Jammu and Kashmir,Baramulla,2016-07-01,34.20500565,74.36221081,7,Monsoon,144.0,0.0,0.36006493553333335,12.333333333333334,295.19944446666665,55.44444444444445,0.0,0.4114206768568813
Jammu and Kashmir,Baramulla,2017-07-01,34.20500565,74.36221081,7,Monsoon,289.0,0.0,0.2338324777,22.0,297.0233334,135.33333333333334,0.0,5.0
Jammu and Kashmir,Baramulla,2017-08-01,34.20500565,74.36221081,8,Monsoon,13.0,0.0,0.4893587008,24.0,297.02,107.33333333333333,0.0,-0.9550173010380623
Jammu and Kashmir,Baramulla,2018-05-01,34.20500565,74.36221081,5,Summer,273.0,0.0,0.2954569885,20.0,290.97,191.66666666666666,0.0,5.0
Jammu and Kashmir,Budgam,2010-08-01,33.9099319,74.62914426,8,Monsoon,836.5599999999977,3.0,0.7071783286,11.0,293.76,836.5599999999977,3.0,0.0
Jammu and Kashmir,Budgam,2012-05-01,33.9099319,74.62914426,5,Summer,34.0,0.0,0.453736733,9.0,290.98,435.27999999999884,1.5,-0.9593573682700582
Jammu and Kashmir,Budgam,2012-08-01,33.9099319,74.62914426,8,Monsoon,140.0,0.0,1.804827325,18.0,295.66400000000004,336.85333333333256,1.0,3.117647058823529
Jammu and Kashmir,Budgam,2013-03-01,33.9099319,74.62914426,3,Summer,233.0,0.0,0.9200913598,6.0,276.19,135.66666666666666,0.0,0.6642857142857144
Jammu and Kashmir,Budgam,2014-07-01,33.9099319,74.62914426,7,Monsoon,155.0,0.0,0.8847361057,17.0,290.95,176.0,0.0,-0.33476394849785407
Jammu and Kashmir,Budgam,2014-08-01,33.9099319,74.62914426,8,Monsoon,160.0,0.0,0.7060567343,17.0,291.64,182.66666666666666,0.0,0.032258064516129004
Jammu and Kashmir,Doda,2010-08-01,33.1449112,75.5473969,8,Monsoon,836.5599999999977,1.0,0.6038596979,24.0,290.9133334,836.5599999999977,1.0,0.0
Jammu and Kashmir,Doda,2015-09-01,33.1449112,75.5473969,9,Monsoon,36.0,0.0,0.03186654549,20.0,295.7333334,436.27999999999884,0.5,-0.9569666252271205
Jammu and Kashmir,Doda,2019-05-01,33.1449112,75.5473969,5,Summer,615.0,0.0,0.6510872795,19.0,290.64,495.85333333333256,0.3333333333333333,5.0
Jammu and Kashmir,Doda,2019-08-01,33.1449112,75.5473969,8,Monsoon,435.0,0.0,1.27725959,24.0,289.0266666,362.0,0.0,-0.29268292682926833
Jammu and Kashmir,Ganderbal,2011-07-01,34.1934255,74.83434977,7,Monsoon,27.0,0.0,0.1832444345,16.0,296.6166666,27.0,0.0,0.0
Jammu and Kashmir,Ganderbal,2012-07-01,34.1934255,74.83434977,7,Monsoon,72.0,0.0,0.3445817908,9.0,294.816,49.5,0.0,1.6666666666666665
Jammu and Kashmir,Ganderbal,2012-08-01,34.1934255,74.83434977,8,Monsoon,33.0,0.0,0.8245407016,14.0,292.6,44.0,0.0,-0.5416666666666667
Jammu and Kashmir,Ganderbal,2013-08-01,34.1934255,74.83434977,8,Monsoon,60.0,1.0,0.7145166478,17.0,286.5766666,55.0,0.3333333333333333,0.8181818181818181
Jammu and Kashmir,Ganderbal,2018-09-01,34.1934255,74.83434977,9,Monsoon,363.0,0.0,0.2451434777,12.0,295.628,152.0,0.3333333333333333,5.0
Jammu and Kashmir,Jammu and Kashmir,2012-04-01,32.7185614,74.8580917,4,Summer,70.0,0.0,0.2349068775,9.0,287.62,70.0,0.0,0.0
Jammu and Kashmir,Jammu and Kashmir,2014-07-01,32.7185614,74.8580917,7,Monsoon,427.0,0.0,0.9780432684,20.0,296.975,248.5,0.0,5.0
Jammu and Kashmir,Jammu and Kashmir,2015-03-01,32.7185614,74.8580917,3,Summer,410.0,0.0,0.06441370565,7.0,279.3533334,302.3333333333333,0.0,-0.03981264637002346
Jammu and Kashmir,Jammu and Kashmir,2015-05-01,32.7185614,74.8580917,5,Summer,50.0,0.0,0.02483071517,15.0,296.69,295.6666666666667,0.0,-0.8780487804878049
Jammu and Kashmir,Jammu and Kashmir,2015-09-01,32.7185614,74.8580917,9,Monsoon,306.0,0.0,0.1003939873,26.0,296.6366666,117.33333333333333,0.0,0.39286195286195297
Jammu and Kashmir,Jammu and Kashmir,2017-08-01,32.7185614,74.8580917,8,Monsoon,12.0,0.0,1.594628235,9.0,286.9866666,84.0,0.0,-0.9090909090909091
Jammu and Kashmir,Jammu and Kashmir,2019-08-01,32.7185614,74.8580917,8,Monsoon,435.0,0.0,1.982460361,18.0,296.09000000000003,193.0,0.0,5.0
Jammu and Kashmir,Kathua,2012-04-01,32.4288215,75.56286458,4,Summer,126.0,0.0,0.04889600175,8.0,302.6,126.0,0.0,0.0
Jammu and Kashmir,Kathua,2015-07-01,32.4288215,75.56286458,7,Monsoon,304.0,0.0,1.049810362,12.0,303.18,141.16666666666669,0.0,0.10317460317460314
Jammu and Kashmir,Kathua,2016-10-01,32.4288215,75.56286458,10,Post-Monsoon,116.0,0.0,0.01632603646,14.0,301.80333340000004,140.0,0.0,-0.23684210526315785
Jammu and Kashmir,Kulgam,2013-05-01,33.66980055,75.01480232,5,Summer,103.0,0.0,0.9050134833,14.0,293.3066666,103.0,0.0,0.0
Jammu and Kashmir,Kulgam,2013-08-01,33.66980055,75.01480232,8,Monsoon,127.0,0.0,1.6592023029999998,18.5,297.9413333,84.33333333333334,0.0,-0.3228454992209038
Jammu and Kashmir,Kulgam,2014-05-01,33.66980055,75.01480232,5,Summer,697.0,0.0,1.065492495,11.0,282.4233334,274.6666666666667,0.0,5.0
Jammu and Kashmir,Kulgam,2014-07-01,33.66980055,75.01480232,7,Monsoon,83.0,0.0,0.7749021226,18.0,297.48,275.3333333333333,0.0,-0.8809182209469153
Jammu and Kashmir,Kulgam,2017-08-01,33.66980055,75.01480232,8,Monsoon,85.0,0.0,0.7091477616,20.0,293.25,288.3333333333333,0.0,0.024096385542168752
Jammu and Kashmir,Kulgam,2018-06-01,33.66980055,75.01480232,6,Monsoon,20.0,0.0,0.7341841191,16.0,295.62333340000004,62.666666666666664,0.0,-0.7647058823529411
Jammu and Kashmir,Kupwara,2011-06-01,34.6110236,74.23847867,6,Monsoon,417.0,0.0,0.0776677025775,13.25,292.8766667,130.25,0.0,0.61078431372549
Jammu and Kashmir,Kupwara,2012-06-01,34.6110236,74.23847867,6,Monsoon,15.0,0.0,0.1579262272,9.0,285.6733334,66.0,0.0,-0.5
Jammu and Kashmir,Kupwara,2012-09-01,34.6110236,74.23847867,9,Monsoon,130.0,2.0,0.3233541594,13.0,291.504,58.333333333333336,0.6666666666666666,5.0
Jammu and Kashmir,Kupwara,2013-08-01,34.6110236,74.23847867,8,Monsoon,54.0,0.0,0.4784641837,13.0,292.524,66.33333333333333,0.6666666666666666,-0.5846153846153845
Jammu and Kashmir,Kupwara,2014-08-01,34.6110236,74.23847867,8,Monsoon,836.5599999999977,0.0,0.2775758705,16.0,292.72,340.1866666666659,0.6666666666666666,5.0
Jammu and Kashmir,Kupwara,2015-08-01,34.6110236,74.23847867,8,Monsoon,140.0,0.0,0.69838534,16.0,287.968,321.51999999999924,0.0,-0.3339112247699487
Jammu and Kashmir,Kupwara,2017-02-01,34.6110236,74.23847867,2,Winter,17.0,0.0,0.4358234496,0.0,259.68,52.333333333333336,0.0,-0.782051282051282
Jammu and Kashmir,Kupwara,2017-07-01,34.6110236,74.23847867,7,Monsoon,400.0,0.0,0.49249900004999997,10.0,291.7941667,97.83333333333333,0.0,3.372549019607843
Jammu and Kashmir,Kupwara,2017-08-01,34.6110236,74.23847867,8,Monsoon,104.0,0.0,0.5467073798,9.0,295.42,168.0,0.0,-0.6799999999999999
Jammu and Kashmir,Kupwara,2018-08-01,34.6110236,74.23847867,8,Monsoon,132.0,0.0,0.3403820217,12.5,291.948,117.83333333333334,0.0,0.2733516483516483
Jammu and Kashmir,Kupwara,2019-07-01,34.6110236,74.23847867,7,Monsoon,21.0,0.0,0.1575381378,16.0,293.0133334,51.0,0.0,-0.7666666666666666
Jammu and Kashmir,Kupwara,2019-08-01,34.6110236,74.23847867,8,Monsoon,308.0,4.0,0.12455705406333334,11.666666666666666,290.86755553333336,107.11111111111113,1.3333333333333333,1.355860433604336
Jammu and Kashmir,Kupwara,2019-09-01,34.6110236,74.23847867,9,Monsoon,29.0,0.0,0.3271626639,12.0,288.95,30.333333333333332,0.0,-0.033333333333333326
Jammu and Kashmir,Kupwara,2020-10-01,34.6110236,74.23847867,10,Post-Monsoon,20.0,0.0,0.1917575963,8.0,290.06333340000003,26.333333333333332,0.0,-0.31034482758620685
Jammu and Kashmir,Leh,2017-03-01,34.0846151,74.8230135,3,Summer,25.0,0.0,0.3567167085,7.0,275.8233334,25.0,0.0,0.0
Jammu and Kashmir,Leh (Ladakh),2017-09-01,34.1634271,77.5843437,9,Monsoon,30.0,0.0,0.0970785931,5.0,293.0166666,30.0,0.0,0.0
Jammu and Kashmir,Leh (ladakh),2014-10-01,34.1634271,77.5843437,10,Post-Monsoon,17.0,0.0,0.08021718614,4.0,289.28000000000003,17.0,0.0,0.0
Jammu and Kashmir,Leh (ladakh),2014-11-01,34.1634271,77.5843437,11,Post-Monsoon,22.0,0.0,0.1200676694,2.0,275.1966666,19.5,0.0,0.2941176470588236
Jammu and Kashmir,Poonch,2017-04-01,33.7670004,74.0957143,4,Summer,35.0,0.0,0.04266753781,13.0,297.356,35.0,0.0,0.0
Jammu and Kashmir,Poonch,2017-05-01,33.7670004,74.0957143,5,Summer,836.5599999999977,0.0,0.05117537977,17.0,303.25,435.77999999999884,0.0,5.0
Jammu and Kashmir,Poonch,2019-06-01,33.7670004,74.0957143,6,Monsoon,117.0,0.0,0.1477448799,18.0,304.52,329.51999999999924,0.0,-0.8601415319881416
Jammu and Kashmir,Pulwama,2012-08-01,33.89829355,74.89634094,8,Monsoon,34.0,0.0,0.6637921426,17.0,294.95,34.0,0.0,0.0
Jammu and Kashmir,Pulwama,2013-04-01,33.89829355,74.89634094,4,Summer,60.0,0.0,0.5088448167,10.0,286.848,47.0,0.0,0.7647058823529411
Jammu and Kashmir,Pulwama,2013-08-01,33.89829355,74.89634094,8,Monsoon,40.0,0.0,1.607048176,4.0,288.16,44.666666666666664,0.0,-0.33333333333333337
Jammu and Kashmir,Pulwama,2016-07-01,33.89829355,74.89634094,7,Monsoon,49.0,0.0,0.5073875308,20.0,298.43333340000004,49.666666666666664,0.0,0.2250000000000001
Jammu and Kashmir,Pulwama,2017-08-01,33.89829355,74.89634094,8,Monsoon,62.0,0.0,0.9501646551,9.0,286.6633334,38.5,0.0,-0.18367346938775508
Jammu and Kashmir,Rajouri,2015-06-01,33.3772495,74.3132332,6,Monsoon,35.0,0.0,1.310911652,13.0,296.98,35.0,0.0,0.0
Jammu and Kashmir,Ramban,2016-08-01,33.2116371,75.20509891,8,Monsoon,124.0,2.0,0.07875460975,9.0,298.18333340000004,62.0,1.0,0.0
Jammu and Kashmir,Reasi,2013-08-01,33.06910315,74.83786982,8,Monsoon,201.0,1.0,1.12292574,22.0,297.945,201.0,1.0,0.0
Jammu and Kashmir,Reasi,2016-05-01,33.06910315,74.83786982,5,Summer,56.0,0.0,0.1403411263,15.0,297.455,128.5,0.5,-0.7213930348258706
Jammu and Kashmir,Samba(Jammu and Kashmir),2019-09-01,32.57591175,75.12034456,9,Monsoon,15.0,0.0,0.1989624925,23.0,303.06,15.0,0.0,0.0
Jammu and Kashmir,Shopian,2013-05-01,33.718807,74.8333311,5,Summer,194.0,0.0,0.956087794,14.0,295.1266666,194.0,0.0,0.0
Jammu and Kashmir,Shopian,2013-07-01,33.718807,74.8333311,7,Monsoon,128.0,0.0,1.25844149,20.0,294.928,161.0,0.0,-0.3402061855670103
Jammu and Kashmir,Shopian,2014-02-01,33.718807,74.8333311,2,Winter,16.0,0.0,0.2503841664,9.0,275.048,112.66666666666667,0.0,-0.875
Jammu and Kashmir,Shopian,2015-07-01,33.718807,74.8333311,7,Monsoon,55.0,0.0,0.9054757219,19.0,293.496,66.33333333333333,0.0,2.4375
Jammu and Kashmir,Shopian,2017-08-01,33.718807,74.8333311,8,Monsoon,18.0,0.0,0.3273365824,9.0,295.53000000000003,29.666666666666668,0.0,-0.6727272727272727
Jammu and Kashmir,Shopian,2019-09-01,33.718807,74.8333311,9,Monsoon,43.0,0.0,0.2483930092,11.0,295.48,38.666666666666664,0.0,1.3888888888888888
Jammu and Kashmir,Srinagar,2011-07-01,34.0747444,74.8204443,7,Monsoon,27.0,0.0,0.4291256851,23.0,296.8533334,27.0,0.0,0.0
Jammu and Kashmir,Srinagar,2020-10-01,34.0747444,74.8204443,10,Post-Monsoon,35.0,0.0,0.03060003385,8.0,291.0666666,31.0,0.0,0.2962962962962963
Jammu and Kashmir,Udhampur,2015-07-01,33.0,75.166667,7,Monsoon,12.0,1.0,1.196293799,20.0,294.28000000000003,12.0,1.0,0.0
Jammu and Kashmir,Udhampur,2018-06-01,33.0,75.166667,6,Monsoon,12.0,0.0,0.3359000444,9.0,298.99333340000004,12.0,0.5,0.0
Jammu and Kashmir,Udhampur,2019-09-01,33.0,75.166667,9,Monsoon,74.0,0.0,0.2873381265,22.0,296.66,24.5,0.16666666666666666,1.0416666666666667
Jharkhand,Bokaro,2012-10-01,23.69912795,85.99106894,10,Post-Monsoon,27.0,0.0,0.158100154,9.0,300.556,27.0,0.0,0.0
Jharkhand,Bokaro,2015-10-01,23.69912795,85.99106894,10,Post-Monsoon,134.0,0.0,0.002508768122,9.0,305.0566666,80.5,0.0,3.962962962962963
Jharkhand,Bokaro,2018-05-01,23.69912795,85.99106894,5,Summer,112.0,0.0,0.01681506446,8.0,311.4166666,91.0,0.0,-0.16417910447761197
Jharkhand,Bokaro,2018-08-01,23.69912795,85.99106894,8,Monsoon,79.0,0.0,0.94789993965,8.5,302.2975,78.0,0.0,-0.0874135944700461
Jharkhand,Bokaro,2019-09-01,23.69912795,85.99106894,9,Monsoon,14.0,0.0,0.36302264075,17.0,303.33900000000006,24.5,0.0,-0.27083333333333337
Jharkhand,Chatra,2009-11-01,24.20162495,84.87817692,11,Post-Monsoon,60.0,0.0,0.01399211753,16.0,302.6166666,60.0,0.0,0.0
Jharkhand,Chatra,2011-07-01,24.20162495,84.87817692,7,Monsoon,8.0,0.0,0.2006667068,10.0,306.89,34.0,0.0,-0.8666666666666667
Jharkhand,Chatra,2018-08-01,24.20162495,84.87817692,8,Monsoon,72.0,0.0,0.7429069229,17.0,303.445,46.666666666666664,0.0,5.0
Jharkhand,Deoghar,2014-10-01,24.4766423,86.60673245,10,Post-Monsoon,28.0,0.0,0.03162830155,9.0,302.875,28.0,0.0,0.0
Jharkhand,Deoghar,2017-08-01,24.4766423,86.60673245,8,Monsoon,23.0,0.0,0.864363253,5.0,303.445,25.5,0.0,-0.1785714285714286
Jharkhand,Deoghar,2019-09-01,24.4766423,86.60673245,9,Monsoon,19.0,0.0,0.382680352,14.0,299.8,23.333333333333332,0.0,-0.17391304347826086
Jharkhand,Dhanbad,2011-10-01,23.7952809,86.4309638,10,Post-Monsoon,33.0,0.0,0.05961393745,14.0,303.14,33.0,0.0,0.0
Jharkhand,Dhanbad,2012-11-01,23.7952809,86.4309638,11,Post-Monsoon,60.0,0.0,2.47e-05,8.0,299.632,46.5,0.0,0.8181818181818181
Jharkhand,Dhanbad,2013-06-01,23.7952809,86.4309638,6,Monsoon,13.0,0.0,0.5242693763,15.0,305.676,35.333333333333336,0.0,-0.7833333333333333
Jharkhand,Dhanbad,2017-07-01,23.7952809,86.4309638,7,Monsoon,91.0,0.0,0.3566631723,5.0,298.76,54.666666666666664,0.0,5.0
Jharkhand,Dhanbad,2018-06-01,23.7952809,86.4309638,6,Monsoon,45.0,0.0,0.03974542646,11.0,307.425,49.666666666666664,0.0,-0.5054945054945055
Jharkhand,Dhanbad,2018-09-01,23.7952809,86.4309638,9,Monsoon,38.0,0.0,0.4311538211,19.0,302.21500000000003,58.0,0.0,-0.15555555555555556
Jharkhand,Dhanbad,2018-11-01,23.7952809,86.4309638,11,Post-Monsoon,10.0,0.0,4.56e-05,6.0,301.535,31.0,0.0,-0.736842105263158
Jharkhand,Dhanbad,2019-11-01,23.7952809,86.4309638,11,Post-Monsoon,34.0,0.0,6.65e-05,9.0,299.68,27.333333333333332,0.0,2.4
Jharkhand,Dhanbad,2019-12-01,23.7952809,86.4309638,12,Winter,45.0,0.0,0.11975876628,7.0,296.9625,26.166666666666664,0.0,-0.3382352941176471
Jharkhand,Dhanbad,2021-09-01,23.7952809,86.4309638,9,Monsoon,15.0,0.0,0.9377158394,9.0,300.7333334,20.0,0.0,0.36363636363636354
Jharkhand,Dhanbad,2021-10-01,23.7952809,86.4309638,10,Post-Monsoon,31.0,0.0,0.4744137595,17.0,303.148,19.0,0.0,1.0666666666666669
Jharkhand,Dhanbad,2021-11-01,23.7952809,86.4309638,11,Post-Monsoon,19.0,0.0,0.001782728319,14.0,300.94,21.666666666666668,0.0,-0.3870967741935484
Jharkhand,Dumka,2009-10-01,24.2538512,87.30064714,10,Post-Monsoon,25.0,0.0,0.4589699681,17.0,302.195,25.0,0.0,0.0
Jharkhand,Dumka,2010-11-01,24.2538512,87.30064714,11,Post-Monsoon,1492.0,2.0,0.02855312357,11.0,302.99,445.58333333333337,0.5833333333333333,2.5
Jharkhand,Dumka,2014-08-01,24.2538512,87.30064714,8,Monsoon,85.0,0.0,0.49315806954999997,12.5,301.8333333,394.16666666666663,0.5,-0.45994510404698075
Jharkhand,Dumka,2015-08-01,24.2538512,87.30064714,8,Monsoon,13.0,0.0,1.326505426,11.0,303.93,32.666666666666664,0.0,-0.6976744186046512
Jharkhand,Dumka,2019-06-01,24.2538512,87.30064714,6,Monsoon,67.0,0.0,0.2690874119,9.0,306.4166666,41.0,0.0,4.153846153846154
Jharkhand,Dumka,2019-07-01,24.2538512,87.30064714,7,Monsoon,16.0,0.0,0.1860454064,9.0,305.5266666,32.0,0.0,-0.7611940298507462
Jharkhand,East Singhbhum,2010-01-01,22.8092139,86.2091549,1,Winter,14.0,0.0,0.007247662728,4.0,297.12,14.0,0.0,0.0
Jharkhand,East Singhbhum,2010-10-01,22.8092139,86.2091549,10,Post-Monsoon,35.0,0.0,0.3291564272,14.0,303.2666666,24.5,0.0,1.5
Jharkhand,East Singhbhum,2010-11-01,22.8092139,86.2091549,11,Post-Monsoon,46.0,0.0,0.08766739926,11.0,301.94,25.333333333333336,0.0,-0.1402597402597403
Jharkhand,East Singhbhum,2011-07-01,22.8092139,86.2091549,7,Monsoon,1843.1199999999953,0.0,0.458236754125,6.75,304.91125,257.47333333333273,0.0,2.221064814814815
Jharkhand,East Singhbhum,2011-08-01,22.8092139,86.2091549,8,Monsoon,845.5599999999977,0.0,0.8749570327,8.5,300.3625,698.6333333333314,0.0,-0.49462082815339004
Jharkhand,East Singhbhum,2011-09-01,22.8092139,86.2091549,9,Monsoon,14.0,1.0,0.1687497203,9.0,300.935,286.51999999999924,0.3333333333333333,0.5555555555555556
Jharkhand,East Singhbhum,2011-10-01,22.8092139,86.2091549,10,Post-Monsoon,86.0,3.0,0.10699694873333333,18.0,302.4053333333333,26.11111111111111,1.222222222222222,0.9371428571428572
Jharkhand,East Singhbhum,2012-10-01,22.8092139,86.2091549,10,Post-Monsoon,119.0,0.0,0.3196659628,18.0,301.99,37.5,0.0,0.7518115942028986
Jharkhand,East Singhbhum,2014-11-01,22.8092139,86.2091549,11,Post-Monsoon,76.0,4.0,0.0002390002314,9.0,301.12,65.0,1.3333333333333333,0.041095890410958846
Jharkhand,East Singhbhum,2016-01-01,22.8092139,86.2091549,1,Winter,82.0,0.0,0.0007417870808,5.0,295.28000000000003,77.0,1.3333333333333333,0.07894736842105265
Jharkhand,East Singhbhum,2016-03-01,22.8092139,86.2091549,3,Summer,40.0,0.0,0.01803331899,5.0,312.05,66.0,1.3333333333333333,-0.5121951219512195
Jharkhand,East Singhbhum,2016-07-01,22.8092139,86.2091549,7,Monsoon,57.0,1.0,0.78794163315,4.5,303.445,44.833333333333336,0.16666666666666666,-0.305
Jharkhand,East Singhbhum,2016-08-01,22.8092139,86.2091549,8,Monsoon,10.0,1.0,1.003223374,7.0,303.445,22.333333333333332,0.6666666666666666,0.4285714285714286
Jharkhand,East Singhbhum,2016-09-01,22.8092139,86.2091549,9,Monsoon,40.0,0.0,1.7213070474999999,9.0,303.445,14.833333333333334,0.5,0.5090909090909093
Jharkhand,East Singhbhum,2016-10-01,22.8092139,86.2091549,10,Post-Monsoon,836.5599999999977,0.0,0.4044096657,19.0,300.625,292.1866666666659,0.0,5.0
Jharkhand,East Singhbhum,2016-11-01,22.8092139,86.2091549,11,Post-Monsoon,706.0,0.0,0.029734928,11.0,301.51,520.1866666666659,0.0,-0.1560677058429737
Jharkhand,East Singhbhum,2017-02-01,22.8092139,86.2091549,2,Winter,40.0,0.0,0.0001523435949,5.0,305.54,527.5199999999992,0.0,-0.943342776203966
Jharkhand,East Singhbhum,2017-08-01,22.8092139,86.2091549,8,Monsoon,35.0,1.0,0.72075250745,7.75,301.1125,71.91666666666667,0.25,-0.09261363636363637
Jharkhand,East Singhbhum,2017-09-01,22.8092139,86.2091549,9,Monsoon,19.0,0.0,0.7879642519,9.0,302.2266666,12.666666666666666,0.0,1.1111111111111112
Jharkhand,East Singhbhum,2017-10-01,22.8092139,86.2091549,10,Post-Monsoon,22.0,0.0,0.5184649703,15.0,301.88,16.666666666666668,0.0,0.1578947368421053
Jharkhand,East Singhbhum,2017-11-01,22.8092139,86.2091549,11,Post-Monsoon,80.0,3.0,0.124128862625,9.0,298.245,35.5,1.0,0.6623376623376622
Jharkhand,East Singhbhum,2018-05-01,22.8092139,86.2091549,5,Summer,17.0,0.0,0.6638510517,10.0,304.672,32.333333333333336,1.0,0.7
Jharkhand,East Singhbhum,2018-08-01,22.8092139,86.2091549,8,Monsoon,90.0,0.0,1.1571565585,4.5,303.445,30.166666666666664,0.0,0.8397997496871088
Jharkhand,East Singhbhum,2019-06-01,22.8092139,86.2091549,6,Monsoon,52.0,1.0,0.13749514257,9.0,306.06100000000004,32.166666666666664,0.16666666666666666,1.8430232558139534
Jharkhand,East Singhbhum,2019-11-01,22.8092139,86.2091549,11,Post-Monsoon,6.0,1.0,0.003567116011,9.0,300.628,19.333333333333332,0.6666666666666666,-0.8636363636363636
Jharkhand,East Singhbhum,2020-02-01,22.8092139,86.2091549,2,Winter,65.0,0.0,0.01933481332,8.0,297.4066666,38.333333333333336,0.6666666666666666,5.0
Jharkhand,East Singhbhum,2021-10-01,22.8092139,86.2091549,10,Post-Monsoon,4.0,0.0,0.05030142239,9.0,300.452,25.0,0.3333333333333333,-0.9384615384615385
Jharkhand,East Singhbhum,2021-11-01,22.8092139,86.2091549,11,Post-Monsoon,23.0,0.0,0.003687256675,14.0,300.268,30.666666666666668,0.0,4.75
Jharkhand,East Singhbhum,2022-04-01,22.8092139,86.2091549,4,Summer,37.0,1.0,0.04142995706,7.0,311.8366666,21.333333333333332,0.3333333333333333,0.6086956521739131
Jharkhand,East Singhbhum,2022-06-01,22.8092139,86.2091549,6,Monsoon,21.0,1.0,0.08390716839,10.0,306.504,27.0,0.6666666666666666,-0.43243243243243246
Jharkhand,Garhwa,2012-07-01,24.15529035,83.82522584,7,Monsoon,140.0,3.0,1.017013337,9.0,303.445,140.0,3.0,0.0
Jharkhand,Garhwa,2021-10-01,24.15529035,83.82522584,10,Post-Monsoon,4.0,0.0,0.3276684066,23.0,299.45,72.0,1.5,-0.9714285714285714
Jharkhand,Giridih,2019-08-01,24.1608897,86.25113503,8,Monsoon,15.0,0.0,0.8635612783,11.0,303.445,15.0,0.0,0.0
Jharkhand,Godda,2013-08-01,24.74334305,87.29285062,8,Monsoon,13.0,0.0,0.8585724847,9.0,300.0,13.0,0.0,0.0
Jharkhand,Godda,2014-11-01,24.74334305,87.29285062,11,Post-Monsoon,59.0,0.0,7.2e-05,8.0,303.4266666,36.0,0.0,3.5384615384615383
Jharkhand,Godda,2017-10-01,24.74334305,87.29285062,10,Post-Monsoon,14.0,0.0,0.01186157431,14.0,302.3066666,28.666666666666668,0.0,-0.7627118644067796
Jharkhand,Godda,2018-11-01,24.74334305,87.29285062,11,Post-Monsoon,16.0,0.0,1.6e-05,6.0,301.688,29.666666666666668,0.0,0.1428571428571428
Jharkhand,Godda,2019-10-01,24.74334305,87.29285062,10,Post-Monsoon,25.0,0.0,0.01703408874,14.0,303.48,18.333333333333332,0.0,0.5625
Jharkhand,Godda,2019-11-01,24.74334305,87.29285062,11,Post-Monsoon,46.0,0.0,0.01204277216,10.0,301.55333340000004,22.5,0.0,-0.03999999999999998
Jharkhand,Godda,2021-07-01,24.74334305,87.29285062,7,Monsoon,28.0,0.0,0.5883687392333333,8.333333333333334,297.22333333333336,13.444444444444445,0.0,-0.050724637681159424
Jharkhand,Godda,2021-08-01,24.74334305,87.29285062,8,Monsoon,38.0,0.0,0.5068591472,9.0,303.445,19.333333333333332,0.0,2.1666666666666665
Jharkhand,Gumla,2013-10-01,23.0916741,84.57384807,10,Post-Monsoon,15.0,1.0,0.3546821689,15.0,299.0133334,15.0,1.0,0.0
Jharkhand,Jamtara,2010-07-01,23.9232867,86.77353494,7,Monsoon,30.0,0.0,0.9552154317,7.0,303.445,30.0,0.0,0.0
Jharkhand,Jamtara,2013-05-01,23.9232867,86.77353494,5,Summer,10.0,0.0,0.0006390585241,6.0,315.5766666,20.0,0.0,-0.6666666666666667
Jharkhand,Jamtara,2015-09-01,23.9232867,86.77353494,9,Monsoon,12.0,0.0,0.1172399266,19.0,304.42,17.333333333333332,0.0,0.19999999999999996
Jharkhand,Jamtara,2016-08-01,23.9232867,86.77353494,8,Monsoon,21.0,0.0,0.5421693717,7.0,299.14,14.333333333333334,0.0,0.75
Jharkhand,Jamtara,2017-10-01,23.9232867,86.77353494,10,Post-Monsoon,22.0,0.0,0.1234599698,16.0,302.68,18.333333333333332,0.0,0.04761904761904767
Jharkhand,Jamtara,2018-06-01,23.9232867,86.77353494,6,Monsoon,125.0,0.0,0.4551578085,9.0,309.485,56.0,0.0,4.681818181818182
Jharkhand,Khunti,2019-03-01,23.10018105,85.34545936,3,Summer,23.0,0.0,0.01662686566,9.0,304.47,23.0,0.0,0.0
Jharkhand,Khunti,2019-10-01,23.10018105,85.34545936,10,Post-Monsoon,7.0,0.0,0.6411428953,21.0,297.925,15.0,0.0,-0.6956521739130435
Jharkhand,Latehar,2009-07-01,23.74186545,84.51301367,7,Monsoon,22.0,0.0,0.6545638936,9.0,299.41,22.0,0.0,0.0
Jharkhand,Latehar,2009-09-01,23.74186545,84.51301367,9,Monsoon,25.0,5.0,0.06765355443,24.0,300.02,23.5,2.5,0.13636363636363646
Jharkhand,Latehar,2014-08-01,23.74186545,84.51301367,8,Monsoon,148.0,0.0,0.2989697937,9.0,300.4733334,65.0,1.6666666666666667,4.92
Jharkhand,Latehar,2015-07-01,23.74186545,84.51301367,7,Monsoon,173.0,4.0,0.8320989077,18.0,303.445,115.33333333333333,3.0,0.16891891891891886
Jharkhand,Latehar,2015-10-01,23.74186545,84.51301367,10,Post-Monsoon,186.0,10.0,0.004968234459,27.0,301.2666666,117.33333333333334,3.8333333333333335,2.0693641618497107
Jharkhand,Latehar,2016-06-01,23.74186545,84.51301367,6,Monsoon,17.0,0.0,0.04299109535,12.0,309.9466666,67.66666666666667,3.3333333333333335,-0.8950617283950617
Jharkhand,Latehar,2017-11-01,23.74186545,84.51301367,11,Post-Monsoon,18.0,1.0,4.75e-05,20.0,297.48400000000004,65.66666666666667,2.0,0.05882352941176472
Jharkhand,Loharda,2013-09-01,22.6526507,85.6895399,9,Monsoon,10.0,0.0,0.4509968461,20.0,302.90000000000003,10.0,0.0,0.0
Jharkhand,Lohardaga,2013-07-01,23.46920055,84.73568423,7,Monsoon,51.0,0.0,0.3826473737,7.0,302.66,51.0,0.0,0.0
Jharkhand,Lohardaga,2013-08-01,23.46920055,84.73568423,8,Monsoon,66.0,0.0,1.060786269,14.0,300.9666666,58.5,0.0,0.2941176470588236
Jharkhand,Lohardaga,2014-08-01,23.46920055,84.73568423,8,Monsoon,39.0,1.0,0.3128925433,24.0,300.0,52.0,0.3333333333333333,-0.40909090909090906
Jharkhand,Lohardaga,2015-06-01,23.46920055,84.73568423,6,Monsoon,23.0,0.0,0.9753135469,8.0,310.0,42.666666666666664,0.3333333333333333,-0.41025641025641024
Jharkhand,Lohardaga,2015-08-01,23.46920055,84.73568423,8,Monsoon,53.0,0.0,0.4757177979,21.0,300.03000000000003,38.333333333333336,0.3333333333333333,1.3043478260869565
Jharkhand,Lohardaga,2015-11-01,23.46920055,84.73568423,11,Post-Monsoon,35.0,0.0,7.21e-05,18.0,299.024,37.0,0.0,-0.339622641509434
Jharkhand,Lohardaga,2016-07-01,23.46920055,84.73568423,7,Monsoon,24.0,0.0,0.8248498832,6.0,303.08,37.333333333333336,0.0,-0.3142857142857143
Jharkhand,Lohardaga,2016-09-01,23.46920055,84.73568423,9,Monsoon,18.0,0.0,0.8742669453,6.0,303.445,25.666666666666668,0.0,-0.25
Jharkhand,Lohardaga,2017-08-01,23.46920055,84.73568423,8,Monsoon,12.0,0.0,1.036276621,18.0,299.84000000000003,18.0,0.0,-0.33333333333333337
Jharkhand,Pakur,2012-07-01,24.6379647,87.8558666,7,Monsoon,56.0,0.0,0.4878417512,8.0,299.4266666,56.0,0.0,0.0
Jharkhand,Pakur,2012-10-01,24.6379647,87.8558666,10,Post-Monsoon,29.0,0.0,0.2983947084,23.0,302.615,42.5,0.0,-0.4821428571428571
Jharkhand,Pakur,2013-09-01,24.6379647,87.8558666,9,Monsoon,21.0,1.0,0.5739575719,17.0,302.39,35.333333333333336,0.3333333333333333,-0.27586206896551724
Jharkhand,Pakur,2013-10-01,24.6379647,87.8558666,10,Post-Monsoon,39.0,1.0,0.687358326,23.0,300.5,29.666666666666668,0.6666666666666666,0.8571428571428572
Jharkhand,Pakur,2015-10-01,24.6379647,87.8558666,10,Post-Monsoon,91.0,0.0,0.1856940127,22.0,303.21,50.333333333333336,0.6666666666666666,1.3333333333333335
Jharkhand,Pakur,2016-03-01,24.6379647,87.8558666,3,Summer,40.0,1.0,0.03743638404,7.0,307.2233334,56.666666666666664,0.6666666666666666,-0.5604395604395604
Jharkhand,Pakur,2016-06-01,24.6379647,87.8558666,6,Monsoon,34.0,0.0,0.7328551646,11.0,301.34000000000003,55.0,0.3333333333333333,-0.15000000000000002
Jharkhand,Pakur,2016-08-01,24.6379647,87.8558666,8,Monsoon,20.0,0.0,0.4000106475,10.0,299.88,31.333333333333332,0.3333333333333333,-0.4117647058823529
Jharkhand,Pakur,2016-09-01,24.6379647,87.8558666,9,Monsoon,33.0,0.0,0.6502303816,14.0,300.57,29.0,0.0,0.6499999999999999
Jharkhand,Pakur,2016-11-01,24.6379647,87.8558666,11,Post-Monsoon,836.5599999999977,3.0,0.00107958122,9.0,302.36,296.51999999999924,1.0,5.0
Jharkhand,Palamu,2009-07-01,23.916667,84.083333,7,Monsoon,21.0,3.0,0.5593367203,8.0,300.805,21.0,3.0,0.0
Jharkhand,Ranchi,2012-07-01,23.3700501,85.3250387,7,Monsoon,18.0,1.0,0.9699154423,9.0,303.53000000000003,18.0,1.0,0.0
Jharkhand,Ranchi,2013-08-01,23.3700501,85.3250387,8,Monsoon,15.0,0.0,1.226471407,11.0,298.0,16.5,0.5,-0.16666666666666663
Jharkhand,Ranchi,2013-09-01,23.3700501,85.3250387,9,Monsoon,35.0,0.0,0.5774816134,9.0,301.4066666,22.666666666666668,0.3333333333333333,1.3333333333333335
Jharkhand,Ranchi,2013-10-01,23.3700501,85.3250387,10,Post-Monsoon,20.0,0.0,0.9117285145,9.0,301.6,23.333333333333332,0.0,-0.4285714285714286
Jharkhand,Ranchi,2014-08-01,23.3700501,85.3250387,8,Monsoon,24.0,0.0,0.7521532157,12.0,301.04,26.333333333333332,0.0,0.19999999999999996
Jharkhand,Ranchi,2015-07-01,23.3700501,85.3250387,7,Monsoon,169.0,0.0,1.368249241,11.0,303.445,71.0,0.0,5.0
Jharkhand,Ranchi,2016-07-01,23.3700501,85.3250387,7,Monsoon,13.0,0.0,1.453732408,7.0,303.445,68.66666666666667,0.0,-0.9230769230769231
Jharkhand,Ranchi,2019-08-01,23.3700501,85.3250387,8,Monsoon,13.0,0.0,1.417752193,11.0,303.445,65.0,0.0,0.0
Jharkhand,Ranchi,2019-10-01,23.3700501,85.3250387,10,Post-Monsoon,16.0,0.0,0.5888525573,9.0,299.335,14.0,0.0,0.23076923076923084
Jharkhand,Ranchi,2021-06-01,23.3700501,85.3250387,6,Monsoon,8.0,0.0,0.8343968076,14.0,302.925,12.333333333333334,0.0,-0.5
Jharkhand,Ranchi,2022-05-01,23.3700501,85.3250387,5,Summer,21.0,0.0,0.06576300589,8.0,308.388,15.0,0.0,1.625
Jharkhand,Sahebganj,2014-08-01,25.244263,87.6348084,8,Monsoon,14.0,0.0,0.8494099634,9.0,298.0,14.0,0.0,0.0
Jharkhand,Sahebganj,2015-12-01,25.244263,87.6348084,12,Winter,61.0,1.0,0.011344233,9.0,298.695,37.5,0.5,3.3571428571428568
Jharkhand,Sahebganj,2016-08-01,25.244263,87.6348084,8,Monsoon,51.0,0.0,0.5411956907,9.0,300.96,42.0,0.3333333333333333,-0.16393442622950816
Jharkhand,Sahebganj,2016-09-01,25.244263,87.6348084,9,Monsoon,101.0,1.0,0.7714430701,12.0,301.90000000000003,47.166666666666664,0.5,1.3441692466460269
Jharkhand,Sahebganj,2017-11-01,25.244263,87.6348084,11,Post-Monsoon,20.0,0.0,0.04942020582,9.0,300.985,40.333333333333336,0.3333333333333333,-0.7560975609756098
Jharkhand,Sahebganj,2019-05-01,25.244263,87.6348084,5,Summer,30.0,0.0,0.05639530422,12.0,305.18333340000004,44.0,0.0,0.5
Jharkhand,Saraikela Kharsawan,2011-12-01,22.7464225,85.91689291,12,Winter,62.0,0.0,3.48e-05,9.0,299.672,62.0,0.0,0.0
Jharkhand,Saraikela Kharsawan,2017-06-01,22.7464225,85.91689291,6,Monsoon,8.0,0.0,1.191417932,16.0,309.2866666,35.0,0.0,-0.8709677419354839
Jharkhand,Saraikela Kharsawan,2019-10-01,22.7464225,85.91689291,10,Post-Monsoon,42.0,0.0,0.20061698441999998,22.0,301.15083330000004,25.833333333333336,0.0,1.2875
Jharkhand,Saraikela Kharsawan,2019-11-01,22.7464225,85.91689291,11,Post-Monsoon,106.0,0.0,0.00378448032,12.333333333333334,299.426,29.111111111111114,0.0,1.6156052782558807
Jharkhand,Seraikela- Kharsawan (West Singhbhum),2011-12-01,22.8232012,85.91973202,12,Winter,38.0,0.0,6.02e-05,13.0,298.76,38.0,0.0,0.0
Jharkhand,Simdega,2011-09-01,22.6664325,84.55026791,9,Monsoon,18.0,0.0,1.267343351,10.0,298.68,18.0,0.0,0.0
Jharkhand,Simdega,2012-06-01,22.6664325,84.55026791,6,Monsoon,22.0,3.0,6.95e-05,5.0,314.19333340000003,20.0,1.5,0.22222222222222232
Jharkhand,Simdega,2018-08-01,22.6664325,84.55026791,8,Monsoon,28.0,1.0,1.0580499533999999,8.0,300.9391667,18.333333333333336,1.1666666666666665,-0.34545454545454546
Jharkhand,West Singhbhum,2011-08-01,22.7859232,86.1716093,8,Monsoon,1103.5599999999977,0.0,0.936559373525,8.75,302.92125,239.0099999999996,0.0,0.7935915023626456
Jharkhand,West Singhbhum,2011-09-01,22.7859232,86.1716093,9,Monsoon,13.0,0.0,0.9817768412,16.0,299.54,300.1866666666659,0.0,-0.7450980392156863
Jharkhand,West Singhbhum,2011-10-01,22.7859232,86.1716093,10,Post-Monsoon,9.0,0.0,0.0543284848,14.0,302.376,24.333333333333332,0.0,-0.3076923076923077
Jharkhand,West Singhbhum,2011-11-01,22.7859232,86.1716093,11,Post-Monsoon,542.0,0.0,0.0147135359,8.0,302.0741667,112.83333333333333,0.0,4.105769230769231
Jharkhand,West Singhbhum,2011-12-01,22.7859232,86.1716093,12,Winter,123.0,0.0,4.9449999999999996e-05,8.0,300.15,187.83333333333331,0.0,1.0898972602739727
Jharkhand,West Singhbhum,2012-06-01,22.7859232,86.1716093,6,Monsoon,14.0,0.0,0.0378576321,5.0,313.6533334,45.666666666666664,0.0,-0.8585858585858586
Jharkhand,West Singhbhum,2012-08-01,22.7859232,86.1716093,8,Monsoon,20.0,0.0,0.8207767465,6.0,301.38,44.333333333333336,0.0,0.4285714285714286
Jharkhand,West Singhbhum,2012-09-01,22.7859232,86.1716093,9,Monsoon,27.0,0.0,0.9664100428,9.0,300.40000000000003,20.333333333333332,0.0,0.3500000000000001
Jharkhand,West Singhbhum,2012-11-01,22.7859232,86.1716093,11,Post-Monsoon,73.0,0.0,0.5929240506,10.0,299.76,40.0,0.0,1.7037037037037037
Jharkhand,West Singhbhum,2013-06-01,22.7859232,86.1716093,6,Monsoon,18.0,0.0,0.3209138409,7.0,303.445,39.333333333333336,0.0,-0.7534246575342466
Jharkhand,West Singhbhum,2013-07-01,22.7859232,86.1716093,7,Monsoon,36.0,0.0,0.842585107,10.0,298.31,42.333333333333336,0.0,1.0
Jharkhand,West Singhbhum,2013-08-01,22.7859232,86.1716093,8,Monsoon,16.0,0.0,0.5869232529,9.0,298.98,23.333333333333332,0.0,-0.5555555555555556
Jharkhand,West Singhbhum,2013-09-01,22.7859232,86.1716093,9,Monsoon,38.0,0.0,0.5963074609,17.0,300.1933333,21.5,0.0,0.044836956521739135
Jharkhand,West Singhbhum,2013-10-01,22.7859232,86.1716093,10,Post-Monsoon,59.0,1.0,1.2074006646666666,11.333333333333334,300.1433333333334,17.77777777777778,0.1111111111111111,0.2166278166278166
Jharkhand,West Singhbhum,2013-11-01,22.7859232,86.1716093,11,Post-Monsoon,50.0,0.0,0.0008095229639,10.0,300.01,32.0,0.3333333333333333,1.0833333333333335
Jharkhand,West Singhbhum,2014-10-01,22.7859232,86.1716093,10,Post-Monsoon,20.0,0.0,0.6140622043,19.0,299.62,31.333333333333332,0.3333333333333333,-0.6
Jharkhand,West Singhbhum,2015-08-01,22.7859232,86.1716093,8,Monsoon,16.0,0.0,0.06427996443,10.0,301.59000000000003,28.666666666666668,0.0,-0.19999999999999996
Jharkhand,West Singhbhum,2015-10-01,22.7859232,86.1716093,10,Post-Monsoon,21.0,0.0,0.02185326164,19.0,303.36,19.0,0.0,0.3125
Jharkhand,West Singhbhum,2016-06-01,22.7859232,86.1716093,6,Monsoon,11.0,0.0,0.7326548415,8.0,307.90000000000003,16.0,0.0,-0.47619047619047616
Jharkhand,West Singhbhum,2016-09-01,22.7859232,86.1716093,9,Monsoon,70.0,0.0,0.638386779,15.0,301.94,34.0,0.0,5.0
Jharkhand,West Singhbhum,2016-11-01,22.7859232,86.1716093,11,Post-Monsoon,32.0,0.0,0.05251916939,9.0,301.895,37.666666666666664,0.0,-0.5428571428571429
Jharkhand,West Singhbhum,2017-07-01,22.7859232,86.1716093,7,Monsoon,9.0,0.0,1.572192569,2.0,301.88,37.0,0.0,-0.71875
Jharkhand,West Singhbhum,2017-12-01,22.7859232,86.1716093,12,Winter,28.0,0.0,0.0005118347548,8.0,297.232,23.0,0.0,2.111111111111111
Jharkhand,West Singhbhum,2018-06-01,22.7859232,86.1716093,6,Monsoon,13.0,0.0,0.2447092993,9.0,306.6,16.666666666666668,0.0,-0.5357142857142857
Jharkhand,West Singhbhum,2018-07-01,22.7859232,86.1716093,7,Monsoon,12.0,0.0,0.431932435,9.0,303.445,17.666666666666668,0.0,-0.07692307692307687
Jharkhand,West Singhbhum,2018-08-01,22.7859232,86.1716093,8,Monsoon,21.0,0.0,0.3339525484,6.0,301.71,15.333333333333334,0.0,0.75
Jharkhand,West Singhbhum,2018-09-01,22.7859232,86.1716093,9,Monsoon,12.0,0.0,0.430351649,21.0,301.64,15.0,0.0,-0.4285714285714286
Jharkhand,West Singhbhum,2019-06-01,22.7859232,86.1716093,6,Monsoon,49.0,0.0,0.4037023958,9.0,306.28000000000003,27.333333333333332,0.0,3.083333333333333
Jharkhand,West Singhbhum,2019-09-01,22.7859232,86.1716093,9,Monsoon,148.0,0.0,0.48998762889999997,10.666666666666666,302.53000000000003,46.333333333333336,0.0,1.4620418191846765
Jharkhand,West Singhbhum,2019-10-01,22.7859232,86.1716093,10,Post-Monsoon,64.0,0.0,0.5480931936,13.0,301.25,40.5,0.0,-0.40476190476190477
Jharkhand,West Singhbhum,2021-07-01,22.7859232,86.1716093,7,Monsoon,9.0,1.0,0.2153289702,5.0,299.88,24.333333333333332,0.3333333333333333,-0.5909090909090908
Jharkhand,West Singhbhum,2021-09-01,22.7859232,86.1716093,9,Monsoon,115.0,0.0,0.622701719975,8.5,300.8425,24.75,0.16666666666666666,0.7513888888888889
Jharkhand,West Singhbhum,2021-10-01,22.7859232,86.1716093,10,Post-Monsoon,98.0,0.0,1.1897450108333334,17.666666666666668,302.0453333333333,31.777777777777775,0.0,0.56993006993007
Jharkhand,West Singhbhum,2021-11-01,22.7859232,86.1716093,11,Post-Monsoon,12.0,0.0,0.536352205,9.0,295.72,28.0,0.0,-0.5
Jharkhand,West Singhbhum,2022-06-01,22.7859232,86.1716093,6,Monsoon,4.0,0.0,0.1341750695,11.0,306.05333340000004,13.333333333333334,0.0,-0.6666666666666667
Karnataka,BBMP,2022-05-01,13.058135,77.50646228,5,Summer,169.0,1.0,0.04676073172,12.0,302.68333340000004,169.0,1.0,0.0
Karnataka,Bagalkot,2009-10-01,16.1853166,75.6967919,10,Post-Monsoon,210.0,5.0,0.006981012193,9.0,309.90000000000003,210.0,5.0,0.0
Karnataka,Bagalkot,2009-11-01,16.1853166,75.6967919,11,Post-Monsoon,31.0,0.0,0.516517418,6.0,298.5,120.5,2.5,-0.8523809523809524
Karnataka,Bagalkot,2011-07-01,16.1853166,75.6967919,7,Monsoon,24.0,0.0,0.451196074,9.0,306.12,51.33333333333333,0.8333333333333334,-0.3064516129032258
Karnataka,Bagalkot,2013-08-01,16.1853166,75.6967919,8,Monsoon,19.0,0.0,0.2559595711,4.0,302.85,14.333333333333334,0.0,0.5833333333333333
Karnataka,Bagalkot,2014-06-01,16.1853166,75.6967919,6,Monsoon,163.0,0.0,0.3390834177,5.0,312.5266666,64.66666666666667,0.0,5.0
Karnataka,Bagalkot,2015-09-01,16.1853166,75.6967919,9,Monsoon,66.0,0.0,0.7026356322,5.0,304.88,82.66666666666667,0.0,-0.5950920245398773
Karnataka,Bagalkot,2015-10-01,16.1853166,75.6967919,10,Post-Monsoon,650.0,0.0,8.96e-05,9.0,312.856,293.0,0.0,5.0
Karnataka,Bagalkot,2016-06-01,16.1853166,75.6967919,6,Monsoon,24.0,0.0,0.5345282857,2.0,308.64,246.66666666666666,0.0,-0.963076923076923
Karnataka,Bagalkot,2016-07-01,16.1853166,75.6967919,7,Monsoon,11.0,0.0,0.2048601581,3.0,305.63,228.33333333333334,0.0,-0.5416666666666667
Karnataka,Bagalkot,2017-04-01,16.1853166,75.6967919,4,Summer,20.0,0.0,9.12e-05,4.0,320.128,18.333333333333332,0.0,0.8181818181818181
Karnataka,Bagalkot,2018-03-01,16.1853166,75.6967919,3,Summer,32.0,0.0,0.0837246015,5.0,314.5,21.0,0.0,0.6000000000000001
Karnataka,Bagalkot,2018-08-01,16.1853166,75.6967919,8,Monsoon,33.0,0.0,0.123990867,3.0,297.92,22.833333333333336,0.0,-0.3625
Karnataka,Bagalkot,2018-09-01,16.1853166,75.6967919,9,Monsoon,38.0,0.0,0.2538451491,9.0,308.835,23.666666666666668,0.0,1.923076923076923
Karnataka,Bagalkot,2019-01-01,16.1853166,75.6967919,1,Winter,33.0,0.0,9.99e-05,9.0,308.1733334,28.0,0.0,-0.13157894736842102
Karnataka,Bagalkot,2019-11-01,16.1853166,75.6967919,11,Post-Monsoon,52.0,0.0,0.0241659785305,11.5,304.8,30.166666666666664,0.0,-0.08121212121212118
Karnataka,Bagalkot,2021-01-01,16.1853166,75.6967919,1,Winter,18.0,0.0,5.22e-05,9.0,304.2133334,23.333333333333332,0.0,-0.33333333333333337
Karnataka,Bagalkot,2021-09-01,16.1853166,75.6967919,9,Monsoon,10.0,0.0,0.4823008269,6.0,301.72,18.333333333333332,0.0,-0.4444444444444444
Karnataka,Ballari,2009-08-01,15.2485413,76.8323648,8,Monsoon,26.0,0.0,0.0353783345,4.0,306.61333340000004,26.0,0.0,0.0
Karnataka,Ballari,2009-11-01,15.2485413,76.8323648,11,Post-Monsoon,62.0,0.0,0.3544496138,8.5,300.87,29.416666666666664,0.0,0.07400932400932397
Karnataka,Ballari,2010-05-01,15.2485413,76.8323648,5,Summer,41.0,1.0,0.0002340342828,4.0,311.108,34.333333333333336,0.3333333333333333,0.4137931034482758
Karnataka,Ballari,2010-06-01,15.2485413,76.8323648,6,Monsoon,62.0,0.0,0.0454535452,4.0,311.5933334,44.0,0.3333333333333333,0.5121951219512195
Karnataka,Ballari,2010-10-01,15.2485413,76.8323648,10,Post-Monsoon,631.0,5.0,0.05694064759,12.0,301.744,244.66666666666666,2.0,5.0
Karnataka,Ballari,2011-01-01,15.2485413,76.8323648,1,Winter,48.0,0.0,7.28e-05,6.0,306.35200000000003,247.0,1.6666666666666667,-0.9239302694136291
Karnataka,Ballari,2011-06-01,15.2485413,76.8323648,6,Monsoon,62.0,0.0,0.1718040284,4.0,310.62,247.0,1.6666666666666667,0.29166666666666674
Karnataka,Ballari,2011-07-01,15.2485413,76.8323648,7,Monsoon,104.0,3.0,0.29205936165,4.0,306.2125,58.66666666666667,0.5,-0.20288624787775889
Karnataka,Ballari,2012-05-01,15.2485413,76.8323648,5,Summer,52.0,0.0,0.0001694238721,5.0,312.59200000000004,52.0,1.0,0.8571428571428572
Karnataka,Ballari,2012-06-01,15.2485413,76.8323648,6,Monsoon,14.0,0.0,0.001467437758,3.0,312.05,31.333333333333332,1.0,-0.7307692307692308
Karnataka,Ballari,2013-05-01,15.2485413,76.8323648,5,Summer,55.0,1.0,0.02311997569,4.0,315.932,40.333333333333336,0.3333333333333333,2.9285714285714284
Karnataka,Ballari,2013-06-01,15.2485413,76.8323648,6,Monsoon,124.0,2.0,0.2189346049666667,5.0,306.50166666666667,38.88888888888889,0.4444444444444444,0.07289562289562283
Karnataka,Ballari,2013-07-01,15.2485413,76.8323648,7,Monsoon,16.0,0.0,0.8808416879,2.0,303.445,35.666666666666664,0.6666666666666666,-0.7090909090909091
Karnataka,Ballari,2013-09-01,15.2485413,76.8323648,9,Monsoon,32.0,0.0,0.18415224502500002,13.0,303.31600000000003,21.833333333333336,0.3333333333333333,0.20833333333333337
Karnataka,Ballari,2013-11-01,15.2485413,76.8323648,11,Post-Monsoon,18.0,0.0,0.04969189118,10.0,303.8766666,16.666666666666668,0.0,-0.09999999999999998
Karnataka,Ballari,2014-07-01,15.2485413,76.8323648,7,Monsoon,62.0,0.0,0.19323636563000002,3.0,304.5575,24.833333333333336,0.0,0.36111111111111116
Karnataka,Ballari,2014-09-01,15.2485413,76.8323648,9,Monsoon,111.0,0.0,0.056812457215,10.0,302.3333333,38.66666666666667,0.0,0.9337557603686637
Karnataka,Ballari,2015-10-01,15.2485413,76.8323648,10,Post-Monsoon,66.0,0.0,0.1483971941,14.0,305.77,59.0,0.0,-0.20481927710843373
Karnataka,Ballari,2016-04-01,15.2485413,76.8323648,4,Summer,73.0,0.0,0.0004560763987,5.0,318.2,74.0,0.0,0.10606060606060597
Karnataka,Ballari,2016-07-01,15.2485413,76.8323648,7,Monsoon,61.0,0.0,0.2858358297,2.0,303.445,66.66666666666667,0.0,-0.1643835616438356
Karnataka,Ballari,2017-04-01,15.2485413,76.8323648,4,Summer,58.0,0.0,5.98e-05,4.0,319.072,64.0,0.0,-0.049180327868852514
Karnataka,Ballari,2018-03-01,15.2485413,76.8323648,3,Summer,23.0,0.0,6.24e-05,9.0,312.64,47.333333333333336,0.0,-0.603448275862069
Karnataka,Ballari,2019-10-01,15.2485413,76.8323648,10,Post-Monsoon,61.0,0.0,0.3169809523,11.0,305.8666666,47.333333333333336,0.0,1.652173913043478
Karnataka,Ballari,2021-01-01,15.2485413,76.8323648,1,Winter,61.0,1.0,1.5265e-05,7.5,304.7506667,42.166666666666664,0.3333333333333333,-0.4658179281478898
Karnataka,Ballari,2021-08-01,15.2485413,76.8323648,8,Monsoon,25.0,0.0,0.1445197081,9.0,302.88,28.666666666666668,0.3333333333333333,0.7857142857142858
Karnataka,Ballari,2021-10-01,15.2485413,76.8323648,10,Post-Monsoon,11.0,0.0,0.1862644303,9.0,303.035,16.666666666666668,0.0,-0.56
Karnataka,Ballari,2022-05-01,15.2485413,76.8323648,5,Summer,22.0,0.0,0.2310053668,9.0,312.53000000000003,19.333333333333332,0.0,1.0
Karnataka,Bangalore,2010-04-01,12.9767936,77.590082,4,Summer,79.0,1.0,0.002262508157,6.0,314.1766666,79.0,1.0,0.0
Karnataka,Bangalore,2010-10-01,12.9767936,77.590082,10,Post-Monsoon,16.0,0.0,0.1479009716,11.0,299.84000000000003,47.5,0.5,-0.7974683544303798
Karnataka,Bangalore,2015-10-01,12.9767936,77.590082,10,Post-Monsoon,30.0,0.0,0.4045233608,10.0,301.40000000000003,41.666666666666664,0.3333333333333333,0.875
Karnataka,Bangalore,2018-05-01,12.9767936,77.590082,5,Summer,54.0,0.0,0.9432298712,9.0,302.356,33.333333333333336,0.0,0.8
Karnataka,Bangalore,2019-12-01,12.9767936,77.590082,12,Winter,42.0,0.0,0.4518235661,9.0,303.445,42.0,0.0,-0.2222222222222222
Karnataka,Bangalore Rural,2016-05-01,13.0010872,77.3361225,5,Summer,19.0,0.0,0.08964089824,9.0,308.035,19.0,0.0,0.0
Karnataka,Bangalore Rural,2016-06-01,13.0010872,77.3361225,6,Monsoon,24.0,0.0,0.7653578634,6.0,303.445,21.5,0.0,0.26315789473684204
Karnataka,Bangalore Rural,2017-07-01,13.0010872,77.3361225,7,Monsoon,13.0,0.0,0.2667103882,9.0,303.445,18.666666666666668,0.0,-0.45833333333333337
Karnataka,Bangalore Rural,2019-06-01,13.0010872,77.3361225,6,Monsoon,27.0,0.0,0.3778528099,9.0,306.38,21.333333333333332,0.0,1.076923076923077
Karnataka,Bangalore Rural,2019-07-01,13.0010872,77.3361225,7,Monsoon,28.0,0.0,0.08700888881,6.0,308.27,22.666666666666668,0.0,0.03703703703703698
Karnataka,Bangalore Urban,2011-06-01,12.94514225,77.553645,6,Monsoon,52.0,0.0,0.1649797868,7.0,303.11,52.0,0.0,0.0
Karnataka,Bangalore Urban,2012-05-01,12.94514225,77.553645,5,Summer,14.0,0.0,0.2984734998,8.0,302.584,33.0,0.0,-0.7307692307692308
Karnataka,Bangalore Urban,2012-06-01,12.94514225,77.553645,6,Monsoon,9.0,0.0,0.3064362942,5.0,304.52,25.0,0.0,-0.3571428571428571
Karnataka,Bangalore Urban,2013-05-01,12.94514225,77.553645,5,Summer,25.0,0.0,0.7138440645,6.0,307.865,16.0,0.0,1.7777777777777777
Karnataka,Bangalore Urban,2013-07-01,12.94514225,77.553645,7,Monsoon,56.0,0.0,0.3346791728,2.0,303.445,30.0,0.0,1.2400000000000002
Karnataka,Bangalore Urban,2013-12-01,12.94514225,77.553645,12,Winter,64.0,0.0,0.002383167021,9.0,300.42400000000004,48.333333333333336,0.0,0.1428571428571428
Karnataka,Bangalore Urban,2015-06-01,12.94514225,77.553645,6,Monsoon,32.0,0.0,0.5778571142,9.5,304.43,38.66666666666667,0.0,-0.375
Karnataka,Bangalore Urban,2016-03-01,12.94514225,77.553645,3,Summer,4.0,1.0,0.0001452273142,9.0,309.5,12.0,0.3333333333333333,-0.75
Karnataka,Bangalore Urban,2017-10-01,12.94514225,77.553645,10,Post-Monsoon,19.0,0.0,0.03129464766,9.0,300.40500000000003,13.0,0.3333333333333333,3.75
Karnataka,Bangalore Urban,2017-12-01,12.94514225,77.553645,12,Winter,19.0,2.0,0.0001615998913,10.0,300.8766666,14.0,1.0,0.0
Karnataka,Bangalore Urban,2019-06-01,12.94514225,77.553645,6,Monsoon,40.0,0.0,0.7047662041,10.0,305.5733334,26.0,0.6666666666666666,1.1052631578947367
Karnataka,Bangalore urban,2014-06-01,12.94514225,77.553645,6,Monsoon,18.0,0.0,0.6347980133,9.0,305.508,18.0,0.0,0.0
Karnataka,Bangalore urban,2014-09-01,12.94514225,77.553645,9,Monsoon,20.0,0.0,0.02224671712,9.0,305.0433334,19.0,0.0,0.11111111111111116
Karnataka,Belagavi,2016-05-01,15.8572666,74.5069343,5,Summer,8.0,0.0,0.1117671629,8.0,317.61333340000004,4.5,0.0,-0.2
Karnataka,Belagavi,2018-06-01,15.8572666,74.5069343,6,Monsoon,32.0,0.0,0.7051409364,10.0,309.268,13.333333333333334,0.0,5.0
Karnataka,Belagavi,2018-11-01,15.8572666,74.5069343,11,Post-Monsoon,10.0,0.0,9.41e-05,9.0,306.65000000000003,15.0,0.0,-0.6875
Karnataka,Belagavi,2019-02-01,15.8572666,74.5069343,2,Winter,37.0,0.0,0.0003425621281,7.0,311.3166666,26.333333333333332,0.0,2.7
Karnataka,Belagavi,2019-04-01,15.8572666,74.5069343,4,Summer,13.0,0.0,0.1043416407,9.0,316.60400000000004,20.0,0.0,-0.6486486486486487
Karnataka,Belagavi,2019-05-01,15.8572666,74.5069343,5,Summer,7.0,2.0,0.11950825,8.0,314.2333334,19.0,0.6666666666666666,-0.46153846153846156
Karnataka,Belagavi,2019-08-01,15.8572666,74.5069343,8,Monsoon,14.0,0.0,2.487819,9.0,294.96,11.333333333333334,0.6666666666666666,1.0
Karnataka,Belagavi,2019-09-01,15.8572666,74.5069343,9,Monsoon,17.0,2.0,0.8328742014,9.5,298.25,11.0,0.8333333333333333,-0.39285714285714285
Karnataka,Belgaum,2009-06-01,15.8572666,74.5069343,6,Monsoon,10.0,0.0,0.3929388113,3.0,305.90000000000003,10.0,0.0,0.0
Karnataka,Belgaum,2009-07-01,15.8572666,74.5069343,7,Monsoon,114.0,0.0,1.5857547484999999,4.5,299.5658333,30.166666666666668,0.0,1.9357142857142857
Karnataka,Belgaum,2009-08-01,15.8572666,74.5069343,8,Monsoon,53.0,0.0,0.2304774701,9.0,299.1,55.666666666666664,0.0,-0.38372093023255816
Karnataka,Belgaum,2009-09-01,15.8572666,74.5069343,9,Monsoon,18.0,0.0,1.479555975,9.0,303.445,52.333333333333336,0.0,-0.6603773584905661
Karnataka,Belgaum,2009-10-01,15.8572666,74.5069343,10,Post-Monsoon,32.0,0.0,1.0030976544499999,17.5,301.5625,22.833333333333336,0.0,-0.05555555555555558
Karnataka,Belgaum,2010-03-01,15.8572666,74.5069343,3,Summer,10.0,0.0,0.001086491657,7.0,312.99333340000004,14.0,0.0,-0.375
Karnataka,Belgaum,2010-04-01,15.8572666,74.5069343,4,Summer,107.0,0.0,0.07287030204,9.0,314.62333340000004,33.0,0.0,2.2227272727272727
Karnataka,Belgaum,2010-08-01,15.8572666,74.5069343,8,Monsoon,78.0,0.0,1.0007641571666666,6.0,298.2683333333334,37.0,0.0,0.1864937388193202
Karnataka,Belgaum,2010-09-01,15.8572666,74.5069343,9,Monsoon,19.0,0.0,0.4920265469,9.0,298.08,18.0,0.0,-0.24
Karnataka,Belgaum,2011-05-01,15.8572666,74.5069343,5,Summer,80.0,0.0,0.043448952553333337,9.0,312.05222226666666,23.222222222222225,0.0,0.235484544695071
Karnataka,Belgaum,2011-06-01,15.8572666,74.5069343,6,Monsoon,55.0,0.0,0.5430927611666667,6.0,303.13777780000004,22.666666666666668,0.0,-0.050970017636684295
Karnataka,Belgaum,2011-08-01,15.8572666,74.5069343,8,Monsoon,105.0,0.0,0.6471053298,9.0,299.1625,29.5,0.0,2.1953781512605044
Karnataka,Belgaum,2011-10-01,15.8572666,74.5069343,10,Post-Monsoon,45.0,0.0,0.3454477905,20.0,302.85,43.0,0.0,-0.26136363636363635
Karnataka,Belgaum,2011-12-01,15.8572666,74.5069343,12,Winter,20.0,0.0,6.76e-05,18.0,305.28400000000005,16.666666666666664,0.0,-0.3
Karnataka,Belgaum,2012-01-01,15.8572666,74.5069343,1,Winter,24.0,0.0,7.39e-05,6.0,305.2666666,14.666666666666666,0.0,1.4
Karnataka,Belgaum,2012-04-01,15.8572666,74.5069343,4,Summer,12.0,0.0,0.1755570859,9.0,311.4266666,15.333333333333334,0.0,-0.5
Karnataka,Belgaum,2012-05-01,15.8572666,74.5069343,5,Summer,50.0,0.0,0.01659407463,9.0,313.996,28.666666666666668,0.0,3.166666666666667
Karnataka,Belgaum,2012-07-01,15.8572666,74.5069343,7,Monsoon,13.0,0.0,1.05088295,6.0,303.36,25.0,0.0,-0.74
Karnataka,Belgaum,2012-08-01,15.8572666,74.5069343,8,Monsoon,17.0,0.0,0.5907845249,9.0,297.4866666,26.666666666666668,0.0,0.3076923076923077
Karnataka,Belgaum,2012-10-01,15.8572666,74.5069343,10,Post-Monsoon,151.0,2.0,0.0002997741897,20.0,304.0466666,60.333333333333336,0.6666666666666666,5.0
Karnataka,Belgaum,2013-05-01,15.8572666,74.5069343,5,Summer,70.0,0.0,0.2690983977,7.0,311.46,79.33333333333333,0.6666666666666666,-0.5364238410596027
Karnataka,Belgaum,2013-07-01,15.8572666,74.5069343,7,Monsoon,13.0,0.0,0.6168928176,7.0,301.93,78.0,0.6666666666666666,-0.8142857142857143
Karnataka,Belgaum,2013-12-01,15.8572666,74.5069343,12,Winter,29.0,0.0,5.7e-05,17.0,303.332,37.333333333333336,0.0,1.2307692307692308
Karnataka,Belgaum,2014-02-01,15.8572666,74.5069343,2,Winter,57.0,0.0,7.585e-05,8.0,305.0508333,25.5,0.0,0.07103448275862068
Karnataka,Belgaum,2014-05-01,15.8572666,74.5069343,5,Summer,11.0,0.0,0.2383477363,9.0,313.42,22.666666666666668,0.0,-0.65625
Karnataka,Belgaum,2015-06-01,15.8572666,74.5069343,6,Monsoon,9.0,0.0,0.6720285708,10.0,299.32,17.333333333333332,0.0,-0.18181818181818177
Karnataka,Belgaum,2016-02-01,15.8572666,74.5069343,2,Winter,5.0,0.0,5.65e-05,6.0,308.964,8.333333333333334,0.0,-0.4444444444444444
Karnataka,Bengaluru,2018-08-01,12.9767936,77.590082,8,Monsoon,22.0,0.0,0.06711051424,3.0,300.52,22.0,0.0,0.0
Karnataka,Bengaluru,2019-07-01,12.9767936,77.590082,7,Monsoon,13.0,0.0,0.07216526129,5.0,306.76,17.5,0.0,-0.40909090909090906
Karnataka,Bengaluru Urban,2019-11-01,12.94514225,77.553645,11,Post-Monsoon,46.0,0.0,0.08024081939,10.0,300.305,46.0,0.0,0.0
Karnataka,Bengaluru Urban,2021-10-01,12.94514225,77.553645,10,Post-Monsoon,171.0,0.0,0.9697460078,9.0,300.48,108.5,0.0,2.717391304347826
Karnataka,Bidar,2009-06-01,18.083333,77.333333,6,Monsoon,18.0,1.0,0.3957329304,2.0,313.48400000000004,18.0,1.0,0.0
Karnataka,Bidar,2009-07-01,18.083333,77.333333,7,Monsoon,28.0,0.0,0.5114891179,3.0,303.44,23.0,0.5,0.5555555555555556
Karnataka,Bidar,2010-06-01,18.083333,77.333333,6,Monsoon,45.0,0.0,0.0241116297,9.0,318.66400000000004,30.333333333333332,0.3333333333333333,0.6071428571428572
Karnataka,Bidar,2010-08-01,18.083333,77.333333,8,Monsoon,12.0,0.0,0.9286082083,9.0,301.46,28.333333333333332,0.0,-0.7333333333333334
Karnataka,Bidar,2011-02-01,18.083333,77.333333,2,Winter,128.0,0.0,0.033522864449999995,4.0,308.785,44.83333333333333,0.0,2.388888888888889
Karnataka,Bidar,2011-04-01,18.083333,77.333333,4,Summer,15.0,0.0,0.018190562650000002,3.0,319.7623333,34.0,0.0,0.04464285714285715
Karnataka,Bidar,2011-06-01,18.083333,77.333333,6,Monsoon,77.0,0.0,0.4457557901,4.666666666666667,309.68966666666665,19.11111111111111,0.0,0.8058641975308642
Karnataka,Bidar,2011-07-01,18.083333,77.333333,7,Monsoon,78.0,1.0,0.6174244665,9.0,303.93,42.666666666666664,0.3333333333333333,1.2941176470588234
Karnataka,Bidar,2011-08-01,18.083333,77.333333,8,Monsoon,32.0,0.0,0.51840289365,6.0,305.1225,41.33333333333333,0.3333333333333333,-0.717948717948718
Karnataka,Bidar,2011-09-01,18.083333,77.333333,9,Monsoon,51.0,0.0,0.32862633068999997,10.5,303.5175,21.666666666666664,0.0,2.1219512195121952
Karnataka,Bidar,2011-10-01,18.083333,77.333333,10,Post-Monsoon,99.0,0.0,0.19645516119999998,9.666666666666666,306.7366666666667,22.777777777777782,0.0,1.3666666666666665
Karnataka,Bidar,2012-06-01,18.083333,77.333333,6,Monsoon,23.0,0.0,0.08780226221,1.0,312.3666666,35.666666666666664,0.0,-0.6666666666666667
Karnataka,Bidar,2012-07-01,18.083333,77.333333,7,Monsoon,66.0,2.0,0.4679823935,4.666666666666667,306.6983333333333,28.888888888888886,0.6666666666666666,-0.055860666158149
Karnataka,Bidar,2013-06-01,18.083333,77.333333,6,Monsoon,17.0,0.0,0.6173556021,9.0,303.445,17.666666666666668,0.0,0.0
Karnataka,Bidar,2013-07-01,18.083333,77.333333,7,Monsoon,53.0,0.0,1.0011165666,5.666666666666667,304.02833333333336,17.555555555555557,0.0,0.0010893246187363796
Karnataka,Bidar,2013-10-01,18.083333,77.333333,10,Post-Monsoon,20.0,0.0,0.07444477377,13.0,304.095,18.333333333333332,0.0,0.17647058823529416
Karnataka,Bidar,2014-09-01,18.083333,77.333333,9,Monsoon,19.0,1.0,0.6419066108,10.0,301.61333340000004,18.666666666666668,0.3333333333333333,-0.050000000000000044
Karnataka,Bidar,2015-03-01,18.083333,77.333333,3,Summer,12.0,0.0,0.1480944681,3.0,313.436,17.0,0.3333333333333333,-0.368421052631579
Karnataka,Bidar,2015-04-01,18.083333,77.333333,4,Summer,22.0,0.0,0.03635194456,3.0,319.99,17.666666666666668,0.3333333333333333,0.8333333333333333
Karnataka,Bidar,2015-07-01,18.083333,77.333333,7,Monsoon,59.0,0.0,0.06835432064000001,7.0,307.78555553333337,20.333333333333332,0.0,-0.1085858585858586
Karnataka,Bidar,2015-10-01,18.083333,77.333333,10,Post-Monsoon,12.0,0.0,0.004023363363,9.0,308.2966666,15.666666666666666,0.0,-0.19999999999999996
Karnataka,Bidar,2015-12-01,18.083333,77.333333,12,Winter,15.0,0.0,0.0001210373101,4.0,308.072,14.0,0.0,0.25
Karnataka,Bidar,2016-06-01,18.083333,77.333333,6,Monsoon,26.0,0.0,0.06141703074,2.0,314.2,17.666666666666668,0.0,0.7333333333333334
Karnataka,Bidar,2016-07-01,18.083333,77.333333,7,Monsoon,22.0,0.0,1.193017326,4.0,302.96,21.0,0.0,-0.15384615384615385
Karnataka,Bidar,2016-08-01,18.083333,77.333333,8,Monsoon,13.0,0.0,1.083564583,5.0,300.28000000000003,20.333333333333332,0.0,-0.40909090909090906
Karnataka,Bidar,2016-10-01,18.083333,77.333333,10,Post-Monsoon,44.0,0.0,0.19607090755,14.0,303.11,20.5,0.0,0.40198511166253104
Karnataka,Bidar,2017-08-01,18.083333,77.333333,8,Monsoon,17.0,0.0,1.507768512,14.0,303.445,20.333333333333332,0.0,0.3076923076923077
Karnataka,Bidar,2017-09-01,18.083333,77.333333,9,Monsoon,49.0,0.0,1.150282197,14.0,303.04,26.333333333333332,0.0,1.8823529411764706
Karnataka,Bidar,2017-10-01,18.083333,77.333333,10,Post-Monsoon,46.0,0.0,0.6083577098999999,10.0,304.4,30.833333333333336,0.0,-0.2967687074829932
Karnataka,Bidar,2018-01-01,18.083333,77.333333,1,Winter,23.0,0.0,4.64e-05,6.0,307.2933334,23.0,0.0,0.045454545454545414
Karnataka,Bidar,2018-05-01,18.083333,77.333333,5,Summer,22.0,0.0,0.0003511772483,3.0,321.3166666,22.333333333333332,0.0,-0.04347826086956519
Karnataka,Bidar,2019-09-01,18.083333,77.333333,9,Monsoon,44.0,0.0,0.1599483745,15.0,297.485,29.666666666666668,0.0,1.0
Karnataka,Bidar,2021-02-01,18.083333,77.333333,2,Winter,30.0,0.0,0.02307911892,4.0,308.84000000000003,32.0,0.0,-0.31818181818181823
Karnataka,Bijapur,2009-06-01,16.8269911,75.7175387,6,Monsoon,383.0,0.0,0.48826915919999997,7.333333333333333,310.98199999999997,120.72222222222223,0.0,1.0932400932400934
Karnataka,Bijapur,2009-07-01,16.8269911,75.7175387,7,Monsoon,74.0,0.0,0.1513143212,2.0,311.6,104.66666666666667,0.0,-0.63
Karnataka,Bijapur,2009-11-01,16.8269911,75.7175387,11,Post-Monsoon,303.0,0.0,0.21688285452666664,8.0,305.69166666666666,105.0,0.0,0.2432633676118412
Karnataka,Bijapur,2010-03-01,16.8269911,75.7175387,3,Summer,218.0,0.0,0.0015148562495,4.0,317.1983333,92.66666666666666,0.0,2.168831168831169
Karnataka,Bijapur,2010-05-01,16.8269911,75.7175387,5,Summer,10.0,0.0,0.1412039097,4.0,317.1466666,76.0,0.0,-0.9479166666666666
Karnataka,Bijapur,2010-07-01,16.8269911,75.7175387,7,Monsoon,44.0,0.0,0.4555576312,3.0,303.13,82.0,0.0,3.4000000000000004
Karnataka,Bijapur,2011-06-01,16.8269911,75.7175387,6,Monsoon,71.0,0.0,0.1059465824,3.0,304.2,25.444444444444446,0.0,0.0015151515151515433
Karnataka,Bijapur,2011-07-01,16.8269911,75.7175387,7,Monsoon,27.0,0.0,0.5030010184,3.0,303.445,26.0,0.0,-0.12903225806451613
Karnataka,Bijapur,2011-09-01,16.8269911,75.7175387,9,Monsoon,12.0,1.0,0.1358767485,7.0,305.54,23.333333333333332,0.3333333333333333,-0.5555555555555556
Karnataka,Bijapur,2011-10-01,16.8269911,75.7175387,10,Post-Monsoon,29.0,0.0,0.04022930555,6.0,308.152,22.666666666666668,0.3333333333333333,1.4166666666666665
Karnataka,Bijapur,2012-06-01,16.8269911,75.7175387,6,Monsoon,15.0,0.0,0.2985260395,3.0,311.12,18.666666666666668,0.3333333333333333,-0.48275862068965514
Karnataka,Bijapur,2012-07-01,16.8269911,75.7175387,7,Monsoon,32.0,0.0,0.2115485399,2.0,309.66,25.333333333333332,0.0,1.1333333333333333
Karnataka,Bijapur,2012-08-01,16.8269911,75.7175387,8,Monsoon,106.0,0.0,0.1256140467,5.5,306.1666667,34.333333333333336,0.0,1.3519345238095237
Karnataka,Bijapur,2013-06-01,16.8269911,75.7175387,6,Monsoon,13.0,0.0,0.4375792352,2.0,310.32,39.666666666666664,0.0,-0.8470588235294118
Karnataka,Bijapur,2013-07-01,16.8269911,75.7175387,7,Monsoon,10.0,0.0,0.5386506808,1.0,291.87,36.0,0.0,-0.23076923076923073
Karnataka,Bijapur,2014-04-01,16.8269911,75.7175387,4,Summer,10.0,0.0,0.112154878,4.0,319.716,11.0,0.0,0.0
Karnataka,Bijapur,2014-06-01,16.8269911,75.7175387,6,Monsoon,17.0,0.0,0.1320276313,3.0,309.096,12.333333333333334,0.0,0.7
Karnataka,Bijapur,2015-05-01,16.8269911,75.7175387,5,Summer,55.0,0.0,0.002501309021,3.0,314.8233334,27.333333333333332,0.0,2.235294117647059
Karnataka,Bijapur,2015-12-01,16.8269911,75.7175387,12,Winter,23.0,0.0,0.03819964696,9.0,305.94333340000003,31.666666666666668,0.0,-0.5818181818181818
Karnataka,Bijapur,2016-03-01,16.8269911,75.7175387,3,Summer,86.0,0.0,0.0849281048,4.0,311.212,54.666666666666664,0.0,2.739130434782609
Karnataka,Bijapur,2017-07-01,16.8269911,75.7175387,7,Monsoon,18.0,0.0,0.06490278469,3.0,303.74,42.333333333333336,0.0,-0.7906976744186046
Karnataka,Bijapur,2018-04-01,16.8269911,75.7175387,4,Summer,75.0,0.0,0.0370996807608,4.0,317.2943333,37.16666666666667,0.0,0.6645299145299145
Karnataka,Bijapur,2018-06-01,16.8269911,75.7175387,6,Monsoon,15.0,0.0,0.2205118565,2.0,308.94,30.0,0.0,-0.6938775510204082
Karnataka,Bijapur,2018-08-01,16.8269911,75.7175387,8,Monsoon,18.0,0.0,0.1090592869,9.0,305.81,27.333333333333332,0.0,0.19999999999999996
Karnataka,Chamarajanagar,2011-06-01,11.9346006,76.9328209,6,Monsoon,14.0,0.0,1.395057564,9.0,304.3933334,14.0,0.0,0.0
Karnataka,Chamarajanagar,2012-04-01,11.9346006,76.9328209,4,Summer,15.0,1.0,0.01786651145,7.0,312.4133334,14.5,0.5,0.0714285714285714
Karnataka,Chamarajanagar,2012-08-01,11.9346006,76.9328209,8,Monsoon,24.0,0.0,0.2089304114,7.0,304.40000000000003,17.666666666666668,0.3333333333333333,0.6000000000000001
Karnataka,Chamarajanagar,2013-03-01,11.9346006,76.9328209,3,Summer,23.0,0.0,0.06279117713,6.0,314.216,20.666666666666668,0.3333333333333333,-0.04166666666666663
Karnataka,Chamarajanagar,2013-04-01,11.9346006,76.9328209,4,Summer,21.0,1.0,0.113443248675,7.0,312.65633330000003,17.0,0.16666666666666666,-0.30632411067193677
Karnataka,Chamarajanagar,2013-05-01,11.9346006,76.9328209,5,Summer,34.0,0.0,0.181417377065,7.0,307.58000000000004,13.666666666666666,0.3333333333333333,0.35
Karnataka,Chamarajanagar,2013-07-01,11.9346006,76.9328209,7,Monsoon,30.0,0.0,0.7409027245,9.0,299.02,21.333333333333332,0.0,0.7647058823529411
Karnataka,Chamarajanagar,2013-11-01,11.9346006,76.9328209,11,Post-Monsoon,16.0,0.0,0.2746687737,22.0,302.5,21.0,0.0,-0.4666666666666667
Karnataka,Chamarajanagar,2014-06-01,11.9346006,76.9328209,6,Monsoon,28.0,0.0,0.2795103905,9.0,304.72400000000005,24.666666666666668,0.0,0.75
Karnataka,Chamarajanagar,2015-09-01,11.9346006,76.9328209,9,Monsoon,21.0,0.0,0.1675545916,9.0,307.63,21.666666666666668,0.0,-0.25
Karnataka,Chamarajanagar,2016-03-01,11.9346006,76.9328209,3,Summer,49.0,0.0,0.1149614227,8.0,310.66,32.666666666666664,0.0,1.3333333333333335
Karnataka,Chamarajanagar,2017-01-01,11.9346006,76.9328209,1,Winter,46.0,0.0,0.3232436796,17.0,306.6066666,38.666666666666664,0.0,-0.061224489795918324
Karnataka,Chamarajanagar,2018-08-01,11.9346006,76.9328209,8,Monsoon,16.0,0.0,0.09080546768,8.0,300.01,37.0,0.0,-0.6521739130434783
Karnataka,Chamarajanagar,2018-09-01,11.9346006,76.9328209,9,Monsoon,24.0,0.0,0.06568375134,14.0,305.012,28.666666666666668,0.0,0.5
Karnataka,Chamarajanagar,2019-06-01,11.9346006,76.9328209,6,Monsoon,32.0,0.0,0.2789780155,14.0,303.48400000000004,24.0,0.0,0.33333333333333326
Karnataka,Chamarajanagar,2020-02-01,11.9346006,76.9328209,2,Winter,10.0,0.0,0.0406840316,8.0,306.81333340000003,22.0,0.0,-0.6875
Karnataka,Chamarajanagar,2021-01-01,11.9346006,76.9328209,1,Winter,15.0,0.0,0.2146496303,16.0,302.82,19.0,0.0,0.5
Karnataka,Chamarajnagar,2009-11-01,14.3683154,76.6538415,11,Post-Monsoon,7.0,0.0,0.1268362457,8.0,303.075,7.0,0.0,0.0
Karnataka,Chamarajnagar,2010-05-01,14.3683154,76.6538415,5,Summer,18.0,0.0,0.1732381209,7.0,308.5333334,12.5,0.0,1.5714285714285716
Karnataka,Chamarajnagar,2010-06-01,14.3683154,76.6538415,6,Monsoon,35.0,1.0,0.09476088853,8.0,308.616,20.0,0.3333333333333333,0.9444444444444444
Karnataka,Chamarajnagar,2011-04-01,14.3683154,76.6538415,4,Summer,43.0,0.0,0.0001184704674,6.0,314.736,32.0,0.3333333333333333,0.22857142857142865
Karnataka,Chamarajnagar,2011-06-01,14.3683154,76.6538415,6,Monsoon,13.0,0.0,0.3223808711,9.0,303.94,30.333333333333332,0.3333333333333333,-0.6976744186046512
Karnataka,Chamarajnagar,2012-01-01,14.3683154,76.6538415,1,Winter,72.0,0.0,5.88e-05,5.0,308.49,42.666666666666664,0.0,4.538461538461538
Karnataka,Chamarajnagar,2012-05-01,14.3683154,76.6538415,5,Summer,28.0,1.0,0.1824160537603,6.0,309.444,33.5,0.3333333333333333,-0.5138888888888888
Karnataka,Chamrajnagar,2013-12-01,11.9269937,76.9424311,12,Winter,30.0,0.0,0.2165095117,9.0,303.74,30.0,0.0,0.0
Karnataka,Chamrajnagar,2014-05-01,11.9269937,76.9424311,5,Summer,14.0,0.0,0.3599561886,12.0,306.355,22.0,0.0,-0.5333333333333333
Karnataka,Chikballapur,2015-09-01,13.4274405,77.7321433,9,Monsoon,12.0,0.0,0.6730291946,9.0,305.43,12.0,0.0,0.0
Karnataka,Chikkaballapur,2009-08-01,13.6102243,77.5127721,8,Monsoon,29.0,0.0,0.0782734883,9.0,305.81,29.0,0.0,0.0
Karnataka,Chikkaballapur,2010-04-01,13.6102243,77.5127721,4,Summer,18.0,0.0,0.03988783414,6.0,310.488,23.5,0.0,-0.3793103448275862
Karnataka,Chikkaballapur,2010-05-01,13.6102243,77.5127721,5,Summer,35.0,0.0,0.21264616318500001,8.5,307.01250000000005,18.333333333333336,0.0,0.5277777777777778
Karnataka,Chikkaballapur,2010-11-01,13.6102243,77.5127721,11,Post-Monsoon,21.0,3.0,0.502086909,10.0,300.6991667,15.333333333333334,0.8333333333333333,-0.3254545454545455
Karnataka,Chikkaballapur,2011-02-01,13.6102243,77.5127721,2,Winter,10.0,0.0,0.0001792670163,6.0,306.156,10.333333333333334,1.0,0.0
Karnataka,Chikkaballapur,2011-05-01,13.6102243,77.5127721,5,Summer,13.0,0.0,0.4553198241,9.0,308.7233334,11.0,0.3333333333333333,0.30000000000000004
Karnataka,Chikkaballapur,2012-02-01,13.6102243,77.5127721,2,Winter,29.0,0.0,4.88e-05,5.0,311.652,17.333333333333332,0.0,1.2307692307692308
Karnataka,Chikkaballapur,2012-08-01,13.6102243,77.5127721,8,Monsoon,20.0,0.0,0.05339180257,8.0,305.5,20.666666666666668,0.0,-0.31034482758620685
Karnataka,Chikkaballapur,2013-08-01,13.6102243,77.5127721,8,Monsoon,39.0,0.0,0.42427199234999996,5.0,305.155,22.0,0.0,-0.08750000000000002
Karnataka,Chikkaballapur,2013-12-01,13.6102243,77.5127721,12,Winter,24.0,0.0,0.04065148897,9.0,301.76,21.0,0.0,0.6000000000000001
Karnataka,Chikkaballapur,2014-07-01,13.6102243,77.5127721,7,Monsoon,54.0,0.0,0.258432822,3.0,309.56,31.0,0.0,1.25
Karnataka,Chikkaballapur,2014-10-01,13.6102243,77.5127721,10,Post-Monsoon,69.0,0.0,0.3633717724,9.0,304.12,49.0,0.0,0.2777777777777777
Karnataka,Chikkaballapur,2015-04-01,13.6102243,77.5127721,4,Summer,657.0,0.0,0.1991597667,6.0,308.2633334,260.0,0.0,5.0
Karnataka,Chikkaballapur,2016-09-01,13.6102243,77.5127721,9,Monsoon,35.0,0.0,0.21895318425,6.5,303.445,238.33333333333331,0.0,-0.03253424657534243
Karnataka,Chikkaballapur,2017-06-01,13.6102243,77.5127721,6,Monsoon,12.0,0.0,0.2772478729,9.0,307.2,15.666666666666666,0.0,-0.4782608695652174
Karnataka,Chikkaballapur,2017-07-01,13.6102243,77.5127721,7,Monsoon,95.0,0.0,0.09972418158,6.0,306.624,43.333333333333336,0.0,5.0
Karnataka,Chikkaballapur,2017-10-01,13.6102243,77.5127721,10,Post-Monsoon,10.0,0.0,0.01043083872,14.0,302.16400000000004,39.0,0.0,-0.8947368421052632
Karnataka,Chikkaballapur,2019-07-01,13.6102243,77.5127721,7,Monsoon,53.0,0.0,0.5768975515666667,6.666666666666667,303.84833333333336,23.333333333333332,0.0,0.8901960784313725
Karnataka,Chikkaballapur,2019-08-01,13.6102243,77.5127721,8,Monsoon,119.0,1.0,0.2479753242,6.0,303.84833333333336,40.55555555555555,0.2222222222222222,0.09969818913480881
Karnataka,Chikkaballapur,2019-10-01,13.6102243,77.5127721,10,Post-Monsoon,95.0,0.0,0.72313480808,11.4,301.3956,19.133333333333333,0.06666666666666667,0.2037541405962459
Karnataka,Chikkaballapur,2019-11-01,13.6102243,77.5127721,11,Post-Monsoon,46.0,0.0,0.07545472795000001,9.5,301.85333330000003,20.166666666666664,0.0,0.2952380952380952
Karnataka,Chikkaballapur,2021-01-01,13.6102243,77.5127721,1,Winter,61.0,0.0,0.0009201762932,9.0,303.09000000000003,35.666666666666664,0.0,1.44
Karnataka,Chikkaballapur,2022-06-01,13.6102243,77.5127721,6,Monsoon,28.0,1.0,0.3458920887,10.0,304.065,38.0,0.3333333333333333,-0.540983606557377
Karnataka,Chikkaballapura,2015-03-01,13.4358702,77.7312434,3,Summer,10.0,0.0,0.111061779,5.0,305.084,10.0,0.0,0.0
Karnataka,Chikkaballapura,2015-04-01,13.4358702,77.7312434,4,Summer,886.5599999999977,0.0,0.1595827171,6.0,309.2116667,164.42666666666628,0.0,4.5
Karnataka,Chikkaballapura,2015-05-01,13.4358702,77.7312434,5,Summer,30.0,0.0,0.39285168319999997,8.0,304.98,294.85333333333256,0.0,-0.552937027828249
Karnataka,Chikkaballapura,2015-11-01,13.4358702,77.7312434,11,Post-Monsoon,25.0,0.0,0.5916726985,11.0,300.09000000000003,18.333333333333332,0.0,0.7857142857142858
Karnataka,Chikkaballapura,2016-08-01,13.4358702,77.7312434,8,Monsoon,28.0,0.0,0.09883120074,8.0,302.13,22.333333333333332,0.0,0.1200000000000001
Karnataka,Chikkaballapura,2017-05-01,13.4358702,77.7312434,5,Summer,20.0,0.0,0.1709897815,6.0,310.82,24.333333333333332,0.0,-0.2857142857142857
Karnataka,Chikkaballapura,2017-07-01,13.4358702,77.7312434,7,Monsoon,83.0,0.0,0.08082511579999999,7.5,306.04600000000005,28.666666666666668,0.0,1.0011904761904762
Karnataka,Chikkaballapura,2017-10-01,13.4358702,77.7312434,10,Post-Monsoon,36.0,0.0,0.6298140204,15.0,298.28000000000003,39.666666666666664,0.0,-0.4193548387096774
Karnataka,Chikkaballapura,2018-08-01,13.4358702,77.7312434,8,Monsoon,15.0,0.0,0.3055434906,9.0,304.46,37.666666666666664,0.0,-0.5833333333333333
Karnataka,Chikkaballapura,2018-12-01,13.4358702,77.7312434,12,Winter,17.0,0.0,0.001765755868,6.0,304.1566666,22.666666666666668,0.0,0.1333333333333333
Karnataka,Chikkaballapura,2019-06-01,13.4358702,77.7312434,6,Monsoon,45.0,0.0,0.09329984611,6.0,307.19,25.666666666666668,0.0,1.6470588235294117
Karnataka,Chikkaballapura,2020-11-01,13.4358702,77.7312434,11,Post-Monsoon,15.0,0.0,0.07124832105,13.0,300.085,25.666666666666668,0.0,-0.6666666666666667
Karnataka,Chikkamagaluru,2018-06-01,13.5,75.5,6,Monsoon,51.0,0.0,0.6005970511000001,11.0,300.8058333,27.75,0.0,-0.15000000000000002
Karnataka,Chikkamagaluru,2019-05-01,13.5,75.5,5,Summer,60.0,0.0,0.11135504230000001,29.0,304.45500000000004,29.5,0.0,0.23809523809523803
Karnataka,Chikkamagaluru,2022-06-01,13.5,75.5,6,Monsoon,37.0,0.0,0.1975323486,22.0,297.78000000000003,32.333333333333336,0.0,1.4666666666666668
Karnataka,Chikmagalur,2009-07-01,13.318014,75.7738743,7,Monsoon,26.0,0.0,1.194602971,12.0,303.445,26.0,0.0,0.0
Karnataka,Chikmagalur,2009-08-01,13.318014,75.7738743,8,Monsoon,22.0,0.0,0.3617060745,16.0,296.27,24.0,0.0,-0.15384615384615385
Karnataka,Chikmagalur,2009-09-01,13.318014,75.7738743,9,Monsoon,104.0,0.0,0.6798118479,25.0,298.22,50.666666666666664,0.0,3.7272727272727275
Karnataka,Chikmagalur,2009-10-01,13.318014,75.7738743,10,Post-Monsoon,10.0,0.0,2.12128118,16.0,295.72,45.333333333333336,0.0,-0.9038461538461539
Karnataka,Chikmagalur,2009-11-01,13.318014,75.7738743,11,Post-Monsoon,73.0,0.0,0.6280803267,15.0,297.36,62.333333333333336,0.0,5.0
Karnataka,Chikmagalur,2010-01-01,13.318014,75.7738743,1,Winter,21.0,0.0,0.2223733145,20.0,298.265,34.666666666666664,0.0,-0.7123287671232876
Karnataka,Chikmagalur,2010-02-01,13.318014,75.7738743,2,Winter,10.0,0.0,0.01700633473,21.0,301.732,34.666666666666664,0.0,-0.5238095238095238
Karnataka,Chikmagalur,2010-05-01,13.318014,75.7738743,5,Summer,76.0,0.0,0.06944070316,29.0,302.9533334,35.666666666666664,0.0,5.0
Karnataka,Chikmagalur,2011-01-01,13.318014,75.7738743,1,Winter,24.0,0.0,0.006727641584,16.0,298.24,36.666666666666664,0.0,-0.6842105263157895
Karnataka,Chikmagalur,2011-09-01,13.318014,75.7738743,9,Monsoon,10.0,0.0,0.2878670428,7.0,300.26,36.666666666666664,0.0,-0.5833333333333333
Karnataka,Chikmagalur,2012-06-01,13.318014,75.7738743,6,Monsoon,14.0,0.0,0.2665153402,9.0,301.46,16.0,0.0,0.3999999999999999
Karnataka,Chikmagalur,2020-04-01,13.318014,75.7738743,4,Summer,50.0,0.0,0.2869848918,27.0,305.456,24.666666666666668,0.0,2.5714285714285716
Karnataka,Chitradurga,2009-07-01,14.2266443,76.4005122,7,Monsoon,41.0,0.0,0.40672707269999997,2.0,300.04,19.25,0.0,0.13888888888888884
Karnataka,Chitradurga,2009-08-01,14.2266443,76.4005122,8,Monsoon,8.0,0.0,0.5682094018,9.0,294.2266666,16.333333333333332,0.0,-0.6521739130434783
Karnataka,Chitradurga,2009-11-01,14.2266443,76.4005122,11,Post-Monsoon,36.0,0.0,0.2946294343,9.0,300.2133334,22.333333333333332,0.0,3.5
Karnataka,Chitradurga,2010-05-01,14.2266443,76.4005122,5,Summer,32.0,0.0,0.044419582794999996,8.5,307.2008333,22.0,0.0,-0.4222222222222222
Karnataka,Chitradurga,2010-06-01,14.2266443,76.4005122,6,Monsoon,16.0,0.0,0.06987823442,8.0,307.39,16.0,0.0,0.33333333333333326
Karnataka,Chitradurga,2010-07-01,14.2266443,76.4005122,7,Monsoon,212.0,0.0,0.5157051303,3.0,308.76,80.0,0.0,5.0
Karnataka,Chitradurga,2010-09-01,14.2266443,76.4005122,9,Monsoon,18.0,0.0,0.2620837093,7.0,301.84000000000003,82.0,0.0,-0.9150943396226415
Karnataka,Chitradurga,2011-03-01,14.2266443,76.4005122,3,Summer,28.0,0.0,3.53e-05,6.0,314.844,86.0,0.0,0.5555555555555556
Karnataka,Chitradurga,2011-05-01,14.2266443,76.4005122,5,Summer,14.0,0.0,0.04366439091,9.0,310.67,20.0,0.0,-0.5
Karnataka,Chitradurga,2011-06-01,14.2266443,76.4005122,6,Monsoon,56.0,0.0,0.37413847613333334,4.333333333333333,302.6466666666667,18.222222222222225,0.0,0.13095238095238093
Karnataka,Chitradurga,2011-07-01,14.2266443,76.4005122,7,Monsoon,32.0,2.0,0.2982476916,6.0,303.445,18.0,0.5,-0.09999999999999998
Karnataka,Chitradurga,2011-08-01,14.2266443,76.4005122,8,Monsoon,22.0,0.0,0.09168479754,5.0,305.12,18.0,0.6666666666666666,0.375
Karnataka,Chitradurga,2012-06-01,14.2266443,76.4005122,6,Monsoon,18.0,0.0,0.2830008473,4.0,303.445,18.666666666666668,0.3333333333333333,-0.18181818181818177
Karnataka,Chitradurga,2012-09-01,14.2266443,76.4005122,9,Monsoon,13.0,0.0,0.1398023521,9.0,304.48,17.666666666666668,0.0,-0.2777777777777778
Karnataka,Chitradurga,2013-03-01,14.2266443,76.4005122,3,Summer,43.0,1.0,0.00961967197605,5.0,313.664,20.0,0.16666666666666666,0.42074592074592065
Karnataka,Chitradurga,2013-04-01,14.2266443,76.4005122,4,Summer,118.0,2.0,0.03221802581266666,6.333333333333333,317.79733333333337,28.333333333333332,0.6666666666666666,0.806060606060606
Karnataka,Chitradurga,2013-06-01,14.2266443,76.4005122,6,Monsoon,50.0,0.0,0.35508582575000003,5.5,307.48249999999996,36.5,0.3333333333333333,0.12237394957983194
Karnataka,Chitradurga,2013-08-01,14.2266443,76.4005122,8,Monsoon,14.0,0.0,0.177782786,4.0,302.1,21.333333333333332,0.0,-0.5757575757575757
Karnataka,Chitradurga,2013-10-01,14.2266443,76.4005122,10,Post-Monsoon,15.0,0.0,0.6359730471,10.0,301.68,20.666666666666668,0.0,0.0714285714285714
Karnataka,Chitradurga,2014-05-01,14.2266443,76.4005122,5,Summer,13.0,0.0,0.05775833983,6.0,312.60400000000004,14.0,0.0,-0.1333333333333333
Karnataka,Chitradurga,2014-06-01,14.2266443,76.4005122,6,Monsoon,25.0,0.0,0.1300227558,8.0,304.51,17.666666666666668,0.0,0.9230769230769231
Karnataka,Chitradurga,2014-08-01,14.2266443,76.4005122,8,Monsoon,52.0,0.0,0.45902781175,8.5,302.6333333,21.5,0.0,0.6371428571428572
Karnataka,Chitradurga,2014-12-01,14.2266443,76.4005122,12,Winter,36.0,0.0,0.003343891535,8.0,301.41200000000003,29.333333333333332,0.0,-0.052631578947368474
Karnataka,Chitradurga,2015-05-01,14.2266443,76.4005122,5,Summer,23.0,0.0,0.3616282443,7.0,307.005,32.333333333333336,0.0,-0.36111111111111116
Karnataka,Chitradurga,2015-06-01,14.2266443,76.4005122,6,Monsoon,55.0,0.0,0.1091319372,7.0,302.1733334,38.0,0.0,1.391304347826087
Karnataka,Chitradurga,2016-01-01,14.2266443,76.4005122,1,Winter,4.0,0.0,1.38e-05,7.0,305.2066666,27.333333333333332,0.0,-0.9272727272727272
Karnataka,Chitradurga,2016-02-01,14.2266443,76.4005122,2,Winter,33.0,0.0,5.9e-05,9.0,308.93333340000004,30.666666666666668,0.0,5.0
Karnataka,Chitradurga,2016-12-01,14.2266443,76.4005122,12,Winter,13.0,0.0,0.0005039284898,4.0,302.012,16.666666666666668,0.0,-0.6060606060606061
Karnataka,Chitradurga,2017-02-01,14.2266443,76.4005122,2,Winter,31.0,0.0,6.69e-05,4.0,311.9366666,25.666666666666668,0.0,1.3846153846153846
Karnataka,Chitradurga,2017-05-01,14.2266443,76.4005122,5,Summer,17.0,0.0,0.0210387157,5.0,313.99,20.333333333333332,0.0,-0.4516129032258065
Karnataka,Chitradurga,2017-08-01,14.2266443,76.4005122,8,Monsoon,23.0,0.0,0.0765415076,5.0,308.88,23.666666666666668,0.0,0.3529411764705883
Karnataka,Chitradurga,2017-10-01,14.2266443,76.4005122,10,Post-Monsoon,29.0,0.0,0.007614924707,14.0,302.028,23.0,0.0,0.26086956521739135
Karnataka,Chitradurga,2019-03-01,14.2266443,76.4005122,3,Summer,18.0,0.0,0.0002862262239,5.0,313.62,23.333333333333332,0.0,-0.3793103448275862
Karnataka,Chitradurga,2019-11-01,14.2266443,76.4005122,11,Post-Monsoon,17.0,1.0,0.136642746,13.0,301.79200000000003,21.333333333333332,0.3333333333333333,-0.05555555555555558
Karnataka,Dakshin Kannada,2011-07-01,12.8827367,75.0309089,7,Monsoon,2.0,1.0,0.9799181476,2.0,298.93,2.0,1.0,0.0
Karnataka,Dakshin Kannada,2022-03-01,12.8827367,75.0309089,3,Summer,29.0,0.0,0.1548463487,23.0,303.66,15.5,0.5,5.0
Karnataka,Dakshina Kannada,2019-02-01,12.9324457,74.9813132,2,Winter,40.0,0.0,0.00055529454175,9.0,304.45399999999995,23.5,0.0,-0.2592592592592593
Karnataka,Dakshina Kannada,2019-06-01,12.9324457,74.9813132,6,Monsoon,21.0,0.0,0.2751211743,16.0,304.36,20.333333333333332,0.0,0.6153846153846154
Karnataka,Dakshina Kannada,2019-11-01,12.9324457,74.9813132,11,Post-Monsoon,30.0,0.0,0.2765966378,9.0,302.56,21.333333333333332,0.0,0.4285714285714286
Karnataka,Dakshina Kannada,2022-04-01,12.9324457,74.9813132,4,Summer,12.0,0.0,0.1516883933,19.0,303.228,21.0,0.0,-0.6
Karnataka,Dakshina Kannada,2022-06-01,12.9324457,74.9813132,6,Monsoon,18.0,0.0,1.388208146,12.0,301.76,20.0,0.0,0.5
Karnataka,Davanagere,2009-11-01,14.4661266,75.9206361,11,Post-Monsoon,198.0,0.0,0.05165890853,10.0,302.77500000000003,198.0,0.0,0.0
Karnataka,Davanagere,2010-04-01,14.4661266,75.9206361,4,Summer,12.0,0.0,0.03900964172,9.0,312.588,105.0,0.0,-0.9393939393939394
Karnataka,Davanagere,2013-06-01,14.4661266,75.9206361,6,Monsoon,13.0,0.0,0.3118113575,5.0,297.76,74.33333333333333,0.0,0.08333333333333326
Karnataka,Davanagere,2017-05-01,14.4661266,75.9206361,5,Summer,28.0,0.0,0.09575843529,9.0,314.295,17.666666666666668,0.0,1.1538461538461537
Karnataka,Davanagere,2019-07-01,14.4661266,75.9206361,7,Monsoon,32.0,0.0,0.4822923075,6.0,302.46,24.333333333333332,0.0,0.1428571428571428
Karnataka,Davanagere,2021-06-01,14.4661266,75.9206361,6,Monsoon,31.0,0.0,0.2757729468,6.0,304.64,30.333333333333332,0.0,-0.03125
Karnataka,Davanagere,2021-08-01,14.4661266,75.9206361,8,Monsoon,96.0,0.0,0.2605566259,16.0,302.54,53.0,0.0,2.096774193548387
Karnataka,Davanagere,2021-12-01,14.4661266,75.9206361,12,Winter,41.0,0.0,0.003273129677,11.0,300.6,56.0,0.0,-0.5729166666666667
Karnataka,Davanagere,2022-03-01,14.4661266,75.9206361,3,Summer,21.0,0.0,0.0152337369,9.0,307.625,52.666666666666664,0.0,-0.4878048780487805
Karnataka,Davangere,2009-06-01,14.4679807,75.9195682,6,Monsoon,73.0,0.0,0.6377644828,6.666666666666667,306.2177777333333,21.777777777777775,0.0,0.20999367488931053
Karnataka,Davangere,2009-07-01,14.4679807,75.9195682,7,Monsoon,65.0,0.0,0.55135655305,6.0,301.28,27.5,0.0,0.5905263157894737
Karnataka,Davangere,2009-10-01,14.4679807,75.9195682,10,Post-Monsoon,44.0,0.0,2.450416403,12.0,297.38,36.333333333333336,0.0,-0.04347826086956519
Karnataka,Davangere,2009-11-01,14.4679807,75.9195682,11,Post-Monsoon,34.0,0.0,0.5859287336,10.0,303.445,41.333333333333336,0.0,-0.2272727272727273
Karnataka,Davangere,2011-05-01,14.4679807,75.9195682,5,Summer,13.0,1.0,0.03452846388,9.0,310.196,30.333333333333332,0.3333333333333333,-0.6176470588235294
Karnataka,Davangere,2011-06-01,14.4679807,75.9195682,6,Monsoon,29.0,0.0,0.2486476566,4.0,297.78000000000003,25.333333333333332,0.3333333333333333,1.2307692307692308
Karnataka,Davangere,2012-01-01,14.4679807,75.9195682,1,Winter,50.0,0.0,6.34e-05,6.0,307.376,30.666666666666668,0.3333333333333333,0.7241379310344827
Karnataka,Davangere,2013-04-01,14.4679807,75.9195682,4,Summer,66.0,0.0,0.0001713190346,6.0,317.60966670000005,38.5,0.0,-0.22333333333333333
Karnataka,Davangere,2013-05-01,14.4679807,75.9195682,5,Summer,99.0,0.0,0.07124134456975001,7.25,311.223,26.25,0.0,0.014709286492374685
Karnataka,Davangere,2013-07-01,14.4679807,75.9195682,7,Monsoon,57.0,0.0,0.7382730831000001,9.0,301.7825,28.5,0.0,0.07427536231884063
Karnataka,Davangere,2013-08-01,14.4679807,75.9195682,8,Monsoon,22.0,0.0,0.3466214151,6.0,303.445,26.333333333333332,0.0,0.04761904761904767
Karnataka,Davangere,2014-04-01,14.4679807,75.9195682,4,Summer,17.0,0.0,0.02856250008,7.0,314.244,20.0,0.0,-0.2272727272727273
Karnataka,Davangere,2014-05-01,14.4679807,75.9195682,5,Summer,128.0,2.0,0.092468203125,8.5,309.5765,47.0,0.6666666666666666,2.0354141656662663
Karnataka,Davangere,2016-09-01,14.4679807,75.9195682,9,Monsoon,51.0,0.0,0.3197981134,10.0,303.445,59.666666666666664,0.6666666666666666,0.7
Karnataka,Davangere,2016-11-01,14.4679807,75.9195682,11,Post-Monsoon,83.0,0.0,0.0218570543035,9.0,307.1346667,44.166666666666664,0.0,-0.17980392156862746
Karnataka,Davangere,2017-04-01,14.4679807,75.9195682,4,Summer,26.0,0.0,0.001408977287,5.0,314.34000000000003,36.333333333333336,0.0,-0.21212121212121215
Karnataka,Davangere,2017-07-01,14.4679807,75.9195682,7,Monsoon,48.0,0.0,0.1599315507,5.0,305.58,35.666666666666664,0.0,0.8461538461538463
Karnataka,Davangere,2018-01-01,14.4679807,75.9195682,1,Winter,15.0,0.0,8.28e-05,7.0,307.28400000000005,29.666666666666668,0.0,-0.6875
Karnataka,Davangere,2018-03-01,14.4679807,75.9195682,3,Summer,197.0,0.0,0.0815100689,9.0,311.7955,70.66666666666667,0.0,2.1610738255033555
Karnataka,Davangere,2018-12-01,14.4679807,75.9195682,12,Winter,32.0,0.0,0.0003752598041,7.0,302.25,76.33333333333333,0.0,-0.33333333333333337
Karnataka,Davangere.,2010-01-01,14.4679807,75.9195682,1,Winter,23.0,1.0,0.06785192587,8.0,303.71,23.0,1.0,0.0
Karnataka,Dharwad,2009-07-01,15.4540505,75.0066516,7,Monsoon,31.0,0.0,0.2891041037,4.0,301.74,31.0,0.0,0.0
Karnataka,Dharwad,2009-09-01,15.4540505,75.0066516,9,Monsoon,32.0,0.0,1.251536453,9.0,302.34000000000003,31.5,0.0,0.032258064516129004
Karnataka,Dharwad,2009-10-01,15.4540505,75.0066516,10,Post-Monsoon,22.0,0.0,2.240300593,7.0,303.445,28.333333333333332,0.0,-0.3125
Karnataka,Dharwad,2010-08-01,15.4540505,75.0066516,8,Monsoon,26.0,0.0,0.7308538414,4.0,302.02,26.666666666666668,0.0,0.18181818181818188
Karnataka,Dharwad,2010-09-01,15.4540505,75.0066516,9,Monsoon,15.0,0.0,0.7194116689,9.0,305.78000000000003,21.0,0.0,-0.42307692307692313
Karnataka,Dharwad,2011-06-01,15.4540505,75.0066516,6,Monsoon,78.0,0.0,0.49600762490000005,2.5,306.0025,19.0,0.0,0.15932971014492753
Karnataka,Dharwad,2011-11-01,15.4540505,75.0066516,11,Post-Monsoon,12.0,0.0,0.05433591077,14.0,306.02,17.0,0.0,-0.4782608695652174
Karnataka,Dharwad,2012-07-01,15.4540505,75.0066516,7,Monsoon,19.0,0.0,0.2783195951,9.0,306.1,18.0,0.0,0.5833333333333333
Karnataka,Dharwad,2014-03-01,15.4540505,75.0066516,3,Summer,25.0,0.0,0.02563086009,5.0,311.09000000000003,18.666666666666668,0.0,0.3157894736842106
Karnataka,Dharwad,2014-09-01,15.4540505,75.0066516,9,Monsoon,36.0,0.0,0.391600181,9.0,305.1785,21.333333333333332,0.0,-0.2573913043478261
Karnataka,Dharwad,2014-11-01,15.4540505,75.0066516,11,Post-Monsoon,39.0,0.0,0.8234594063,11.5,304.15999999999997,18.5,0.0,0.2324414715719063
Karnataka,Dharwad,2015-01-01,15.4540505,75.0066516,1,Winter,36.0,0.0,0.04006455077,10.5,303.9366666,25.0,0.0,1.25
Karnataka,Dharwad,2015-08-01,15.4540505,75.0066516,8,Monsoon,41.0,0.0,0.2520707477,4.0,306.7666666,31.0,0.0,0.13888888888888884
Karnataka,Dharwad,2015-12-01,15.4540505,75.0066516,12,Winter,10.0,0.0,5e-05,9.0,305.628,29.0,0.0,-0.7560975609756098
Karnataka,Dharwad,2016-04-01,15.4540505,75.0066516,4,Summer,31.0,0.0,0.006333396969,6.5,321.9533333,18.0,0.0,0.26875000000000004
Karnataka,Dharwad,2016-06-01,15.4540505,75.0066516,6,Monsoon,14.0,0.0,1.377494785,2.0,303.445,15.0,0.0,-0.06666666666666665
Karnataka,Dharwad,2016-07-01,15.4540505,75.0066516,7,Monsoon,35.0,0.0,0.5382516958,3.0,304.04,21.333333333333332,0.0,1.5
Karnataka,Dharwad,2016-08-01,15.4540505,75.0066516,8,Monsoon,25.0,0.0,0.1622688087,4.0,307.74,24.666666666666668,0.0,-0.2857142857142857
Karnataka,Dharwad,2017-07-01,15.4540505,75.0066516,7,Monsoon,46.0,0.0,0.1981826217,4.0,304.375,35.333333333333336,0.0,0.8400000000000001
Karnataka,Dharwad,2017-08-01,15.4540505,75.0066516,8,Monsoon,78.0,0.0,0.2489865175,3.0,309.22,49.666666666666664,0.0,0.6956521739130435
Karnataka,Dharwad,2017-10-01,15.4540505,75.0066516,10,Post-Monsoon,115.0,0.0,0.24264677375,5.5,305.647,69.0,0.0,-0.285421623050489
Karnataka,Dharwad,2018-01-01,15.4540505,75.0066516,1,Winter,12.0,0.0,0.0002835892085,9.0,308.904,42.333333333333336,0.0,-0.33333333333333337
Karnataka,Dharwad,2018-06-01,15.4540505,75.0066516,6,Monsoon,88.0,0.0,0.45723532275,3.0,308.9573333,29.166666666666668,0.0,1.3527777777777779
Karnataka,Dharwad,2019-04-01,15.4540505,75.0066516,4,Summer,20.0,0.0,0.06617019652,4.0,318.404,36.0,0.0,-0.5348837209302326
Karnataka,Dharwad,2019-05-01,15.4540505,75.0066516,5,Summer,96.0,0.0,0.08211990857,9.0,318.505,53.0,0.0,3.8
Karnataka,Dharwad,2019-07-01,15.4540505,75.0066516,7,Monsoon,37.0,0.0,0.65815287915,2.5,306.68375000000003,24.583333333333332,0.0,-0.2020833333333333
Karnataka,Dharwad,2019-09-01,15.4540505,75.0066516,9,Monsoon,6.0,0.0,0.9479681131,6.0,303.445,8.333333333333334,0.0,-0.33333333333333337
Karnataka,Dharwad,2019-10-01,15.4540505,75.0066516,10,Post-Monsoon,7.0,0.0,0.520312312,5.0,300.94,7.333333333333333,0.0,0.16666666666666674
Karnataka,Dharwad,2020-10-01,15.4540505,75.0066516,10,Post-Monsoon,8.0,0.0,0.0714202973,9.0,306.372,7.0,0.0,0.1428571428571428
Karnataka,Dharwad,2021-02-01,15.4540505,75.0066516,2,Winter,3.0,0.0,8.81e-05,9.0,306.96,6.0,0.0,-0.625
Karnataka,Dharwad,2021-07-01,15.4540505,75.0066516,7,Monsoon,2.0,0.0,0.2825220683,5.0,309.1,4.333333333333333,0.0,-0.33333333333333337
Karnataka,Gadag,2011-04-01,15.4206667,75.6225644,4,Summer,33.0,1.0,0.1352444608,4.0,314.668,33.0,1.0,0.0
Karnataka,Gadag,2011-05-01,15.4206667,75.6225644,5,Summer,27.0,0.0,0.07771244308,4.0,314.42,30.0,0.5,-0.18181818181818177
Karnataka,Gadag,2011-07-01,15.4206667,75.6225644,7,Monsoon,25.0,0.0,0.3450842097,9.0,303.82,28.333333333333332,0.3333333333333333,-0.07407407407407407
Karnataka,Gadag,2011-08-01,15.4206667,75.6225644,8,Monsoon,10.0,0.0,0.112245109,4.0,306.07,20.666666666666668,0.0,-0.6
Karnataka,Gadag,2013-01-01,15.4206667,75.6225644,1,Winter,10.0,0.0,3.18e-05,5.0,311.552,15.0,0.0,0.0
Karnataka,Gadag,2013-03-01,15.4206667,75.6225644,3,Summer,17.0,0.0,4.54e-05,4.0,318.968,12.333333333333334,0.0,0.7
Karnataka,Gadag,2013-06-01,15.4206667,75.6225644,6,Monsoon,27.0,0.0,0.6761306948,9.0,311.14,18.0,0.0,0.588235294117647
Karnataka,Gadag,2013-08-01,15.4206667,75.6225644,8,Monsoon,29.0,0.0,0.3438536018,4.0,307.78000000000003,18.5,0.0,0.021885521885521952
Karnataka,Gadag,2013-10-01,15.4206667,75.6225644,10,Post-Monsoon,37.0,0.0,1.070944934,10.0,303.445,22.0,0.0,1.0555555555555554
Karnataka,Gadag,2014-07-01,15.4206667,75.6225644,7,Monsoon,39.0,0.0,0.8684174826,3.0,312.48,31.333333333333332,0.0,0.054054054054053946
Karnataka,Gadag,2014-12-01,15.4206667,75.6225644,12,Winter,39.0,0.0,0.001510933783,9.0,305.94,38.333333333333336,0.0,0.0
Karnataka,Gadag,2015-01-01,15.4206667,75.6225644,1,Winter,46.0,0.0,8.59e-05,6.0,307.34000000000003,41.333333333333336,0.0,0.17948717948717952
Karnataka,Gadag,2015-07-01,15.4206667,75.6225644,7,Monsoon,30.0,0.0,0.1558220431,9.0,306.01,38.333333333333336,0.0,-0.34782608695652173
Karnataka,Gadag,2015-08-01,15.4206667,75.6225644,8,Monsoon,20.0,0.0,0.1755867361,9.0,308.9133334,32.0,0.0,-0.33333333333333337
Karnataka,Gadag,2016-02-01,15.4206667,75.6225644,2,Winter,42.0,0.0,7.64e-05,4.0,314.00333340000003,22.166666666666668,0.0,0.025000000000000022
Karnataka,Gadag,2016-06-01,15.4206667,75.6225644,6,Monsoon,32.0,0.0,0.55826846395,2.0,310.5925,19.166666666666668,0.0,-0.22380952380952385
Karnataka,Gadag,2016-07-01,15.4206667,75.6225644,7,Monsoon,12.0,0.0,0.5586812993,2.0,303.445,14.666666666666666,0.0,0.0
Karnataka,Gadag,2016-10-01,15.4206667,75.6225644,10,Post-Monsoon,21.0,0.0,0.1970885558,7.0,308.4533334,15.0,0.0,0.75
Karnataka,Gadag,2016-11-01,15.4206667,75.6225644,11,Post-Monsoon,7.0,0.0,5e-05,5.0,311.3266666,13.333333333333334,0.0,-0.6666666666666667
Karnataka,Gadag,2017-08-01,15.4206667,75.6225644,8,Monsoon,15.0,0.0,0.7469720715,9.0,303.68,14.333333333333334,0.0,1.1428571428571428
Karnataka,Gadag,2018-02-01,15.4206667,75.6225644,2,Winter,27.0,0.0,0.0354748733,5.0,309.896,16.333333333333332,0.0,0.8
Karnataka,Gadag,2018-06-01,15.4206667,75.6225644,6,Monsoon,26.0,0.0,0.2408099412,9.0,311.455,22.666666666666668,0.0,-0.03703703703703709
Karnataka,Gulbarga,2010-02-01,17.166667,77.083333,2,Winter,39.0,0.0,5.57e-05,4.0,311.56,39.0,0.0,0.0
Karnataka,Gulbarga,2010-08-01,17.166667,77.083333,8,Monsoon,31.0,0.0,1.008117548,2.0,303.445,35.0,0.0,-0.20512820512820518
Karnataka,Gulbarga,2010-09-01,17.166667,77.083333,9,Monsoon,51.0,2.0,0.5970369366,5.0,301.54,40.333333333333336,0.6666666666666666,0.6451612903225807
Karnataka,Gulbarga,2010-12-01,17.166667,77.083333,12,Winter,19.0,0.0,0.02491382342,9.0,299.5,33.666666666666664,0.6666666666666666,-0.6274509803921569
Karnataka,Gulbarga,2011-03-01,17.166667,77.083333,3,Summer,14.0,0.0,9.87e-05,4.0,316.7133334,28.0,0.6666666666666666,-0.26315789473684215
Karnataka,Gulbarga,2011-04-01,17.166667,77.083333,4,Summer,34.0,0.0,0.05886559346,3.0,317.065,22.333333333333332,0.0,1.4285714285714284
Karnataka,Gulbarga,2012-04-01,17.166667,77.083333,4,Summer,21.0,0.0,0.1051220981,3.0,318.428,23.0,0.0,-0.38235294117647056
Karnataka,Gulbarga,2012-07-01,17.166667,77.083333,7,Monsoon,29.0,0.0,0.3076447973,5.0,305.0,28.0,0.0,0.38095238095238093
Karnataka,Gulbarga,2012-10-01,17.166667,77.083333,10,Post-Monsoon,83.0,0.0,0.3253765017,12.0,307.285,44.333333333333336,0.0,1.8620689655172415
Karnataka,Gulbarga,2013-01-01,17.166667,77.083333,1,Winter,22.0,0.0,0.0132814686,5.0,308.172,44.666666666666664,0.0,-0.7349397590361446
Karnataka,Gulbarga,2013-03-01,17.166667,77.083333,3,Summer,27.0,1.0,8.04e-05,9.0,318.704,44.0,0.3333333333333333,0.2272727272727273
Karnataka,Gulbarga,2013-04-01,17.166667,77.083333,4,Summer,15.0,0.0,0.02061508514,9.0,320.9033334,21.333333333333332,0.3333333333333333,-0.4444444444444444
Karnataka,Gulbarga,2013-05-01,17.166667,77.083333,5,Summer,100.0,0.0,0.005857034197433333,5.0,321.90044446666667,31.333333333333332,0.1111111111111111,0.5324233716475096
Karnataka,Gulbarga,2013-06-01,17.166667,77.083333,6,Monsoon,55.0,2.0,0.420101966,4.333333333333333,309.78388893333334,20.555555555555554,0.5555555555555555,-0.027053140096618338
Karnataka,Gulbarga,2013-07-01,17.166667,77.083333,7,Monsoon,71.0,1.0,0.8298630018666667,5.0,303.445,18.666666666666668,0.4444444444444444,0.5464646464646465
Karnataka,Gulbarga,2013-08-01,17.166667,77.083333,8,Monsoon,48.0,0.0,0.81623287505,9.0,306.4425,28.166666666666664,0.0,-0.08791208791208788
Karnataka,Gulbarga,2013-10-01,17.166667,77.083333,10,Post-Monsoon,20.0,0.0,0.2125759374,9.0,304.5133334,22.666666666666668,0.0,-0.2592592592592593
Karnataka,Hassan,2009-08-01,13.0070817,76.0992703,8,Monsoon,54.0,0.0,0.4590881111,6.0,305.01,54.0,0.0,0.0
Karnataka,Hassan,2009-09-01,13.0070817,76.0992703,9,Monsoon,64.0,1.0,0.58747434365,9.5,300.875,39.16666666666667,0.41666666666666663,0.05555555555555558
Karnataka,Hassan,2009-12-01,13.0070817,76.0992703,12,Winter,50.0,0.0,0.1148265916,11.0,302.25,38.0,0.3333333333333333,0.25
Karnataka,Hassan,2010-03-01,13.0070817,76.0992703,3,Summer,139.0,0.0,0.0093907425788,7.0,311.501,55.5,0.0,0.3270370370370371
Karnataka,Hassan,2010-05-01,13.0070817,76.0992703,5,Summer,181.0,0.0,0.23683777115666668,9.0,305.9753333333333,71.22222222222221,0.0,-0.1806675350792998
Karnataka,Hassan,2010-06-01,13.0070817,76.0992703,6,Monsoon,83.0,0.0,0.5399800777,4.0,303.66,66.0,0.0,5.0
Karnataka,Hassan,2010-07-01,13.0070817,76.0992703,7,Monsoon,15.0,0.0,0.2510458025,6.0,299.6,36.333333333333336,0.0,-0.8192771084337349
Karnataka,Hassan,2010-08-01,13.0070817,76.0992703,8,Monsoon,17.0,0.0,0.632952293,3.0,299.2,38.333333333333336,0.0,0.1333333333333333
Karnataka,Hassan,2010-12-01,13.0070817,76.0992703,12,Winter,77.0,0.0,0.0149769877175,10.5,299.24199999999996,26.333333333333332,0.0,0.6443014705882353
Karnataka,Hassan,2011-02-01,13.0070817,76.0992703,2,Winter,14.0,0.0,8.02e-05,9.0,306.7033334,30.333333333333332,0.0,-0.6888888888888889
Karnataka,Hassan,2011-03-01,13.0070817,76.0992703,3,Summer,40.0,0.0,0.0153692416,8.0,310.744,33.0,0.0,1.8571428571428572
Karnataka,Hassan,2011-04-01,13.0070817,76.0992703,4,Summer,161.0,1.0,0.141506375675,9.0,306.86,53.16666666666667,0.3333333333333333,0.5578125
Karnataka,Hassan,2011-06-01,13.0070817,76.0992703,6,Monsoon,409.0,0.0,0.23396067346666669,7.0,299.21999999999997,69.5,0.05555555555555555,0.13443292249800337
Karnataka,Hassan,2011-07-01,13.0070817,76.0992703,7,Monsoon,73.0,0.0,0.3536393273,8.0,303.445,73.66666666666667,0.0,-0.15116279069767447
Karnataka,Hassan,2011-10-01,13.0070817,76.0992703,10,Post-Monsoon,19.0,0.0,0.3373461118,9.0,301.892,59.333333333333336,0.0,-0.7397260273972603
Karnataka,Hassan,2012-01-01,13.0070817,76.0992703,1,Winter,50.0,0.0,0.0001103381145,7.0,304.04,47.333333333333336,0.0,1.6315789473684212
Karnataka,Hassan,2012-02-01,13.0070817,76.0992703,2,Winter,30.0,0.0,0.0001169003837,9.0,304.496,33.0,0.0,-0.4
Karnataka,Hassan,2012-03-01,13.0070817,76.0992703,3,Summer,198.0,0.0,0.0001134994854,9.0,313.088,92.66666666666667,0.0,5.0
Karnataka,Hassan,2012-05-01,13.0070817,76.0992703,5,Summer,133.0,0.0,0.33169652047,9.0,305.372,41.94444444444445,0.0,0.19571086807928909
Karnataka,Hassan,2012-12-01,13.0070817,76.0992703,12,Winter,12.0,0.0,0.0001266356137,9.0,301.564,20.333333333333332,0.0,-0.4285714285714286
Karnataka,Hassan,2013-04-01,13.0070817,76.0992703,4,Summer,51.0,0.0,0.00079910906,6.0,315.86400000000003,28.0,0.0,3.25
Karnataka,Hassan,2013-05-01,13.0070817,76.0992703,5,Summer,126.0,0.0,0.5441373499,5.0,305.2466666,63.0,0.0,1.4705882352941178
Karnataka,Hassan,2013-08-01,13.0070817,76.0992703,8,Monsoon,20.0,0.0,0.6656446021,9.0,303.445,65.66666666666667,0.0,-0.8412698412698413
Karnataka,Hassan,2014-05-01,13.0070817,76.0992703,5,Summer,71.0,0.0,0.032449198125,10.0,308.82899999999995,46.0,0.0,0.3852564102564102
Karnataka,Hassan,2015-07-01,13.0070817,76.0992703,7,Monsoon,87.0,0.0,0.4328176049,7.0,299.12,52.666666666666664,0.0,1.71875
Karnataka,Hassan,2015-11-01,13.0070817,76.0992703,11,Post-Monsoon,47.0,0.0,0.4320581174,7.0,298.36,55.333333333333336,0.0,-0.45977011494252873
Karnataka,Hassan,2016-04-01,13.0070817,76.0992703,4,Summer,107.0,0.0,0.003966934358,8.666666666666666,315.25600000000003,44.888888888888886,0.0,-0.13795259425158646
Karnataka,Hassan,2016-05-01,13.0070817,76.0992703,5,Summer,35.0,0.0,0.34884877085,7.0,310.27933329999996,26.0,0.0,-0.34257871064467765
Karnataka,Hassan,2016-06-01,13.0070817,76.0992703,6,Monsoon,45.0,0.0,0.7723056961,7.0,297.49,26.666666666666668,0.0,2.75
Karnataka,Hassan,2017-04-01,13.0070817,76.0992703,4,Summer,25.0,0.0,0.003641963798,7.0,309.508,27.333333333333332,0.0,-0.4444444444444444
Karnataka,Hassan,2017-05-01,13.0070817,76.0992703,5,Summer,35.0,0.0,0.170913066,9.0,311.504,35.0,0.0,0.3999999999999999
Karnataka,Hassan,2017-06-01,13.0070817,76.0992703,6,Monsoon,16.0,0.0,0.2201276374,5.0,303.6866666,25.333333333333332,0.0,-0.5428571428571429
Karnataka,Hassan,2017-07-01,13.0070817,76.0992703,7,Monsoon,35.0,0.0,0.30070929,6.5,306.71000000000004,20.333333333333336,0.0,0.0
Karnataka,Hassan,2017-08-01,13.0070817,76.0992703,8,Monsoon,26.0,0.0,0.1875091292,7.0,305.82,20.333333333333332,0.0,0.7333333333333334
Karnataka,Hassan,2017-09-01,13.0070817,76.0992703,9,Monsoon,4.0,2.0,0.2711384885,12.0,301.5266666,15.0,0.6666666666666666,-0.8461538461538461
Karnataka,Hassan,2018-05-01,13.0070817,76.0992703,5,Summer,15.0,0.0,0.6991572395,11.0,301.57,15.0,0.6666666666666666,2.75
Karnataka,Hassan,2019-01-01,13.0070817,76.0992703,1,Winter,28.0,0.0,8.92e-05,7.0,305.464,15.666666666666666,0.6666666666666666,0.8666666666666667
Karnataka,Hassan,2019-03-01,13.0070817,76.0992703,3,Summer,15.0,0.0,0.003303466915,7.0,311.428,19.333333333333332,0.0,-0.4642857142857143
Karnataka,Hassan,2019-06-01,13.0070817,76.0992703,6,Monsoon,71.0,0.0,0.27395605515,10.5,303.3225,31.5,0.0,1.0916666666666668
Karnataka,Hassan,2019-11-01,13.0070817,76.0992703,11,Post-Monsoon,39.0,0.0,0.03567280058,13.0,301.056,36.666666666666664,0.0,2.5454545454545454
Karnataka,Hassan,2020-04-01,13.0070817,76.0992703,4,Summer,17.0,0.0,0.08969011065,8.0,310.248,22.333333333333332,0.0,-0.5641025641025641
Karnataka,Hassan,2020-11-01,13.0070817,76.0992703,11,Post-Monsoon,37.0,0.0,0.01716113645,16.0,301.036,31.0,0.0,1.176470588235294
Karnataka,Hassan,2021-02-01,13.0070817,76.0992703,2,Winter,14.0,0.0,0.0006280313912,9.0,304.448,22.666666666666668,0.0,-0.6216216216216216
Karnataka,Hassan,2022-04-01,13.0070817,76.0992703,4,Summer,80.0,0.0,0.051877781114,10.0,303.8075,30.833333333333332,0.0,0.9285714285714286
Karnataka,Hassan,2022-05-01,13.0070817,76.0992703,5,Summer,20.0,0.0,0.1548253362,9.0,302.324,33.333333333333336,0.0,-0.5
Karnataka,Haveri,2009-08-01,14.7874825,75.3996731,8,Monsoon,82.0,0.0,0.4083501786,9.0,295.0666666,82.0,0.0,0.0
Karnataka,Haveri,2009-10-01,14.7874825,75.3996731,10,Post-Monsoon,46.0,0.0,1.99491862555,11.0,299.60749999999996,48.08333333333333,0.0,-0.4275609756097561
Karnataka,Haveri,2011-05-01,14.7874825,75.3996731,5,Summer,12.0,0.0,0.09915531393,24.0,304.996,19.333333333333332,0.0,-0.4285714285714286
Karnataka,Haveri,2011-06-01,14.7874825,75.3996731,6,Monsoon,13.0,0.0,0.9349355541,5.0,303.445,15.333333333333334,0.0,0.08333333333333326
Karnataka,Haveri,2011-07-01,14.7874825,75.3996731,7,Monsoon,10.0,0.0,2.526187658,9.0,294.52,11.666666666666666,0.0,-0.23076923076923073
Karnataka,Haveri,2011-11-01,14.7874825,75.3996731,11,Post-Monsoon,54.0,0.0,0.06889091659,25.0,298.515,25.666666666666668,0.0,4.4
Karnataka,Haveri,2012-01-01,14.7874825,75.3996731,1,Winter,62.0,0.0,0.007740531519,13.0,300.60400000000004,42.0,0.0,0.14814814814814814
Karnataka,Haveri,2012-02-01,14.7874825,75.3996731,2,Winter,30.0,0.0,8.75e-05,18.0,303.2266666,48.666666666666664,0.0,-0.5161290322580645
Karnataka,Haveri,2012-05-01,14.7874825,75.3996731,5,Summer,37.0,0.0,0.0976552928075,21.0,303.60333330000003,30.666666666666664,0.0,-0.3433333333333333
Karnataka,Haveri,2013-03-01,14.7874825,75.3996731,3,Summer,72.0,1.0,0.05220078404,18.0,307.4966666,36.333333333333336,0.3333333333333333,5.0
Karnataka,Haveri,2013-07-01,14.7874825,75.3996731,7,Monsoon,15.0,0.0,1.818451938,3.0,303.445,33.0,0.3333333333333333,-0.7916666666666666
Karnataka,Haveri,2013-09-01,14.7874825,75.3996731,9,Monsoon,24.0,0.0,0.1798263374,20.0,298.3466666,37.0,0.3333333333333333,0.6000000000000001
Karnataka,Haveri,2013-10-01,14.7874825,75.3996731,10,Post-Monsoon,14.0,0.0,0.8517434263,27.0,298.40000000000003,17.666666666666668,0.0,-0.41666666666666663
Karnataka,Haveri,2013-11-01,14.7874825,75.3996731,11,Post-Monsoon,50.0,0.0,0.009238923566,9.0,301.056,29.333333333333332,0.0,2.5714285714285716
Karnataka,Haveri,2014-03-01,14.7874825,75.3996731,3,Summer,63.0,0.0,0.0009976202588,9.0,309.7466666,42.333333333333336,0.0,0.26
Karnataka,Haveri,2014-10-01,14.7874825,75.3996731,10,Post-Monsoon,23.0,0.0,0.49320860624999996,19.0,300.5025,35.333333333333336,0.0,-0.5122100122100122
Karnataka,Haveri,2014-11-01,14.7874825,75.3996731,11,Post-Monsoon,15.0,0.0,4.98e-05,19.0,298.088,12.666666666666666,0.0,0.5
Karnataka,Haveri,2015-01-01,14.7874825,75.3996731,1,Winter,10.0,0.0,4.16e-05,14.0,301.6266666,11.666666666666666,0.0,-0.33333333333333337
Karnataka,Haveri,2015-07-01,14.7874825,75.3996731,7,Monsoon,57.0,0.0,0.4946589217,9.0,297.94,22.5,0.0,1.3127906976744186
Karnataka,Haveri,2015-08-01,14.7874825,75.3996731,8,Monsoon,27.0,0.0,0.194807854,24.0,296.925,28.0,0.0,0.9285714285714286
Karnataka,Haveri,2016-02-01,14.7874825,75.3996731,2,Winter,26.0,0.0,0.0003251037678,9.0,306.8266666,17.833333333333336,0.0,-0.2592592592592593
Karnataka,Haveri,2016-03-01,14.7874825,75.3996731,3,Summer,24.0,0.0,0.006549313166,9.0,308.2933334,16.666666666666668,0.0,0.8461538461538463
Karnataka,Haveri,2016-08-01,14.7874825,75.3996731,8,Monsoon,16.0,0.0,1.237900123,7.0,303.445,17.666666666666668,0.0,-0.33333333333333337
Karnataka,Haveri,2016-09-01,14.7874825,75.3996731,9,Monsoon,21.0,0.0,0.5420854062,7.0,303.445,20.333333333333332,0.0,0.3125
Karnataka,Haveri,2016-10-01,14.7874825,75.3996731,10,Post-Monsoon,65.0,0.0,0.1668701217,26.0,298.96,34.0,0.0,2.0952380952380953
Karnataka,Haveri,2017-04-01,14.7874825,75.3996731,4,Summer,14.0,0.0,0.03111928673,9.0,308.4966666,33.333333333333336,0.0,-0.7846153846153846
Karnataka,Haveri,2017-05-01,14.7874825,75.3996731,5,Summer,28.0,0.0,0.1321517983,9.0,309.24333340000004,35.666666666666664,0.0,1.0
Karnataka,Haveri,2017-06-01,14.7874825,75.3996731,6,Monsoon,31.0,0.0,0.5294294941,9.0,305.5466666,24.333333333333332,0.0,0.1071428571428572
Karnataka,Haveri,2017-08-01,14.7874825,75.3996731,8,Monsoon,45.0,0.0,0.74444179605,14.5,300.7875,24.833333333333332,0.0,0.33294930875576045
Karnataka,Haveri,2018-02-01,14.7874825,75.3996731,2,Winter,26.0,0.0,3.28e-05,13.0,304.404,23.666666666666668,0.0,-0.16129032258064513
Karnataka,Haveri,2018-05-01,14.7874825,75.3996731,5,Summer,17.0,0.0,0.2815893183,10.0,300.705,24.666666666666668,0.0,-0.34615384615384615
Karnataka,Haveri,2018-06-01,14.7874825,75.3996731,6,Monsoon,13.0,0.0,0.3708185645,14.0,302.54,18.666666666666668,0.0,-0.23529411764705888
Karnataka,Haveri,2018-07-01,14.7874825,75.3996731,7,Monsoon,65.0,0.0,0.793741432,6.0,303.445,26.333333333333336,0.0,1.0730769230769233
Karnataka,Haveri,2018-09-01,14.7874825,75.3996731,9,Monsoon,18.0,0.0,0.007379255122,26.0,300.68,27.666666666666668,0.0,0.19999999999999996
Karnataka,Haveri,2018-12-01,14.7874825,75.3996731,12,Winter,25.0,0.0,0.004688353514,13.0,300.98,19.333333333333332,0.0,0.38888888888888884
Karnataka,Haveri,2019-01-01,14.7874825,75.3996731,1,Winter,13.0,0.0,0.0002796250378,12.0,300.84000000000003,18.666666666666668,0.0,-0.48
Karnataka,Haveri,2019-03-01,14.7874825,75.3996731,3,Summer,65.0,0.0,0.04261680977,19.0,307.188,34.333333333333336,0.0,4.0
Karnataka,Haveri,2019-06-01,14.7874825,75.3996731,6,Monsoon,33.0,0.0,0.4827226115,9.0,298.48,37.0,0.0,-0.49230769230769234
Karnataka,Haveri,2019-07-01,14.7874825,75.3996731,7,Monsoon,117.0,0.0,1.0233543921,6.0,301.4275,51.83333333333333,0.0,0.38311688311688313
Karnataka,Haveri,2022-03-01,14.7874825,75.3996731,3,Summer,61.0,0.0,0.0011761856440000002,20.0,307.04200000000003,42.833333333333336,0.0,-0.048518518518518516
Karnataka,Kalaburagi,2015-04-01,17.166667,77.083333,4,Summer,82.0,0.0,0.01748067822,9.0,317.4633334,82.0,0.0,0.0
Karnataka,Kalaburagi,2016-10-01,17.166667,77.083333,10,Post-Monsoon,17.0,0.0,6.02e-05,13.0,307.152,49.5,0.0,-0.7926829268292683
Karnataka,Kalaburagi,2017-06-01,17.166667,77.083333,6,Monsoon,124.0,0.0,1.222161589975,5.5,304.75374999999997,32.5,0.0,0.2479892986943061
Karnataka,Kalaburagi,2017-07-01,17.166667,77.083333,7,Monsoon,24.0,0.0,1.271991719,9.0,302.2,29.0,0.0,-0.3142857142857143
Karnataka,Kalaburagi,2017-10-01,17.166667,77.083333,10,Post-Monsoon,83.0,0.0,0.44071367299,14.0,303.5145,21.916666666666664,0.0,0.04546920442818281
Karnataka,Kalaburagi,2018-01-01,17.166667,77.083333,1,Winter,55.0,0.0,4.34e-05,6.5,306.588,33.0,0.0,1.2000000000000002
Karnataka,Kalaburagi,2018-04-01,17.166667,77.083333,4,Summer,22.0,0.0,0.001087584582,3.0,322.6533334,34.0,0.0,-0.6
Karnataka,Kalaburagi,2018-05-01,17.166667,77.083333,5,Summer,39.0,0.0,0.07397282498,9.0,317.03000000000003,38.666666666666664,0.0,0.7727272727272727
Karnataka,Kalaburagi,2018-06-01,17.166667,77.083333,6,Monsoon,50.0,0.0,0.9179569282,3.0,314.90000000000003,37.0,0.0,0.28205128205128216
Karnataka,Kalaburagi,2018-09-01,17.166667,77.083333,9,Monsoon,28.0,0.0,0.1273356553,16.0,306.0466666,39.0,0.0,-0.43999999999999995
Karnataka,Kalaburagi,2018-11-01,17.166667,77.083333,11,Post-Monsoon,33.0,0.0,5.29e-05,9.0,312.312,37.0,0.0,0.1785714285714286
Karnataka,Kalaburagi,2018-12-01,17.166667,77.083333,12,Winter,37.0,0.0,0.007915876432,6.0,306.94,32.666666666666664,0.0,0.1212121212121211
Karnataka,Kalaburagi,2019-06-01,17.166667,77.083333,6,Monsoon,61.0,0.0,0.11036722762000001,2.5,315.68,31.5,0.0,0.2361647361647361
Karnataka,Kalaburagi,2019-09-01,17.166667,77.083333,9,Monsoon,48.0,0.0,0.93595979695,8.5,303.445,29.0,0.0,-0.22749999999999998
Karnataka,Kalaburagi,2019-10-01,17.166667,77.083333,10,Post-Monsoon,87.0,0.0,0.40478433235,9.0,302.555,36.33333333333333,0.0,0.5293478260869565
Karnataka,Kalaburagi,2019-11-01,17.166667,77.083333,11,Post-Monsoon,33.0,0.0,0.007256945323150001,16.0,304.3016667,28.0,0.0,-0.3253968253968254
Karnataka,Kalaburagi,2020-02-01,17.166667,77.083333,2,Winter,35.0,0.0,0.00297749847,9.0,312.9066666,22.666666666666668,0.0,1.9166666666666665
Karnataka,Kalaburagi,2021-10-01,17.166667,77.083333,10,Post-Monsoon,20.0,0.0,0.479176252,15.0,302.46,19.5,0.0,-0.6190476190476191
Karnataka,Kalaburagi,2021-12-01,17.166667,77.083333,12,Winter,14.0,0.0,0.006512980139,9.0,303.34000000000003,11.333333333333334,0.0,1.7999999999999998
Karnataka,Kalaburagi,2022-05-01,17.166667,77.083333,5,Summer,144.0,0.0,0.006687553635,3.0,318.132,54.333333333333336,0.0,5.0
Karnataka,Kalaburagi,2022-06-01,17.166667,77.083333,6,Monsoon,16.0,0.0,0.009536169368,9.0,315.56,58.0,0.0,-0.8888888888888888
Karnataka,Kalaburgi,2018-01-01,17.31506295,76.83148612,1,Winter,85.0,0.0,9.23e-05,5.0,305.13,85.0,0.0,0.0
Karnataka,Kalaburgi,2019-09-01,17.31506295,76.83148612,9,Monsoon,12.0,0.0,0.1665694378,11.0,305.1533334,48.5,0.0,-0.8588235294117648
Karnataka,Kalaburgi,2019-10-01,17.31506295,76.83148612,10,Post-Monsoon,93.0,0.0,0.4642879491,9.0,301.42,39.16666666666667,0.0,1.2840909090909092
Karnataka,Kalaburgi (Gulbarga),2016-07-01,17.31506295,76.83148612,7,Monsoon,18.0,0.0,0.6289542189,3.0,303.445,18.0,0.0,0.0
Karnataka,Kalburgi,2015-04-01,17.166667,77.083333,4,Summer,22.0,1.0,0.001001715921,9.0,320.9633334,22.0,1.0,0.0
Karnataka,Kalburgi,2015-05-01,17.166667,77.083333,5,Summer,70.0,0.0,0.0073834882409,6.5,318.30666670000005,34.083333333333336,0.41666666666666663,0.3649228130360206
Karnataka,Kalburgi,2015-06-01,17.166667,77.083333,6,Monsoon,156.0,0.0,0.687426363,2.0,318.38,75.33333333333333,0.0,5.0
Karnataka,Kalburgi,2015-07-01,17.166667,77.083333,7,Monsoon,23.0,0.0,0.02482665559,3.0,312.79,65.33333333333333,0.0,-0.8525641025641025
Karnataka,Kalburgi,2021-08-01,17.166667,77.083333,8,Monsoon,46.0,0.0,0.5430774122,7.0,303.445,75.0,0.0,1.0
Karnataka,Kodagu,2009-09-01,12.38217745,75.66531992,9,Monsoon,9.0,2.0,0.8888429839,24.0,298.66,9.0,2.0,0.0
Karnataka,Kodagu,2010-08-01,12.38217745,75.66531992,8,Monsoon,22.0,0.0,2.301587439,7.0,296.40000000000003,15.5,1.0,1.4444444444444446
Karnataka,Kodagu,2010-12-01,12.38217745,75.66531992,12,Winter,5.0,2.0,0.03366392864,9.0,297.245,12.0,1.3333333333333333,-0.7727272727272727
Karnataka,Kodagu,2011-02-01,12.38217745,75.66531992,2,Winter,204.0,1.0,5.1e-05,9.0,301.73,77.0,1.0,5.0
Karnataka,Kodagu,2011-04-01,12.38217745,75.66531992,4,Summer,16.0,0.0,0.5232196598,28.0,306.51,75.0,1.0,-0.9215686274509804
Karnataka,Kodagu,2012-07-01,12.38217745,75.66531992,7,Monsoon,12.0,0.0,1.315590081,12.0,303.44,77.33333333333333,0.3333333333333333,-0.25
Karnataka,Kolar,2010-04-01,13.1367201,78.1337246,4,Summer,12.0,0.0,0.01115520086,9.0,309.0866666,12.0,0.0,0.0
Karnataka,Kolar,2010-06-01,13.1367201,78.1337246,6,Monsoon,28.0,0.0,0.4200000067,10.0,304.34000000000003,20.0,0.0,1.3333333333333335
Karnataka,Kolar,2010-10-01,13.1367201,78.1337246,10,Post-Monsoon,50.0,3.0,0.2063165732,9.0,303.39,30.0,1.0,0.7857142857142858
Karnataka,Kolar,2010-11-01,13.1367201,78.1337246,11,Post-Monsoon,13.0,0.0,0.5835292488,8.0,297.55333340000004,30.333333333333332,1.0,-0.74
Karnataka,Kolar,2011-03-01,13.1367201,78.1337246,3,Summer,21.0,1.0,0.005400195014,9.0,309.376,28.0,1.3333333333333333,0.6153846153846154
Karnataka,Kolar,2011-05-01,13.1367201,78.1337246,5,Summer,12.0,0.0,0.04706139085,10.0,305.9633334,15.333333333333334,0.3333333333333333,-0.4285714285714286
Karnataka,Kolar,2012-05-01,13.1367201,78.1337246,5,Summer,20.0,0.0,0.02268053704,9.0,306.616,17.666666666666668,0.3333333333333333,0.6666666666666667
Karnataka,Kolar,2012-11-01,13.1367201,78.1337246,11,Post-Monsoon,144.0,0.0,0.0002290093862,11.0,303.464,41.5,0.0,1.1834905660377357
Karnataka,Kolar,2013-04-01,13.1367201,78.1337246,4,Summer,23.0,0.0,0.006552201117,9.0,310.9533334,55.666666666666664,0.0,-0.7472527472527473
Karnataka,Kolar,2013-05-01,13.1367201,78.1337246,5,Summer,65.0,0.0,0.1962685734025,6.5,310.40875,24.166666666666668,0.0,-0.08129528985507248
Karnataka,Kolar,2013-06-01,13.1367201,78.1337246,6,Monsoon,42.0,0.0,0.1006295903,7.0,306.16,23.333333333333332,0.0,2.0
Karnataka,Kolar,2013-08-01,13.1367201,78.1337246,8,Monsoon,44.0,0.0,0.1059743327,6.0,307.01,33.333333333333336,0.0,0.04761904761904767
Karnataka,Kolar,2013-09-01,13.1367201,78.1337246,9,Monsoon,49.0,0.0,0.4844817499233333,10.666666666666666,304.23133333333334,26.333333333333332,0.0,-0.3116883116883117
Karnataka,Kolar,2013-10-01,13.1367201,78.1337246,10,Post-Monsoon,23.0,0.0,0.4646247216,12.0,302.02,16.666666666666668,0.0,0.7692307692307692
Karnataka,Kolar,2014-05-01,13.1367201,78.1337246,5,Summer,15.0,0.0,0.247025253,7.0,309.26,17.0,0.0,-0.34782608695652173
Karnataka,Kolar,2014-08-01,13.1367201,78.1337246,8,Monsoon,48.0,1.0,0.4409721508,9.0,309.82,28.666666666666668,0.3333333333333333,2.2
Karnataka,Kolar,2014-09-01,13.1367201,78.1337246,9,Monsoon,58.0,1.0,0.24840787595,6.0,305.60249999999996,31.833333333333336,0.6666666666666666,0.04734848484848486
Karnataka,Kolar,2014-10-01,13.1367201,78.1337246,10,Post-Monsoon,20.0,0.0,0.6437505132,10.0,303.575,26.0,0.3333333333333333,-0.4444444444444444
Karnataka,Kolar,2014-12-01,13.1367201,78.1337246,12,Winter,23.0,0.0,0.09701726259,9.0,302.2066666,26.333333333333332,0.0,0.1499999999999999
Karnataka,Kolar,2015-05-01,13.1367201,78.1337246,5,Summer,66.0,0.0,0.533721342,9.0,304.5866666,36.333333333333336,0.0,1.8695652173913042
Karnataka,Kolar,2015-06-01,13.1367201,78.1337246,6,Monsoon,80.0,0.0,0.3998907465,11.0,307.71,43.666666666666664,0.0,0.1860269360269361
Karnataka,Kolar,2015-07-01,13.1367201,78.1337246,7,Monsoon,49.0,0.0,0.05295033987,7.0,307.62,43.0,0.0,-0.07547169811320753
Karnataka,Kolar,2015-08-01,13.1367201,78.1337246,8,Monsoon,43.0,0.0,0.3524937651,8.0,307.15000000000003,35.5,0.0,-0.17454350161117083
Karnataka,Kolar,2015-10-01,13.1367201,78.1337246,10,Post-Monsoon,38.0,0.0,0.0003733410855,12.0,306.632,27.0,0.0,0.5833333333333333
Karnataka,Kolar,2016-06-01,13.1367201,78.1337246,6,Monsoon,5.0,0.0,0.7027168798,7.0,306.68,22.333333333333332,0.0,-0.868421052631579
Karnataka,Kolar,2016-08-01,13.1367201,78.1337246,8,Monsoon,28.0,0.0,0.4500734702,9.0,299.82,23.666666666666668,0.0,4.6
Karnataka,Kolar,2016-09-01,13.1367201,78.1337246,9,Monsoon,23.0,0.0,0.09665757873,9.0,306.66,18.666666666666668,0.0,-0.1785714285714286
Karnataka,Kolar,2017-02-01,13.1367201,78.1337246,2,Winter,48.0,0.0,0.0001148005372,9.0,308.384,33.0,0.0,1.0869565217391304
Karnataka,Kolar,2017-06-01,13.1367201,78.1337246,6,Monsoon,70.0,0.0,0.1600123614,9.0,305.7066666,47.0,0.0,0.45833333333333326
Karnataka,Kolar,2019-06-01,13.1367201,78.1337246,6,Monsoon,23.0,0.0,0.6459420959,10.0,306.7266666,47.0,0.0,-0.6714285714285715
Karnataka,Kolar,2021-02-01,13.1367201,78.1337246,2,Winter,43.0,0.0,0.1233345256,8.0,303.528,45.333333333333336,0.0,0.8695652173913044
Karnataka,Kolar,2022-06-01,13.1367201,78.1337246,6,Monsoon,13.0,0.0,0.1031526961,13.0,305.2066666,26.333333333333332,0.0,-0.6976744186046512
Karnataka,Koppal,2009-07-01,15.3484144,76.1547421,7,Monsoon,77.0,0.0,0.1677695141,4.0,303.445,36.75,0.0,0.09999999999999998
Karnataka,Koppal,2009-08-01,15.3484144,76.1547421,8,Monsoon,52.0,0.0,0.05754802396,4.0,306.6266666,32.833333333333336,0.0,-0.19047619047619047
Karnataka,Koppal,2009-09-01,15.3484144,76.1547421,9,Monsoon,36.0,0.0,0.2901426965,8.0,297.16,29.333333333333332,0.0,0.3846153846153846
Karnataka,Koppal,2010-04-01,15.3484144,76.1547421,4,Summer,33.0,0.0,0.014065336368,5.5,315.2263333,25.666666666666664,0.0,-0.4631642512077295
Karnataka,Koppal,2010-07-01,15.3484144,76.1547421,7,Monsoon,11.0,0.0,0.6510764482,3.0,303.445,14.666666666666666,0.0,0.10000000000000009
Karnataka,Koppal,2010-09-01,15.3484144,76.1547421,9,Monsoon,10.0,0.0,0.106953595,6.0,301.43,10.333333333333334,0.0,-0.09090909090909094
Karnataka,Koppal,2011-02-01,15.3484144,76.1547421,2,Winter,112.0,0.0,2.84e-05,5.0,307.22,30.5,0.0,1.9
Karnataka,Koppal,2011-04-01,15.3484144,76.1547421,4,Summer,14.0,0.0,0.02226015918,7.0,314.05,42.0,0.0,-0.8055555555555556
Karnataka,Koppal,2011-07-01,15.3484144,76.1547421,7,Monsoon,61.0,0.0,0.256857266,4.0,302.38,31.5,0.0,0.5892857142857143
Karnataka,Koppal,2012-04-01,15.3484144,76.1547421,4,Summer,104.0,0.0,0.06150317098,4.0,312.99,55.0,0.0,2.1515151515151514
Karnataka,Koppal,2012-09-01,15.3484144,76.1547421,9,Monsoon,16.0,0.0,0.0651922313,8.0,301.868,51.0,0.0,-0.8461538461538461
Karnataka,Koppal,2013-06-01,15.3484144,76.1547421,6,Monsoon,32.0,0.0,0.1384388139,3.0,305.885,50.666666666666664,0.0,1.0
Karnataka,Koppal,2013-08-01,15.3484144,76.1547421,8,Monsoon,169.0,0.0,0.20408290607500001,4.5,303.415,33.833333333333336,0.0,0.3643873207885305
Karnataka,Koppal,2013-09-01,15.3484144,76.1547421,9,Monsoon,38.0,0.0,0.56194448875,12.0,303.9791667,39.666666666666664,0.0,-0.3733333333333333
Karnataka,Koppal,2014-07-01,15.3484144,76.1547421,7,Monsoon,24.0,0.0,0.7893956956,3.0,302.16,20.666666666666668,0.0,0.26315789473684204
Karnataka,Koppal,2014-09-01,15.3484144,76.1547421,9,Monsoon,18.0,0.0,0.2291705405,9.0,304.36,20.333333333333332,0.0,-0.25
Karnataka,Koppal,2015-07-01,15.3484144,76.1547421,7,Monsoon,24.0,1.0,0.05781604817,4.0,307.315,22.0,0.3333333333333333,0.33333333333333326
Karnataka,Koppal,2016-06-01,15.3484144,76.1547421,6,Monsoon,41.0,0.0,0.19405524998,3.3333333333333335,312.1566666666667,16.22222222222222,0.2222222222222222,-0.0771687462863934
Karnataka,Koppal,2016-07-01,15.3484144,76.1547421,7,Monsoon,56.0,0.0,0.1997034943,3.0,303.445,28.666666666666668,0.0,3.3076923076923075
Karnataka,Koppal,2016-09-01,15.3484144,76.1547421,9,Monsoon,21.0,0.0,0.8230239189,4.0,303.445,30.0,0.0,-0.625
Karnataka,Koppal,2019-05-01,15.3484144,76.1547421,5,Summer,49.0,0.0,0.004287511142,3.0,316.74,42.0,0.0,1.3333333333333335
Karnataka,Mandya,2009-11-01,12.5238888,76.8961961,11,Post-Monsoon,51.0,1.0,1.31990027,7.0,297.62,51.0,1.0,0.0
Karnataka,Mandya,2010-05-01,12.5238888,76.8961961,5,Summer,24.0,0.0,0.1862156877,11.0,305.05333340000004,37.5,0.5,-0.5294117647058824
Karnataka,Mandya,2010-11-01,12.5238888,76.8961961,11,Post-Monsoon,35.0,1.0,0.6768394778,14.0,297.99333340000004,36.666666666666664,0.6666666666666666,0.45833333333333326
Karnataka,Mandya,2011-05-01,12.5238888,76.8961961,5,Summer,42.0,0.0,0.1299463155,9.0,304.67,33.666666666666664,0.3333333333333333,0.19999999999999996
Karnataka,Mandya,2011-08-01,12.5238888,76.8961961,8,Monsoon,36.0,0.0,0.6991117119,5.5,303.445,29.166666666666668,0.16666666666666666,-0.3619047619047619
Karnataka,Mandya,2012-04-01,12.5238888,76.8961961,4,Summer,60.0,0.0,0.2237502824066667,8.333333333333334,308.4642222,17.77777777777778,0.0,0.3191526610644258
Karnataka,Mandya,2012-05-01,12.5238888,76.8961961,5,Summer,25.0,0.0,0.1829032262,11.0,304.35,22.666666666666668,0.0,-0.13793103448275867
Karnataka,Mandya,2012-06-01,12.5238888,76.8961961,6,Monsoon,53.0,0.0,0.18892378255,8.0,305.91999999999996,28.833333333333336,0.0,-0.033658536585365884
Karnataka,Mandya,2012-11-01,12.5238888,76.8961961,11,Post-Monsoon,12.0,0.0,0.05954296318,9.0,300.416,21.666666666666668,0.0,0.0
Karnataka,Mandya,2013-05-01,12.5238888,76.8961961,5,Summer,52.0,0.0,0.2012237413,9.0,309.975,25.333333333333332,0.0,3.333333333333333
Karnataka,Mandya,2013-06-01,12.5238888,76.8961961,6,Monsoon,118.0,0.0,0.53323923225,7.0,303.19,52.33333333333333,0.0,0.006730769230769262
Karnataka,Mandya,2013-07-01,12.5238888,76.8961961,7,Monsoon,15.0,0.0,0.2619368899,9.0,297.86,44.333333333333336,0.0,-0.6052631578947368
Karnataka,Mandya,2013-10-01,12.5238888,76.8961961,10,Post-Monsoon,226.0,0.0,0.3210568671,10.0,301.15500000000003,93.0,0.0,5.0
Karnataka,Mandya,2013-11-01,12.5238888,76.8961961,11,Post-Monsoon,39.0,0.0,0.1767140603,15.0,300.396,93.33333333333333,0.0,-0.8274336283185841
Karnataka,Mandya,2014-04-01,12.5238888,76.8961961,4,Summer,28.0,0.0,0.0001786908948,9.0,311.9466666,97.66666666666667,0.0,-0.28205128205128205
Karnataka,Mandya,2016-01-01,12.5238888,76.8961961,1,Winter,19.0,0.0,0.02558807215,8.0,302.66,28.666666666666668,0.0,-0.3214285714285714
Karnataka,Mandya,2016-06-01,12.5238888,76.8961961,6,Monsoon,81.0,0.0,0.53302070505,5.5,304.71000000000004,29.666666666666668,0.0,0.6222410865874363
Karnataka,Mandya,2016-08-01,12.5238888,76.8961961,8,Monsoon,56.0,0.0,0.1056179559,7.0,304.76,35.833333333333336,0.0,-0.21999999999999997
Karnataka,Mandya,2017-01-01,12.5238888,76.8961961,1,Winter,85.0,0.0,5.365e-05,7.5,305.1783333,31.5,0.0,0.9821428571428572
Karnataka,Mandya,2017-04-01,12.5238888,76.8961961,4,Summer,15.0,0.0,0.1119295581,8.0,306.04400000000004,33.333333333333336,0.0,-0.7692307692307692
Karnataka,Mandya,2017-05-01,12.5238888,76.8961961,5,Summer,60.0,0.0,0.07972766786,9.0,311.21,46.666666666666664,0.0,3.0
Karnataka,Mandya,2017-06-01,12.5238888,76.8961961,6,Monsoon,28.0,0.0,0.4289524388,6.0,300.18,34.333333333333336,0.0,-0.5333333333333333
Karnataka,Mandya,2017-09-01,12.5238888,76.8961961,9,Monsoon,111.0,0.0,0.5440129053,11.0,302.18,66.33333333333333,0.0,2.9642857142857144
Karnataka,Mandya,2017-10-01,12.5238888,76.8961961,10,Post-Monsoon,11.0,0.0,0.2048545801,9.0,296.536,50.0,0.0,-0.9009009009009009
Karnataka,Mandya,2019-07-01,12.5238888,76.8961961,7,Monsoon,19.0,0.0,0.5058077133,4.0,307.32,47.0,0.0,0.7272727272727273
Karnataka,Mandya,2021-02-01,12.5238888,76.8961961,2,Winter,26.0,0.0,0.0001563311037,8.0,303.812,18.666666666666668,0.0,0.368421052631579
Karnataka,Mandya,2022-06-01,12.5238888,76.8961961,6,Monsoon,14.0,0.0,0.0585492164,9.0,303.26,19.666666666666668,0.0,-0.46153846153846156
Karnataka,Mangalore,2011-03-01,12.8698101,74.8430082,3,Summer,28.0,1.0,0.007782872932,22.0,306.356,28.0,1.0,0.0
Karnataka,Mysore,2010-04-01,12.3051828,76.6553609,4,Summer,5.0,0.0,0.3193126372,9.0,308.40500000000003,5.0,0.0,0.0
Karnataka,Mysore,2010-06-01,12.3051828,76.6553609,6,Monsoon,17.0,0.0,0.5189039267,11.0,303.3766666,11.0,0.0,2.4
Karnataka,Mysore,2011-04-01,12.3051828,76.6553609,4,Summer,75.0,0.0,0.23924804109925,8.25,309.50125,16.333333333333336,0.0,0.11797699849170437
Karnataka,Mysore,2011-06-01,12.3051828,76.6553609,6,Monsoon,50.0,0.0,0.7136435808499999,9.0,301.225,25.166666666666668,0.0,0.04329004329004327
Karnataka,Mysore,2012-03-01,12.3051828,76.6553609,3,Summer,12.0,0.0,0.0001503895409,9.0,308.184,20.666666666666668,0.0,-0.2941176470588235
Karnataka,Mysore,2012-04-01,12.3051828,76.6553609,4,Summer,181.0,0.0,0.006427930948,7.0,312.02,70.0,0.0,5.0
Karnataka,Mysore,2012-05-01,12.3051828,76.6553609,5,Summer,80.0,0.0,0.07198429007,8.5,306.0126667,81.66666666666666,0.0,-0.2894413750767342
Karnataka,Mysore,2013-04-01,12.3051828,76.6553609,4,Summer,129.0,0.0,0.0279683846,6.0,313.4266666,69.66666666666667,0.0,1.9318181818181817
Karnataka,Mysore,2013-05-01,12.3051828,76.6553609,5,Summer,138.0,0.0,0.20238776671999997,6.4,306.46973332000005,43.86666666666667,0.0,-0.08418476254674434
Karnataka,Mysore,2013-06-01,12.3051828,76.6553609,6,Monsoon,44.0,0.0,0.9534816533333333,8.0,304.45666666666665,17.555555555555554,0.0,0.20856389986824767
Karnataka,Mysore,2013-08-01,12.3051828,76.6553609,8,Monsoon,30.0,0.0,0.392584956,5.5,301.8125,12.666666666666666,0.0,0.20779220779220775
Karnataka,Mysore,2014-04-01,12.3051828,76.6553609,4,Summer,33.0,0.0,0.04065912015,7.0,314.085,21.0,0.0,1.0625
Karnataka,Mysore,2014-05-01,12.3051828,76.6553609,5,Summer,32.0,0.0,0.04793818271,10.0,307.315,27.0,0.0,-0.030303030303030276
Karnataka,Mysore,2014-06-01,12.3051828,76.6553609,6,Monsoon,15.0,0.0,0.1786120892,7.0,303.445,26.666666666666668,0.0,-0.53125
Karnataka,Mysore,2014-07-01,12.3051828,76.6553609,7,Monsoon,66.0,0.0,1.221592079,9.0,303.445,37.666666666666664,0.0,3.4000000000000004
Karnataka,Mysore,2016-02-01,12.3051828,76.6553609,2,Winter,33.0,0.0,5.89e-05,10.0,306.79200000000003,38.0,0.0,-0.5
Karnataka,Mysuru,2015-11-01,12.3051828,76.6553609,11,Post-Monsoon,130.0,0.0,0.6656072342,12.5,300.65250000000003,65.0,0.0,0.0
Karnataka,Mysuru,2016-01-01,12.3051828,76.6553609,1,Winter,40.0,0.0,3.35e-05,13.0,302.54400000000004,56.666666666666664,0.0,-0.3846153846153846
Karnataka,Mysuru,2016-03-01,12.3051828,76.6553609,3,Summer,80.0,0.0,8.34e-05,9.0,312.47,44.16666666666667,0.0,0.0
Karnataka,Mysuru,2016-04-01,12.3051828,76.6553609,4,Summer,52.0,0.0,0.006936743657,7.0,315.4556667,33.666666666666664,0.0,-0.25833333333333336
Karnataka,Mysuru,2017-04-01,12.3051828,76.6553609,4,Summer,40.0,0.0,0.1757524902,8.0,307.705,30.666666666666668,0.0,0.8181818181818181
Karnataka,Mysuru,2019-03-01,12.3051828,76.6553609,3,Summer,61.0,0.0,0.004683109691,7.0,313.856,41.0,0.0,0.5249999999999999
Karnataka,Mysuru,2019-11-01,12.3051828,76.6553609,11,Post-Monsoon,68.0,0.0,0.3720231507,27.0,300.5866666,48.0,0.0,-0.4383832673827021
Karnataka,Mysuru,2020-01-01,12.3051828,76.6553609,1,Winter,37.0,0.0,0.0003671647281,15.0,303.016,35.0,0.0,2.7
Karnataka,Mysuru,2021-09-01,12.3051828,76.6553609,9,Monsoon,13.0,0.0,0.07497948777,10.0,304.67,20.0,0.0,-0.6486486486486487
Karnataka,Mysuru,2022-05-01,12.3051828,76.6553609,5,Summer,41.0,0.0,0.1448342286,12.0,301.868,30.333333333333332,0.0,2.1538461538461537
Karnataka,Raichur,2010-02-01,16.083333,77.166667,2,Winter,46.0,0.0,5.4e-05,9.0,307.896,46.0,0.0,0.0
Karnataka,Raichur,2011-04-01,16.083333,77.166667,4,Summer,24.0,0.0,0.08251434248,6.0,316.796,35.0,0.0,-0.4782608695652174
Karnataka,Raichur,2011-07-01,16.083333,77.166667,7,Monsoon,35.0,0.0,0.47453906185,3.0,307.1825,24.5,0.0,-0.1527777777777778
Karnataka,Raichur,2012-03-01,16.083333,77.166667,3,Summer,19.0,1.0,0.0002889213578,9.0,317.112,18.0,0.3333333333333333,0.11764705882352944
Karnataka,Raichur,2012-04-01,16.083333,77.166667,4,Summer,31.0,0.0,0.02457086849,4.0,314.42,22.333333333333332,0.3333333333333333,0.631578947368421
Karnataka,Raichur,2013-03-01,16.083333,77.166667,3,Summer,84.0,0.0,3.05e-05,6.0,314.736,32.5,0.16666666666666666,0.3838709677419355
Karnataka,Raichur,2013-04-01,16.083333,77.166667,4,Summer,95.0,0.0,3.08e-05,4.0,320.72,59.666666666666664,0.0,0.7592592592592593
Karnataka,Raichur,2013-08-01,16.083333,77.166667,8,Monsoon,101.0,0.0,0.5985343698750001,7.5,302.40875,40.5,0.0,-0.26914160401002507
Karnataka,Raichur,2013-10-01,16.083333,77.166667,10,Post-Monsoon,31.0,0.0,0.056832103854999996,18.0,305.36166660000004,18.0,0.0,-0.13124999999999998
Karnataka,Raichur,2014-03-01,16.083333,77.166667,3,Summer,82.0,0.0,0.012190466932333333,8.333333333333334,309.684,24.666666666666668,0.0,0.24583333333333332
Karnataka,Raichur,2014-06-01,16.083333,77.166667,6,Monsoon,506.0,0.0,0.0756798985,9.0,311.936,185.33333333333334,0.0,5.0
Karnataka,Raichur,2014-08-01,16.083333,77.166667,8,Monsoon,104.0,1.0,0.0882070196,6.0,312.04,210.0,0.3333333333333333,-0.7944664031620553
Karnataka,Raichur,2014-10-01,16.083333,77.166667,10,Post-Monsoon,64.0,0.0,0.2300996231295,16.5,304.844,133.33333333333331,0.3333333333333333,0.06031468531468537
Karnataka,Raichur,2014-11-01,16.083333,77.166667,11,Post-Monsoon,72.0,0.0,0.0100554877,12.0,302.04,45.333333333333336,0.0,0.7142857142857142
Karnataka,Raichur,2015-04-01,16.083333,77.166667,4,Summer,15.0,0.0,0.3718947415,5.0,307.86,43.0,0.0,-0.7916666666666666
Karnataka,Raichur,2015-05-01,16.083333,77.166667,5,Summer,9.0,0.0,0.03347972318,4.0,317.86,32.0,0.0,-0.4
Karnataka,Raichur,2015-07-01,16.083333,77.166667,7,Monsoon,85.0,0.0,0.026721983535,3.0,309.3483333,29.5,0.0,2.2203389830508473
Karnataka,Raichur,2016-06-01,16.083333,77.166667,6,Monsoon,19.0,0.0,0.6693297443,9.0,296.22,34.666666666666664,0.0,-0.2692307692307693
Karnataka,Raichur,2016-08-01,16.083333,77.166667,8,Monsoon,36.0,0.0,0.03971997321,7.0,306.53000000000003,27.0,0.0,0.894736842105263
Karnataka,Raichur,2017-04-01,16.083333,77.166667,4,Summer,14.0,0.0,7.11e-05,5.0,319.64,23.0,0.0,-0.6111111111111112
Karnataka,Raichur,2017-06-01,16.083333,77.166667,6,Monsoon,4.0,0.0,0.03419328942,9.0,314.46,18.0,0.0,-0.7142857142857143
Karnataka,Raichur,2017-09-01,16.083333,77.166667,9,Monsoon,11.0,0.0,0.34379597,9.0,303.42,9.666666666666666,0.0,1.75
Karnataka,Raichur,2018-11-01,16.083333,77.166667,11,Post-Monsoon,12.0,0.0,5.29e-05,9.0,311.576,9.0,0.0,0.09090909090909083
Karnataka,Raichur,2019-04-01,16.083333,77.166667,4,Summer,7.0,0.0,0.001452589777,3.0,322.428,10.0,0.0,-0.41666666666666663
Karnataka,Raichur,2019-07-01,16.083333,77.166667,7,Monsoon,4.0,0.0,0.2706563897,3.0,310.54,7.666666666666667,0.0,-0.4285714285714286
Karnataka,Raichur,2019-11-01,16.083333,77.166667,11,Post-Monsoon,15.0,0.0,0.1166670188,9.0,305.168,8.666666666666666,0.0,2.75
Karnataka,Raichur,2019-12-01,16.083333,77.166667,12,Winter,7.0,0.0,0.1333712912,9.0,304.072,8.666666666666666,0.0,-0.5333333333333333
Karnataka,Raichur,2020-02-01,16.083333,77.166667,2,Winter,6.0,0.0,5.82e-05,7.0,310.66400000000004,9.333333333333334,0.0,-0.1428571428571429
Karnataka,Raichur,2020-03-01,16.083333,77.166667,3,Summer,15.0,0.0,0.001050071649,7.0,312.60400000000004,9.333333333333334,0.0,1.5
Karnataka,Raichur,2020-04-01,16.083333,77.166667,4,Summer,42.0,0.0,0.05949866626,6.0,316.736,21.0,0.0,1.7999999999999998
Karnataka,Raichur,2020-12-01,16.083333,77.166667,12,Winter,29.0,0.0,0.0004314396273,10.0,304.98400000000004,28.666666666666668,0.0,-0.30952380952380953
Karnataka,Raichur,2021-01-01,16.083333,77.166667,1,Winter,24.0,0.0,1.5484999999999998e-05,8.5,305.79766670000004,22.833333333333336,0.0,-0.35278514588859416
Karnataka,Raichur,2021-02-01,16.083333,77.166667,2,Winter,18.0,0.0,7.82e-05,7.0,306.61333340000004,14.0,0.0,0.6363636363636365
Karnataka,Raichur,2022-05-01,16.083333,77.166667,5,Summer,321.0,3.0,0.0016348589,4.0,310.876,116.66666666666667,1.0,5.0
Karnataka,Ramanagar,2014-06-01,16.811241,75.7114214,6,Monsoon,19.0,0.0,0.09214621759,9.0,311.64,19.0,0.0,0.0
Karnataka,Ramanagara,2011-07-01,12.7252766,77.2804797,7,Monsoon,32.0,0.0,0.2616385256,6.0,304.94,16.0,0.0,0.0
Karnataka,Ramanagara,2011-08-01,12.7252766,77.2804797,8,Monsoon,19.0,0.0,1.051534091,4.0,303.445,17.0,0.0,0.1875
Karnataka,Ramanagara,2012-05-01,12.7252766,77.2804797,5,Summer,41.0,0.0,0.4853331735,9.0,304.33,25.333333333333332,0.0,1.1578947368421053
Karnataka,Ramanagara,2015-03-01,12.7252766,77.2804797,3,Summer,36.0,0.0,0.01896294392,7.0,308.435,32.0,0.0,-0.12195121951219512
Karnataka,Ramanagara,2015-05-01,12.7252766,77.2804797,5,Summer,8.0,0.0,0.542609589,10.0,302.7133334,28.333333333333332,0.0,-0.7777777777777778
Karnataka,Ramanagara,2015-09-01,12.7252766,77.2804797,9,Monsoon,18.0,0.0,0.02718189489,15.0,302.085,20.666666666666668,0.0,1.25
Karnataka,Ramanagara,2016-02-01,12.7252766,77.2804797,2,Winter,27.0,0.0,6.89e-05,9.0,305.896,17.666666666666668,0.0,0.5
Karnataka,Ramanagara,2016-07-01,12.7252766,77.2804797,7,Monsoon,84.0,0.0,0.08884931667,6.0,297.1,43.0,0.0,2.111111111111111
Karnataka,Ramanagara,2016-08-01,12.7252766,77.2804797,8,Monsoon,84.0,0.0,0.1180023052,7.5,298.8866667,53.66666666666667,0.0,-0.2673034330011074
Karnataka,Ramanagara,2017-03-01,12.7252766,77.2804797,3,Summer,23.0,0.0,0.04138586992,6.0,307.856,35.666666666666664,0.0,-0.4390243902439024
Karnataka,Ramanagara,2017-07-01,12.7252766,77.2804797,7,Monsoon,53.0,0.0,0.31953367115,9.0,304.2033333,26.5,0.0,0.30778032036613273
Karnataka,Ramanagara,2018-01-01,12.7252766,77.2804797,1,Winter,33.0,0.0,0.0003598093465,9.0,304.788,28.666666666666668,0.0,-0.02941176470588236
Karnataka,Ramanagara,2018-06-01,12.7252766,77.2804797,6,Monsoon,52.0,0.0,0.5952799922,9.0,300.47,39.666666666666664,0.0,0.5757575757575757
Karnataka,Ramanagara,2019-08-01,12.7252766,77.2804797,8,Monsoon,87.0,0.0,0.2647096714,8.0,303.445,57.333333333333336,0.0,0.6730769230769231
Karnataka,Ramanagara,2020-03-01,12.7252766,77.2804797,3,Summer,62.0,0.0,0.0001834974605,7.0,311.1433334,67.0,0.0,-0.28735632183908044
Karnataka,Shimoga,2011-01-01,13.9326093,75.574978,1,Winter,28.0,0.0,0.0003410643847,8.0,301.44,28.0,0.0,0.0
Karnataka,Shimoga,2013-05-01,13.9326093,75.574978,5,Summer,95.0,0.0,0.10121914556,9.5,307.264,25.416666666666664,0.0,-0.026374530075187974
Karnataka,Shimoga,2013-06-01,13.9326093,75.574978,6,Monsoon,42.0,0.0,0.4859653322,9.0,303.445,28.666666666666668,0.0,0.9090909090909092
Karnataka,Shimoga,2013-07-01,13.9326093,75.574978,7,Monsoon,16.0,0.0,1.218428846,2.0,303.445,26.666666666666668,0.0,-0.6190476190476191
Karnataka,Shimoga,2014-05-01,13.9326093,75.574978,5,Summer,31.0,0.0,0.0008555537395,14.0,306.7233334,29.666666666666668,0.0,0.9375
Karnataka,Shimoga,2015-04-01,13.9326093,75.574978,4,Summer,56.0,0.0,0.033684816325,12.0,308.95000000000005,25.333333333333336,0.0,0.3458781362007169
Karnataka,Shimoga,2015-05-01,13.9326093,75.574978,5,Summer,45.0,0.0,0.3822371089,13.0,301.395,33.666666666666664,0.0,0.18421052631578938
Karnataka,Shimoga,2015-06-01,13.9326093,75.574978,6,Monsoon,16.0,0.0,0.7811891202,4.0,303.445,33.0,0.0,-0.6444444444444444
Karnataka,Shimoga,2015-11-01,13.9326093,75.574978,11,Post-Monsoon,93.0,0.0,0.4269258731,14.0,300.11,35.5,0.0,0.9251453488372093
Karnataka,Shimoga,2016-06-01,13.9326093,75.574978,6,Monsoon,78.0,0.0,0.56841255655,7.5,309.295,47.5,0.0,-0.250625
Karnataka,Shimoga,2016-12-01,13.9326093,75.574978,12,Winter,26.0,0.0,0.0001870727494,6.0,306.25333340000003,34.666666666666664,0.0,0.8571428571428572
Karnataka,Shimoga,2017-09-01,13.9326093,75.574978,9,Monsoon,18.0,0.0,0.8462083696,17.0,299.5666666,19.333333333333332,0.0,-0.3076923076923077
Karnataka,Shimoga,2018-02-01,13.9326093,75.574978,2,Winter,66.0,3.0,0.0167784893805,8.0,305.70000000000005,30.333333333333332,1.0,0.6111111111111112
Karnataka,Shimoga,2018-08-01,13.9326093,75.574978,8,Monsoon,19.0,0.0,0.2462196016,15.0,295.76,28.333333333333332,1.0,0.5833333333333333
Karnataka,Shimoga,2019-06-01,13.9326093,75.574978,6,Monsoon,32.0,0.0,0.142101161,11.0,307.99333340000004,21.0,0.0,0.6842105263157894
Karnataka,Shivamogga,2016-01-01,13.9326093,75.574978,1,Winter,12.0,0.0,7.73e-06,7.0,304.8,12.0,0.0,0.0
Karnataka,Shivamogga,2018-06-01,13.9326093,75.574978,6,Monsoon,11.0,0.0,0.4231431664,10.0,302.26,11.5,0.0,-0.08333333333333337
Karnataka,Shivamogga,2018-12-01,13.9326093,75.574978,12,Winter,170.0,0.0,0.0006016571436,7.0,303.684,64.33333333333333,0.0,5.0
Karnataka,Shivamogga,2022-05-01,13.9326093,75.574978,5,Summer,85.0,0.0,0.01528495932,16.0,302.1966666,88.66666666666667,0.0,-0.5
Karnataka,Shivamogga,2022-06-01,13.9326093,75.574978,6,Monsoon,45.0,0.0,0.1825781613,12.0,301.66,100.0,0.0,-0.47058823529411764
Karnataka,Tumakuru,2020-01-01,13.3400771,77.1006208,1,Winter,15.0,0.0,0.02698392215,8.0,301.34000000000003,15.0,0.0,0.0
Karnataka,Tumakuru,2022-03-01,13.3400771,77.1006208,3,Summer,27.0,0.0,6.49e-05,7.0,308.4633334,21.0,0.0,0.8
Karnataka,Tumakuru,2022-05-01,13.3400771,77.1006208,5,Summer,13.0,0.0,0.1539146664,9.0,304.56,18.333333333333332,0.0,-0.5185185185185186
Karnataka,Tumkur,2009-06-01,13.3400771,77.1006208,6,Monsoon,20.0,6.0,0.2868031124,9.0,305.7066666,10.0,3.0,0.0
Karnataka,Tumkur,2009-09-01,13.3400771,77.1006208,9,Monsoon,25.0,0.0,0.3599459233,9.0,301.3533334,15.0,2.0,1.5
Karnataka,Tumkur,2010-01-01,13.3400771,77.1006208,1,Winter,26.0,0.0,0.1174521109,6.0,302.696,20.333333333333332,1.0,0.040000000000000036
Karnataka,Tumkur,2010-04-01,13.3400771,77.1006208,4,Summer,63.0,0.0,0.1481715215,8.0,309.884,38.0,0.0,1.423076923076923
Karnataka,Tumkur,2010-06-01,13.3400771,77.1006208,6,Monsoon,6.0,1.0,0.1902162296,10.0,305.388,31.666666666666668,0.3333333333333333,-0.9047619047619048
Karnataka,Tumkur,2010-07-01,13.3400771,77.1006208,7,Monsoon,147.0,0.0,0.2839371757,7.0,301.37,45.33333333333333,0.3333333333333333,2.9699999999999998
Karnataka,Tumkur,2010-10-01,13.3400771,77.1006208,10,Post-Monsoon,50.0,0.0,0.5690810838,9.0,301.41,65.66666666666667,0.0,-0.48453608247422686
Karnataka,Tumkur,2010-11-01,13.3400771,77.1006208,11,Post-Monsoon,14.0,0.0,0.2840473305,10.0,299.885,53.666666666666664,0.0,-0.72
Karnataka,Tumkur,2011-04-01,13.3400771,77.1006208,4,Summer,25.0,0.0,0.1759958813,8.0,308.656,29.666666666666668,0.0,0.7857142857142858
Karnataka,Tumkur,2011-05-01,13.3400771,77.1006208,5,Summer,20.0,0.0,0.0328835695,8.0,309.59000000000003,19.666666666666668,0.0,-0.19999999999999996
Karnataka,Tumkur,2011-07-01,13.3400771,77.1006208,7,Monsoon,15.0,0.0,0.3013353432,9.0,305.86,20.0,0.0,-0.25
Karnataka,Tumkur,2011-11-01,13.3400771,77.1006208,11,Post-Monsoon,337.0,0.0,0.2684606019,8.0,301.12,124.0,0.0,5.0
Karnataka,Tumkur,2012-04-01,13.3400771,77.1006208,4,Summer,126.0,1.0,0.23502342333825002,6.75,310.96500000000003,79.83333333333333,0.25,0.17283790945795083
Karnataka,Tumkur,2012-05-01,13.3400771,77.1006208,5,Summer,139.0,0.0,0.0315031631746,8.2,307.57360000000006,32.8,0.0,0.6068318122555411
Karnataka,Tumkur,2012-06-01,13.3400771,77.1006208,6,Monsoon,70.0,0.0,0.1015759834,7.0,307.02,31.0,0.0,5.0
Karnataka,Tumkur,2012-07-01,13.3400771,77.1006208,7,Monsoon,30.0,0.0,0.2349863903,9.0,306.29,37.0,0.0,-0.5714285714285714
Karnataka,Tumkur,2013-01-01,13.3400771,77.1006208,1,Winter,102.0,0.0,6.0950000000000004e-05,9.0,307.20799999999997,51.33333333333333,0.0,0.43771929824561395
Karnataka,Tumkur,2013-03-01,13.3400771,77.1006208,3,Summer,27.0,0.0,3.82e-05,6.0,312.892,43.0,0.0,0.03846153846153855
Karnataka,Tumkur,2013-04-01,13.3400771,77.1006208,4,Summer,94.0,0.0,0.026704279052175,7.5,315.6295,25.166666666666668,0.0,0.2843013468013468
Karnataka,Tumkur,2013-06-01,13.3400771,77.1006208,6,Monsoon,101.0,0.0,0.48578386170000004,5.333333333333333,304.2133333333333,28.444444444444443,0.0,0.16296296296296298
Karnataka,Tumkur,2013-07-01,13.3400771,77.1006208,7,Monsoon,49.0,0.0,0.37018553255,4.0,304.3025,28.5,0.0,0.37526881720430105
Karnataka,Tumkur,2013-11-01,13.3400771,77.1006208,11,Post-Monsoon,11.0,0.0,0.001289629646,10.0,304.372,20.0,0.0,-0.6764705882352942
Karnataka,Tumkur,2014-05-01,13.3400771,77.1006208,5,Summer,48.0,0.0,0.33985295652,7.5,310.944,21.666666666666668,0.0,0.604895104895105
Karnataka,Tumkur,2014-06-01,13.3400771,77.1006208,6,Monsoon,96.0,0.0,0.176328554875,6.75,303.78500005,24.416666666666664,0.0,0.02606304985337246
Karnataka,Tumkur,2014-07-01,13.3400771,77.1006208,7,Monsoon,131.0,0.0,0.31391790852,5.4,304.67539999999997,25.46666666666667,0.0,0.1336363636363636
Karnataka,Tumkur,2014-08-01,13.3400771,77.1006208,8,Monsoon,18.0,0.0,0.1473087852,3.0,304.52,25.333333333333332,0.0,0.0
Karnataka,Tumkur,2014-09-01,13.3400771,77.1006208,9,Monsoon,51.0,0.0,0.5507075275,6.0,303.445,29.0,0.0,1.8333333333333335
Karnataka,Tumkur,2015-01-01,13.3400771,77.1006208,1,Winter,11.0,0.0,0.0006444705188,6.0,304.288,26.666666666666668,0.0,-0.7843137254901961
Karnataka,Tumkur,2015-04-01,13.3400771,77.1006208,4,Summer,121.0,0.0,0.1861886107,8.0,308.64,33.5,0.0,2.3181818181818183
Karnataka,Tumkur,2015-05-01,13.3400771,77.1006208,5,Summer,170.0,0.0,0.17483022989,9.0,307.7225,36.61111111111111,0.0,0.014405352148487113
Karnataka,Tumkur,2015-06-01,13.3400771,77.1006208,6,Monsoon,72.0,0.0,0.50774934705,8.0,302.3775,31.666666666666664,0.0,0.08214285714285713
Karnataka,Tumkur,2015-07-01,13.3400771,77.1006208,7,Monsoon,21.0,0.0,0.1264339372,8.0,304.28000000000003,31.0,0.0,-0.475
Karnataka,Tumkur,2015-08-01,13.3400771,77.1006208,8,Monsoon,18.0,0.0,0.3810709887,9.0,304.77,26.333333333333332,0.0,-0.1428571428571429
Karnataka,Tumkur,2015-09-01,13.3400771,77.1006208,9,Monsoon,54.0,0.0,0.6149725015933333,10.0,303.66833333333335,19.11111111111111,0.0,-0.001127214170692466
Karnataka,Tumkur,2015-10-01,13.3400771,77.1006208,10,Post-Monsoon,21.0,0.0,0.4118845203,16.0,301.7266666,17.333333333333332,0.0,0.3125
Karnataka,Tumkur,2016-05-01,13.3400771,77.1006208,5,Summer,71.0,0.0,7.24e-05,7.0,316.904,36.0,0.0,2.380952380952381
Karnataka,Tumkur,2016-06-01,13.3400771,77.1006208,6,Monsoon,68.0,1.0,0.47254304955,7.5,303.3225,41.66666666666667,0.16666666666666666,0.42327650111193477
Karnataka,Tumkur,2016-07-01,13.3400771,77.1006208,7,Monsoon,40.0,0.0,0.39008424855,6.0,303.445,29.0,0.3333333333333333,-0.15006002400960383
Karnataka,Tumkur,2016-08-01,13.3400771,77.1006208,8,Monsoon,30.0,0.0,0.1366665503,7.0,301.295,23.333333333333332,0.0,0.30434782608695654
Karnataka,Tumkur,2016-09-01,13.3400771,77.1006208,9,Monsoon,35.0,0.0,0.09476907757,5.5,305.58000000000004,23.166666666666668,0.0,-0.3166666666666667
Karnataka,Tumkur,2016-10-01,13.3400771,77.1006208,10,Post-Monsoon,25.0,0.0,0.1751609768,11.0,307.995,20.0,0.0,0.7857142857142858
Karnataka,Tumkur,2017-01-01,13.3400771,77.1006208,1,Winter,25.0,0.0,0.1186286328,5.0,306.5,21.333333333333332,0.0,0.0
Karnataka,Tumkur,2017-02-01,13.3400771,77.1006208,2,Winter,35.0,0.0,3.36e-05,6.0,309.216,28.333333333333332,0.0,0.3999999999999999
Karnataka,Tumkur,2017-04-01,13.3400771,77.1006208,4,Summer,26.0,0.0,0.0056574677602499995,6.0,313.69000000000005,22.333333333333332,0.0,-0.3142857142857143
Karnataka,Tumkur,2017-05-01,13.3400771,77.1006208,5,Summer,39.0,0.0,0.2094716422,8.0,305.86,21.666666666666668,0.0,2.0
Karnataka,Tumkur,2017-06-01,13.3400771,77.1006208,6,Monsoon,139.0,0.0,0.269904658025,6.5,304.4979167,36.0,0.0,0.7815858798735509
Karnataka,Tumkur,2017-07-01,13.3400771,77.1006208,7,Monsoon,34.0,0.0,0.1679182584,5.0,304.12,29.0,0.0,0.4782608695652173
Karnataka,Tumkur,2017-08-01,13.3400771,77.1006208,8,Monsoon,176.0,0.0,0.34069921764,4.0,302.827,36.0,0.0,0.15163865546218488
Karnataka,Tumkur,2017-09-01,13.3400771,77.1006208,9,Monsoon,62.0,0.0,0.42028735496666664,7.666666666666667,305.74666666666667,20.333333333333332,0.0,0.29204545454545455
Karnataka,Tumkur,2017-10-01,13.3400771,77.1006208,10,Post-Monsoon,112.0,0.0,0.5755016337500001,11.5,302.0965,37.5,0.0,0.8231182795698925
Karnataka,Tumkur,2018-03-01,13.3400771,77.1006208,3,Summer,13.0,0.0,0.4398618066,9.0,308.205,41.666666666666664,0.0,-0.8395061728395061
Karnataka,Tumkur,2018-04-01,13.3400771,77.1006208,4,Summer,92.0,0.0,0.003319928221,8.0,310.088,62.0,0.0,5.0
Karnataka,Tumkur,2018-11-01,13.3400771,77.1006208,11,Post-Monsoon,21.0,0.0,0.09549042497,11.0,302.425,42.0,0.0,-0.7717391304347826
Karnataka,Tumkur,2019-01-01,13.3400771,77.1006208,1,Winter,137.0,0.0,8.61e-05,9.0,305.3433334,83.33333333333333,0.0,5.0
Karnataka,Tumkur,2019-03-01,13.3400771,77.1006208,3,Summer,49.0,0.0,0.0002054410762,6.0,312.9366666,69.0,0.0,-0.6423357664233577
Karnataka,Tumkur,2019-08-01,13.3400771,77.1006208,8,Monsoon,35.0,1.0,0.31838292255,5.5,304.89250000000004,47.333333333333336,0.16666666666666666,-0.10714285714285715
Karnataka,Tumkur,2019-09-01,13.3400771,77.1006208,9,Monsoon,53.0,0.0,0.51128416895,11.0,300.9333333,23.333333333333336,0.3333333333333333,0.09293394777265751
Karnataka,Tumkur,2019-10-01,13.3400771,77.1006208,10,Post-Monsoon,53.0,0.0,0.83827192365,11.0,300.996,24.666666666666664,0.0,0.2795454545454545
Karnataka,Tumkur,2019-11-01,13.3400771,77.1006208,11,Post-Monsoon,145.0,1.0,0.19001766990000002,14.428571428571429,300.10866665714286,22.571428571428573,0.14285714285714285,0.07630815598055127
Karnataka,Tumkur,2020-08-01,13.3400771,77.1006208,8,Monsoon,31.0,0.0,0.8928106134,3.0,303.445,21.333333333333332,0.0,1.2142857142857144
Karnataka,Tumkur,2020-11-01,13.3400771,77.1006208,11,Post-Monsoon,30.0,0.0,0.1394223998,12.0,300.065,25.0,0.0,-0.032258064516129004
Karnataka,Tumkur,2021-08-01,13.3400771,77.1006208,8,Monsoon,63.0,0.0,0.4009891219,6.0,303.445,41.333333333333336,0.0,1.1
Karnataka,Tumkur,2022-05-01,13.3400771,77.1006208,5,Summer,13.0,0.0,0.44945788,9.0,303.58,35.333333333333336,0.0,-0.7936507936507937
Karnataka,Udupi,2010-04-01,13.3419169,74.7473232,4,Summer,125.0,0.0,0.057159565455000005,17.0,306.252,56.25,0.0,0.25
Karnataka,Udupi,2011-01-01,13.3419169,74.7473232,1,Winter,15.0,0.0,0.0001119022877,22.0,304.612,46.666666666666664,0.0,-0.8
Karnataka,Udupi,2011-04-01,13.3419169,74.7473232,4,Summer,13.0,0.0,0.2143703741,16.0,305.44,34.333333333333336,0.0,-0.1333333333333333
Karnataka,Udupi,2011-07-01,13.3419169,74.7473232,7,Monsoon,130.0,0.0,3.118854669,4.0,303.445,52.666666666666664,0.0,5.0
Karnataka,Udupi,2011-09-01,13.3419169,74.7473232,9,Monsoon,10.0,0.0,5.564746436,9.0,294.1,51.0,0.0,-0.9230769230769231
Karnataka,Udupi,2012-03-01,13.3419169,74.7473232,3,Summer,38.0,0.0,0.002505923217,14.0,303.37,59.333333333333336,0.0,2.8
Karnataka,Udupi,2013-06-01,13.3419169,74.7473232,6,Monsoon,11.0,0.0,4.426548237,2.0,303.445,19.666666666666668,0.0,-0.7105263157894737
Karnataka,Udupi,2014-06-01,13.3419169,74.7473232,6,Monsoon,10.0,0.0,1.943347978,13.0,301.92,19.666666666666668,0.0,-0.09090909090909094
Karnataka,Udupi,2014-07-01,13.3419169,74.7473232,7,Monsoon,15.0,0.0,4.06237796,9.0,299.1,12.0,0.0,0.5
Karnataka,Udupi,2015-06-01,13.3419169,74.7473232,6,Monsoon,176.0,0.0,0.3156843163,9.0,305.0,67.0,0.0,5.0
Karnataka,Udupi,2015-08-01,13.3419169,74.7473232,8,Monsoon,7.0,2.0,0.4823376214,14.0,300.61,66.0,0.6666666666666666,-0.9602272727272727
Karnataka,Udupi,2016-03-01,13.3419169,74.7473232,3,Summer,7.0,0.0,0.0203458745,9.0,304.88,63.333333333333336,0.6666666666666666,0.0
Karnataka,Udupi,2016-05-01,13.3419169,74.7473232,5,Summer,13.0,0.0,0.4378357045,18.0,303.24,9.0,0.6666666666666666,0.8571428571428572
Karnataka,Udupi,2016-06-01,13.3419169,74.7473232,6,Monsoon,20.0,0.0,1.153979421,10.0,303.37333340000004,13.333333333333334,0.0,0.5384615384615385
Karnataka,Udupi,2016-08-01,13.3419169,74.7473232,8,Monsoon,13.0,0.0,1.722122339,9.0,300.6,15.333333333333334,0.0,-0.35
Karnataka,Udupi,2016-12-01,13.3419169,74.7473232,12,Winter,16.0,0.0,0.0001395841599,25.0,302.624,16.333333333333332,0.0,0.23076923076923084
Karnataka,Udupi,2017-06-01,13.3419169,74.7473232,6,Monsoon,63.0,0.0,1.017164019,9.0,302.71500000000003,30.666666666666668,0.0,2.9375
Karnataka,Udupi,2018-06-01,13.3419169,74.7473232,6,Monsoon,57.0,0.0,3.235902898,7.0,303.445,45.333333333333336,0.0,-0.09523809523809523
Karnataka,Udupi,2019-02-01,13.3419169,74.7473232,2,Winter,8.0,0.0,0.004265874878,16.0,305.06,42.666666666666664,0.0,-0.8596491228070176
Karnataka,Udupi,2019-07-01,13.3419169,74.7473232,7,Monsoon,13.0,0.0,3.089131455,8.0,300.46,26.0,0.0,0.625
Karnataka,Udupi,2022-05-01,13.3419169,74.7473232,5,Summer,92.0,0.0,0.8331679728,9.0,302.55,37.666666666666664,0.0,5.0
Karnataka,Uttara Kannada,2010-05-01,14.72447415,74.64223734,5,Summer,40.0,0.0,0.1287411941,9.0,303.92,40.0,0.0,0.0
Karnataka,Uttara Kannada,2010-08-01,14.72447415,74.64223734,8,Monsoon,10.0,0.0,1.211412844,9.0,298.06,25.0,0.0,-0.75
Karnataka,Uttara Kannada,2011-04-01,14.72447415,74.64223734,4,Summer,83.0,0.0,0.04801188945,34.0,303.4766666,44.333333333333336,0.0,5.0
Karnataka,Uttara Kannada,2011-09-01,14.72447415,74.64223734,9,Monsoon,15.0,1.0,1.037688386,15.0,299.2,36.0,0.3333333333333333,-0.8192771084337349
Karnataka,Uttara Kannada,2012-08-01,14.72447415,74.64223734,8,Monsoon,20.0,0.0,1.794866666,2.0,299.86,39.333333333333336,0.3333333333333333,0.33333333333333326
Karnataka,Uttara Kannada,2012-09-01,14.72447415,74.64223734,9,Monsoon,66.0,0.0,1.124768659,9.0,300.33,33.666666666666664,0.3333333333333333,2.3
Karnataka,Uttara Kannada,2013-07-01,14.72447415,74.64223734,7,Monsoon,14.0,1.0,1.796459431,2.0,303.445,33.333333333333336,0.3333333333333333,-0.7878787878787878
Karnataka,Uttara Kannada,2016-05-01,14.72447415,74.64223734,5,Summer,43.0,0.0,0.18694592069,29.5,304.836,24.5,0.3333333333333333,1.0071428571428571
Karnataka,Uttara Kannada,2016-08-01,14.72447415,74.64223734,8,Monsoon,21.0,0.0,2.200098313,5.0,299.16,21.333333333333332,0.0,-0.36363636363636365
Karnataka,Uttara Kannada,2019-07-01,14.72447415,74.64223734,7,Monsoon,20.0,0.0,1.685498884,8.0,303.445,24.666666666666668,0.0,-0.04761904761904767
Karnataka,Uttara Kannada,2019-08-01,14.72447415,74.64223734,8,Monsoon,43.0,0.0,1.296575106,3.0,300.64,28.0,0.0,1.15
Karnataka,Uttara Kannada,2019-11-01,14.72447415,74.64223734,11,Post-Monsoon,20.0,0.0,0.2178832856,42.0,300.75,27.666666666666668,0.0,-0.5348837209302326
Karnataka,Uttara Kannada,2019-12-01,14.72447415,74.64223734,12,Winter,14.0,0.0,0.03427887668,37.0,301.376,25.666666666666668,0.0,-0.30000000000000004
Karnataka,Vijapura,2015-01-01,16.8269911,75.7175387,1,Winter,13.0,0.0,0.0001286302995,5.0,305.512,13.0,0.0,0.0
Karnataka,Vijayapur,2015-04-01,16.8054103,75.7179353,4,Summer,61.0,0.0,0.0027273056400000002,6.5,318.476,29.25,0.0,0.0892857142857143
Karnataka,Vijayapur,2016-03-01,16.8054103,75.7179353,3,Summer,139.0,0.0,0.000221185141,3.0,320.35066670000003,57.333333333333336,0.0,0.807944307944308
Karnataka,Vijayapur,2016-11-01,16.8054103,75.7179353,11,Post-Monsoon,10.0,0.0,0.0123252014,10.0,307.96,49.666666666666664,0.0,-0.6428571428571428
Karnataka,Vijayapur,2019-05-01,16.8054103,75.7179353,5,Summer,21.0,0.0,0.03798668708,3.0,315.448,19.666666666666668,0.0,1.1
Karnataka,Vijayapur,2020-01-01,16.8054103,75.7179353,1,Winter,96.0,0.0,0.06088962777,7.0,302.42,32.666666666666664,0.0,0.6428571428571428
Karnataka,Vijayapura,2017-08-01,16.666667,75.916667,8,Monsoon,20.0,0.0,0.3364169723,3.0,309.05,20.0,0.0,0.0
Karnataka,Vijayapura,2021-10-01,16.666667,75.916667,10,Post-Monsoon,17.0,0.0,5.31e-05,13.0,306.076,18.5,0.0,-0.15000000000000002
Karnataka,Vijayapura,2022-06-01,16.666667,75.916667,6,Monsoon,29.0,0.0,0.08377228106000001,6.5,309.56800000000004,16.0,0.0,-0.002262443438914019
Karnataka,Yadgir,2013-01-01,16.7670964,77.1403984,1,Winter,21.0,0.0,5.12e-05,6.0,305.93,21.0,0.0,0.0
Karnataka,Yadgir,2013-03-01,16.7670964,77.1403984,3,Summer,16.0,0.0,3.21e-05,6.0,316.74333340000004,18.5,0.0,-0.23809523809523814
Karnataka,Yadgir,2013-04-01,16.7670964,77.1403984,4,Summer,109.0,0.0,0.0002385867716,5.0,320.228,48.666666666666664,0.0,5.0
Karnataka,Yadgir,2013-05-01,16.7670964,77.1403984,5,Summer,18.0,0.0,0.0003869269016,9.0,314.856,47.666666666666664,0.0,-0.8348623853211009
Karnataka,Yadgir,2013-07-01,16.7670964,77.1403984,7,Monsoon,85.0,0.0,0.9884941675750001,4.0,304.5575,28.416666666666664,0.0,0.11246345029239763
Karnataka,Yadgiri,2011-02-01,16.7469536,77.1327594,2,Winter,66.0,0.0,4.12e-05,9.0,307.18,66.0,0.0,0.0
Karnataka,Yadgiri,2013-02-01,16.7469536,77.1327594,2,Winter,101.0,0.0,9.33e-05,6.0,311.69333340000003,83.5,0.0,0.5303030303030303
Karnataka,Yadgiri,2013-03-01,16.7469536,77.1327594,3,Summer,38.0,0.0,4.6e-05,9.0,314.644,68.33333333333333,0.0,-0.6237623762376238
Karnataka,Yadgiri,2013-07-01,16.7469536,77.1327594,7,Monsoon,15.0,0.0,0.1337317801,9.0,307.1,51.333333333333336,0.0,-0.6052631578947368
Karnataka,Yadgiri,2015-05-01,16.7469536,77.1327594,5,Summer,40.0,0.0,0.01680371033,5.0,314.75,31.0,0.0,1.6666666666666665
Karnataka,Yadgiri,2017-02-01,16.7469536,77.1327594,2,Winter,10.0,0.0,4.43e-05,7.0,308.056,21.666666666666668,0.0,-0.75
Karnataka,Yadgiri,2017-11-01,16.7469536,77.1327594,11,Post-Monsoon,25.0,0.0,0.02984346,9.0,305.59000000000003,25.0,0.0,1.5
Karnataka,Yadgiri,2018-03-01,16.7469536,77.1327594,3,Summer,23.0,0.0,6.24e-05,9.0,312.64,19.333333333333332,0.0,-0.07999999999999996
Karnataka,Yadgiri,2019-03-01,16.7469536,77.1327594,3,Summer,20.0,0.0,0.0001087863941,9.0,316.9133334,22.666666666666668,0.0,-0.13043478260869568
Karnataka,Yadgiri,2019-09-01,16.7469536,77.1327594,9,Monsoon,9.0,0.0,0.4594371424,9.0,300.7733334,17.333333333333332,0.0,-0.55
Karnataka,Yadgiri,2019-10-01,16.7469536,77.1327594,10,Post-Monsoon,48.0,0.0,0.3777391155,9.0,302.385,25.666666666666668,0.0,4.333333333333333
Karnataka,Yadgiri,2020-02-01,16.7469536,77.1327594,2,Winter,13.0,0.0,0.001953100681,9.0,308.4233334,23.333333333333332,0.0,-0.7291666666666667
Kerala,Alappuzha,2012-02-01,9.5006651,76.41241429,2,Winter,23.0,0.0,0.01407752493,9.0,302.78000000000003,23.0,0.0,0.0
Kerala,Alappuzha,2012-04-01,9.5006651,76.41241429,4,Summer,12.0,0.0,0.4179458287,15.0,302.476,17.5,0.0,-0.4782608695652174
Kerala,Alappuzha,2013-04-01,9.5006651,76.41241429,4,Summer,16.0,0.0,0.0834816022,21.0,303.8466666,17.0,0.0,0.33333333333333326
Kerala,Alappuzha,2013-05-01,9.5006651,76.41241429,5,Summer,10.0,0.0,0.4616282498,10.0,301.16,12.666666666666666,0.0,-0.375
Kerala,Alappuzha,2016-04-01,9.5006651,76.41241429,4,Summer,10.0,0.0,0.1614527834,25.0,302.692,12.0,0.0,0.0
Kerala,Alappuzha,2016-12-01,9.5006651,76.41241429,12,Winter,12.0,0.0,0.3212249717,34.0,302.2,10.666666666666666,0.0,0.19999999999999996
Kerala,Alappuzha,2017-06-01,9.5006651,76.41241429,6,Monsoon,8.0,0.0,1.965705483,9.0,304.16,10.0,0.0,-0.33333333333333337
Kerala,Alappuzha,2019-07-01,9.5006651,76.41241429,7,Monsoon,94.0,0.0,0.5964717478,21.0,298.86,38.0,0.0,5.0
Kerala,Alappuzha,2022-05-01,9.5006651,76.41241429,5,Summer,16.0,0.0,1.3277729778,16.5,301.34000000000003,36.5,0.0,-0.3199088145896656
Kerala,Cannanore (Kannur),2018-04-01,11.8763836,75.3737973,4,Summer,41.0,1.0,0.2254894541,23.0,303.932,41.0,1.0,0.0
Kerala,Ernakulam,2010-03-01,9.98408,76.2741457,3,Summer,9.0,0.0,0.06360179315,9.0,304.98,9.0,0.0,0.0
Kerala,Ernakulam,2011-06-01,9.98408,76.2741457,6,Monsoon,3.0,0.0,0.8872893945,20.0,298.85,6.0,0.0,-0.6666666666666667
Kerala,Ernakulam,2014-04-01,9.98408,76.2741457,4,Summer,15.0,0.0,0.2809742984,9.0,303.188,9.0,0.0,4.0
Kerala,Ernakulam,2014-08-01,9.98408,76.2741457,8,Monsoon,32.0,0.0,1.421237601,22.0,303.445,16.666666666666668,0.0,1.1333333333333333
Kerala,Ernakulam,2015-03-01,9.98408,76.2741457,3,Summer,18.0,0.0,0.02981573457,34.0,304.24,21.666666666666668,0.0,-0.4375
Kerala,Ernakulam,2015-04-01,9.98408,76.2741457,4,Summer,156.0,0.0,0.6876976766,9.0,303.5666666,68.66666666666667,0.0,5.0
Kerala,Ernakulam,2015-05-01,9.98408,76.2741457,5,Summer,14.0,0.0,1.663088349,10.0,303.445,62.666666666666664,0.0,-0.9102564102564102
Kerala,Ernakulam,2015-06-01,9.98408,76.2741457,6,Monsoon,199.0,0.0,1.1318196663333333,28.666666666666668,299.5205555333334,79.22222222222221,0.0,1.5014245014245013
Kerala,Ernakulam,2015-11-01,9.98408,76.2741457,11,Post-Monsoon,260.0,0.0,1.486673325,21.0,304.1666666,101.0,0.0,5.0
Kerala,Ernakulam,2015-12-01,9.98408,76.2741457,12,Winter,101.0,0.0,0.372289295845,22.0,300.65,110.16666666666666,0.0,1.8955128205128204
Kerala,Ernakulam,2016-02-01,9.98408,76.2741457,2,Winter,16.0,0.0,0.01937690434,9.0,305.16,39.0,0.0,-0.813953488372093
Kerala,Ernakulam,2016-03-01,9.98408,76.2741457,3,Summer,22.0,0.0,0.02103839556,35.0,305.42400000000004,41.333333333333336,0.0,0.375
Kerala,Ernakulam,2016-04-01,9.98408,76.2741457,4,Summer,25.0,0.0,0.197316345,17.0,302.435,15.666666666666666,0.0,0.09343434343434343
Kerala,Ernakulam,2016-05-01,9.98408,76.2741457,5,Summer,21.0,0.0,1.243686401,14.0,304.1725,11.833333333333334,0.0,-0.05208333333333337
Kerala,Ernakulam,2016-06-01,9.98408,76.2741457,6,Monsoon,12.0,0.0,1.340526498,10.0,296.1,11.0,0.0,0.0
Kerala,Ernakulam,2016-07-01,9.98408,76.2741457,7,Monsoon,13.0,0.0,1.277379741,9.0,299.74,12.333333333333334,0.0,0.08333333333333326
Kerala,Ernakulam,2016-09-01,9.98408,76.2741457,9,Monsoon,39.0,0.0,0.60765777155,16.5,300.34000000000003,15.5,0.0,0.3341346153846154
Kerala,Ernakulam,2016-10-01,9.98408,76.2741457,10,Post-Monsoon,17.0,0.0,0.169403714,24.0,301.752,18.666666666666668,0.0,-0.26086956521739135
Kerala,Ernakulam,2016-12-01,9.98408,76.2741457,12,Winter,33.0,0.0,0.3212249717,34.0,302.2,17.833333333333336,0.0,-0.02941176470588236
Kerala,Ernakulam,2017-03-01,9.98408,76.2741457,3,Summer,91.0,0.0,0.07884307548333334,16.333333333333332,304.6766666666667,24.777777777777775,0.0,0.955540293040293
Kerala,Ernakulam,2017-05-01,9.98408,76.2741457,5,Summer,14.0,0.0,0.9568227508,15.0,303.44,23.333333333333332,0.0,-0.6744186046511628
Kerala,Ernakulam,2018-04-01,9.98408,76.2741457,4,Summer,37.0,0.0,0.2008377022,24.0,303.78400000000005,31.333333333333332,0.0,1.6428571428571428
Kerala,Ernakulam,2018-05-01,9.98408,76.2741457,5,Summer,76.0,0.0,0.9827143238,20.0,302.8675,33.83333333333333,0.0,0.001386001386001312
Kerala,Ernakulam,2019-05-01,9.98408,76.2741457,5,Summer,66.0,0.0,0.42460909835,14.5,303.335,35.833333333333336,0.0,-0.0968468468468468
Kerala,Ernakulam,2019-06-01,9.98408,76.2741457,6,Monsoon,24.0,0.0,1.353752104,13.0,302.1,30.0,0.0,-0.19999999999999996
Kerala,Ernakulam,2019-08-01,9.98408,76.2741457,8,Monsoon,15.0,0.0,1.541419047,6.0,298.74,23.0,0.0,-0.375
Kerala,Ernakulam,2019-10-01,9.98408,76.2741457,10,Post-Monsoon,36.0,0.0,0.6994130118,31.0,302.855,18.0,0.0,0.09999999999999998
Kerala,Ernakulam,2019-11-01,9.98408,76.2741457,11,Post-Monsoon,17.0,0.0,0.8733692722,36.0,303.4133334,17.666666666666668,0.0,-0.05555555555555558
Kerala,Ernakulam,2020-04-01,9.98408,76.2741457,4,Summer,60.0,0.0,0.14511369266,19.0,305.052,21.5,0.0,0.7647058823529411
Kerala,Ernakulam,2020-05-01,9.98408,76.2741457,5,Summer,20.0,0.0,0.5217521455,25.0,301.58,26.666666666666668,0.0,-0.5348837209302326
Kerala,Ernakulam,2021-01-01,9.98408,76.2741457,1,Winter,115.0,0.0,0.2378102049,21.5,302.126,48.33333333333333,0.0,1.4249999999999998
Kerala,Ernakulam,2021-02-01,9.98408,76.2741457,2,Winter,26.0,0.0,0.077130138,37.0,303.536,47.0,0.0,0.13043478260869557
Kerala,Ernakulam,2021-03-01,9.98408,76.2741457,3,Summer,56.0,0.0,0.06437195201,30.0,305.8633333,25.0,0.0,0.3390688259109312
Kerala,Ernakulam,2021-04-01,9.98408,76.2741457,4,Summer,50.0,0.0,0.3541519613,27.0,303.65000000000003,35.333333333333336,0.0,0.3513513513513513
Kerala,Ernakulam,2021-05-01,9.98408,76.2741457,5,Summer,24.0,1.0,0.6079043601,28.0,304.5,37.0,0.3333333333333333,-0.52
Kerala,Ernakulam,2021-10-01,9.98408,76.2741457,10,Post-Monsoon,61.0,0.0,1.379797856,32.0,301.78000000000003,45.0,0.3333333333333333,1.5416666666666665
Kerala,Ernakulam,2021-12-01,9.98408,76.2741457,12,Winter,53.0,0.0,0.12700494594333334,33.333333333333336,302.9893333333334,26.88888888888889,0.1111111111111111,-0.033021077283372335
Kerala,Ernakulam,2022-02-01,9.98408,76.2741457,2,Winter,42.0,0.0,0.05127556617,40.0,302.8933334,21.0,0.0,-0.0625
Kerala,Ernakulam,2022-03-01,9.98408,76.2741457,3,Summer,53.0,0.0,0.20700025611333336,25.666666666666668,303.22266666666667,18.777777777777775,0.0,-0.05456349206349209
Kerala,Ernakulam,2022-04-01,9.98408,76.2741457,4,Summer,69.0,0.0,0.3389977729,26.0,302.5733334,35.333333333333336,0.0,3.3125
Kerala,Ernakulam,2022-05-01,9.98408,76.2741457,5,Summer,65.0,0.0,0.5794966868,9.0,300.8066666,50.0,0.0,-0.05797101449275366
Kerala,Idukki,2010-03-01,9.8497872,76.9797914,3,Summer,20.0,0.0,0.2618764544,44.0,303.7966666,20.0,0.0,0.0
Kerala,Idukki,2010-05-01,9.8497872,76.9797914,5,Summer,10.0,0.0,0.7124163658,36.0,300.36,15.0,0.0,-0.5
Kerala,Idukki,2012-01-01,9.8497872,76.9797914,1,Winter,4.0,0.0,0.02851955237,9.0,300.80400000000003,11.333333333333334,0.0,-0.6
Kerala,Idukki,2013-02-01,9.8497872,76.9797914,2,Winter,27.0,0.0,0.4091474477,48.0,302.504,13.666666666666666,0.0,5.0
Kerala,Idukki,2013-03-01,9.8497872,76.9797914,3,Summer,33.0,0.0,0.183100077335,47.5,304.977,18.833333333333336,0.0,-0.3425925925925926
Kerala,Idukki,2013-04-01,9.8497872,76.9797914,4,Summer,15.0,0.0,0.1608826753,9.0,302.49333340000004,16.0,0.0,0.36363636363636354
Kerala,Idukki,2015-04-01,9.8497872,76.9797914,4,Summer,16.0,0.0,0.3146914144,42.0,303.79,14.0,0.0,0.06666666666666665
Kerala,Idukki,2015-05-01,9.8497872,76.9797914,5,Summer,11.0,0.0,1.219305999,9.0,303.445,14.0,0.0,-0.3125
Kerala,Idukki,2016-02-01,9.8497872,76.9797914,2,Winter,14.0,0.0,0.1501876818,50.0,301.36,13.666666666666666,0.0,0.2727272727272727
Kerala,Idukki,2016-05-01,9.8497872,76.9797914,5,Summer,29.0,0.0,0.9974525153,34.0,300.26,18.0,0.0,1.0714285714285716
Kerala,Idukki,2018-04-01,9.8497872,76.9797914,4,Summer,25.0,1.0,0.3526171693,9.0,302.2333334,22.666666666666668,0.3333333333333333,-0.13793103448275867
Kerala,Idukki,2019-05-01,9.8497872,76.9797914,5,Summer,15.0,0.0,1.130569641,38.0,300.43,23.0,0.3333333333333333,-0.4
Kerala,Idukki,2019-07-01,9.8497872,76.9797914,7,Monsoon,10.0,0.0,0.7307986165,20.0,299.31,16.666666666666668,0.3333333333333333,-0.33333333333333337
Kerala,Kannur,2009-06-01,11.8763836,75.3737973,6,Monsoon,14.0,0.0,0.2254894541,9.0,301.2466666,14.0,0.0,0.0
Kerala,Kannur,2010-05-01,11.8763836,75.3737973,5,Summer,103.0,0.0,0.2254894541,9.0,301.3933334,28.75,0.0,1.56055900621118
Kerala,Kannur,2015-03-01,11.8763836,75.3737973,3,Summer,41.0,0.0,0.2254894541,28.0,305.26,48.0,0.0,-0.48750000000000004
Kerala,Kannur,2017-04-01,11.8763836,75.3737973,4,Summer,106.0,0.0,0.2254894541,22.0,303.92,53.5,0.0,0.14634146341463417
Kerala,Kannur,2018-04-01,11.8763836,75.3737973,4,Summer,32.0,0.0,0.2254894541,9.0,302.63,46.0,0.0,-0.39622641509433965
Kerala,Kannur,2019-04-01,11.8763836,75.3737973,4,Summer,20.0,0.0,0.2254894541,9.0,306.6,35.0,0.0,-0.375
Kerala,Kannur,2019-06-01,11.8763836,75.3737973,6,Monsoon,3.0,0.0,0.2254894541,9.0,304.0666666,18.333333333333332,0.0,-0.85
Kerala,Kannur,2020-06-01,11.8763836,75.3737973,6,Monsoon,268.0,4.0,0.2254894541,8.5,301.56,78.0,1.0,2.2701149425287355
Kerala,Kannur,2020-07-01,11.8763836,75.3737973,7,Monsoon,35.0,0.0,0.2254894541,9.0,299.12,101.0,1.3333333333333333,-0.6276595744680851
Kerala,Kannur,2020-12-01,11.8763836,75.3737973,12,Winter,16.0,0.0,0.2254894541,9.0,303.365,48.333333333333336,0.6666666666666666,-0.5428571428571429
Kerala,Kannur,2021-05-01,11.8763836,75.3737973,5,Summer,32.0,0.0,0.2254894541,26.0,301.71500000000003,27.666666666666668,0.0,1.0
Kerala,Kasaragod,2015-06-01,12.5035577,74.9907022,6,Monsoon,33.0,1.0,0.5665897706,9.0,298.02,33.0,1.0,0.0
Kerala,Kasaragod,2016-07-01,12.5035577,74.9907022,7,Monsoon,75.0,0.0,1.698260094,9.0,304.7,54.0,0.5,1.272727272727273
Kerala,Kasaragod,2018-03-01,12.5035577,74.9907022,3,Summer,53.0,0.0,0.08893042082,48.0,303.68333340000004,53.666666666666664,0.3333333333333333,-0.29333333333333333
Kerala,Kasaragod,2018-05-01,12.5035577,74.9907022,5,Summer,11.0,1.0,0.6504201472,32.0,301.4733334,46.333333333333336,0.3333333333333333,-0.7924528301886793
Kerala,Kasaragod,2018-06-01,12.5035577,74.9907022,6,Monsoon,17.0,0.0,3.28036651,9.0,300.3,27.0,0.3333333333333333,0.5454545454545454
Kerala,Kasaragod,2018-12-01,12.5035577,74.9907022,12,Winter,49.0,0.0,0.06508428612,9.0,301.172,25.666666666666668,0.3333333333333333,1.8823529411764706
Kerala,Kasaragod,2019-06-01,12.5035577,74.9907022,6,Monsoon,24.0,0.0,1.989803839,14.0,299.70000000000005,26.333333333333332,0.0,-0.6745435016111708
Kerala,Kasaragod,2020-01-01,12.5035577,74.9907022,1,Winter,5.0,0.0,0.01159277929,34.0,302.0833334,9.666666666666666,0.0,0.0
Kerala,Kasaragod,2020-05-01,12.5035577,74.9907022,5,Summer,44.0,0.0,0.1237147272,9.0,298.84000000000003,18.0,0.0,5.0
Kerala,Kasaragod,2021-05-01,12.5035577,74.9907022,5,Summer,51.0,0.0,0.5826390959,14.0,301.27,33.333333333333336,0.0,0.15909090909090917
Kerala,Kollam,2012-06-01,8.8879509,76.5955013,6,Monsoon,26.0,2.0,0.4308742201,13.0,300.92,26.0,2.0,0.0
Kerala,Kollam,2013-03-01,8.8879509,76.5955013,3,Summer,20.0,0.0,0.01439876941,33.0,304.73,23.0,1.0,-0.23076923076923073
Kerala,Kollam,2013-05-01,8.8879509,76.5955013,5,Summer,15.0,0.0,0.3476455499,7.0,304.73,20.333333333333332,0.6666666666666666,-0.25
Kerala,Kollam,2013-06-01,8.8879509,76.5955013,6,Monsoon,15.0,0.0,1.473708033,8.0,303.445,16.666666666666668,0.0,0.0
Kerala,Kollam,2015-12-01,8.8879509,76.5955013,12,Winter,78.0,0.0,0.1356922267825,24.5,302.461,31.5,0.0,1.290909090909091
Kerala,Kollam,2016-01-01,8.8879509,76.5955013,1,Winter,5.0,0.0,0.0213646781,46.0,301.92400000000004,27.666666666666668,0.0,-0.5833333333333333
Kerala,Kollam,2016-05-01,8.8879509,76.5955013,5,Summer,24.0,0.0,0.1499878501,20.0,303.94500000000005,9.5,0.0,0.690909090909091
Kerala,Kollam,2016-06-01,8.8879509,76.5955013,6,Monsoon,119.0,0.0,1.492939397,9.0,302.36,47.666666666666664,0.0,5.0
Kerala,Kollam,2017-04-01,8.8879509,76.5955013,4,Summer,30.0,0.0,0.2980428675,9.0,302.704,54.0,0.0,-0.7478991596638656
Kerala,Kollam,2017-05-01,8.8879509,76.5955013,5,Summer,72.0,0.0,0.24545872045,16.0,304.174,48.83333333333333,0.0,0.057142857142857106
Kerala,Kollam,2020-05-01,8.8879509,76.5955013,5,Summer,13.0,1.0,0.511848352,18.0,303.7,28.333333333333332,0.3333333333333333,-0.5666666666666667
Kerala,Kollam,2021-06-01,8.8879509,76.5955013,6,Monsoon,22.0,0.0,1.052681601,21.0,299.96,21.666666666666668,0.3333333333333333,0.6923076923076923
Kerala,Kollam,2022-04-01,8.8879509,76.5955013,4,Summer,124.0,0.0,0.32057888,13.0,302.07000000000005,40.33333333333333,0.16666666666666666,0.9027570789865873
Kerala,Kottayam,2009-09-01,9.6287383,76.64553257,9,Monsoon,18.0,0.0,1.30666739,23.0,300.61,18.0,0.0,0.0
Kerala,Kottayam,2010-04-01,9.6287383,76.64553257,4,Summer,248.0,6.0,0.6191426775222222,32.333333333333336,304.1075555111111,21.87037037037037,0.574074074074074,0.5812197370530704
Kerala,Kottayam,2010-05-01,9.6287383,76.64553257,5,Summer,8.0,0.0,0.5751514704,32.0,306.156,47.333333333333336,0.6666666666666666,-0.8823529411764706
Kerala,Kottayam,2011-05-01,9.6287383,76.64553257,5,Summer,3.0,0.0,0.8308098035,15.0,300.3666666,26.333333333333332,0.3333333333333333,-0.625
Kerala,Kottayam,2011-06-01,9.6287383,76.64553257,6,Monsoon,3.0,0.0,0.4907402117,9.0,299.57,4.666666666666667,0.0,0.0
Kerala,Kottayam,2014-03-01,9.6287383,76.64553257,3,Summer,13.0,0.0,0.004219194732,30.0,308.156,6.333333333333333,0.0,3.333333333333333
Kerala,Kottayam,2015-03-01,9.6287383,76.64553257,3,Summer,47.0,0.0,0.02981573457,34.0,304.24,15.666666666666668,0.0,0.49786324786324787
Kerala,Kottayam,2018-11-01,9.6287383,76.64553257,11,Post-Monsoon,24.0,0.0,0.1175007872,9.0,303.068,23.666666666666668,0.0,-0.1724137931034483
Kerala,Kottayam,2021-03-01,9.6287383,76.64553257,3,Summer,19.0,0.0,0.04293383034,35.0,306.34000000000003,24.0,0.0,-0.20833333333333337
Kerala,Kozhikode,2009-07-01,11.2450558,75.7754716,7,Monsoon,82.0,0.0,0.4191226556,9.0,303.445,41.0,0.0,0.0
Kerala,Kozhikode,2010-02-01,11.2450558,75.7754716,2,Winter,13.0,0.0,0.0001400088107,9.0,303.445,31.666666666666668,0.0,-0.6829268292682926
Kerala,Kozhikode,2012-02-01,11.2450558,75.7754716,2,Winter,17.0,0.0,0.06874044258,9.0,303.445,23.666666666666668,0.0,0.3076923076923077
Kerala,Kozhikode,2015-04-01,11.2450558,75.7754716,4,Summer,11.0,0.0,0.3052894557,9.0,303.445,13.666666666666666,0.0,-0.3529411764705882
Kerala,Kozhikode,2015-05-01,11.2450558,75.7754716,5,Summer,48.0,1.0,0.2353115639,9.0,303.445,18.5,0.16666666666666666,0.5909090909090908
Kerala,Kozhikode,2015-11-01,11.2450558,75.7754716,11,Post-Monsoon,12.0,0.0,0.3749719226,13.0,303.445,20.0,0.3333333333333333,-0.5
Kerala,Kozhikode,2016-04-01,11.2450558,75.7754716,4,Summer,22.0,0.0,0.05814592071,9.0,303.445,19.333333333333332,0.3333333333333333,0.8333333333333333
Kerala,Kozhikode,2016-05-01,11.2450558,75.7754716,5,Summer,16.0,0.0,0.8611298316,9.0,303.445,16.666666666666668,0.0,-0.2727272727272727
Kerala,Kozhikode,2017-03-01,11.2450558,75.7754716,3,Summer,105.0,0.0,0.092865583912,9.0,303.445,37.333333333333336,0.0,1.3389423076923077
Kerala,Kozhikode,2017-04-01,11.2450558,75.7754716,4,Summer,32.0,0.0,0.1561128919,9.0,303.445,45.666666666666664,0.0,-0.19999999999999996
Kerala,Kozhikode,2017-05-01,11.2450558,75.7754716,5,Summer,65.0,0.0,0.4024733048,9.0,303.445,45.666666666666664,0.0,1.03125
Kerala,Kozhikode,2017-08-01,11.2450558,75.7754716,8,Monsoon,6.0,0.0,0.2666190138,9.0,303.445,34.333333333333336,0.0,-0.9076923076923077
Kerala,Kozhikode,2018-06-01,11.2450558,75.7754716,6,Monsoon,37.0,0.0,2.122187999,9.0,303.445,36.0,0.0,5.0
Kerala,Kozhikode,2019-04-01,11.2450558,75.7754716,4,Summer,43.0,0.0,0.21488241945,9.0,303.445,23.833333333333336,0.0,-0.15472972972972976
Kerala,Kozhikode,2019-12-01,11.2450558,75.7754716,12,Winter,25.0,0.0,0.7639986811,34.0,303.445,22.666666666666668,0.0,0.08695652173913038
Kerala,Kozhikode,2020-01-01,11.2450558,75.7754716,1,Winter,30.0,0.0,0.002652047895,31.0,303.445,26.0,0.0,0.19999999999999996
Kerala,Kozhikode,2020-05-01,11.2450558,75.7754716,5,Summer,33.0,0.0,0.4320908522,9.0,303.445,29.333333333333332,0.0,0.10000000000000009
Kerala,Kozhikode,2021-04-01,11.2450558,75.7754716,4,Summer,43.0,0.0,0.1248424286,9.0,303.445,35.333333333333336,0.0,0.303030303030303
Kerala,Kozhikode,2021-05-01,11.2450558,75.7754716,5,Summer,152.0,0.0,1.5154937167333333,9.0,303.445,51.444444444444436,0.0,-0.04554263565891473
Kerala,Kozhikode,2021-12-01,11.2450558,75.7754716,12,Winter,1.0,0.0,0.06338663021,33.0,303.445,29.666666666666668,0.0,-0.9583333333333334
Kerala,Kozhikode,2022-05-01,11.2450558,75.7754716,5,Summer,142.0,0.0,1.5818785334999999,9.0,303.445,44.666666666666664,0.0,2.21
Kerala,Malappuram,2009-08-01,11.10684475,76.1099551,8,Monsoon,133.0,0.0,0.4440940566,16.0,298.97,133.0,0.0,0.0
Kerala,Malappuram,2010-08-01,11.10684475,76.1099551,8,Monsoon,9.0,0.0,0.969344964,9.0,300.2,71.0,0.0,-0.9323308270676691
Kerala,Malappuram,2015-02-01,11.10684475,76.1099551,2,Winter,20.0,0.0,0.003702936163,21.0,306.01,54.0,0.0,1.2222222222222223
Kerala,Malappuram,2015-04-01,11.10684475,76.1099551,4,Summer,17.0,0.0,1.008540852,29.0,303.27500000000003,15.333333333333334,0.0,-0.15000000000000002
Kerala,Malappuram,2015-05-01,11.10684475,76.1099551,5,Summer,15.0,1.0,2.92197665,18.0,300.92,17.333333333333332,0.3333333333333333,-0.11764705882352944
Kerala,Malappuram,2015-12-01,11.10684475,76.1099551,12,Winter,13.0,0.0,0.2690884813,9.0,297.81333340000003,15.0,0.3333333333333333,-0.1333333333333333
Kerala,Malappuram,2016-02-01,11.10684475,76.1099551,2,Winter,14.0,0.0,0.006801565888,9.0,306.08,14.0,0.3333333333333333,0.07692307692307687
Kerala,Malappuram,2016-05-01,11.10684475,76.1099551,5,Summer,16.0,0.0,0.8427010245,21.0,301.42,14.333333333333334,0.0,0.1428571428571428
Kerala,Malappuram,2016-06-01,11.10684475,76.1099551,6,Monsoon,100.0,0.0,1.18092678,9.0,304.255,32.666666666666664,0.0,1.0625
Kerala,Malappuram,2016-07-01,11.10684475,76.1099551,7,Monsoon,14.0,2.0,1.190482969,9.0,303.445,38.0,0.6666666666666666,-0.72
Kerala,Malappuram,2017-03-01,11.10684475,76.1099551,3,Summer,111.0,0.0,0.3129664297,9.0,304.43,39.166666666666664,0.6666666666666666,1.3493788819875776
Kerala,Malappuram,2017-04-01,11.10684475,76.1099551,4,Summer,64.0,0.0,0.8016727413,22.0,306.2966666,44.83333333333333,0.0,-0.173474801061008
Kerala,Malappuram,2017-05-01,11.10684475,76.1099551,5,Summer,79.0,1.0,0.6657383103,25.0,307.25,47.666666666666664,0.3333333333333333,1.2571428571428571
Kerala,Malappuram,2018-04-01,11.10684475,76.1099551,4,Summer,39.0,0.0,1.045423093,25.0,305.12,51.0,0.3333333333333333,-0.5063291139240507
Kerala,Malappuram,2018-10-01,11.10684475,76.1099551,10,Post-Monsoon,50.0,0.0,1.514968198,20.0,300.62,56.0,0.3333333333333333,0.28205128205128216
Kerala,Malappuram,2021-03-01,11.10684475,76.1099551,3,Summer,37.0,0.0,0.2116405502,25.0,305.488,42.0,0.0,-0.26
Kerala,Malappuram,2021-05-01,11.10684475,76.1099551,5,Summer,20.0,0.0,2.625326529,9.0,303.445,35.666666666666664,0.0,-0.45945945945945943
Kerala,Mallapuram,2009-08-01,10.82220375,76.46703714,8,Monsoon,216.0,0.0,0.4440940566,16.0,298.97,216.0,0.0,0.0
Kerala,Mallapuram,2010-05-01,10.82220375,76.46703714,5,Summer,28.0,0.0,0.9784548929,20.0,302.90000000000003,122.0,0.0,-0.8703703703703703
Kerala,Palakkad,2011-07-01,10.78789845,76.47408711,7,Monsoon,2.0,0.0,0.5278793096,18.0,299.384,2.0,0.0,0.0
Kerala,Palakkad,2011-11-01,10.78789845,76.47408711,11,Post-Monsoon,10.0,0.0,0.7693924512,10.0,300.11,6.0,0.0,4.0
Kerala,Palakkad,2013-03-01,10.78789845,76.47408711,3,Summer,64.0,0.0,0.3955894326,21.0,307.5466666,25.333333333333332,0.0,5.0
Kerala,Palakkad,2013-06-01,10.78789845,76.47408711,6,Monsoon,34.0,0.0,2.065251683,4.0,303.445,31.333333333333332,0.0,-0.3125
Kerala,Palakkad,2014-03-01,10.78789845,76.47408711,3,Summer,15.0,0.0,0.1837255224,22.0,302.62,16.333333333333332,0.0,-0.16666666666666663
Kerala,Palakkad,2014-11-01,10.78789845,76.47408711,11,Post-Monsoon,2.0,0.0,0.8608148946,18.0,298.4533334,11.666666666666666,0.0,-0.8666666666666667
Kerala,Palakkad,2015-06-01,10.78789845,76.47408711,6,Monsoon,76.0,0.0,0.7483121477000001,12.0,296.57000000000005,22.833333333333336,0.0,2.4047619047619047
Kerala,Palakkad,2015-10-01,10.78789845,76.47408711,10,Post-Monsoon,10.0,0.0,1.222213381,20.0,300.445,28.666666666666668,0.0,-0.7058823529411764
Kerala,Palakkad,2016-01-01,10.78789845,76.47408711,1,Winter,25.0,1.0,5.66e-05,31.0,301.824,23.0,0.3333333333333333,1.5
Kerala,Palakkad,2016-07-01,10.78789845,76.47408711,7,Monsoon,160.0,3.0,0.81729735755,6.5,295.21,46.33333333333333,1.3333333333333333,1.039310344827586
Kerala,Palakkad,2017-04-01,10.78789845,76.47408711,4,Summer,99.0,4.0,0.08788491187,24.0,308.372,66.0,1.5,0.08585434173669465
Kerala,Palakkad,2017-05-01,10.78789845,76.47408711,5,Summer,993.0,7.0,0.6551171401,14.0,304.315,203.55555555555554,1.777777777777778,2.6469444444444448
Kerala,Palakkad,2020-04-01,10.78789845,76.47408711,4,Summer,12.0,0.0,0.4110630692,23.0,305.49,235.0,2.3333333333333335,-0.9805510534846029
Kerala,Palakkad,2021-04-01,10.78789845,76.47408711,4,Summer,7.0,0.0,0.6474464086,22.0,305.312,212.0,1.3333333333333333,-0.41666666666666663
Kerala,Palakkad,2021-05-01,10.78789845,76.47408711,5,Summer,24.0,0.0,1.8302582365,16.5,300.6675,9.666666666666668,0.0,0.5714285714285714
Kerala,Palakkad,2021-06-01,10.78789845,76.47408711,6,Monsoon,28.0,0.0,0.5658371089,8.5,302.62466670000003,14.166666666666666,0.0,-0.1452205882352941
Kerala,Palakkad,2022-03-01,10.78789845,76.47408711,3,Summer,18.0,0.0,0.2079999161,23.0,305.46,15.333333333333334,0.0,0.6363636363636365
Kerala,Palakkad,2022-05-01,10.78789845,76.47408711,5,Summer,47.0,0.0,1.3011768587,10.5,299.4883333,20.5,0.0,0.11590038314176249
Kerala,Pathanamthitta,2010-06-01,9.2780841,76.9737443,6,Monsoon,7.0,0.0,0.5190299173,26.0,305.88,7.0,0.0,0.0
Kerala,Pathanamthitta,2012-05-01,9.2780841,76.9737443,5,Summer,10.0,1.0,0.7194546851,35.0,302.672,8.5,0.5,0.4285714285714286
Kerala,Pathanamthitta,2012-06-01,9.2780841,76.9737443,6,Monsoon,10.0,1.0,0.5750328376,26.0,305.34000000000003,9.0,0.6666666666666666,0.0
Kerala,Pathanamthitta,2015-04-01,9.2780841,76.9737443,4,Summer,10.0,0.0,0.4929908649,33.0,302.505,10.0,0.6666666666666666,0.0
Kerala,Pathanamthitta,2016-04-01,9.2780841,76.9737443,4,Summer,28.0,0.0,0.6330778489,35.5,304.12,12.166666666666666,0.16666666666666666,0.18333333333333335
Kerala,Pathanamthitta,2016-05-01,9.2780841,76.9737443,5,Summer,15.0,1.0,0.6815547546,9.0,306.2066666,14.333333333333334,0.3333333333333333,0.15384615384615374
Kerala,Pathanamthitta,2017-07-01,9.2780841,76.9737443,7,Monsoon,4.0,1.0,0.4166274169,9.0,298.85,10.666666666666666,0.6666666666666666,-0.7333333333333334
Kerala,Pathanamthitta,2018-05-01,9.2780841,76.9737443,5,Summer,38.0,0.0,0.9166189303,26.0,300.22,19.0,0.6666666666666666,5.0
Kerala,Pathanamthitta,2019-02-01,9.2780841,76.9737443,2,Winter,6.0,0.0,0.2312094282,32.0,302.02500000000003,16.0,0.3333333333333333,-0.8421052631578947
Kerala,Pathanamthitta,2019-03-01,9.2780841,76.9737443,3,Summer,3.0,0.0,0.1896526638,9.0,302.53200000000004,15.666666666666666,0.0,-0.5
Kerala,Pathanamthitta,2019-12-01,9.2780841,76.9737443,12,Winter,10.0,0.0,0.6304841581,36.0,299.11,6.333333333333333,0.0,2.3333333333333335
Kerala,Pathanamthitta,2020-02-01,9.2780841,76.9737443,2,Winter,12.0,0.0,0.04280886152,33.0,302.305,8.333333333333334,0.0,0.19999999999999996
Kerala,Pathanamthitta,2020-04-01,9.2780841,76.9737443,4,Summer,18.0,0.0,0.05433800572,37.0,306.66400000000004,13.333333333333334,0.0,0.5
Kerala,Thiruvananthapuram,2010-04-01,8.4882267,76.947551,4,Summer,37.0,0.0,0.8458228073,9.0,303.708,37.0,0.0,0.0
Kerala,Thiruvananthapuram,2015-07-01,8.4882267,76.947551,7,Monsoon,41.0,0.0,1.117371798,26.0,307.86,39.0,0.0,0.10810810810810811
Kerala,Thiruvananthapuram,2016-11-01,8.4882267,76.947551,11,Post-Monsoon,7.0,0.0,0.8412459293,39.0,301.95,28.333333333333332,0.0,-0.8292682926829268
Kerala,Thiruvananthapuram,2017-10-01,8.4882267,76.947551,10,Post-Monsoon,172.0,0.0,0.4923871873,31.5,302.11249999999995,52.166666666666664,0.0,2.5
Kerala,Thiruvananthapuram,2021-06-01,8.4882267,76.947551,6,Monsoon,16.0,0.0,0.7189253545,23.0,299.4133334,62.666666666666664,0.0,-0.813953488372093
Kerala,Thiruvananthapuram,2022-05-01,8.4882267,76.947551,5,Summer,28.0,0.0,0.4409251710666667,29.666666666666668,301.6788888666667,19.222222222222225,0.0,-0.03452380952380955
Kerala,Thiruvananthapuram,2022-06-01,8.4882267,76.947551,6,Monsoon,9.0,0.0,0.3557420819,25.0,300.896,9.0,0.0,-0.18181818181818177
Kerala,Thrissur,2017-04-01,10.5256264,76.2132542,4,Summer,44.0,0.0,0.1867733102,29.0,303.008,15.0,0.0,1.75
Kerala,Thrissur,2017-05-01,10.5256264,76.2132542,5,Summer,11.0,0.0,0.598148184,29.0,302.8266666,18.333333333333332,0.0,-0.6944444444444444
Kerala,Thrissur,2018-03-01,10.5256264,76.2132542,3,Summer,30.0,0.0,0.01381820318,9.0,304.824,25.666666666666668,0.0,1.727272727272727
Kerala,Thrissur,2018-04-01,10.5256264,76.2132542,4,Summer,9.0,0.0,0.3101793397,32.0,303.52,16.666666666666668,0.0,-0.7
Kerala,Thrissur,2021-11-01,10.5256264,76.2132542,11,Post-Monsoon,77.0,0.0,0.7015964957,17.5,299.4366667,30.333333333333336,0.0,2.175438596491228
Kerala,Thrissur,2022-03-01,10.5256264,76.2132542,3,Summer,7.0,0.0,0.6296586828,9.0,302.385,28.0,0.0,-0.65
Kerala,Trivandrum,2011-02-01,8.4882267,76.947551,2,Winter,25.0,0.0,0.005482273612,9.0,301.996,25.0,0.0,0.0
Kerala,Trivandrum,2011-12-01,8.4882267,76.947551,12,Winter,178.0,0.0,0.01756768168,9.0,301.46500000000003,101.5,0.0,5.0
Kerala,Trivandrum,2018-01-01,8.4882267,76.947551,1,Winter,133.0,0.0,0.021583450849999998,38.5,299.774,89.16666666666667,0.0,1.7256554307116103
Kerala,Trivandrum,2019-11-01,8.4882267,76.947551,11,Post-Monsoon,18.0,0.0,0.612975951,37.0,300.988,50.333333333333336,0.0,-0.8392857142857143
Kerala,Trivandrum,2020-12-01,8.4882267,76.947551,12,Winter,11.0,0.0,0.473091389,31.0,300.76,47.0,0.0,-0.38888888888888884
Kerala,Trivandrum,2021-05-01,8.4882267,76.947551,5,Summer,10.0,0.0,1.219771472,9.0,300.26,13.0,0.0,-0.09090909090909094
Kerala,Trivandrum,2022-02-01,8.4882267,76.947551,2,Winter,14.0,0.0,0.22123340317,41.5,302.2255,8.333333333333332,0.0,0.15000000000000002
Kerala,Trivandrum,2022-04-01,8.4882267,76.947551,4,Summer,6.0,0.0,0.7656736237,40.0,302.245,6.666666666666667,0.0,-0.33333333333333337
Kerala,Wayanad,2010-07-01,11.715219,76.12690295,7,Monsoon,13.0,0.0,0.696739417,7.0,294.48,13.0,0.0,0.0
Kerala,Wayanad,2010-09-01,11.715219,76.12690295,9,Monsoon,13.0,0.0,0.2522648532,9.0,297.64,13.0,0.0,0.0
Kerala,Wayanad,2011-06-01,11.715219,76.12690295,6,Monsoon,331.0,10.0,0.7442965965333332,13.666666666666666,295.76,65.77777777777777,1.6666666666666667,2.055093555093555
Kerala,Wayanad,2011-09-01,11.715219,76.12690295,9,Monsoon,18.0,0.0,0.1529031283,28.0,299.585,91.66666666666667,3.3333333333333335,-0.9016393442622951
Kerala,Wayanad,2011-10-01,11.715219,76.12690295,10,Post-Monsoon,12.0,0.0,0.2615466939,9.0,302.075,71.0,1.6666666666666667,-0.33333333333333337
Kerala,Wayanad,2011-11-01,11.715219,76.12690295,11,Post-Monsoon,10.0,0.0,0.0165509464,9.0,297.8066666,13.333333333333334,0.0,-0.16666666666666663
Kerala,Wayanad,2012-02-01,11.715219,76.12690295,2,Winter,10.0,0.0,0.007765483685,38.0,303.3566666,10.666666666666666,0.0,0.0
Kerala,Wayanad,2012-04-01,11.715219,76.12690295,4,Summer,39.0,3.0,0.68459888205,11.5,305.587,9.916666666666666,0.5,0.041346153846153866
Kerala,Wayanad,2012-05-01,11.715219,76.12690295,5,Summer,46.0,2.0,1.1500892315666666,20.0,303.4433333333333,12.0,0.6666666666666666,0.6801282051282053
Kerala,Wayanad,2012-06-01,11.715219,76.12690295,6,Monsoon,7.0,1.0,1.259767462,10.0,303.445,13.333333333333334,1.0,-0.72
Kerala,Wayanad,2013-02-01,11.715219,76.12690295,2,Winter,21.0,0.0,0.2146761336,13.0,304.92400000000004,17.666666666666668,0.6666666666666666,2.0
Kerala,Wayanad,2013-04-01,11.715219,76.12690295,4,Summer,18.0,2.0,0.4562315655,20.0,309.648,15.333333333333334,1.0,-0.1428571428571429
Kerala,Wayanad,2013-05-01,11.715219,76.12690295,5,Summer,13.0,0.0,0.7511014026,13.0,305.192,17.333333333333332,0.6666666666666666,-0.2777777777777778
Kerala,Wayanad,2013-06-01,11.715219,76.12690295,6,Monsoon,118.0,0.0,1.35392677,9.0,297.7,49.666666666666664,0.6666666666666666,5.0
Kerala,Wayanad,2014-01-01,11.715219,76.12690295,1,Winter,17.0,0.0,0.03402712508,9.0,302.444,49.333333333333336,0.0,-0.8559322033898304
Kerala,Wayanad,2014-10-01,11.715219,76.12690295,10,Post-Monsoon,28.0,0.0,0.6581345425,9.0,299.752,54.333333333333336,0.0,0.6470588235294117
Kerala,Wayanad,2015-11-01,11.715219,76.12690295,11,Post-Monsoon,13.0,0.0,1.830789432,35.0,298.86,19.333333333333332,0.0,-0.5357142857142857
Kerala,Wayanad,2016-10-01,11.715219,76.12690295,10,Post-Monsoon,16.0,0.0,0.8947029178,28.0,302.825,19.0,0.0,0.23076923076923084
Kerala,Wayanad,2017-01-01,11.715219,76.12690295,1,Winter,11.0,0.0,0.5860934901,33.0,300.645,13.333333333333334,0.0,-0.3125
Kerala,Wayanad,2017-10-01,11.715219,76.12690295,10,Post-Monsoon,12.0,0.0,0.8702677311,30.0,295.96,13.0,0.0,0.09090909090909083
Kerala,Wayanad,2017-11-01,11.715219,76.12690295,11,Post-Monsoon,12.0,0.0,0.1162831625,31.0,298.95,11.666666666666666,0.0,0.0
Kerala,Wayanad,2018-03-01,11.715219,76.12690295,3,Summer,30.0,0.0,0.07328487022,9.0,307.30400000000003,18.0,0.0,1.5
Kerala,Wayanad,2018-11-01,11.715219,76.12690295,11,Post-Monsoon,12.0,0.0,0.04950499713,43.0,299.276,18.0,0.0,-0.6
Kerala,Wayanad,2018-12-01,11.715219,76.12690295,12,Winter,70.0,0.0,0.2933887851,33.0,298.97,37.333333333333336,0.0,4.833333333333333
Kerala,Wayanad,2019-05-01,11.715219,76.12690295,5,Summer,15.0,0.0,0.2700844835,25.0,302.2666666,32.333333333333336,0.0,-0.7857142857142857
Kerala,Wayanad,2019-06-01,11.715219,76.12690295,6,Monsoon,17.0,0.0,0.5663232926,9.0,299.53200000000004,34.0,0.0,0.1333333333333333
Kerala,Wayanad,2020-02-01,11.715219,76.12690295,2,Winter,47.0,0.0,0.00106720025,17.0,305.848,26.333333333333332,0.0,1.7647058823529411
Kerala,Wayanad,2020-08-01,11.715219,76.12690295,8,Monsoon,31.0,0.0,3.115720094,3.0,303.445,31.666666666666668,0.0,-0.34042553191489366
Kerala,Wayanad,2021-10-01,11.715219,76.12690295,10,Post-Monsoon,28.0,0.0,1.26539098,15.0,299.79,35.333333333333336,0.0,-0.09677419354838712
Kerala,Wayanad,2022-05-01,11.715219,76.12690295,5,Summer,22.0,0.0,0.6217835649,6.0,301.55,27.0,0.0,-0.2142857142857143
Kerala,Wayanad (Kalpetta),2011-09-01,11.62614485,76.0888761,9,Monsoon,23.0,0.0,0.2998769143,11.0,298.68,23.0,0.0,0.0
Kerala,thiruvananthapuram,2022-03-01,8.4882267,76.947551,3,Summer,8.0,0.0,0.07619242379,38.0,305.112,8.0,0.0,0.0
Lakshadweep,Kavaratti,2015-12-01,10.55905,72.6365688,12,Winter,22.0,0.0,0.2254894541,7.0,303.445,11.0,0.0,0.0
Lakshadweep,Kavaratti Island,2014-03-01,10.55905,72.6365688,3,Summer,6.0,0.0,0.2254894541,9.0,303.445,6.0,0.0,0.0
Lakshadweep,Kavaratti Island,2014-06-01,10.55905,72.6365688,6,Monsoon,48.0,0.0,0.2254894541,8.0,303.445,15.25,0.0,1.3464912280701755
Lakshadweep,Lakshadweep,2014-06-01,10.8132489,73.68046209,6,Monsoon,14.0,0.0,0.2254894541,13.0,303.445,14.0,0.0,0.0
Lakshadweep,Lakshadweep,2015-10-01,10.8132489,73.68046209,10,Post-Monsoon,56.0,0.0,0.2254894541,53.0,303.445,35.0,0.0,3.0
Lakshadweep,Lakshadweep,2015-12-01,10.8132489,73.68046209,12,Winter,15.0,0.0,0.2254894541,30.0,300.38,28.333333333333332,0.0,-0.7321428571428572
Lakshadweep,Lakshadweep,2016-11-01,10.8132489,73.68046209,11,Post-Monsoon,5.0,0.0,0.2254894541,9.0,300.64,25.333333333333332,0.0,-0.6666666666666667
Lakshadweep,Minicoy,2015-12-01,8.295235,73.06483943,12,Winter,50.0,0.0,0.2254894541,56.0,303.445,25.0,0.0,0.0
Madhya Pradesh,Agar Malwa,2014-06-01,23.9342963,76.14523314,6,Monsoon,23.0,0.0,0.002868922076,3.0,319.9466666,23.0,0.0,0.0
Madhya Pradesh,Agar Malwa,2015-06-01,23.9342963,76.14523314,6,Monsoon,18.0,0.0,0.02695224412,3.0,320.9233334,20.5,0.0,-0.21739130434782605
Madhya Pradesh,Agar Malwa,2019-08-01,23.9342963,76.14523314,8,Monsoon,221.0,0.0,3.024033542,9.0,300.07,87.33333333333333,0.0,5.0
Madhya Pradesh,Alirajpur,2016-06-01,22.28593955,74.35389643,6,Monsoon,12.0,1.0,0.3914854695,4.0,310.3,12.0,1.0,0.0
Madhya Pradesh,Ashok Nagar,2011-07-01,24.6185442,77.8788306,7,Monsoon,5.0,1.0,1.688110326,9.0,304.8,5.0,1.0,0.0
Madhya Pradesh,Ashok Nagar,2016-07-01,24.6185442,77.8788306,7,Monsoon,42.0,0.0,0.6705411106,6.0,307.0625,13.083333333333332,0.41666666666666663,1.4125
Madhya Pradesh,Ashok Nagar,2019-09-01,24.6185442,77.8788306,9,Monsoon,19.0,0.0,0.6939747746,17.0,299.48,20.333333333333332,0.0,-0.2692307692307693
Madhya Pradesh,Ashok Nagar,2019-10-01,24.6185442,77.8788306,10,Post-Monsoon,22.0,0.0,0.0001052404516,9.0,305.8233334,22.333333333333332,0.0,0.1578947368421053
Madhya Pradesh,Ashok Nagar,2019-11-01,24.6185442,77.8788306,11,Post-Monsoon,6.0,0.0,0.304420055,6.0,302.856,15.666666666666666,0.0,-0.7272727272727273
Madhya Pradesh,Ashok nagar,2015-07-01,24.6185442,77.8788306,7,Monsoon,13.0,0.0,1.405021819,7.0,304.3,13.0,0.0,0.0
Madhya Pradesh,Ashoknagar,2010-06-01,24.576189,77.7302895,6,Monsoon,19.0,0.0,0.03357821764,2.0,318.3333334,19.0,0.0,0.0
Madhya Pradesh,Balaghat,2015-05-01,21.966667,80.333333,5,Summer,45.0,0.0,0.008519770745,8.0,311.78000000000003,45.0,0.0,0.0
Madhya Pradesh,Balaghat,2015-07-01,21.966667,80.333333,7,Monsoon,11.0,0.0,0.5734874196,8.0,303.445,28.0,0.0,-0.7555555555555555
Madhya Pradesh,Balaghat,2015-08-01,21.966667,80.333333,8,Monsoon,53.0,0.0,2.292812581,17.0,302.46,36.333333333333336,0.0,3.8181818181818183
Madhya Pradesh,Balaghat,2015-09-01,21.966667,80.333333,9,Monsoon,12.0,0.0,0.1891862946,28.0,300.54400000000004,25.333333333333332,0.0,-0.7735849056603774
Madhya Pradesh,Balaghat,2016-10-01,21.966667,80.333333,10,Post-Monsoon,29.0,0.0,1.016702419,21.0,299.2933334,31.333333333333332,0.0,1.4166666666666665
Madhya Pradesh,Barwani,2013-05-01,22.0333621,74.8978374,5,Summer,165.0,0.0,2.85e-05,3.0,323.608,165.0,0.0,0.0
Madhya Pradesh,Barwani,2015-07-01,22.0333621,74.8978374,7,Monsoon,27.0,2.0,0.10874010323,6.5,305.51750000000004,76.5,0.8333333333333333,-0.4221445221445222
Madhya Pradesh,Barwani,2016-06-01,22.0333621,74.8978374,6,Monsoon,15.0,1.0,0.293674433,2.0,311.48,14.0,1.0,0.0714285714285714
Madhya Pradesh,Barwani,2016-07-01,22.0333621,74.8978374,7,Monsoon,46.0,1.0,1.2655914243,3.0,302.75666666666666,15.444444444444445,0.4444444444444444,-0.03537581699346407
Madhya Pradesh,Barwani,2016-10-01,22.0333621,74.8978374,10,Post-Monsoon,25.0,1.0,0.004007040888,11.0,306.2833334,18.333333333333332,0.6666666666666666,0.9230769230769231
Madhya Pradesh,Barwani,2016-11-01,22.0333621,74.8978374,11,Post-Monsoon,25.0,0.0,8.94e-05,9.0,307.3166666,21.0,0.3333333333333333,0.0
Madhya Pradesh,Barwani,2017-09-01,22.0333621,74.8978374,9,Monsoon,144.0,0.0,0.68758755615,16.0,302.9975,39.5,0.16666666666666666,2.36
Madhya Pradesh,Barwani,2017-10-01,22.0333621,74.8978374,10,Post-Monsoon,12.0,1.0,0.0009335829903,14.0,309.06333340000003,52.0,0.3333333333333333,-0.9047619047619048
Madhya Pradesh,Barwani,2018-06-01,22.0333621,74.8978374,6,Monsoon,36.0,0.0,0.03846788495,3.0,309.488,58.0,0.3333333333333333,2.0
Madhya Pradesh,Barwani,2018-07-01,22.0333621,74.8978374,7,Monsoon,138.0,0.0,0.5893501689,3.0,306.6,62.0,0.3333333333333333,2.8333333333333335
Madhya Pradesh,Barwani,2019-06-01,22.0333621,74.8978374,6,Monsoon,31.0,0.0,0.03313022845,3.0,318.572,68.33333333333333,0.0,-0.7753623188405797
Madhya Pradesh,Barwani,2021-07-01,22.0333621,74.8978374,7,Monsoon,17.0,0.0,0.3220098129,4.0,307.84000000000003,62.0,0.0,-0.4516129032258065
Madhya Pradesh,Betul,2009-06-01,21.8796162,77.87568125,6,Monsoon,59.0,1.0,0.2457861444,5.0,311.185,59.0,1.0,0.0
Madhya Pradesh,Betul,2009-07-01,21.8796162,77.87568125,7,Monsoon,382.0,2.0,0.8923364325,4.0,303.445,134.75,1.0,1.1031529068707855
Madhya Pradesh,Betul,2009-08-01,21.8796162,77.87568125,8,Monsoon,291.0,2.0,0.4825848561,11.5,302.0,159.16666666666669,0.8333333333333333,0.41124822021831975
Madhya Pradesh,Betul,2010-07-01,21.8796162,77.87568125,7,Monsoon,256.0,1.0,0.4874358065,13.0,300.90000000000003,182.33333333333334,1.0,0.24878048780487805
Madhya Pradesh,Betul,2010-08-01,21.8796162,77.87568125,8,Monsoon,98.0,0.0,1.833318382,8.0,296.82,186.33333333333334,1.0,-0.6171875
Madhya Pradesh,Betul,2011-07-01,21.8796162,77.87568125,7,Monsoon,504.0,0.0,0.3515865295,6.0,301.2666666,201.33333333333331,0.16666666666666666,0.7857142857142858
Madhya Pradesh,Betul,2014-06-01,21.8796162,77.87568125,6,Monsoon,6.0,1.0,0.01095558909,8.0,307.06,170.0,0.3333333333333333,-0.9761904761904762
Madhya Pradesh,Betul,2014-11-01,21.8796162,77.87568125,11,Post-Monsoon,39.0,0.0,0.0001109063796,20.0,304.48400000000004,99.0,0.3333333333333333,5.0
Madhya Pradesh,Betul,2015-03-01,21.8796162,77.87568125,3,Summer,29.0,0.0,0.005952293627,9.0,311.948,24.666666666666668,0.3333333333333333,-0.2564102564102564
Madhya Pradesh,Betul,2015-06-01,21.8796162,77.87568125,6,Monsoon,65.0,0.0,0.5761275592,14.0,306.2333334,44.333333333333336,0.0,1.2413793103448274
Madhya Pradesh,Betul,2015-07-01,21.8796162,77.87568125,7,Monsoon,40.0,0.0,0.03464630131,9.0,305.66,44.666666666666664,0.0,-0.3846153846153846
Madhya Pradesh,Betul,2015-10-01,21.8796162,77.87568125,10,Post-Monsoon,13.0,0.0,0.02448355226,9.0,304.85200000000003,39.333333333333336,0.0,-0.675
Madhya Pradesh,Betul,2015-11-01,21.8796162,77.87568125,11,Post-Monsoon,44.0,0.0,5.4e-05,13.0,303.3833334,32.333333333333336,0.0,2.3846153846153846
Madhya Pradesh,Betul,2016-05-01,21.8796162,77.87568125,5,Summer,114.0,0.0,0.001188104376,9.0,316.59000000000003,57.0,0.0,1.5909090909090908
Madhya Pradesh,Betul,2016-06-01,21.8796162,77.87568125,6,Monsoon,161.0,2.0,0.002102696012,7.0,316.6866666,106.33333333333333,0.6666666666666666,0.4122807017543859
Madhya Pradesh,Bhind,2010-10-01,26.5,78.75,10,Post-Monsoon,200.0,0.0,0.003990881287,8.0,305.39,100.0,0.0,0.0
Madhya Pradesh,Bhind,2010-11-01,26.5,78.75,11,Post-Monsoon,120.0,0.0,0.230812201,6.0,297.21799999999996,78.33333333333333,0.0,-0.050000000000000044
Madhya Pradesh,Bhind,2010-12-01,26.5,78.75,12,Winter,36.0,0.0,7.55e-05,11.0,296.7566666,52.0,0.0,-0.48571428571428577
Madhya Pradesh,Bhind,2011-09-01,26.5,78.75,9,Monsoon,98.0,6.0,0.5796215435000001,11.5,302.67166670000006,48.666666666666664,1.5,0.1645299145299145
Madhya Pradesh,Bhind,2013-06-01,26.5,78.75,6,Monsoon,10.0,1.0,0.1453900093,3.0,312.135,36.0,2.3333333333333335,-0.782608695652174
Madhya Pradesh,Bhind,2013-10-01,26.5,78.75,10,Post-Monsoon,102.0,5.0,0.9406054924,12.0,300.125,52.666666666666664,3.0,5.0
Madhya Pradesh,Bhind,2015-09-01,26.5,78.75,9,Monsoon,9.0,0.0,5.68e-05,15.0,308.06,40.333333333333336,2.0,-0.9117647058823529
Madhya Pradesh,Bhind,2015-11-01,26.5,78.75,11,Post-Monsoon,59.0,0.0,0.022815140430000002,5.0,302.24,38.0,0.8333333333333334,1.8242630385487528
Madhya Pradesh,Bhind,2016-05-01,26.5,78.75,5,Summer,17.0,0.0,0.06298581059,4.0,317.59200000000004,25.333333333333332,0.0,0.7
Madhya Pradesh,Bhind,2016-06-01,26.5,78.75,6,Monsoon,22.0,1.0,0.005756022201,4.0,313.69,16.333333333333332,0.3333333333333333,0.2941176470588236
Madhya Pradesh,Bhind,2016-07-01,26.5,78.75,7,Monsoon,15.0,0.0,0.3808228143,4.0,299.5,18.0,0.3333333333333333,-0.31818181818181823
Madhya Pradesh,Bhind,2018-10-01,26.5,78.75,10,Post-Monsoon,45.0,0.0,0.0004229298688,7.0,306.30400000000003,27.333333333333332,0.3333333333333333,2.0
Madhya Pradesh,Bhind,2019-06-01,26.5,78.75,6,Monsoon,34.0,0.0,0.01127184292,3.0,318.0666666,31.333333333333332,0.0,-0.24444444444444446
Madhya Pradesh,Bhopal,2010-07-01,23.2584857,77.401989,7,Monsoon,29.0,0.0,1.414256875,4.0,303.445,29.0,0.0,0.0
Madhya Pradesh,Bhopal,2011-04-01,23.2584857,77.401989,4,Summer,25.0,2.0,0.003037943601,4.0,315.6733334,27.0,1.0,-0.13793103448275867
Madhya Pradesh,Bhopal,2011-11-01,23.2584857,77.401989,11,Post-Monsoon,6.0,0.0,6.24e-05,8.0,306.6633334,20.0,0.6666666666666666,-0.76
Madhya Pradesh,Bhopal,2012-10-01,23.2584857,77.401989,10,Post-Monsoon,15.0,0.0,5.19e-05,12.0,306.0366666,15.333333333333334,0.6666666666666666,1.5
Madhya Pradesh,Bhopal,2013-04-01,23.2584857,77.401989,4,Summer,24.0,0.0,0.05021263764,5.0,316.964,15.0,0.0,0.6000000000000001
Madhya Pradesh,Bhopal,2013-07-01,23.2584857,77.401989,7,Monsoon,15.0,0.0,0.7935610429,9.0,303.445,18.0,0.0,-0.375
Madhya Pradesh,Bhopal,2013-08-01,23.2584857,77.401989,8,Monsoon,70.0,1.0,1.844778679,6.0,302.16,36.333333333333336,0.3333333333333333,3.666666666666667
Madhya Pradesh,Bhopal,2013-09-01,23.2584857,77.401989,9,Monsoon,12.0,0.0,0.08111906291,17.0,301.24,32.333333333333336,0.3333333333333333,-0.8285714285714285
Madhya Pradesh,Bhopal,2014-09-01,23.2584857,77.401989,9,Monsoon,72.0,0.0,0.581010585,14.0,304.0,51.333333333333336,0.3333333333333333,5.0
Madhya Pradesh,Bhopal,2015-04-01,23.2584857,77.401989,4,Summer,12.0,0.0,0.09935187076,5.0,313.68,32.0,0.0,-0.8333333333333334
Madhya Pradesh,Bhopal,2015-07-01,23.2584857,77.401989,7,Monsoon,14.0,0.0,1.633560612,12.0,299.5,32.666666666666664,0.0,0.16666666666666674
Madhya Pradesh,Bhopal,2016-07-01,23.2584857,77.401989,7,Monsoon,31.0,0.0,0.3811196414,10.0,303.445,14.833333333333332,0.0,0.00396825396825401
Madhya Pradesh,Bhopal,2016-08-01,23.2584857,77.401989,8,Monsoon,17.0,0.0,1.186347365,9.0,303.445,16.0,0.0,0.3076923076923077
Madhya Pradesh,Bhopal,2018-06-01,23.2584857,77.401989,6,Monsoon,19.0,1.0,0.1114470877,9.0,310.79200000000003,16.333333333333332,0.3333333333333333,0.11764705882352944
Madhya Pradesh,Bhopal,2022-06-01,23.2584857,77.401989,6,Monsoon,32.0,0.0,4.81e-05,6.0,316.18333340000004,22.666666666666668,0.3333333333333333,0.6842105263157894
Madhya Pradesh,Burhanpur,2009-07-01,21.3118839,76.2291992,7,Monsoon,54.0,2.0,1.2682691400000001,5.5,302.7425,22.5,1.5,0.5
Madhya Pradesh,Burhanpur,2011-10-01,21.3118839,76.2291992,10,Post-Monsoon,141.0,0.0,0.003759158433,16.0,307.248,65.0,0.6666666666666666,2.9166666666666665
Madhya Pradesh,Burhanpur,2014-01-01,21.3118839,76.2291992,1,Winter,40.0,0.0,0.0001134833607,9.0,299.37,72.33333333333333,0.0,-0.7163120567375887
Madhya Pradesh,Burhanpur,2014-06-01,21.3118839,76.2291992,6,Monsoon,49.0,0.0,0.0005591190059,3.0,318.2333334,76.66666666666667,0.0,0.2250000000000001
Madhya Pradesh,Burhanpur,2014-08-01,21.3118839,76.2291992,8,Monsoon,34.0,0.0,0.5491695136,8.0,306.0725,31.0,0.0,-0.14285714285714285
Madhya Pradesh,Burhanpur,2014-09-01,21.3118839,76.2291992,9,Monsoon,33.0,0.0,1.415980005,12.0,300.855,16.666666666666668,0.0,0.09423076923076928
Madhya Pradesh,Burhanpur,2014-10-01,21.3118839,76.2291992,10,Post-Monsoon,25.0,0.0,0.03984815124,11.0,307.7333334,19.333333333333332,0.0,0.25
Madhya Pradesh,Burhanpur,2014-12-01,21.3118839,76.2291992,12,Winter,40.0,0.0,2.76e-05,10.0,306.1466666,28.333333333333332,0.0,0.6000000000000001
Madhya Pradesh,Burhanpur,2015-07-01,21.3118839,76.2291992,7,Monsoon,25.0,0.0,0.4007568847485,5.0,307.8425,23.333333333333336,0.0,-0.125
Madhya Pradesh,Burhanpur,2016-08-01,21.3118839,76.2291992,8,Monsoon,41.0,0.0,1.526418986,6.0,301.26,22.0,0.0,1.7333333333333334
Madhya Pradesh,Burhanpur,2017-10-01,21.3118839,76.2291992,10,Post-Monsoon,41.0,0.0,0.931320166,14.0,307.72,32.333333333333336,0.0,0.0
Madhya Pradesh,Burhanpur,2018-07-01,21.3118839,76.2291992,7,Monsoon,10.0,0.0,0.6198183565,1.0,303.445,30.666666666666668,0.0,-0.7560975609756098
Madhya Pradesh,Burhanpur,2018-08-01,21.3118839,76.2291992,8,Monsoon,16.0,0.0,0.9997307896,9.0,303.445,22.333333333333332,0.0,0.6000000000000001
Madhya Pradesh,Burhanpur,2021-08-01,21.3118839,76.2291992,8,Monsoon,15.0,0.0,0.183452455,9.0,308.47,13.666666666666666,0.0,-0.0625
Madhya Pradesh,Chhatarpur,2009-07-01,24.75,79.75,7,Monsoon,80.0,0.0,0.5332332178,5.0,316.3933334,80.0,0.0,0.0
Madhya Pradesh,Chhatarpur,2016-06-01,24.75,79.75,6,Monsoon,46.0,0.0,0.225928700575,4.0,314.1816667,45.5,0.0,-0.10972222222222222
Madhya Pradesh,Chhatarpur,2016-07-01,24.75,79.75,7,Monsoon,46.0,0.0,2.82080465,9.0,303.44,30.666666666666668,0.0,0.6428571428571428
Madhya Pradesh,Chhatarpur,2018-08-01,24.75,79.75,8,Monsoon,15.0,0.0,0.4901562343,8.0,303.12,29.666666666666668,0.0,-0.6739130434782609
Madhya Pradesh,Chhattarpur,2011-09-01,22.6540864,80.6339145,9,Monsoon,258.0,0.0,1.772438619,9.0,299.91,258.0,0.0,0.0
Madhya Pradesh,Chhindwara,2010-07-01,22.13983105,78.80964495,7,Monsoon,172.0,0.0,2.07051305,4.0,298.78000000000003,63.0,0.0,1.15
Madhya Pradesh,Chhindwara,2011-07-01,22.13983105,78.80964495,7,Monsoon,112.0,1.0,1.197607026,5.0,305.86,94.66666666666667,0.3333333333333333,-0.1515151515151515
Madhya Pradesh,Chhindwara,2011-08-01,22.13983105,78.80964495,8,Monsoon,60.0,1.0,1.206560427,9.0,302.78000000000003,101.33333333333333,0.6666666666666666,-0.4642857142857143
Madhya Pradesh,Chhindwara,2011-11-01,22.13983105,78.80964495,11,Post-Monsoon,85.0,2.0,7.735e-05,8.5,306.1016667,63.66666666666667,1.1666666666666665,-0.3044871794871795
Madhya Pradesh,Chhindwara,2013-04-01,22.13983105,78.80964495,4,Summer,16.0,0.0,0.07295166086,6.0,315.25,33.666666666666664,0.6666666666666666,-0.19999999999999996
Madhya Pradesh,Damoh,2011-08-01,23.75,79.583333,8,Monsoon,151.0,0.0,1.4125285615,8.0,303.445,50.25,0.0,2.02
Madhya Pradesh,Damoh,2013-09-01,23.75,79.583333,9,Monsoon,78.0,0.0,0.17409445434,19.5,301.44000000000005,61.83333333333333,0.0,1.0009920634920635
Madhya Pradesh,Damoh,2018-11-01,23.75,79.583333,11,Post-Monsoon,18.0,0.0,4.47e-05,7.0,302.24,32.0,0.0,-0.7096774193548387
Madhya Pradesh,Datia,2013-07-01,25.75,78.5,7,Monsoon,15.0,1.0,0.9415686486,9.0,301.6,15.0,1.0,0.0
Madhya Pradesh,Datia,2017-10-01,25.75,78.5,10,Post-Monsoon,10.0,1.0,6.52e-05,6.0,312.6666666,12.5,1.0,-0.33333333333333337
Madhya Pradesh,Datia,2019-06-01,25.75,78.5,6,Monsoon,17.0,0.0,0.07549213399,9.0,314.55,14.0,0.6666666666666666,0.7
Madhya Pradesh,Datia,2019-08-01,25.75,78.5,8,Monsoon,27.0,1.0,0.6563994371,10.0,305.48,13.0,0.5,0.634453781512605
Madhya Pradesh,Dewas,2009-07-01,23.0,76.166667,7,Monsoon,2.0,0.0,0.95538084,9.0,299.24,2.0,0.0,0.0
Madhya Pradesh,Dewas,2015-08-01,23.0,76.166667,8,Monsoon,45.0,0.0,1.150818487,12.0,299.6,23.5,0.0,5.0
Madhya Pradesh,Dhar,2009-07-01,22.5,75.25,7,Monsoon,70.0,1.0,1.47228887955,6.5,303.41999999999996,37.0,0.25,-0.10256410256410259
Madhya Pradesh,Dhar,2010-08-01,22.5,75.25,8,Monsoon,43.0,0.0,1.258380529,9.0,300.74,37.666666666666664,0.3333333333333333,0.3870967741935485
Madhya Pradesh,Dhar,2010-12-01,22.5,75.25,12,Winter,35.0,0.0,0.02389065083,9.0,302.86400000000003,36.333333333333336,0.3333333333333333,-0.18604651162790697
Madhya Pradesh,Dhar,2011-10-01,22.5,75.25,10,Post-Monsoon,93.0,0.0,0.02982985993,15.0,306.528,57.0,0.0,1.657142857142857
Madhya Pradesh,Dhar,2011-11-01,22.5,75.25,11,Post-Monsoon,10.0,0.0,5.45e-05,9.0,310.1333334,46.0,0.0,-0.8924731182795699
Madhya Pradesh,Dhar,2012-07-01,22.5,75.25,7,Monsoon,94.0,1.0,0.9124836225,9.0,303.445,65.66666666666667,0.3333333333333333,5.0
Madhya Pradesh,Dhar,2012-08-01,22.5,75.25,8,Monsoon,13.0,3.0,0.4590140039,5.0,303.445,39.0,1.3333333333333333,-0.8617021276595744
Madhya Pradesh,Dhar,2015-04-01,22.5,75.25,4,Summer,30.0,0.0,0.03237527066,3.0,315.9266666,45.666666666666664,1.3333333333333333,1.3076923076923075
Madhya Pradesh,Dhar,2015-05-01,22.5,75.25,5,Summer,16.0,0.0,0.000276270127,3.0,323.12,19.666666666666668,1.0,-0.4666666666666667
Madhya Pradesh,Dhar,2015-08-01,22.5,75.25,8,Monsoon,8.0,1.0,0.5583798631,4.0,303.445,18.0,0.3333333333333333,-0.5
Madhya Pradesh,Dhar,2016-05-01,22.5,75.25,5,Summer,33.0,0.0,0.07683057682,3.0,315.712,19.0,0.3333333333333333,3.125
Madhya Pradesh,Dhar,2019-04-01,22.5,75.25,4,Summer,12.0,1.0,0.08209509687,3.0,319.416,17.666666666666668,0.6666666666666666,-0.6363636363636364
Madhya Pradesh,Dhar,2019-06-01,22.5,75.25,6,Monsoon,63.0,0.0,0.03116441722,9.0,318.244,36.0,0.3333333333333333,4.25
Madhya Pradesh,Dhar,2022-02-01,22.5,75.25,2,Winter,10.0,1.0,8.29e-05,13.0,301.496,28.333333333333332,0.6666666666666666,-0.8412698412698413
Madhya Pradesh,Dindori,2009-06-01,22.90736865,80.8851143,6,Monsoon,56.0,3.0,0.001554109337,5.0,319.7266666,56.0,3.0,0.0
Madhya Pradesh,Dindori,2011-07-01,22.90736865,80.8851143,7,Monsoon,159.0,0.0,0.406874965,8.0,305.48,107.5,1.5,1.8392857142857144
Madhya Pradesh,Dindori,2012-02-01,22.90736865,80.8851143,2,Winter,63.0,2.0,7.12e-05,9.0,306.06333340000003,92.66666666666667,1.6666666666666667,-0.6037735849056604
Madhya Pradesh,Guna,2009-09-01,24.5,77.5,9,Monsoon,91.0,0.0,0.488710322,24.0,300.76,91.0,0.0,0.0
Madhya Pradesh,Guna,2010-06-01,24.5,77.5,6,Monsoon,13.0,1.0,0.001466656337,2.0,319.68,52.0,0.5,-0.8571428571428572
Madhya Pradesh,Guna,2010-07-01,24.5,77.5,7,Monsoon,126.0,0.0,0.2410375421,7.0,309.53000000000003,51.0,0.3333333333333333,1.923076923076923
Madhya Pradesh,Guna,2010-09-01,24.5,77.5,9,Monsoon,97.0,0.0,0.6076856405,12.0,300.81333340000003,74.33333333333333,0.0,0.5396825396825398
Madhya Pradesh,Guna,2016-07-01,24.5,77.5,7,Monsoon,57.0,1.0,0.9888078995999999,2.6666666666666665,306.925,42.22222222222222,0.1111111111111111,-0.3674226804123711
Madhya Pradesh,Guna,2016-10-01,24.5,77.5,10,Post-Monsoon,11.0,0.0,0.2165112361,11.0,305.645,14.333333333333334,0.3333333333333333,-0.3125
Madhya Pradesh,Guna,2018-10-01,24.5,77.5,10,Post-Monsoon,10.0,1.0,0.001966974692,5.0,312.6333334,12.333333333333334,0.6666666666666666,-0.09090909090909094
Madhya Pradesh,Gwalior,2009-06-01,26.2037247,78.1573628,6,Monsoon,346.0,0.0,0.0009502081915,2.0,316.3833334,346.0,0.0,0.0
Madhya Pradesh,Gwalior,2009-07-01,26.2037247,78.1573628,7,Monsoon,87.0,0.0,0.9184048361,3.0,303.445,216.5,0.0,-0.7485549132947977
Madhya Pradesh,Gwalior,2010-12-01,26.2037247,78.1573628,12,Winter,13.0,2.0,2.94e-05,7.0,295.61,148.66666666666666,0.6666666666666666,-0.8505747126436781
Madhya Pradesh,Gwalior,2011-11-01,26.2037247,78.1573628,11,Post-Monsoon,151.0,0.0,5.06e-05,7.0,307.74,83.66666666666667,0.6666666666666666,5.0
Madhya Pradesh,Gwalior,2013-07-01,26.2037247,78.1573628,7,Monsoon,49.0,2.0,0.9342512841,9.0,306.66,71.0,1.3333333333333333,-0.6754966887417219
Madhya Pradesh,Gwalior,2016-06-01,26.2037247,78.1573628,6,Monsoon,23.0,1.0,0.03257793871,2.0,315.87333340000004,74.33333333333333,1.0,-0.5306122448979591
Madhya Pradesh,Gwalior,2018-08-01,26.2037247,78.1573628,8,Monsoon,144.0,0.0,0.6177748133,9.0,304.4266666,72.0,1.0,5.0
Madhya Pradesh,Gwalior,2022-03-01,26.2037247,78.1573628,3,Summer,48.0,0.0,0.00012831976,8.0,307.3266666,71.66666666666667,0.3333333333333333,-0.6666666666666667
Madhya Pradesh,Harda,2014-06-01,22.3388828,77.0929933,6,Monsoon,17.0,0.0,0.0005648455581,5.0,319.9633334,17.0,0.0,0.0
Madhya Pradesh,Harda,2015-09-01,22.3388828,77.0929933,9,Monsoon,40.0,2.0,0.02330949171,17.0,303.844,18.75,0.5833333333333333,0.08823529411764708
Madhya Pradesh,Hoshangabad,2010-08-01,22.6001502,77.92664521,8,Monsoon,108.0,0.0,2.656472612,9.0,299.18,108.0,0.0,0.0
Madhya Pradesh,Hoshangabad,2011-07-01,22.6001502,77.92664521,7,Monsoon,39.0,0.0,0.9277900127,3.0,288.76,73.5,0.0,-0.6388888888888888
Madhya Pradesh,Hoshangabad,2011-09-01,22.6001502,77.92664521,9,Monsoon,56.0,3.0,0.3000298656,10.0,303.445,67.66666666666667,1.0,0.4358974358974359
Madhya Pradesh,Hoshangabad,2013-10-01,22.6001502,77.92664521,10,Post-Monsoon,130.0,0.0,0.01398017937,18.0,304.7233334,75.0,1.0,1.3214285714285716
Madhya Pradesh,Hoshangabad,2014-07-01,22.6001502,77.92664521,7,Monsoon,42.0,0.0,0.7660575427,2.0,311.13,76.0,1.0,-0.676923076923077
Madhya Pradesh,Hoshangabad,2014-10-01,22.6001502,77.92664521,10,Post-Monsoon,19.0,0.0,0.01590645441,14.0,305.64,63.666666666666664,0.0,-0.5476190476190477
Madhya Pradesh,Hoshangabad,2015-04-01,22.6001502,77.92664521,4,Summer,171.0,0.0,0.002508148579,7.0,310.9166666,77.33333333333333,0.0,5.0
Madhya Pradesh,Hoshangabad,2015-07-01,22.6001502,77.92664521,7,Monsoon,15.0,0.0,1.297678037,1.0,303.445,68.33333333333333,0.0,-0.9122807017543859
Madhya Pradesh,Hoshangabad,2015-08-01,22.6001502,77.92664521,8,Monsoon,69.0,0.0,0.1323322175,9.0,300.9066666,85.0,0.0,3.5999999999999996
Madhya Pradesh,Hoshangabad,2016-05-01,22.6001502,77.92664521,5,Summer,22.0,0.0,0.0012869702495500001,7.0,318.172,31.333333333333336,0.0,-0.5596432552954292
Madhya Pradesh,Hoshangabad,2016-07-01,22.6001502,77.92664521,7,Monsoon,33.0,0.0,4.282086,3.0,303.445,18.333333333333332,0.0,2.6666666666666665
Madhya Pradesh,Hoshangabad,2018-08-01,22.6001502,77.92664521,8,Monsoon,25.0,1.0,0.7193713867,7.0,303.445,18.5,0.16666666666666666,-0.19696969696969702
Madhya Pradesh,Indore,2009-08-01,22.7665444,75.9006944,8,Monsoon,70.0,0.0,0.07232715353,9.0,301.26,70.0,0.0,0.0
Madhya Pradesh,Indore,2009-09-01,22.7665444,75.9006944,9,Monsoon,78.0,0.0,2.511336733,20.0,299.7,74.0,0.0,0.11428571428571432
Madhya Pradesh,Indore,2009-10-01,22.7665444,75.9006944,10,Post-Monsoon,84.0,0.0,4.355e-05,4.5,313.2566667,63.833333333333336,0.0,-0.4567088162978574
Madhya Pradesh,Indore,2009-11-01,22.7665444,75.9006944,11,Post-Monsoon,75.0,0.0,7.02e-05,5.0,311.8833334,34.333333333333336,0.0,1.1780303030303032
Madhya Pradesh,Indore,2010-09-01,22.7665444,75.9006944,9,Monsoon,2.0,0.0,0.1572565907,9.0,300.145,25.666666666666668,0.0,-0.9487179487179487
Madhya Pradesh,Indore,2011-07-01,22.7665444,75.9006944,7,Monsoon,1.0,0.0,0.9746025282,3.0,303.445,14.0,0.0,-0.5
Madhya Pradesh,Indore,2015-07-01,22.7665444,75.9006944,7,Monsoon,6.0,0.0,1.702143616,9.0,303.445,3.0,0.0,5.0
Madhya Pradesh,Indore,2015-08-01,22.7665444,75.9006944,8,Monsoon,8.0,0.0,0.65294129835,8.5,300.8125,4.333333333333334,0.0,-0.2833333333333333
Madhya Pradesh,Indore,2016-05-01,22.7665444,75.9006944,5,Summer,3.0,0.0,4.37e-05,2.0,322.2133334,3.6666666666666665,0.0,0.0
Madhya Pradesh,Jabalpur,2009-07-01,23.1608938,79.9497702,7,Monsoon,135.0,0.0,0.9273931103,9.0,285.58,135.0,0.0,0.0
Madhya Pradesh,Jabalpur,2013-07-01,23.1608938,79.9497702,7,Monsoon,23.0,0.0,1.086740289,7.0,303.14,79.0,0.0,-0.8296296296296296
Madhya Pradesh,Jabalpur,2019-06-01,23.1608938,79.9497702,6,Monsoon,29.0,0.0,0.1563273325,7.0,314.08,62.333333333333336,0.0,0.26086956521739135
Madhya Pradesh,Jabalpur,2019-07-01,23.1608938,79.9497702,7,Monsoon,8.0,0.0,0.5221604592,12.0,303.72,20.0,0.0,-0.7241379310344828
Madhya Pradesh,Jabalpur,2019-12-01,23.1608938,79.9497702,12,Winter,6.0,0.0,0.04318086447,9.0,295.548,14.333333333333334,0.0,-0.25
Madhya Pradesh,Jhabua,2013-07-01,22.88585225,74.72513369,7,Monsoon,76.0,0.0,1.016528786,4.0,303.445,76.0,0.0,0.0
Madhya Pradesh,Jhabua,2014-11-01,22.88585225,74.72513369,11,Post-Monsoon,99.0,0.0,7.27e-05,6.0,310.6533334,87.5,0.0,0.30263157894736836
Madhya Pradesh,Jhabua,2015-07-01,22.88585225,74.72513369,7,Monsoon,47.0,0.0,0.08468171781,5.0,308.0,74.0,0.0,-0.5252525252525253
Madhya Pradesh,Jhabua,2016-06-01,22.88585225,74.72513369,6,Monsoon,52.0,0.0,0.16770458463260002,5.5,311.5466667,44.5,0.0,-0.08413926499032887
Madhya Pradesh,Katni,2011-09-01,23.8339621,80.392456,9,Monsoon,13.0,0.0,0.6703811113,15.0,300.635,13.0,0.0,0.0
Madhya Pradesh,Katni,2012-07-01,23.8339621,80.392456,7,Monsoon,40.0,3.0,0.462409651,3.0,303.445,26.5,1.5,2.076923076923077
Madhya Pradesh,Katni,2012-08-01,23.8339621,80.392456,8,Monsoon,64.0,0.0,2.132517353,1.0,303.445,33.33333333333333,1.0,-0.21831395348837213
Madhya Pradesh,Katni,2013-10-01,23.8339621,80.392456,10,Post-Monsoon,617.0,5.0,1.006550349,9.0,298.79,227.0,1.6666666666666667,5.0
Madhya Pradesh,Katni,2014-05-01,23.8339621,80.392456,5,Summer,48.0,0.0,0.002229809933,9.0,314.7466666,228.66666666666666,1.6666666666666667,-0.9222042139384117
Madhya Pradesh,Katni,2015-07-01,23.8339621,80.392456,7,Monsoon,30.0,0.0,0.6860324421,11.0,302.58,231.66666666666666,1.6666666666666667,-0.375
Madhya Pradesh,Katni,2015-09-01,23.8339621,80.392456,9,Monsoon,9.0,0.0,0.5321089368,19.0,303.252,29.0,0.0,-0.7
Madhya Pradesh,Katni,2016-08-01,23.8339621,80.392456,8,Monsoon,57.0,0.0,0.6777335228,4.0,303.445,32.0,0.0,5.0
Madhya Pradesh,Katni,2017-03-01,23.8339621,80.392456,3,Summer,106.0,0.0,0.03669179369,9.0,306.3433334,57.333333333333336,0.0,0.8596491228070176
Madhya Pradesh,Khandwa,2009-07-01,21.9778642,76.56882823,7,Monsoon,25.0,2.0,2.458273133,5.0,301.16,25.0,2.0,0.0
Madhya Pradesh,Khandwa,2010-08-01,21.9778642,76.56882823,8,Monsoon,38.0,0.0,2.38873824,9.0,303.445,31.5,1.0,0.52
Madhya Pradesh,Khandwa,2010-10-01,21.9778642,76.56882823,10,Post-Monsoon,52.0,0.0,0.006354046094,11.0,308.59000000000003,29.166666666666664,0.3333333333333333,-0.028708133971291905
Madhya Pradesh,Khandwa,2011-09-01,21.9778642,76.56882823,9,Monsoon,17.0,0.0,0.3966761352,19.0,301.49,23.0,0.0,-0.43333333333333335
Madhya Pradesh,Khandwa,2011-10-01,21.9778642,76.56882823,10,Post-Monsoon,700.0,0.0,0.0011528925585000001,11.0,309.04499999999996,177.33333333333334,0.0,2.6666666666666665
Madhya Pradesh,Khandwa,2012-05-01,21.9778642,76.56882823,5,Summer,37.0,1.0,0.0002005026003,4.0,321.7666666,245.66666666666666,0.3333333333333333,-0.9075
Madhya Pradesh,Khandwa,2012-06-01,21.9778642,76.56882823,6,Monsoon,155.0,0.0,0.10811123504999999,6.5,314.2675,126.16666666666667,0.3333333333333333,0.8351984797297298
Madhya Pradesh,Khandwa,2012-07-01,21.9778642,76.56882823,7,Monsoon,70.0,1.0,4.89462798,3.0,303.445,75.0,0.3333333333333333,1.5925925925925926
Madhya Pradesh,Khandwa,2013-07-01,21.9778642,76.56882823,7,Monsoon,24.0,0.0,1.226914242,2.0,303.445,40.333333333333336,0.3333333333333333,-0.6571428571428571
Madhya Pradesh,Khandwa,2013-10-01,21.9778642,76.56882823,10,Post-Monsoon,26.0,0.0,0.3701055833,13.0,302.436,40.0,0.3333333333333333,0.08333333333333326
Madhya Pradesh,Khandwa,2014-09-01,21.9778642,76.56882823,9,Monsoon,7.0,0.0,0.08590790613,9.0,301.85,19.0,0.0,-0.7307692307692308
Madhya Pradesh,Khandwa,2014-11-01,21.9778642,76.56882823,11,Post-Monsoon,10.0,0.0,0.01246010404,7.0,306.8866666,14.333333333333334,0.0,0.4285714285714286
Madhya Pradesh,Khandwa,2014-12-01,21.9778642,76.56882823,12,Winter,62.0,0.0,2.905e-05,6.5,307.08500000000004,20.666666666666664,0.0,1.1357142857142857
Madhya Pradesh,Khandwa,2015-04-01,21.9778642,76.56882823,4,Summer,25.0,0.0,0.07552311492,5.0,313.832,29.0,0.0,-0.07407407407407407
Madhya Pradesh,Khandwa,2015-10-01,21.9778642,76.56882823,10,Post-Monsoon,11.0,0.0,4.06e-05,12.0,311.072,21.0,0.0,-0.56
Madhya Pradesh,Khandwa,2016-08-01,21.9778642,76.56882823,8,Monsoon,121.0,1.0,1.001518474,6.0,304.02,52.333333333333336,0.3333333333333333,5.0
Madhya Pradesh,Khandwa,2017-07-01,21.9778642,76.56882823,7,Monsoon,165.0,1.0,1.051537324,8.0,302.26,99.0,0.6666666666666666,0.36363636363636354
Madhya Pradesh,Khandwa,2017-08-01,21.9778642,76.56882823,8,Monsoon,144.0,0.0,0.44228862813333336,10.333333333333334,301.6433333333334,80.8888888888889,0.3333333333333333,-0.06328899858311621
Madhya Pradesh,Khandwa,2017-09-01,21.9778642,76.56882823,9,Monsoon,27.0,0.0,1.010341305,17.0,304.90000000000003,45.666666666666664,0.0,-0.4
Madhya Pradesh,Khargone,2009-08-01,21.825599,75.614182,8,Monsoon,113.0,0.0,1.151043715,10.0,302.01,113.0,0.0,0.0
Madhya Pradesh,Khargone,2010-10-01,21.825599,75.614182,10,Post-Monsoon,105.0,0.0,0.037891867940000004,17.0,305.704,77.08333333333334,0.0,-0.2287610619469026
Madhya Pradesh,Khargone,2010-11-01,21.825599,75.614182,11,Post-Monsoon,242.0,1.0,0.05110217598,7.666666666666667,302.62266666666665,59.111111111111114,0.3333333333333333,1.3993620414673045
Madhya Pradesh,Khargone,2011-05-01,21.825599,75.614182,5,Summer,8.0,0.0,0.0007785707953,4.0,318.0966666,80.66666666666667,0.0,-0.9333333333333333
Madhya Pradesh,Khargone,2011-10-01,21.825599,75.614182,10,Post-Monsoon,44.0,0.0,0.003579647631,15.0,306.7166666,57.333333333333336,0.0,4.5
Madhya Pradesh,Khargone,2011-12-01,21.825599,75.614182,12,Winter,105.0,0.0,2.74e-05,5.0,306.3766666,52.333333333333336,0.0,1.3863636363636362
Madhya Pradesh,Khargone,2012-03-01,21.825599,75.614182,3,Summer,28.0,0.0,0.0001025816164,9.0,319.1266666,59.0,0.0,-0.7333333333333334
Madhya Pradesh,Khargone,2012-05-01,21.825599,75.614182,5,Summer,57.0,0.0,5.28e-05,4.0,321.84000000000003,63.333333333333336,0.0,1.0357142857142856
Madhya Pradesh,Khargone,2013-08-01,21.825599,75.614182,8,Monsoon,135.0,1.0,1.2591333201000001,5.5,303.445,52.0,0.16666666666666666,0.7355889724310778
Madhya Pradesh,Khargone,2013-11-01,21.825599,75.614182,11,Post-Monsoon,90.0,0.0,0.001283448222,11.0,305.92,75.0,0.3333333333333333,-0.09999999999999998
Madhya Pradesh,Khargone,2014-04-01,21.825599,75.614182,4,Summer,35.0,0.0,0.01632683527,4.0,318.81333340000003,75.0,0.3333333333333333,-0.6111111111111112
Madhya Pradesh,Khargone,2014-07-01,21.825599,75.614182,7,Monsoon,114.0,0.0,0.7739889190166668,5.666666666666667,306.4583333333333,43.666666666666664,0.0,-0.002099515929303205
Madhya Pradesh,Khargone,2015-05-01,21.825599,75.614182,5,Summer,288.0,0.0,0.006192976165,4.0,322.2393333,68.66666666666666,0.0,2.241935483870968
Madhya Pradesh,Khargone,2015-06-01,21.825599,75.614182,6,Monsoon,137.0,0.0,0.30923380836500003,9.0,311.02500000000003,75.0,0.0,-0.218229686979687
Madhya Pradesh,Khargone,2015-07-01,21.825599,75.614182,7,Monsoon,56.0,0.0,0.8887353455,7.0,303.445,33.666666666666664,0.0,1.074074074074074
Madhya Pradesh,Khargone,2015-08-01,21.825599,75.614182,8,Monsoon,90.0,0.0,0.17086127418,11.0,300.08333330000005,43.5,0.0,0.1919642857142857
Madhya Pradesh,Khargone,2015-10-01,21.825599,75.614182,10,Post-Monsoon,89.0,0.0,0.003992862822,18.0,306.40000000000003,59.666666666666664,0.0,0.5344827586206897
Madhya Pradesh,Khargone,2016-02-01,21.825599,75.614182,2,Winter,103.0,0.0,0.0001247575923,9.0,308.108,83.33333333333333,0.0,0.1573033707865168
Madhya Pradesh,Khargone,2016-06-01,21.825599,75.614182,6,Monsoon,118.0,0.0,0.4981724961,2.0,313.06,103.33333333333333,0.0,0.14563106796116498
Madhya Pradesh,Khargone,2016-07-01,21.825599,75.614182,7,Monsoon,185.0,0.0,2.75879860575,4.5,302.46500000000003,61.833333333333336,0.0,-0.10738874467688028
Madhya Pradesh,Khargone,2016-10-01,21.825599,75.614182,10,Post-Monsoon,14.0,0.0,2.47e-05,16.0,305.69,39.0,0.0,-0.7142857142857143
Madhya Pradesh,Khargone,2016-11-01,21.825599,75.614182,11,Post-Monsoon,25.0,0.0,8.94e-05,12.0,306.44,29.333333333333332,0.0,0.7857142857142858
Madhya Pradesh,Khargone,2017-03-01,21.825599,75.614182,3,Summer,29.0,0.0,8.95e-05,5.0,314.19,22.666666666666668,0.0,0.15999999999999992
Madhya Pradesh,Khargone,2017-05-01,21.825599,75.614182,5,Summer,205.0,0.0,0.00965158883,4.0,322.60333330000003,45.083333333333336,0.0,0.2163839203392956
Madhya Pradesh,Khargone,2017-06-01,21.825599,75.614182,6,Monsoon,442.0,0.0,0.3101214915033333,6.666666666666667,309.8086666666666,81.8888888888889,0.0,1.5930134680134678
Madhya Pradesh,Khargone,2017-08-01,21.825599,75.614182,8,Monsoon,41.0,0.0,0.6359981043,8.0,298.2,150.0,0.0,-0.8783382789317508
Madhya Pradesh,Khargone,2017-10-01,21.825599,75.614182,10,Post-Monsoon,80.0,0.0,0.004172980519,14.5,304.9513333,88.5,0.0,0.1402439024390244
Madhya Pradesh,Khargone,2017-11-01,21.825599,75.614182,11,Post-Monsoon,47.0,0.0,6.83e-05,10.0,306.5566666,42.333333333333336,0.0,-0.02083333333333337
Madhya Pradesh,Khargone,2018-04-01,21.825599,75.614182,4,Summer,46.0,0.0,8.38e-05,9.0,322.93333340000004,47.0,0.0,-0.021276595744680882
Madhya Pradesh,Khargone,2018-06-01,21.825599,75.614182,6,Monsoon,139.0,0.0,0.22571022481000003,6.0,308.96333333333337,45.333333333333336,0.0,0.14276072747939758
Madhya Pradesh,Khargone,2018-07-01,21.825599,75.614182,7,Monsoon,71.0,0.0,1.42602008,1.0,303.445,42.0,0.0,-0.13476874003189787
Madhya Pradesh,Khargone,2018-08-01,21.825599,75.614182,8,Monsoon,165.0,1.0,0.2379220767,4.0,303.445,78.66666666666667,0.3333333333333333,3.3421052631578947
Madhya Pradesh,Khargone,2019-05-01,21.825599,75.614182,5,Summer,49.0,0.0,0.0009835676721,4.0,323.016,84.0,0.3333333333333333,-0.703030303030303
Madhya Pradesh,Khargone,2020-10-01,21.825599,75.614182,10,Post-Monsoon,22.0,0.0,0.0829532973,11.0,303.98,78.66666666666667,0.3333333333333333,-0.5510204081632653
Madhya Pradesh,Khargone,2021-06-01,21.825599,75.614182,6,Monsoon,174.0,0.0,0.2327137536,5.0,307.62,81.66666666666667,0.0,5.0
Madhya Pradesh,Khargone,2021-07-01,21.825599,75.614182,7,Monsoon,138.0,0.0,0.3735497957,10.0,309.23,111.33333333333333,0.0,-0.2068965517241379
Madhya Pradesh,Mandla,2009-07-01,22.68536625,80.58150562,7,Monsoon,111.0,3.0,0.2883064487,9.0,302.34000000000003,111.0,3.0,0.0
Madhya Pradesh,Mandla,2010-12-01,22.68536625,80.58150562,12,Winter,163.0,0.0,0.01170190724,14.0,302.192,137.0,1.5,0.46846846846846857
Madhya Pradesh,Mandla,2011-11-01,22.68536625,80.58150562,11,Post-Monsoon,33.0,0.0,6.24e-05,14.0,303.9666666,102.33333333333333,1.0,-0.7975460122699387
Madhya Pradesh,Mandla,2012-08-01,22.68536625,80.58150562,8,Monsoon,26.0,2.0,1.283515782,5.0,303.445,74.0,0.6666666666666666,-0.21212121212121215
Madhya Pradesh,Mandla,2013-01-01,22.68536625,80.58150562,1,Winter,11.0,0.0,0.03358013003,9.0,298.65500000000003,23.333333333333332,0.6666666666666666,-0.5769230769230769
Madhya Pradesh,Mandla,2013-03-01,22.68536625,80.58150562,3,Summer,14.0,0.0,0.1797353022,6.0,304.9033334,17.0,0.6666666666666666,0.2727272727272727
Madhya Pradesh,Mandla,2013-06-01,22.68536625,80.58150562,6,Monsoon,195.0,2.0,0.7003738826,5.0,314.0066666,73.33333333333333,0.6666666666666666,5.0
Madhya Pradesh,Mandla,2014-01-01,22.68536625,80.58150562,1,Winter,31.0,0.0,0.005135531505,10.0,296.74,80.0,0.6666666666666666,-0.841025641025641
Madhya Pradesh,Mandla,2014-05-01,22.68536625,80.58150562,5,Summer,111.0,0.0,0.02503966181,9.0,313.432,69.66666666666667,0.3333333333333333,0.41645161290322574
Madhya Pradesh,Mandla,2014-06-01,22.68536625,80.58150562,6,Monsoon,15.0,0.0,0.5874556802,10.0,306.87,42.0,0.0,-0.7540983606557377
Madhya Pradesh,Mandla,2014-07-01,22.68536625,80.58150562,7,Monsoon,21.0,0.0,1.459695788,2.0,303.445,32.333333333333336,0.0,0.3999999999999999
Madhya Pradesh,Mandla,2014-10-01,22.68536625,80.58150562,10,Post-Monsoon,207.0,0.0,0.03074617816,18.0,302.6666666,81.0,0.0,5.0
Madhya Pradesh,Mandla,2014-11-01,22.68536625,80.58150562,11,Post-Monsoon,7.0,1.0,0.0008195076441,18.0,302.03200000000004,78.33333333333333,0.3333333333333333,-0.966183574879227
Madhya Pradesh,Mandla,2015-05-01,22.68536625,80.58150562,5,Summer,16.0,0.0,0.0247886308,6.0,315.03000000000003,76.66666666666667,0.3333333333333333,1.2857142857142856
Madhya Pradesh,Mandla,2015-07-01,22.68536625,80.58150562,7,Monsoon,11.0,0.0,0.3312562979,12.0,303.02,11.333333333333334,0.3333333333333333,-0.3125
Madhya Pradesh,Mandla,2015-10-01,22.68536625,80.58150562,10,Post-Monsoon,174.0,1.0,0.029588386360333337,18.333333333333332,305.15111113333336,30.88888888888889,0.3333333333333333,1.9663299663299663
Madhya Pradesh,Mandla,2016-07-01,22.68536625,80.58150562,7,Monsoon,49.0,5.0,0.631774217,10.0,303.445,65.33333333333333,1.6666666666666667,-0.6370370370370371
Madhya Pradesh,Mandla,2018-06-01,22.68536625,80.58150562,6,Monsoon,9.0,0.0,1.015138133,8.0,309.17,64.33333333333333,1.6666666666666667,-0.8163265306122449
Madhya Pradesh,Mandla,2018-07-01,22.68536625,80.58150562,7,Monsoon,4.0,1.0,1.201668438,12.0,302.40000000000003,20.666666666666668,2.0,-0.5555555555555556
Madhya Pradesh,Mandsaur,2009-06-01,24.2651306,75.38718194,6,Monsoon,156.0,0.0,0.07596816822,2.0,315.872,156.0,0.0,0.0
Madhya Pradesh,Mandsaur,2011-11-01,24.2651306,75.38718194,11,Post-Monsoon,29.0,4.0,5.96e-05,5.0,308.05333340000004,92.5,2.0,-0.8141025641025641
Madhya Pradesh,Mandsaur,2013-03-01,24.2651306,75.38718194,3,Summer,24.0,0.0,6.76e-05,9.0,312.8066666,69.66666666666667,1.3333333333333333,-0.1724137931034483
Madhya Pradesh,Mandsaur,2013-07-01,24.2651306,75.38718194,7,Monsoon,20.0,0.0,0.7179511373,4.0,302.34000000000003,24.333333333333332,1.3333333333333333,-0.16666666666666663
Madhya Pradesh,Mandsaur,2014-12-01,24.2651306,75.38718194,12,Winter,239.0,0.0,5.02e-05,8.0,296.584,94.33333333333333,0.0,5.0
Madhya Pradesh,Mandsaur,2015-04-01,24.2651306,75.38718194,4,Summer,63.0,0.0,0.001109563818,9.0,317.09200000000004,107.33333333333333,0.0,-0.7364016736401673
Madhya Pradesh,Mandsaur,2015-10-01,24.2651306,75.38718194,10,Post-Monsoon,27.0,0.0,0.0001030106842,6.0,312.31,109.66666666666667,0.0,-0.5714285714285714
Madhya Pradesh,Mandsaur,2015-11-01,24.2651306,75.38718194,11,Post-Monsoon,30.0,0.0,4.6e-05,6.0,306.016,40.0,0.0,0.11111111111111116
Madhya Pradesh,Mandsaur,2016-05-01,24.2651306,75.38718194,5,Summer,37.0,0.0,0.06158245295,9.0,319.74333340000004,31.333333333333332,0.0,0.2333333333333334
Madhya Pradesh,Mandsaur,2017-11-01,24.2651306,75.38718194,11,Post-Monsoon,35.0,0.0,2.57e-05,6.0,306.34000000000003,34.0,0.0,-0.05405405405405406
Madhya Pradesh,Mandsaur,2022-05-01,24.2651306,75.38718194,5,Summer,254.0,0.0,0.0113970782,3.0,317.3666666,108.66666666666667,0.0,5.0
Madhya Pradesh,Morena,2009-07-01,26.166667,77.5,7,Monsoon,59.0,0.0,0.3380770713,9.0,314.2,59.0,0.0,0.0
Madhya Pradesh,Morena,2009-08-01,26.166667,77.5,8,Monsoon,60.0,2.0,0.9951092707,11.0,304.8275,40.83333333333333,0.8333333333333333,-0.08813559322033904
Madhya Pradesh,Morena,2010-08-01,26.166667,77.5,8,Monsoon,26.0,0.0,0.6273805897,8.0,302.38,28.666666666666668,0.6666666666666666,-0.2571428571428571
Madhya Pradesh,Morena,2010-11-01,26.166667,77.5,11,Post-Monsoon,234.0,0.0,0.01270885435,8.0,303.37333340000004,73.0,0.0,1.75
Madhya Pradesh,Morena,2011-02-01,26.166667,77.5,2,Winter,12.0,0.0,0.1326510865,12.0,298.385,82.0,0.0,-0.8974358974358975
Madhya Pradesh,Morena,2013-07-01,26.166667,77.5,7,Monsoon,35.0,0.0,0.3363460802,9.0,302.5666666,54.666666666666664,0.0,1.9166666666666665
Madhya Pradesh,Morena,2013-08-01,26.166667,77.5,8,Monsoon,11.0,2.0,0.8222058393,16.0,303.13,19.333333333333332,0.6666666666666666,-0.6857142857142857
Madhya Pradesh,Morena,2014-09-01,26.166667,77.5,9,Monsoon,43.0,0.0,0.0001060182002,15.0,306.9616667,20.833333333333336,0.6666666666666666,0.49636363636363645
Madhya Pradesh,Morena,2014-10-01,26.166667,77.5,10,Post-Monsoon,210.0,1.0,0.0029899362612,10.333333333333334,309.8544444666666,43.88888888888889,0.1111111111111111,2.091168091168091
Madhya Pradesh,Morena,2014-11-01,26.166667,77.5,11,Post-Monsoon,74.0,0.0,7.82e-05,9.0,301.516,77.33333333333333,0.3333333333333333,-0.46376811594202894
Madhya Pradesh,Morena,2015-08-01,26.166667,77.5,8,Monsoon,50.0,0.0,0.4048208289,9.0,299.08,87.33333333333333,0.3333333333333333,-0.32432432432432434
Madhya Pradesh,Morena,2015-11-01,26.166667,77.5,11,Post-Monsoon,163.0,0.0,0.0001566361446,7.0,305.31333340000003,95.66666666666667,0.0,2.26
Madhya Pradesh,Morena,2016-05-01,26.166667,77.5,5,Summer,121.0,0.0,0.023385278614999998,3.5,311.935,96.16666666666667,0.0,-0.498351226993865
Madhya Pradesh,Morena,2016-09-01,26.166667,77.5,9,Monsoon,179.0,0.0,0.2438349005,9.0,303.06100000000004,82.5,0.0,0.959217611656636
Madhya Pradesh,Morena,2017-08-01,26.166667,77.5,8,Monsoon,18.0,0.0,0.7744701128,7.0,303.445,65.66666666666667,0.0,-0.28
Madhya Pradesh,Morena,2017-10-01,26.166667,77.5,10,Post-Monsoon,3.0,0.0,5.48e-05,9.0,311.28000000000003,15.333333333333334,0.0,-0.8333333333333334
Madhya Pradesh,Morena,2018-03-01,26.166667,77.5,3,Summer,36.0,0.0,0.002149271036,6.0,309.5166666,19.0,0.0,5.0
Madhya Pradesh,Morena,2018-05-01,26.166667,77.5,5,Summer,17.0,0.0,0.000133343362,3.0,318.74333340000004,18.666666666666668,0.0,-0.5277777777777778
Madhya Pradesh,Morena,2018-08-01,26.166667,77.5,8,Monsoon,18.0,0.0,0.9372526563500001,9.5,303.4725,15.666666666666668,0.0,0.17647058823529416
Madhya Pradesh,Morena,2019-08-01,26.166667,77.5,8,Monsoon,15.0,0.0,0.8378399969,14.0,301.11333340000004,11.0,0.0,0.25
Madhya Pradesh,Morena,2019-10-01,26.166667,77.5,10,Post-Monsoon,12.0,2.0,0.0106106076,14.0,303.7,13.0,0.6666666666666666,-0.19999999999999996
Madhya Pradesh,Morena,2022-05-01,26.166667,77.5,5,Summer,19.0,0.0,0.0027303148350500002,3.0,314.0433333,12.166666666666668,0.6666666666666666,-0.2416666666666667
Madhya Pradesh,Morena,2022-06-01,26.166667,77.5,6,Monsoon,12.0,0.0,4.75e-05,3.0,318.4833334,10.333333333333334,0.0,2.0
Madhya Pradesh,Narsinghpur,2010-07-01,22.9467047,79.1980228,7,Monsoon,128.0,0.0,0.60089528815,6.5,304.1225,48.0,0.0,1.0
Madhya Pradesh,Narsinghpur,2011-07-01,22.9467047,79.1980228,7,Monsoon,46.0,0.0,2.468751969,11.0,303.445,58.0,0.0,-0.5208333333333333
Madhya Pradesh,Narsinghpur,2013-07-01,22.9467047,79.1980228,7,Monsoon,92.0,0.0,1.561696596,7.0,303.445,78.0,0.0,1.0
Madhya Pradesh,Narsinghpur,2014-04-01,22.9467047,79.1980228,4,Summer,63.0,0.0,0.004870074212,5.0,315.4566666,67.0,0.0,-0.3152173913043478
Madhya Pradesh,Narsinghpur,2016-07-01,22.9467047,79.1980228,7,Monsoon,165.0,0.0,0.2689124354,6.0,303.445,81.0,0.0,0.11843119124672519
Madhya Pradesh,Narsinghpur,2017-07-01,22.9467047,79.1980228,7,Monsoon,14.0,1.0,0.4755056986,2.0,303.445,59.666666666666664,0.3333333333333333,-0.7741935483870968
Madhya Pradesh,Narsinghpur,2018-08-01,22.9467047,79.1980228,8,Monsoon,27.0,0.0,0.7956620973,7.0,303.445,34.333333333333336,0.3333333333333333,0.9285714285714286
Madhya Pradesh,Narsinghpur,2022-05-01,22.9467047,79.1980228,5,Summer,136.0,2.0,0.02829364721,9.0,308.0733334,59.0,1.0,4.037037037037037
Madhya Pradesh,Neemuch,2011-10-01,24.6301735,75.18310518,10,Post-Monsoon,65.0,0.0,6.87e-05,7.0,310.2866666,65.0,0.0,0.0
Madhya Pradesh,Neemuch,2012-11-01,24.6301735,75.18310518,11,Post-Monsoon,70.0,0.0,4.03e-05,7.0,302.93333340000004,67.5,0.0,0.07692307692307687
Madhya Pradesh,Neemuch,2014-07-01,24.6301735,75.18310518,7,Monsoon,50.0,0.0,0.001706140763,4.0,309.42,61.666666666666664,0.0,-0.2857142857142857
Madhya Pradesh,Neemuch,2015-01-01,24.6301735,75.18310518,1,Winter,268.0,0.0,0.01022539908,9.0,296.7366666,129.33333333333334,0.0,4.36
Madhya Pradesh,Nimach,2015-06-01,24.4624649,74.8501137,6,Monsoon,55.0,0.0,0.1928042494,3.0,308.016,55.0,0.0,0.0
Madhya Pradesh,Nimach,2016-09-01,24.4624649,74.8501137,9,Monsoon,10.0,0.0,0.5788444259,9.0,298.72,32.5,0.0,-0.8181818181818181
Madhya Pradesh,Nimach,2016-10-01,24.4624649,74.8501137,10,Post-Monsoon,11.0,0.0,0.006228167574,8.0,307.5266666,25.333333333333332,0.0,0.10000000000000009
Madhya Pradesh,Nimach,2019-06-01,24.4624649,74.8501137,6,Monsoon,123.0,0.0,0.5770076868,3.0,315.276,48.0,0.0,5.0
Madhya Pradesh,Panna,2009-08-01,24.5,80.25,8,Monsoon,15.0,0.0,0.6556518823,12.0,302.3,15.0,0.0,0.0
Madhya Pradesh,Panna,2010-07-01,24.5,80.25,7,Monsoon,21.0,0.0,0.7466248572,10.0,304.42,18.0,0.0,0.3999999999999999
Madhya Pradesh,Panna,2010-09-01,24.5,80.25,9,Monsoon,20.0,1.0,0.8128650536,21.0,301.705,18.666666666666668,0.3333333333333333,-0.04761904761904767
Madhya Pradesh,Panna,2011-09-01,24.5,80.25,9,Monsoon,66.0,0.0,0.8356018248,13.0,301.72,35.666666666666664,0.3333333333333333,2.3
Madhya Pradesh,Panna,2011-11-01,24.5,80.25,11,Post-Monsoon,25.0,0.0,6.36e-05,8.0,306.2933334,37.0,0.3333333333333333,-0.6212121212121212
Madhya Pradesh,Panna,2012-06-01,24.5,80.25,6,Monsoon,16.0,1.0,0.004561428587,4.0,316.12,35.666666666666664,0.3333333333333333,-0.36
Madhya Pradesh,Panna,2013-08-01,24.5,80.25,8,Monsoon,37.0,0.0,0.3344112861,7.0,300.5266666,26.0,0.3333333333333333,1.3125
Madhya Pradesh,Panna,2014-06-01,24.5,80.25,6,Monsoon,14.0,0.0,0.004290013731,5.0,318.96,22.333333333333332,0.3333333333333333,-0.6216216216216216
Madhya Pradesh,Panna,2014-08-01,24.5,80.25,8,Monsoon,24.0,0.0,0.7564161567,9.0,303.445,25.0,0.0,0.7142857142857142
Madhya Pradesh,Panna,2015-07-01,24.5,80.25,7,Monsoon,56.0,2.0,0.6532520202,8.0,304.1333334,31.333333333333332,0.6666666666666666,1.3333333333333335
Madhya Pradesh,Panna,2015-08-01,24.5,80.25,8,Monsoon,20.0,0.0,0.7935355192,9.0,299.84000000000003,33.333333333333336,0.6666666666666666,-0.6428571428571428
Madhya Pradesh,Panna,2015-09-01,24.5,80.25,9,Monsoon,97.0,0.0,0.1457369378,9.0,301.04,57.666666666666664,0.6666666666666666,3.8499999999999996
Madhya Pradesh,Panna,2018-06-01,24.5,80.25,6,Monsoon,27.0,1.0,0.02915247292,4.0,315.9566666,48.0,0.3333333333333333,-0.7216494845360825
Madhya Pradesh,Panna,2018-07-01,24.5,80.25,7,Monsoon,23.0,1.0,1.107004691,3.0,303.445,49.0,0.6666666666666666,-0.14814814814814814
Madhya Pradesh,Panna,2018-08-01,24.5,80.25,8,Monsoon,38.0,0.0,0.58799552845,7.5,303.5325,22.666666666666664,0.5,-0.1965217391304348
Madhya Pradesh,Raisen,2009-08-01,23.25,78.083333,8,Monsoon,341.0,2.0,0.2088473206,23.0,300.48,341.0,2.0,0.0
Madhya Pradesh,Raisen,2010-08-01,23.25,78.083333,8,Monsoon,28.0,0.0,0.8790689551,3.0,303.445,184.5,1.0,-0.9178885630498533
Madhya Pradesh,Raisen,2011-09-01,23.25,78.083333,9,Monsoon,208.0,4.0,0.7443816514,16.0,290.45,192.33333333333334,2.0,5.0
Madhya Pradesh,Raisen,2013-07-01,23.25,78.083333,7,Monsoon,12.0,2.0,2.390765664,5.0,299.40000000000003,82.66666666666667,2.0,-0.9423076923076923
Madhya Pradesh,Raisen,2014-05-01,23.25,78.083333,5,Summer,92.0,0.0,0.0003006299713,5.0,319.608,104.0,2.0,5.0
Madhya Pradesh,Raisen,2016-07-01,23.25,78.083333,7,Monsoon,10.0,1.0,3.156636067,2.0,303.445,38.0,1.0,-0.8913043478260869
Madhya Pradesh,Raisen,2016-08-01,23.25,78.083333,8,Monsoon,118.0,0.0,1.3075799753666666,6.0,302.81666666666666,33.55555555555556,0.2222222222222222,1.2024242424242424
Madhya Pradesh,Raisen,2017-04-01,23.25,78.083333,4,Summer,25.0,0.0,0.0001315401511,4.0,320.896,39.333333333333336,0.0,-0.647887323943662
Madhya Pradesh,Raisen,2017-09-01,23.25,78.083333,9,Monsoon,13.0,0.0,0.3982459605,9.0,304.91,36.333333333333336,0.0,-0.48
Madhya Pradesh,Raisen,2017-10-01,23.25,78.083333,10,Post-Monsoon,78.0,1.0,0.109680055555,13.5,304.8425,24.5,0.3333333333333333,1.358974358974359
Madhya Pradesh,Raisen,2018-08-01,23.25,78.083333,8,Monsoon,13.0,1.0,0.363364831,2.0,289.7,30.333333333333332,0.6666666666666666,-0.7833333333333333
Madhya Pradesh,Raisen,2019-07-01,23.25,78.083333,7,Monsoon,16.0,0.0,2.298592539,3.0,303.445,29.666666666666668,0.3333333333333333,0.23076923076923084
Madhya Pradesh,Raisen,2019-11-01,23.25,78.083333,11,Post-Monsoon,150.0,2.0,0.07995130794,12.0,303.3,59.666666666666664,1.0,5.0
Madhya Pradesh,Rajgarh,2010-08-01,23.87167135,76.7748902,8,Monsoon,216.0,0.0,0.9421431808,10.0,301.36,216.0,0.0,0.0
Madhya Pradesh,Rajgarh,2011-11-01,23.87167135,76.7748902,11,Post-Monsoon,62.0,0.0,5.96e-05,5.0,310.192,139.0,0.0,-0.712962962962963
Madhya Pradesh,Rajgarh,2013-07-01,23.87167135,76.7748902,7,Monsoon,69.0,0.0,0.7578438445,2.0,307.74,115.66666666666667,0.0,0.11290322580645151
Madhya Pradesh,Rajgarh,2016-06-01,23.87167135,76.7748902,6,Monsoon,42.0,0.0,0.006694902246,2.0,315.1433334,57.666666666666664,0.0,-0.3913043478260869
Madhya Pradesh,Rajgarh,2016-07-01,23.87167135,76.7748902,7,Monsoon,31.0,0.0,1.063863333,9.0,303.445,47.333333333333336,0.0,-0.26190476190476186
Madhya Pradesh,Rajgarh,2016-09-01,23.87167135,76.7748902,9,Monsoon,28.0,0.0,0.06858938929,9.0,301.12,23.833333333333336,0.0,-0.04985337243401761
Madhya Pradesh,Rajgarh,2016-10-01,23.87167135,76.7748902,10,Post-Monsoon,41.0,0.0,0.3364512638,9.0,306.5266666,23.0,0.0,1.4117647058823528
Madhya Pradesh,Rajgarh,2018-04-01,23.87167135,76.7748902,4,Summer,24.0,0.0,0.005254636682,3.0,321.0,27.333333333333332,0.0,-0.41463414634146345
Madhya Pradesh,Ratlam,2015-07-01,23.4805919,74.91931943,7,Monsoon,836.5599999999977,0.0,0.08795929723,5.0,305.495,836.5599999999977,0.0,0.0
Madhya Pradesh,Ratlam,2016-06-01,23.4805919,74.91931943,6,Monsoon,216.0,0.0,0.33770488435,6.0,310.20000000000005,401.0666666666657,0.0,0.17581089657210935
Madhya Pradesh,Ratlam,2016-07-01,23.4805919,74.91931943,7,Monsoon,1586.5599999999977,2.0,2.984699750666666,2.0,303.445,475.23555555555504,0.5555555555555555,1.0305269437597826
Madhya Pradesh,Ratlam,2016-08-01,23.4805919,74.91931943,8,Monsoon,297.0,0.0,2.7909338065,4.0,303.445,194.59333333333294,0.16666666666666666,3.833333333333333
Madhya Pradesh,Ratlam,2017-06-01,23.4805919,74.91931943,6,Monsoon,425.0,0.0,0.2113019916,4.0,311.77500000000003,240.66666666666666,0.0,0.5454545454545454
Madhya Pradesh,Ratlam,2022-05-01,23.4805919,74.91931943,5,Summer,113.0,0.0,2.79e-05,3.0,317.87,271.0,0.0,-0.7341176470588235
Madhya Pradesh,Rewa,2010-09-01,24.756718,81.65493469,9,Monsoon,39.0,0.0,0.4424886511,13.0,302.24,39.0,0.0,0.0
Madhya Pradesh,Rewa,2012-08-01,24.756718,81.65493469,8,Monsoon,55.0,0.0,1.1624859899,8.5,303.445,34.666666666666664,0.0,-0.2823977823977824
Madhya Pradesh,Rewa,2013-08-01,24.756718,81.65493469,8,Monsoon,24.0,1.0,0.3005525994,13.0,301.1066666,26.333333333333332,0.3333333333333333,0.33333333333333326
Madhya Pradesh,Rewa,2014-08-01,24.756718,81.65493469,8,Monsoon,21.0,0.0,0.4729643307,11.0,303.76,21.0,0.3333333333333333,-0.125
Madhya Pradesh,Rewa,2014-10-01,24.756718,81.65493469,10,Post-Monsoon,12.0,0.0,0.5880790668,9.0,305.8866666,19.0,0.3333333333333333,-0.4285714285714286
Madhya Pradesh,Rewa,2016-07-01,24.756718,81.65493469,7,Monsoon,77.0,0.0,0.6818955623,5.0,307.32,36.666666666666664,0.0,5.0
Madhya Pradesh,Rewa,2016-08-01,24.756718,81.65493469,8,Monsoon,12.0,0.0,0.3974956434,11.0,301.9733334,33.666666666666664,0.0,-0.8441558441558441
Madhya Pradesh,Rewa,2016-10-01,24.756718,81.65493469,10,Post-Monsoon,18.0,0.0,0.3002715701,9.0,302.212,35.666666666666664,0.0,0.5
Madhya Pradesh,Rewa,2017-04-01,24.756718,81.65493469,4,Summer,20.0,0.0,6.25e-05,4.0,317.34000000000003,16.666666666666668,0.0,0.11111111111111116
Madhya Pradesh,Rewa,2017-05-01,24.756718,81.65493469,5,Summer,24.0,0.0,0.01747010826,4.0,318.1066666,20.666666666666668,0.0,0.19999999999999996
Madhya Pradesh,Rewa,2018-10-01,24.756718,81.65493469,10,Post-Monsoon,91.0,0.0,0.003246936904,13.0,307.95,45.0,0.0,2.7916666666666665
Madhya Pradesh,Rewa,2018-11-01,24.756718,81.65493469,11,Post-Monsoon,10.0,2.0,2.62e-05,6.0,303.6666666,41.666666666666664,0.6666666666666666,-0.8901098901098901
Madhya Pradesh,Rewa,2022-06-01,24.756718,81.65493469,6,Monsoon,20.0,1.0,0.0004349343701,4.0,315.416,40.333333333333336,1.0,1.0
Madhya Pradesh,Sagar,2009-07-01,23.80961225,78.75911361,7,Monsoon,151.0,2.0,0.3013048888,9.0,300.7733334,151.0,2.0,0.0
Madhya Pradesh,Sagar,2009-08-01,23.80961225,78.75911361,8,Monsoon,23.0,0.0,0.1534465756,24.0,300.956,87.0,1.0,-0.847682119205298
Madhya Pradesh,Sagar,2010-07-01,23.80961225,78.75911361,7,Monsoon,45.0,1.0,0.5671101062,9.0,310.96,73.0,1.0,0.9565217391304348
Madhya Pradesh,Sagar,2011-07-01,23.80961225,78.75911361,7,Monsoon,10.0,1.0,1.143457379,9.0,308.98,26.0,0.6666666666666666,-0.7777777777777778
Madhya Pradesh,Sagar,2011-09-01,23.80961225,78.75911361,9,Monsoon,11.0,0.0,0.0730418219,20.0,301.6366666,22.0,0.6666666666666666,0.10000000000000009
Madhya Pradesh,Sagar,2015-07-01,23.80961225,78.75911361,7,Monsoon,15.0,0.0,2.067841664,9.0,303.445,12.0,0.3333333333333333,0.36363636363636354
Madhya Pradesh,Sagar,2015-10-01,23.80961225,78.75911361,10,Post-Monsoon,21.0,0.0,0.001540964226,9.0,310.7266666,15.666666666666666,0.0,0.3999999999999999
Madhya Pradesh,Sagar,2015-11-01,23.80961225,78.75911361,11,Post-Monsoon,10.0,0.0,0.0001833807178,9.0,305.44333340000003,15.333333333333334,0.0,-0.5238095238095238
Madhya Pradesh,Sagar,2016-05-01,23.80961225,78.75911361,5,Summer,44.0,1.0,0.01321154819,6.5,316.5116666,17.333333333333336,0.3333333333333333,0.6078947368421053
Madhya Pradesh,Satna,2010-12-01,24.5,81.0,12,Winter,13.0,0.0,0.03711341118,8.0,298.355,13.0,0.0,0.0
Madhya Pradesh,Satna,2012-07-01,24.5,81.0,7,Monsoon,77.0,1.0,1.3158342859999999,3.5,303.445,26.75,0.41666666666666663,0.9400452488687783
Madhya Pradesh,Satna,2012-08-01,24.5,81.0,8,Monsoon,12.0,1.0,0.7642599882,3.0,303.445,29.666666666666668,0.6666666666666666,-0.7209302325581395
Madhya Pradesh,Satna,2014-09-01,24.5,81.0,9,Monsoon,23.0,1.0,0.316752176,15.0,300.64,26.0,0.6666666666666666,0.9166666666666667
Madhya Pradesh,Satna,2014-10-01,24.5,81.0,10,Post-Monsoon,11.0,0.0,0.03681917971,15.0,305.356,15.333333333333334,0.6666666666666666,-0.5217391304347826
Madhya Pradesh,Satna,2018-07-01,24.5,81.0,7,Monsoon,15.0,0.0,1.429372551,9.0,303.445,16.333333333333332,0.3333333333333333,0.36363636363636354
Madhya Pradesh,Satna,2018-08-01,24.5,81.0,8,Monsoon,12.0,1.0,1.184756944,2.0,303.445,12.666666666666666,0.3333333333333333,-0.19999999999999996
Madhya Pradesh,Satna,2019-09-01,24.5,81.0,9,Monsoon,13.0,2.0,0.7762360833,15.0,302.2266666,13.333333333333334,1.0,0.08333333333333326
Madhya Pradesh,Sehore,2009-07-01,23.1156882,77.06623939,7,Monsoon,12.0,0.0,2.075410252,3.0,304.72,12.0,0.0,0.0
Madhya Pradesh,Sehore,2011-08-01,23.1156882,77.06623939,8,Monsoon,12.0,0.0,1.475803153,9.0,303.445,12.0,0.0,0.0
Madhya Pradesh,Sehore,2012-05-01,23.1156882,77.06623939,5,Summer,17.0,0.0,0.02901056082,4.0,321.16,13.666666666666666,0.0,0.41666666666666674
Madhya Pradesh,Sehore,2013-04-01,23.1156882,77.06623939,4,Summer,11.0,0.0,0.005804015307,4.0,320.4733334,13.333333333333334,0.0,-0.3529411764705882
Madhya Pradesh,Sehore,2013-06-01,23.1156882,77.06623939,6,Monsoon,19.0,0.0,0.5326670902,3.0,312.4533334,15.666666666666666,0.0,0.7272727272727273
Madhya Pradesh,Sehore,2014-05-01,23.1156882,77.06623939,5,Summer,60.0,0.0,0.001122450004,5.0,319.1666666,30.0,0.0,2.1578947368421053
Madhya Pradesh,Sehore,2014-07-01,23.1156882,77.06623939,7,Monsoon,41.0,0.0,0.7541823366,1.0,283.96,40.0,0.0,-0.31666666666666665
Madhya Pradesh,Sehore,2014-08-01,23.1156882,77.06623939,8,Monsoon,55.0,0.0,0.53739072555,11.0,302.32,36.16666666666667,0.0,0.11890243902439024
Madhya Pradesh,Sehore,2014-09-01,23.1156882,77.06623939,9,Monsoon,106.0,0.0,0.9787843565000001,11.0,302.22249999999997,40.66666666666667,0.0,0.28988095238095235
Madhya Pradesh,Sehore,2014-10-01,23.1156882,77.06623939,10,Post-Monsoon,140.0,1.0,0.02578705988,15.0,308.33,82.0,0.3333333333333333,1.4137931034482758
Madhya Pradesh,Sehore,2014-11-01,23.1156882,77.06623939,11,Post-Monsoon,10.0,0.0,4.98e-05,7.0,305.3466666,69.33333333333333,0.3333333333333333,-0.9285714285714286
Madhya Pradesh,Sehore,2014-12-01,23.1156882,77.06623939,12,Winter,50.0,0.0,2.71e-05,7.0,305.09000000000003,66.66666666666667,0.3333333333333333,4.0
Madhya Pradesh,Sehore,2015-07-01,23.1156882,77.06623939,7,Monsoon,32.0,0.0,2.321387212,12.0,303.445,30.666666666666668,0.0,-0.36
Madhya Pradesh,Sehore,2015-10-01,23.1156882,77.06623939,10,Post-Monsoon,61.0,0.0,0.1220597568,9.0,306.975,47.666666666666664,0.0,0.90625
Madhya Pradesh,Sehore,2016-03-01,23.1156882,77.06623939,3,Summer,142.0,0.0,0.06965587465,9.0,316.68333340000004,78.33333333333333,0.0,1.3278688524590163
Madhya Pradesh,Sehore,2016-06-01,23.1156882,77.06623939,6,Monsoon,63.0,0.0,0.015224209188999999,3.0,313.2026667,71.33333333333333,0.0,0.14542253521126758
Madhya Pradesh,Sehore,2016-07-01,23.1156882,77.06623939,7,Monsoon,12.0,0.0,1.097717652,1.0,306.02,25.0,0.0,-0.7209302325581395
Madhya Pradesh,Sehore,2017-07-01,23.1156882,77.06623939,7,Monsoon,49.0,0.0,0.181617011,9.0,309.16,34.666666666666664,0.0,3.083333333333333
Madhya Pradesh,Sehore,2017-08-01,23.1156882,77.06623939,8,Monsoon,116.0,0.0,1.105708936,10.0,303.445,43.0,0.0,0.6390306122448979
Madhya Pradesh,Sehore,2017-10-01,23.1156882,77.06623939,10,Post-Monsoon,246.0,0.0,0.01892968017,9.5,308.7816666,94.5,0.0,0.2367670208579299
Madhya Pradesh,Sehore,2018-07-01,23.1156882,77.06623939,7,Monsoon,24.0,0.0,1.505133439,3.0,304.08,90.0,0.0,-0.808
Madhya Pradesh,Sehore,2018-08-01,23.1156882,77.06623939,8,Monsoon,22.0,0.0,0.06964986074,7.0,299.66,57.0,0.0,-0.08333333333333337
Madhya Pradesh,Seoni,2009-06-01,22.2758789,79.72104465,6,Monsoon,37.0,1.0,0.02609077949,3.5,319.755,24.75,0.25,-0.4032258064516129
Madhya Pradesh,Seoni,2009-07-01,22.2758789,79.72104465,7,Monsoon,74.0,0.0,0.73931823405,8.5,304.77250000000004,29.5,0.3333333333333333,2.1166666666666667
Madhya Pradesh,Seoni,2010-07-01,22.2758789,79.72104465,7,Monsoon,35.0,0.0,1.599986433,8.0,303.445,36.333333333333336,0.0,1.5
Madhya Pradesh,Seoni,2013-05-01,22.2758789,79.72104465,5,Summer,83.0,0.0,0.0001420775402,9.0,321.596,44.0,0.0,1.3714285714285714
Madhya Pradesh,Seoni,2013-07-01,22.2758789,79.72104465,7,Monsoon,53.0,0.0,1.387257754,6.0,303.445,57.0,0.0,-0.3614457831325302
Madhya Pradesh,Seoni,2020-11-01,22.2758789,79.72104465,11,Post-Monsoon,120.0,0.0,0.02168966444,7.0,307.14,85.33333333333333,0.0,1.2641509433962264
Madhya Pradesh,Shahdol,2009-07-01,23.3002343,81.364771,7,Monsoon,15.0,2.0,1.424143966,5.0,300.72,15.0,2.0,0.0
Madhya Pradesh,Shahdol,2010-08-01,23.3002343,81.364771,8,Monsoon,9.0,3.0,0.7768488816,17.0,303.445,12.0,2.5,-0.4
Madhya Pradesh,Shahdol,2011-11-01,23.3002343,81.364771,11,Post-Monsoon,35.0,0.0,4.93e-05,14.0,302.47,19.666666666666668,1.6666666666666667,2.888888888888889
Madhya Pradesh,Shahdol,2013-07-01,23.3002343,81.364771,7,Monsoon,67.0,3.0,1.0297664269333333,7.666666666666667,302.315,21.777777777777775,0.8888888888888888,0.7379551820728292
Madhya Pradesh,Shahdol,2013-09-01,23.3002343,81.364771,9,Monsoon,19.0,0.0,0.1231185492,19.0,300.6866666,26.0,0.6666666666666666,-0.24
Madhya Pradesh,Shahdol,2015-05-01,23.3002343,81.364771,5,Summer,21.0,0.0,0.001324613983,8.0,316.9166666,21.666666666666668,0.6666666666666666,0.10526315789473695
Madhya Pradesh,Shahdol,2016-07-01,23.3002343,81.364771,7,Monsoon,5.0,0.0,0.6663398819,10.0,303.445,15.0,0.0,-0.7619047619047619
Madhya Pradesh,Shahdol,2018-08-01,23.3002343,81.364771,8,Monsoon,9.0,1.0,0.7831479953,5.0,303.445,11.666666666666666,0.3333333333333333,0.8
Madhya Pradesh,Shahdol,2018-09-01,23.3002343,81.364771,9,Monsoon,16.0,1.0,1.711233088,15.0,303.445,10.0,0.6666666666666666,0.7777777777777777
Madhya Pradesh,Shajapur,2012-04-01,23.37074105,76.62051527,4,Summer,24.0,0.0,0.0009625176422,3.0,321.3066666,24.0,0.0,0.0
Madhya Pradesh,Shajapur,2014-01-01,23.37074105,76.62051527,1,Winter,22.0,0.0,0.3837164432,12.0,294.07,23.0,0.0,-0.08333333333333337
Madhya Pradesh,Shajapur,2015-06-01,23.37074105,76.62051527,6,Monsoon,65.0,0.0,0.4386026436,3.0,312.1,37.0,0.0,1.9545454545454546
Madhya Pradesh,Shajapur,2015-07-01,23.37074105,76.62051527,7,Monsoon,127.0,0.0,1.25693027557,5.5,303.125,51.83333333333333,0.0,0.7305288461538462
Madhya Pradesh,Shajapur,2015-08-01,23.37074105,76.62051527,8,Monsoon,66.0,0.0,0.498046402615,9.0,302.1958333,57.0,0.0,-0.6046783625730994
Madhya Pradesh,Shajapur,2016-07-01,23.37074105,76.62051527,7,Monsoon,14.0,0.0,0.5323417689,6.0,303.445,26.666666666666668,0.0,0.16666666666666674
Madhya Pradesh,Shajapur,2016-08-01,23.37074105,76.62051527,8,Monsoon,72.0,0.0,1.344609928,6.0,303.445,32.666666666666664,0.0,4.142857142857143
Madhya Pradesh,Sheopur,2013-09-01,25.6656611,76.6954843,9,Monsoon,25.0,0.0,0.3533737595,11.0,304.21,25.0,0.0,0.0
Madhya Pradesh,Sheopur,2015-08-01,25.6656611,76.6954843,8,Monsoon,9.0,1.0,0.8303885599,13.0,301.98,17.0,0.5,-0.64
Madhya Pradesh,Sheopur,2018-09-01,25.6656611,76.6954843,9,Monsoon,35.0,2.0,0.5547358536,13.0,271.86,23.0,1.0,2.888888888888889
Madhya Pradesh,Sheopur,2022-06-01,25.6656611,76.6954843,6,Monsoon,56.0,0.0,2.4e-05,4.0,313.59000000000003,33.333333333333336,1.0,0.6000000000000001
Madhya Pradesh,Sheopur- Kalan,2016-07-01,25.6713529,76.7005775,7,Monsoon,15.0,0.0,0.3837023032,5.0,308.26,15.0,0.0,0.0
Madhya Pradesh,Sheopur-Kalan,2016-08-01,25.6713529,76.7005775,8,Monsoon,6.0,1.0,0.3888912222,15.0,302.05,6.0,1.0,0.0
Madhya Pradesh,Shivpuri,2010-08-01,25.37524125,77.82811933,8,Monsoon,60.0,3.0,0.6199829436,11.5,301.4275,19.0,1.25,2.5
Madhya Pradesh,Shivpuri,2011-09-01,25.37524125,77.82811933,9,Monsoon,20.0,0.0,0.05848771364,23.0,300.808,26.666666666666668,1.0,-0.6153846153846154
Madhya Pradesh,Shivpuri,2013-07-01,25.37524125,77.82811933,7,Monsoon,12.0,0.0,0.8315040994,14.0,299.55,28.0,0.6666666666666666,-0.4
Madhya Pradesh,Shivpuri,2013-08-01,25.37524125,77.82811933,8,Monsoon,100.0,2.0,1.207750769,9.0,303.445,44.0,0.6666666666666666,5.0
Madhya Pradesh,Shivpuri,2013-09-01,25.37524125,77.82811933,9,Monsoon,232.0,1.0,0.5075644814676666,23.0,300.32444446666665,72.88888888888889,0.5555555555555555,1.125955056179775
Madhya Pradesh,Shivpuri,2014-04-01,25.37524125,77.82811933,4,Summer,14.0,0.0,0.0003622552896,6.0,312.93333340000004,76.33333333333333,0.3333333333333333,-0.6216216216216216
Madhya Pradesh,Shivpuri,2014-09-01,25.37524125,77.82811933,9,Monsoon,212.0,5.0,0.1813250442,16.0,306.7,87.66666666666667,2.0,5.0
Madhya Pradesh,Shivpuri,2015-09-01,25.37524125,77.82811933,9,Monsoon,83.0,0.0,0.06763146262,25.0,303.15000000000003,64.55555555555556,1.1111111111111112,0.11247379454926625
Madhya Pradesh,Shivpuri,2016-07-01,25.37524125,77.82811933,7,Monsoon,40.0,0.0,0.739306288,7.5,304.0183333,28.5,0.0,-0.37105263157894736
Madhya Pradesh,Shivpuri,2016-08-01,25.37524125,77.82811933,8,Monsoon,106.0,1.0,1.1478586211,9.5,299.1925,40.333333333333336,0.3333333333333333,1.8543209876543212
Madhya Pradesh,Shivpuri,2018-08-01,25.37524125,77.82811933,8,Monsoon,15.0,0.0,0.7680913363,9.0,300.74,40.333333333333336,0.3333333333333333,-0.4
Madhya Pradesh,Sidhi,2013-07-01,24.25,82.0,7,Monsoon,627.0,0.0,0.7037924451,8.0,305.24,627.0,0.0,0.0
Madhya Pradesh,Sidhi,2016-07-01,24.25,82.0,7,Monsoon,8.0,2.0,0.5106888191,5.0,300.90000000000003,263.5833333333333,0.5833333333333333,-0.49681020733652315
Madhya Pradesh,Sidhi,2016-08-01,24.25,82.0,8,Monsoon,38.0,0.0,0.50212688575,9.5,301.4491667,12.333333333333332,0.5,2.2916666666666665
Madhya Pradesh,Sidhi,2016-10-01,24.25,82.0,10,Post-Monsoon,5.0,1.0,0.5875210407,16.0,301.184,14.333333333333334,0.3333333333333333,-0.6428571428571428
Madhya Pradesh,Sidhi,2017-07-01,24.25,82.0,7,Monsoon,16.0,0.0,2.500361904,2.0,303.445,11.666666666666666,0.3333333333333333,2.2
Madhya Pradesh,Singrauli,2016-07-01,24.1974432,82.6661453,7,Monsoon,17.0,0.0,0.2944747256,5.0,306.2,17.0,0.0,0.0
Madhya Pradesh,Singrauli,2016-08-01,24.1974432,82.6661453,8,Monsoon,45.0,4.0,1.3299109990333333,12.333333333333334,300.08666666666664,14.555555555555555,0.5555555555555555,0.17331687919923214
Madhya Pradesh,Singrauli,2016-09-01,24.1974432,82.6661453,9,Monsoon,14.0,2.0,0.6952896057,15.0,302.068,15.333333333333334,2.0,-0.33333333333333337
Madhya Pradesh,Singrauli,2018-08-01,24.1974432,82.6661453,8,Monsoon,4.0,2.0,0.6600698338,11.0,300.83,13.0,2.3333333333333335,-0.7142857142857143
Madhya Pradesh,Tikamgarh,2011-07-01,24.85577805,79.04706347,7,Monsoon,57.0,0.0,1.44784655645,9.0,303.8225,19.75,0.0,1.5909090909090908
Madhya Pradesh,Tikamgarh,2011-08-01,24.85577805,79.04706347,8,Monsoon,24.0,1.0,0.3442415128,9.0,300.2,27.0,0.3333333333333333,-0.4782608695652174
Madhya Pradesh,Tikamgarh,2011-09-01,24.85577805,79.04706347,9,Monsoon,80.0,0.0,0.4215212739,11.0,300.145,50.0,0.3333333333333333,2.3333333333333335
Madhya Pradesh,Tikamgarh,2011-11-01,24.85577805,79.04706347,11,Post-Monsoon,63.0,0.0,5.06e-05,5.0,307.8333334,55.666666666666664,0.3333333333333333,-0.21250000000000002
Madhya Pradesh,Tikamgarh,2013-05-01,24.85577805,79.04706347,5,Summer,29.0,0.0,5.57e-05,3.0,318.12333340000004,57.333333333333336,0.0,-0.5396825396825398
Madhya Pradesh,Tikamgarh,2018-07-01,24.85577805,79.04706347,7,Monsoon,78.0,0.0,1.19111276,5.0,306.34000000000003,56.666666666666664,0.0,1.6896551724137931
Madhya Pradesh,Ujjain,2010-05-01,23.1885131,75.7716562,5,Summer,26.0,0.0,0.001316356345,3.0,322.64,26.0,0.0,0.0
Madhya Pradesh,Ujjain,2012-05-01,23.1885131,75.7716562,5,Summer,46.0,1.0,0.0003576663353,3.0,320.8966666,36.0,0.5,0.7692307692307692
Madhya Pradesh,Ujjain,2013-07-01,23.1885131,75.7716562,7,Monsoon,22.0,0.0,0.806458071,3.0,302.44,31.333333333333332,0.3333333333333333,-0.5217391304347826
Madhya Pradesh,Ujjain,2016-05-01,23.1885131,75.7716562,5,Summer,33.0,0.0,0.001614934497,3.0,317.1266666,33.666666666666664,0.3333333333333333,0.5
Madhya Pradesh,Ujjain,2017-04-01,23.1885131,75.7716562,4,Summer,62.0,0.0,0.0009008682442,3.0,318.564,39.0,0.0,0.8787878787878789
Madhya Pradesh,Umaria,2009-07-01,23.64319305,80.94239522,7,Monsoon,13.0,0.0,0.5002461562,9.0,304.06,13.0,0.0,0.0
Madhya Pradesh,Umaria,2009-08-01,23.64319305,80.94239522,8,Monsoon,12.0,0.0,0.8755548068,17.0,303.445,12.5,0.0,-0.07692307692307687
Madhya Pradesh,Umaria,2011-11-01,23.64319305,80.94239522,11,Post-Monsoon,150.0,0.0,5.45e-05,9.0,303.2033334,58.333333333333336,0.0,5.0
Madhya Pradesh,Umaria,2015-08-01,23.64319305,80.94239522,8,Monsoon,14.0,0.0,0.1913714492,13.0,300.22,58.666666666666664,0.0,-0.9066666666666666
Madhya Pradesh,Umaria,2017-05-01,23.64319305,80.94239522,5,Summer,16.0,0.0,0.1257412582,9.0,316.17,60.0,0.0,0.1428571428571428
Madhya Pradesh,Umaria,2018-08-01,23.64319305,80.94239522,8,Monsoon,10.0,1.0,0.6549307261,4.0,303.445,13.333333333333334,0.3333333333333333,-0.375
Madhya Pradesh,Vidisha,2010-08-01,23.5225788,77.8148001,8,Monsoon,114.0,0.0,1.468986649,8.0,300.76,114.0,0.0,0.0
Madhya Pradesh,Vidisha,2010-09-01,23.5225788,77.8148001,9,Monsoon,9.0,1.0,0.2420512129,9.0,297.85,61.5,0.5,-0.9210526315789473
Madhya Pradesh,Vidisha,2011-07-01,23.5225788,77.8148001,7,Monsoon,59.0,1.0,2.978363922,9.0,303.445,60.666666666666664,0.6666666666666666,5.0
Madhya Pradesh,Vidisha,2011-08-01,23.5225788,77.8148001,8,Monsoon,9.0,0.0,0.5058499193,5.0,300.12,25.666666666666668,0.6666666666666666,-0.847457627118644
Madhya Pradesh,Vidisha,2013-08-01,23.5225788,77.8148001,8,Monsoon,18.0,0.0,1.170925754,9.0,300.68,28.666666666666668,0.3333333333333333,1.0
Madhya Pradesh,Vidisha,2014-07-01,23.5225788,77.8148001,7,Monsoon,45.0,0.0,1.411131369,1.0,303.445,24.0,0.0,1.5
Madhya Pradesh,Vidisha,2016-06-01,23.5225788,77.8148001,6,Monsoon,14.0,0.0,0.002195763898,9.0,320.3333334,25.666666666666668,0.0,-0.6888888888888889
Maharashtra,Ahmednagar,2011-05-01,19.1627725,74.8580243,5,Summer,30.0,0.0,0.03103257406,4.0,316.67,30.0,0.0,0.0
Maharashtra,Ahmednagar,2011-10-01,19.1627725,74.8580243,10,Post-Monsoon,417.0,0.0,0.015984915964,12.666666666666666,305.31455553333336,87.6111111111111,0.0,1.5986301369863014
Maharashtra,Ahmednagar,2011-11-01,19.1627725,74.8580243,11,Post-Monsoon,19.0,0.0,0.0008517644555,8.5,307.51933329999997,97.0,0.0,-0.5200598802395209
Maharashtra,Ahmednagar,2012-05-01,19.1627725,74.8580243,5,Summer,20.0,0.0,5.28e-05,4.0,318.6166666,13.0,0.0,1.2222222222222223
Maharashtra,Ahmednagar,2012-06-01,19.1627725,74.8580243,6,Monsoon,191.0,0.0,0.2397679603066667,3.0,311.113,63.666666666666664,0.0,1.409224318658281
Maharashtra,Ahmednagar,2012-09-01,19.1627725,74.8580243,9,Monsoon,320.0,0.0,0.28860311245,9.5,304.552,108.66666666666666,0.0,2.0653710247349824
Maharashtra,Ahmednagar,2012-10-01,19.1627725,74.8580243,10,Post-Monsoon,93.0,0.0,1.188847086,11.0,302.34000000000003,137.66666666666666,0.0,1.5135135135135136
Maharashtra,Ahmednagar,2012-11-01,19.1627725,74.8580243,11,Post-Monsoon,11.0,0.0,0.0005671242033,6.0,306.5433334,47.0,0.0,-0.8817204301075269
Maharashtra,Ahmednagar,2012-12-01,19.1627725,74.8580243,12,Winter,12.0,0.0,5.97e-05,5.0,305.648,38.666666666666664,0.0,0.09090909090909083
Maharashtra,Ahmednagar,2013-04-01,19.1627725,74.8580243,4,Summer,13.0,0.0,0.0005994831715,9.0,320.8,12.0,0.0,0.08333333333333326
Maharashtra,Ahmednagar,2013-09-01,19.1627725,74.8580243,9,Monsoon,101.0,0.0,0.39339557446,11.75,305.28791665,20.583333333333332,0.0,0.4332558236970002
Maharashtra,Ahmednagar,2013-10-01,19.1627725,74.8580243,10,Post-Monsoon,82.0,1.0,0.12842667530666665,12.333333333333334,304.41333333333336,26.0,0.1111111111111111,0.205933205933206
Maharashtra,Ahmednagar,2013-11-01,19.1627725,74.8580243,11,Post-Monsoon,15.0,1.0,5.19e-05,9.0,306.0,26.333333333333332,0.6666666666666666,-0.6428571428571428
Maharashtra,Ahmednagar,2014-04-01,19.1627725,74.8580243,4,Summer,69.0,0.0,0.031225741263333332,5.0,317.3684444,24.333333333333332,0.3333333333333333,0.20766283524904217
Maharashtra,Ahmednagar,2014-05-01,19.1627725,74.8580243,5,Summer,30.0,0.0,0.010430208208,4.0,318.462,17.666666666666668,0.0,-0.16249999999999998
Maharashtra,Ahmednagar,2014-07-01,19.1627725,74.8580243,7,Monsoon,10.0,0.0,0.365054979,9.0,313.56,13.333333333333334,0.0,-0.2857142857142857
Maharashtra,Ahmednagar,2014-08-01,19.1627725,74.8580243,8,Monsoon,14.0,0.0,0.2078403457,7.0,304.35,12.666666666666666,0.0,0.3999999999999999
Maharashtra,Ahmednagar,2014-10-01,19.1627725,74.8580243,10,Post-Monsoon,11.0,0.0,0.01178910545,9.0,311.768,11.666666666666666,0.0,-0.2142857142857143
Maharashtra,Ahmednagar,2014-11-01,19.1627725,74.8580243,11,Post-Monsoon,55.0,0.0,0.02581867873,7.0,308.332,26.666666666666668,0.0,4.0
Maharashtra,Ahmednagar,2015-02-01,19.1627725,74.8580243,2,Winter,26.0,0.0,6.18e-05,9.0,305.3,26.666666666666664,0.0,-0.38181818181818183
Maharashtra,Ahmednagar,2015-04-01,19.1627725,74.8580243,4,Summer,11.0,1.0,0.01545371461,4.0,318.75,12.333333333333334,0.3333333333333333,-0.15384615384615385
Maharashtra,Ahmednagar,2015-05-01,19.1627725,74.8580243,5,Summer,15.0,0.0,0.0006341289129,3.0,317.87,13.0,0.3333333333333333,0.36363636363636354
Maharashtra,Ahmednagar,2015-11-01,19.1627725,74.8580243,11,Post-Monsoon,42.0,0.0,0.2019926814,7.0,304.75,22.666666666666668,0.3333333333333333,1.7999999999999998
Maharashtra,Ahmednagar,2015-12-01,19.1627725,74.8580243,12,Winter,133.0,0.0,0.0008862276965,8.0,306.4908333,43.5,0.0,1.1383415435139574
Maharashtra,Ahmednagar,2016-01-01,19.1627725,74.8580243,1,Winter,41.0,0.0,6.67e-05,4.0,308.41,58.0,0.0,-0.6057692307692308
Maharashtra,Ahmednagar,2016-03-01,19.1627725,74.8580243,3,Summer,71.0,0.0,0.001385971661,3.5,317.2383333,48.833333333333336,0.0,-0.07486449864498645
Maharashtra,Ahmednagar,2016-04-01,19.1627725,74.8580243,4,Summer,164.0,0.0,0.007134034015,6.0,323.62,56.83333333333333,0.0,0.669215291750503
Maharashtra,Ahmednagar,2016-05-01,19.1627725,74.8580243,5,Summer,35.0,0.0,0.008922859033,2.0,320.09000000000003,66.33333333333333,0.0,-0.6236559139784946
Maharashtra,Ahmednagar,2016-06-01,19.1627725,74.8580243,6,Monsoon,7.0,1.0,0.6048793559,2.0,310.12,45.0,0.3333333333333333,-0.8
Maharashtra,Ahmednagar,2016-07-01,19.1627725,74.8580243,7,Monsoon,15.0,0.0,0.3859026242,6.0,303.22,19.0,0.3333333333333333,1.1428571428571428
Maharashtra,Ahmednagar,2016-08-01,19.1627725,74.8580243,8,Monsoon,221.0,1.0,0.6380581623,7.666666666666667,303.02333333333337,35.111111111111114,0.4444444444444444,1.7730994152046782
Maharashtra,Ahmednagar,2016-09-01,19.1627725,74.8580243,9,Monsoon,32.0,0.0,0.7285040934,12.0,301.7,78.0,0.0,-0.8241758241758241
Maharashtra,Ahmednagar,2017-09-01,19.1627725,74.8580243,9,Monsoon,28.0,0.0,0.832104287,6.0,297.44,80.66666666666667,0.0,-0.125
Maharashtra,Ahmednagar,2017-11-01,19.1627725,74.8580243,11,Post-Monsoon,10.0,1.0,7.74e-05,9.0,304.8166666,23.333333333333332,0.3333333333333333,-0.6428571428571428
Maharashtra,Ahmednagar,2018-04-01,19.1627725,74.8580243,4,Summer,16.0,0.0,0.02182854143,5.0,315.6866666,18.0,0.3333333333333333,0.6000000000000001
Maharashtra,Ahmednagar,2018-07-01,19.1627725,74.8580243,7,Monsoon,82.0,0.0,0.2006507419,9.0,307.2333334,36.0,0.3333333333333333,4.125
Maharashtra,Ahmednagar,2019-08-01,19.1627725,74.8580243,8,Monsoon,72.0,0.0,0.140127674,8.5,309.18666670000005,48.66666666666667,0.0,-0.35609756097560974
Maharashtra,Ahmednagar,2019-09-01,19.1627725,74.8580243,9,Monsoon,20.0,0.0,0.8857704141,15.0,302.0,30.666666666666668,0.0,-0.375
Maharashtra,Ahmednagar,2019-10-01,19.1627725,74.8580243,10,Post-Monsoon,27.0,1.0,0.5139457242,16.0,304.1533334,26.333333333333332,0.3333333333333333,0.3500000000000001
Maharashtra,Ahmednagar,2020-11-01,19.1627725,74.8580243,11,Post-Monsoon,65.0,0.0,0.0004237234006,13.0,303.2966666,29.833333333333336,0.3333333333333333,0.0532407407407407
Maharashtra,Ahmednagar,2020-12-01,19.1627725,74.8580243,12,Winter,14.0,0.0,0.08753196133,9.0,301.796,26.333333333333332,0.0,-0.43999999999999995
Maharashtra,Ahmednagar,2021-03-01,19.1627725,74.8580243,3,Summer,3.0,1.0,0.04168389914,6.0,309.66,14.0,0.3333333333333333,-0.7857142857142857
Maharashtra,Ahmednagar,2021-04-01,19.1627725,74.8580243,4,Summer,13.0,0.0,7.99e-05,6.0,316.252,10.0,0.3333333333333333,3.333333333333333
Maharashtra,Ahmednagar,2021-07-01,19.1627725,74.8580243,7,Monsoon,11.0,0.0,0.01744418547,9.0,306.51,9.0,0.3333333333333333,-0.15384615384615385
Maharashtra,Akola,2009-07-01,20.76181225,77.19211567,7,Monsoon,45.0,1.0,2.147549921,3.0,303.445,45.0,1.0,0.0
Maharashtra,Akola,2009-10-01,20.76181225,77.19211567,10,Post-Monsoon,38.0,0.0,0.3061828904,11.0,310.2133334,41.5,0.5,-0.15555555555555556
Maharashtra,Akola,2010-04-01,20.76181225,77.19211567,4,Summer,54.0,2.0,0.001634605437,9.0,327.728,33.5,0.6666666666666666,-0.11943319838056682
Maharashtra,Akola,2010-06-01,20.76181225,77.19211567,6,Monsoon,15.0,0.0,0.001652636657,2.0,320.896,23.0,0.6666666666666666,-0.4642857142857143
Maharashtra,Akola,2010-07-01,20.76181225,77.19211567,7,Monsoon,59.0,0.0,1.080278146,2.0,306.72,34.0,0.3333333333333333,2.933333333333333
Maharashtra,Akola,2011-07-01,20.76181225,77.19211567,7,Monsoon,41.0,0.0,0.5208832049,9.0,309.8,38.333333333333336,0.0,-0.30508474576271183
Maharashtra,Akola,2011-08-01,20.76181225,77.19211567,8,Monsoon,17.0,0.0,0.6330475129,5.0,303.445,39.0,0.0,-0.5853658536585367
Maharashtra,Akola,2011-09-01,20.76181225,77.19211567,9,Monsoon,98.0,1.0,0.07470984846,17.0,305.06,52.0,0.3333333333333333,4.764705882352941
Maharashtra,Akola,2012-07-01,20.76181225,77.19211567,7,Monsoon,47.0,0.0,0.1605100815,9.0,311.26,54.0,0.3333333333333333,-0.5204081632653061
Maharashtra,Akola,2012-11-01,20.76181225,77.19211567,11,Post-Monsoon,83.0,0.0,0.0520768214,9.0,307.06,76.0,0.3333333333333333,0.7659574468085106
Maharashtra,Akola,2014-09-01,20.76181225,77.19211567,9,Monsoon,101.0,1.0,1.449853358,9.0,303.445,77.0,0.3333333333333333,0.2168674698795181
Maharashtra,Akola,2016-05-01,20.76181225,77.19211567,5,Summer,42.0,2.0,0.002592535763,5.5,325.3336667,58.0,0.8333333333333333,-0.39603960396039606
Maharashtra,Akola,2017-03-01,20.76181225,77.19211567,3,Summer,17.0,0.0,0.0002652240059,4.0,317.9033334,19.666666666666668,0.6666666666666666,-0.19047619047619047
Maharashtra,Akola,2018-04-01,20.76181225,77.19211567,4,Summer,13.0,0.0,0.01095632628,3.0,319.91,17.0,0.3333333333333333,-0.23529411764705888
Maharashtra,Akola,2018-06-01,20.76181225,77.19211567,6,Monsoon,13.0,0.0,0.6477087213,2.0,317.08,14.333333333333334,0.0,0.0
Maharashtra,Akola,2018-11-01,20.76181225,77.19211567,11,Post-Monsoon,14.0,0.0,6.66e-05,8.0,307.208,13.333333333333334,0.0,0.07692307692307687
Maharashtra,Akola,2018-12-01,20.76181225,77.19211567,12,Winter,8.0,0.0,0.01939602393,9.0,303.944,11.666666666666666,0.0,-0.4285714285714286
Maharashtra,Akola,2020-12-01,20.76181225,77.19211567,12,Winter,40.0,0.0,1.5e-05,9.0,304.7133334,20.666666666666668,0.0,4.0
Maharashtra,Akola,2021-07-01,20.76181225,77.19211567,7,Monsoon,21.0,0.0,0.8712018327,5.0,302.98,23.0,0.0,-0.475
Maharashtra,Akola,2021-08-01,20.76181225,77.19211567,8,Monsoon,3.0,0.0,0.1589494148,11.0,304.86,21.333333333333332,0.0,-0.8571428571428572
Maharashtra,Akola,2021-12-01,20.76181225,77.19211567,12,Winter,10.0,0.0,0.05797235484,17.0,302.7933334,11.333333333333334,0.0,2.3333333333333335
Maharashtra,Akola,2022-03-01,20.76181225,77.19211567,3,Summer,9.0,0.0,0.01140150866,5.0,311.4666666,7.333333333333333,0.0,-0.09999999999999998
Maharashtra,Amravati,2012-05-01,20.9521098,77.7333168,5,Summer,122.0,0.0,0.0754254378,2.6666666666666665,323.8466666,40.388888888888886,0.0,0.019469405220367997
Maharashtra,Amravati,2012-06-01,20.9521098,77.7333168,6,Monsoon,82.0,0.0,0.0056653783784,2.3333333333333335,316.5444444,32.0,0.0,-0.12494533889882731
Maharashtra,Amravati,2012-11-01,20.9521098,77.7333168,11,Post-Monsoon,87.0,1.0,6.51e-05,9.0,306.812,47.666666666666664,0.3333333333333333,2.3461538461538463
Maharashtra,Amravati,2014-05-01,20.9521098,77.7333168,5,Summer,17.0,0.0,0.002279639878,9.0,322.6266666,43.333333333333336,0.3333333333333333,-0.8045977011494253
Maharashtra,Amravati,2014-08-01,20.9521098,77.7333168,8,Monsoon,25.0,1.0,0.6478139446,6.0,303.445,43.0,0.6666666666666666,0.47058823529411775
Maharashtra,Amravati,2014-09-01,20.9521098,77.7333168,9,Monsoon,268.0,1.0,0.134871085065,20.5,301.9963333,74.5,0.6666666666666666,1.9364285714285716
Maharashtra,Amravati,2014-10-01,20.9521098,77.7333168,10,Post-Monsoon,101.0,0.0,0.03191211102,12.5,307.6276667,92.5,0.16666666666666666,0.2794871794871795
Maharashtra,Amravati,2014-11-01,20.9521098,77.7333168,11,Post-Monsoon,102.0,0.0,0.0008124348057499999,8.5,307.855,57.33333333333333,0.0,-0.2784708249496982
Maharashtra,Amravati,2015-07-01,20.9521098,77.7333168,7,Monsoon,56.0,0.0,0.02767676217,4.0,310.9466666,52.666666666666664,0.0,0.75
Maharashtra,Amravati,2016-05-01,20.9521098,77.7333168,5,Summer,62.0,0.0,0.01309271865,2.0,324.8766666,50.0,0.0,0.1071428571428572
Maharashtra,Amravati,2016-06-01,20.9521098,77.7333168,6,Monsoon,24.0,0.0,0.6832041215,2.0,315.82,47.333333333333336,0.0,-0.6129032258064516
Maharashtra,Amravati,2016-08-01,20.9521098,77.7333168,8,Monsoon,54.0,0.0,1.0253904766,9.0,300.73249999999996,29.5,0.0,0.8477564102564101
Maharashtra,Amravati,2018-05-01,20.9521098,77.7333168,5,Summer,21.0,0.0,9.82e-05,9.0,325.672,25.0,0.0,-0.4878048780487805
Maharashtra,Amravati,2018-06-01,20.9521098,77.7333168,6,Monsoon,59.0,0.0,0.3712683226,3.5,312.5366667,28.166666666666668,0.0,0.23544973544973546
Maharashtra,Amravati,2018-07-01,20.9521098,77.7333168,7,Monsoon,9.0,1.0,0.3731336129,1.0,303.445,22.666666666666668,0.3333333333333333,-0.71875
Maharashtra,Amravati,2018-08-01,20.9521098,77.7333168,8,Monsoon,17.0,0.0,1.844524485,8.0,303.445,19.333333333333332,0.3333333333333333,0.8888888888888888
Maharashtra,Amravati,2018-10-01,20.9521098,77.7333168,10,Post-Monsoon,34.0,0.0,0.0005259966095,9.5,310.6366667,15.666666666666668,0.16666666666666666,0.0
Maharashtra,Amravati,2018-11-01,20.9521098,77.7333168,11,Post-Monsoon,17.0,0.0,0.000277945801,11.0,308.608,17.0,0.0,0.0
Maharashtra,Amravati,2019-07-01,20.9521098,77.7333168,7,Monsoon,16.0,0.0,2.004265367,1.0,303.445,16.666666666666668,0.0,-0.05882352941176472
Maharashtra,Amravati,2019-09-01,20.9521098,77.7333168,9,Monsoon,4.0,0.0,0.809709694,18.0,302.0,12.333333333333334,0.0,-0.75
Maharashtra,Amravati,2020-02-01,20.9521098,77.7333168,2,Winter,11.0,0.0,0.006577492273,9.0,303.80333340000004,10.333333333333334,0.0,1.75
Maharashtra,Amravati,2020-08-01,20.9521098,77.7333168,8,Monsoon,68.0,0.0,0.5626673465,17.0,300.48,27.666666666666668,0.0,5.0
Maharashtra,Amravati,2020-09-01,20.9521098,77.7333168,9,Monsoon,5.0,0.0,1.329761391,16.0,302.56,28.0,0.0,-0.9264705882352942
Maharashtra,Amravati,2020-12-01,20.9521098,77.7333168,12,Winter,53.0,0.0,5.79e-05,11.0,302.64,42.0,0.0,5.0
Maharashtra,Amravati,2021-07-01,20.9521098,77.7333168,7,Monsoon,21.0,3.0,0.3772012157,7.333333333333333,315.55555553333335,15.888888888888888,0.5555555555555555,0.44109014675052416
Maharashtra,Amravati,2021-08-01,20.9521098,77.7333168,8,Monsoon,22.0,3.0,0.6170837983,17.0,304.7,13.333333333333334,1.6666666666666667,0.6923076923076923
Maharashtra,Aurangabad,2012-10-01,19.877263,75.3390241,10,Post-Monsoon,85.0,1.0,0.048496966315,12.5,307.4346667,30.333333333333336,0.6666666666666666,2.1746031746031744
Maharashtra,Aurangabad,2013-06-01,19.877263,75.3390241,6,Monsoon,21.0,0.0,0.8336507839,3.0,303.445,35.333333333333336,0.3333333333333333,-0.045454545454545414
Maharashtra,Aurangabad,2014-06-01,19.877263,75.3390241,6,Monsoon,78.0,0.0,0.07326641579,2.0,311.8,40.333333333333336,0.0,2.7142857142857144
Maharashtra,Aurangabad,2014-07-01,19.877263,75.3390241,7,Monsoon,78.0,0.0,0.0172098335,9.0,314.9133334,59.0,0.0,0.0
Maharashtra,Aurangabad,2015-01-01,19.877263,75.3390241,1,Winter,37.0,0.0,0.0001942560578,7.0,303.2766666,64.33333333333333,0.0,-0.5256410256410257
Maharashtra,Aurangabad,2015-06-01,19.877263,75.3390241,6,Monsoon,85.0,0.0,0.7088062252,6.0,307.2133334,66.66666666666667,0.0,1.2972972972972974
Maharashtra,Aurangabad,2015-12-01,19.877263,75.3390241,12,Winter,30.0,0.0,5.13e-05,9.0,307.6366666,50.666666666666664,0.0,-0.6470588235294117
Maharashtra,Aurangabad,2016-03-01,19.877263,75.3390241,3,Summer,39.0,0.0,0.03962681266,9.0,318.56333340000003,51.333333333333336,0.0,0.30000000000000004
Maharashtra,Aurangabad,2016-05-01,19.877263,75.3390241,5,Summer,60.0,0.0,0.0003216148437,9.0,320.78400000000005,43.0,0.0,0.5384615384615385
Maharashtra,Aurangabad,2016-07-01,19.877263,75.3390241,7,Monsoon,29.0,1.0,0.5533394136,0.0,303.445,34.666666666666664,0.16666666666666666,-0.6083333333333334
Maharashtra,Aurangabad,2016-09-01,19.877263,75.3390241,9,Monsoon,39.0,0.0,0.06488762857,4.0,305.72,22.666666666666668,0.3333333333333333,3.333333333333333
Maharashtra,Aurangabad,2017-06-01,19.877263,75.3390241,6,Monsoon,264.0,0.0,0.44509030175,3.5,313.16,88.66666666666666,0.16666666666666666,1.5497945884686217
Maharashtra,Aurangabad,2017-09-01,19.877263,75.3390241,9,Monsoon,43.0,0.0,0.4504840527,14.0,300.9866667,68.0,0.0,-0.19712182061579653
Maharashtra,Aurangabad,2017-11-01,19.877263,75.3390241,11,Post-Monsoon,836.5599999999977,0.0,8.34e-05,11.0,306.0466666,293.1866666666659,0.0,5.0
Maharashtra,Aurangabad,2018-09-01,19.877263,75.3390241,9,Monsoon,4.0,1.0,0.1642335851,11.0,303.94,288.51999999999924,0.3333333333333333,-0.9952185139141245
Maharashtra,Aurangabad,2019-09-01,19.877263,75.3390241,9,Monsoon,120.0,4.0,0.4380054739,6.5,302.9675,169.59333333333294,1.1666666666666667,2.632075471698113
Maharashtra,Aurangabad,2021-06-01,19.877263,75.3390241,6,Monsoon,5.0,1.0,0.1321260929,9.0,309.23,41.666666666666664,1.6666666666666667,-0.9253731343283582
Maharashtra,Beed,2010-01-01,18.9918442,75.909784,1,Winter,118.0,1.0,0.080733761525,7.5,302.4966667,74.5,0.25,-0.34444444444444444
Maharashtra,Beed,2010-04-01,18.9918442,75.909784,4,Summer,51.0,0.0,0.0012244258543,4.0,320.428,37.666666666666664,0.3333333333333333,-0.10283251231527091
Maharashtra,Beed,2010-07-01,18.9918442,75.909784,7,Monsoon,58.0,0.0,0.4321935047,3.0,303.445,26.666666666666668,0.0,0.15909090909090906
Maharashtra,Beed,2010-10-01,18.9918442,75.909784,10,Post-Monsoon,168.0,0.0,0.43510058,14.0,302.56,75.33333333333333,0.0,4.793103448275862
Maharashtra,Beed,2011-09-01,18.9918442,75.909784,9,Monsoon,174.0,0.0,0.201998765,9.0,302.1666666,123.66666666666667,0.0,0.03571428571428581
Maharashtra,Beed,2011-10-01,18.9918442,75.909784,10,Post-Monsoon,207.0,1.0,0.22289562225,17.0,306.2125,151.83333333333331,0.16666666666666666,-0.4092382000489117
Maharashtra,Beed,2012-03-01,18.9918442,75.909784,3,Summer,54.0,0.0,0.0001013648933,5.0,314.468,87.0,0.3333333333333333,1.8421052631578947
Maharashtra,Beed,2012-04-01,18.9918442,75.909784,4,Summer,18.0,0.0,0.001103384156,4.0,320.30333340000004,30.333333333333332,0.3333333333333333,-0.6666666666666667
Maharashtra,Beed,2012-08-01,18.9918442,75.909784,8,Monsoon,81.0,0.0,0.163478873075,6.0,310.85,39.83333333333333,0.0,0.9844771241830065
Maharashtra,Beed,2012-09-01,18.9918442,75.909784,9,Monsoon,64.0,0.0,0.26744896309666666,7.333333333333333,307.8688888666667,26.555555555555554,0.0,0.2917138009049774
Maharashtra,Beed,2012-10-01,18.9918442,75.909784,10,Post-Monsoon,65.0,2.0,0.051938068456666674,9.666666666666666,310.48333333333335,21.333333333333332,0.3333333333333333,0.30331890331890343
Maharashtra,Beed,2012-11-01,18.9918442,75.909784,11,Post-Monsoon,20.0,0.0,0.083185809171,7.5,307.9973333,13.333333333333332,0.5,-0.2222222222222222
Maharashtra,Beed,2013-03-01,18.9918442,75.909784,3,Summer,39.0,1.0,3.165e-05,3.0,321.40366670000003,15.333333333333332,0.16666666666666666,0.49782608695652164
Maharashtra,Beed,2013-07-01,18.9918442,75.909784,7,Monsoon,24.0,0.0,0.2396789167,2.0,290.88,21.0,0.3333333333333333,0.5
Maharashtra,Beed,2013-09-01,18.9918442,75.909784,9,Monsoon,14.0,0.0,0.7619521914,13.0,301.28000000000003,18.0,0.3333333333333333,-0.41666666666666663
Maharashtra,Beed,2013-10-01,18.9918442,75.909784,10,Post-Monsoon,44.0,0.0,0.22822507016666668,12.666666666666666,301.6868888666667,16.444444444444446,0.0,0.09206349206349207
Maharashtra,Beed,2014-01-01,18.9918442,75.909784,1,Winter,11.0,0.0,5.14e-05,8.0,302.80333340000004,11.333333333333334,0.0,-0.15384615384615385
Maharashtra,Beed,2014-03-01,18.9918442,75.909784,3,Summer,32.0,0.0,0.26759348168450003,9.0,310.182,14.0,0.0,0.213903743315508
Maharashtra,Beed,2014-05-01,18.9918442,75.909784,5,Summer,34.0,0.0,0.0027168065548499997,3.0,318.495,17.166666666666664,0.0,0.006060606060605989
Maharashtra,Beed,2014-06-01,18.9918442,75.909784,6,Monsoon,21.0,0.0,0.0501442662,9.0,316.77500000000003,18.333333333333332,0.0,0.75
Maharashtra,Beed,2014-07-01,18.9918442,75.909784,7,Monsoon,135.0,0.0,0.4529558097,2.0,305.72333333333336,36.0,0.0,0.3656995136363004
Maharashtra,Beed,2014-08-01,18.9918442,75.909784,8,Monsoon,63.0,0.0,0.21138459683666666,6.0,309.6888888666667,28.888888888888886,0.0,0.024836601307189527
Maharashtra,Beed,2014-09-01,18.9918442,75.909784,9,Monsoon,52.0,0.0,0.02988111854,14.0,307.3266666,33.333333333333336,0.0,2.25
Maharashtra,Beed,2014-12-01,18.9918442,75.909784,12,Winter,52.0,0.0,0.01513226263,7.0,307.53200000000004,40.0,0.0,0.0
Maharashtra,Beed,2015-07-01,18.9918442,75.909784,7,Monsoon,40.0,0.0,0.03112317759,4.0,312.19333340000003,48.0,0.0,-0.23076923076923073
Maharashtra,Beed,2015-09-01,18.9918442,75.909784,9,Monsoon,22.0,0.0,1.784919182,9.0,302.6466666,38.0,0.0,-0.44999999999999996
Maharashtra,Beed,2016-02-01,18.9918442,75.909784,2,Winter,11.0,1.0,0.02412643043,4.0,314.62,24.333333333333332,0.3333333333333333,-0.5
Maharashtra,Beed,2016-06-01,18.9918442,75.909784,6,Monsoon,27.0,1.0,0.04484029594,3.0,312.82,20.0,0.6666666666666666,1.4545454545454546
Maharashtra,Beed,2016-08-01,18.9918442,75.909784,8,Monsoon,34.0,1.0,0.1049036388,8.0,302.98,24.0,1.0,0.2592592592592593
Maharashtra,Beed,2016-09-01,18.9918442,75.909784,9,Monsoon,5.0,1.0,0.05662716945,3.0,305.02,22.0,1.0,-0.8529411764705882
Maharashtra,Beed,2017-09-01,18.9918442,75.909784,9,Monsoon,39.0,0.0,0.49323361781,13.5,302.3933333,16.166666666666668,0.5,1.2928571428571427
Maharashtra,Beed,2017-10-01,18.9918442,75.909784,10,Post-Monsoon,69.0,3.0,0.101656731882,17.5,304.50416670000004,30.5,0.8333333333333333,0.19
Maharashtra,Beed,2017-11-01,18.9918442,75.909784,11,Post-Monsoon,27.0,0.0,6.45e-05,9.5,304.7986667,22.666666666666668,0.6666666666666666,-0.3045112781954887
Maharashtra,Beed,2018-09-01,18.9918442,75.909784,9,Monsoon,10.0,1.0,0.02392114196,12.0,310.38,12.333333333333334,0.3333333333333333,0.6666666666666667
Maharashtra,Beed,2019-11-01,18.9918442,75.909784,11,Post-Monsoon,16.0,0.0,0.02363257748,11.0,304.6333334,10.666666666666666,0.3333333333333333,0.6000000000000001
Maharashtra,Beed,2020-09-01,18.9918442,75.909784,9,Monsoon,15.0,0.0,0.6345256477,12.0,304.54,13.666666666666666,0.3333333333333333,-0.0625
Maharashtra,Beed,2020-10-01,18.9918442,75.909784,10,Post-Monsoon,10.0,0.0,1.976420015,13.0,299.16,13.666666666666666,0.0,-0.33333333333333337
Maharashtra,Beed,2021-08-01,18.9918442,75.909784,8,Monsoon,7.0,0.0,0.07704263847,6.0,306.24,10.666666666666666,0.0,-0.30000000000000004
Maharashtra,Beed,2021-10-01,18.9918442,75.909784,10,Post-Monsoon,25.0,0.0,0.59737339985,15.5,301.9125,11.333333333333332,0.0,0.5150375939849625
Maharashtra,Bhandara,2012-05-01,21.12304765,79.79390882,5,Summer,87.0,4.0,0.001931450323,6.0,321.42,30.75,2.0,1.4166666666666667
Maharashtra,Bhandara,2012-07-01,21.12304765,79.79390882,7,Monsoon,23.0,0.0,2.345398116,1.0,303.445,36.666666666666664,1.3333333333333333,-0.6666666666666667
Maharashtra,Bhandara,2012-08-01,21.12304765,79.79390882,8,Monsoon,12.0,1.0,0.4111540102,15.0,303.26,34.666666666666664,1.0,-0.4782608695652174
Maharashtra,Bhandara,2012-10-01,21.12304765,79.79390882,10,Post-Monsoon,50.0,0.0,0.1076752099,17.0,303.3966666,28.333333333333332,0.3333333333333333,3.166666666666667
Maharashtra,Bhandara,2013-11-01,21.12304765,79.79390882,11,Post-Monsoon,34.0,0.0,0.01549348737,9.0,302.78400000000005,32.0,0.3333333333333333,-0.31999999999999995
Maharashtra,Bhandara,2014-03-01,21.12304765,79.79390882,3,Summer,31.0,0.0,0.0009984167211,7.0,312.03000000000003,38.333333333333336,0.0,-0.08823529411764708
Maharashtra,Bhandara,2014-08-01,21.12304765,79.79390882,8,Monsoon,77.0,5.0,0.2221854029,13.0,304.5733334,47.333333333333336,1.6666666666666667,1.4838709677419355
Maharashtra,Bhandara,2015-04-01,21.12304765,79.79390882,4,Summer,18.0,0.0,0.07088788193,6.0,312.872,42.0,1.6666666666666667,-0.7662337662337663
Maharashtra,Bhandara,2015-06-01,21.12304765,79.79390882,6,Monsoon,28.0,0.0,0.019595590994,6.5,316.90999999999997,25.166666666666668,0.8333333333333334,0.1777777777777778
Maharashtra,Bhandara,2015-09-01,21.12304765,79.79390882,9,Monsoon,24.0,0.0,0.5052023706,16.0,304.85200000000003,17.333333333333332,0.0,0.33333333333333326
Maharashtra,Bhandara,2016-01-01,21.12304765,79.79390882,1,Winter,219.0,0.0,0.01380323873,9.0,300.432,87.0,0.0,5.0
Maharashtra,Bhandara,2016-02-01,21.12304765,79.79390882,2,Winter,19.0,0.0,9.98e-05,9.0,309.1,87.33333333333333,0.0,-0.91324200913242
Maharashtra,Bhandara,2016-06-01,21.12304765,79.79390882,6,Monsoon,26.0,0.0,0.03404407534,4.0,316.0466666,88.0,0.0,0.368421052631579
Maharashtra,Bhandara,2016-07-01,21.12304765,79.79390882,7,Monsoon,35.0,1.0,1.7330844186,9.0,302.5925,18.166666666666664,0.3333333333333333,2.0576923076923075
Maharashtra,Bhandara,2018-06-01,21.12304765,79.79390882,6,Monsoon,1.0,1.0,0.6013816691,5.0,312.0,12.0,0.6666666666666666,-0.96875
Maharashtra,Bhandara,2019-07-01,21.12304765,79.79390882,7,Monsoon,4.0,1.0,1.071367366,9.0,313.42,12.333333333333334,0.6666666666666666,3.0
Maharashtra,Bhandara,2019-11-01,21.12304765,79.79390882,11,Post-Monsoon,19.0,0.0,0.09071655136,16.0,301.93,8.0,0.6666666666666666,3.75
Maharashtra,Bhandara,2021-06-01,21.12304765,79.79390882,6,Monsoon,108.0,0.0,0.05414090437,5.0,316.955,43.666666666666664,0.3333333333333333,4.684210526315789
Maharashtra,Buldhana,2012-08-01,20.562845,76.40869861,8,Monsoon,22.0,0.0,1.787654569,9.0,303.445,22.0,0.0,0.0
Maharashtra,Buldhana,2019-05-01,20.562845,76.40869861,5,Summer,48.0,0.0,6.61e-05,2.0,324.584,35.0,0.0,1.1818181818181817
Maharashtra,Buldhana,2019-10-01,20.562845,76.40869861,10,Post-Monsoon,98.0,0.0,0.831913295,9.0,301.62,56.0,0.0,1.0416666666666665
Maharashtra,Buldhana,2021-07-01,20.562845,76.40869861,7,Monsoon,7.0,0.0,0.4245402926,6.0,306.6533334,51.0,0.0,-0.9285714285714286
Maharashtra,Chandrapur,2012-05-01,20.0967555,79.50454752,5,Summer,50.0,0.0,0.03155863317,5.0,317.76,50.0,0.0,0.0
Maharashtra,Chandrapur,2013-04-01,20.0967555,79.50454752,4,Summer,110.0,0.0,0.04769793704,9.0,314.0933334,80.0,0.0,1.2000000000000002
Maharashtra,Chandrapur,2013-10-01,20.0967555,79.50454752,10,Post-Monsoon,57.0,0.0,0.0773537682,22.0,302.668,72.33333333333333,0.0,-0.4818181818181818
Maharashtra,Chandrapur,2014-08-01,20.0967555,79.50454752,8,Monsoon,203.0,0.0,0.07242927172,15.0,301.8666666,123.33333333333333,0.0,2.56140350877193
Maharashtra,Chandrapur,2014-11-01,20.0967555,79.50454752,11,Post-Monsoon,6.0,1.0,0.0024578931,9.0,303.2,88.66666666666667,0.3333333333333333,-0.9704433497536946
Maharashtra,Chandrapur,2014-12-01,20.0967555,79.50454752,12,Winter,81.0,1.0,3.1e-05,14.0,300.172,96.66666666666667,0.6666666666666666,5.0
Maharashtra,Chandrapur,2015-02-01,20.0967555,79.50454752,2,Winter,51.0,1.0,0.001169453434,9.0,307.072,46.0,1.0,-0.37037037037037035
Maharashtra,Chandrapur,2015-04-01,20.0967555,79.50454752,4,Summer,6.0,1.0,0.08806939381,6.0,312.67,46.0,1.0,-0.8823529411764706
Maharashtra,Chandrapur,2015-05-01,20.0967555,79.50454752,5,Summer,21.0,0.0,0.006317609343,8.0,312.5766666,26.0,0.6666666666666666,2.5
Maharashtra,Chandrapur,2015-06-01,20.0967555,79.50454752,6,Monsoon,95.0,0.0,0.1436061722,12.0,300.58,40.666666666666664,0.3333333333333333,3.5238095238095237
Maharashtra,Chandrapur,2015-07-01,20.0967555,79.50454752,7,Monsoon,157.0,0.0,0.32325449455,15.0,308.6375,73.0,0.0,-0.010150375939849632
Maharashtra,Chandrapur,2015-08-01,20.0967555,79.50454752,8,Monsoon,88.0,1.0,0.8316976807,15.0,302.54,81.66666666666667,0.3333333333333333,0.011494252873563315
Maharashtra,Chandrapur,2015-09-01,20.0967555,79.50454752,9,Monsoon,38.0,0.0,1.296143964,22.0,303.445,71.0,0.3333333333333333,-0.5681818181818181
Maharashtra,Chandrapur,2016-03-01,20.0967555,79.50454752,3,Summer,26.0,1.0,0.0071090551,7.0,310.2066666,50.666666666666664,0.6666666666666666,-0.3157894736842105
Maharashtra,Chandrapur,2016-05-01,20.0967555,79.50454752,5,Summer,28.0,1.0,0.09036653885,7.0,317.2066666,30.666666666666668,0.6666666666666666,0.07692307692307687
Maharashtra,Chandrapur,2016-07-01,20.0967555,79.50454752,7,Monsoon,84.0,0.0,0.7611479383499999,7.5,302.2525,30.333333333333336,0.5,1.4107142857142856
Maharashtra,Chandrapur,2016-08-01,20.0967555,79.50454752,8,Monsoon,48.0,1.0,0.6260988217,9.0,303.445,44.0,0.3333333333333333,-0.2941176470588235
Maharashtra,Chandrapur,2017-05-01,20.0967555,79.50454752,5,Summer,92.0,0.0,0.01357661697,6.0,316.7366666,69.33333333333333,0.3333333333333333,0.9166666666666667
Maharashtra,Chandrapur,2018-05-01,20.0967555,79.50454752,5,Summer,77.0,0.0,0.01662380146,6.0,318.176,72.33333333333333,0.3333333333333333,-0.1630434782608695
Maharashtra,Chandrapur,2018-07-01,20.0967555,79.50454752,7,Monsoon,57.0,0.0,2.802900637,3.5,303.445,56.33333333333333,0.0,-0.4584415584415584
Maharashtra,Chandrapur,2019-06-01,20.0967555,79.50454752,6,Monsoon,142.0,0.0,0.008591162934,6.0,316.872,66.33333333333333,0.0,5.0
Maharashtra,Chandrapur,2019-08-01,20.0967555,79.50454752,8,Monsoon,167.0,0.0,0.6552188157500001,10.0,300.31500000000005,92.83333333333334,0.0,-0.210177733065057
Maharashtra,Chandrapur,2019-10-01,20.0967555,79.50454752,10,Post-Monsoon,34.0,2.0,0.1414171169,9.0,302.1966666,67.0,0.6666666666666666,-0.5903614457831325
Maharashtra,Chandrapur,2019-12-01,20.0967555,79.50454752,12,Winter,10.0,1.0,9.38e-06,9.0,300.325,42.333333333333336,1.0,-0.7058823529411764
Maharashtra,Chandrapur,2020-01-01,20.0967555,79.50454752,1,Winter,23.0,1.0,0.002697495648,9.0,299.44,22.333333333333332,1.3333333333333333,1.2999999999999998
Maharashtra,Chandrapur,2020-04-01,20.0967555,79.50454752,4,Summer,35.0,2.0,0.004322479902,8.0,313.0966666,22.666666666666668,1.3333333333333333,0.5217391304347827
Maharashtra,Chandrapur,2020-05-01,20.0967555,79.50454752,5,Summer,5.0,0.0,0.003793196938,9.0,311.028,21.0,1.0,-0.8571428571428572
Maharashtra,Chandrapur,2021-07-01,20.0967555,79.50454752,7,Monsoon,58.0,1.0,0.5816240733,9.0,305.52,32.666666666666664,1.0,5.0
Maharashtra,Chandrapur,2021-08-01,20.0967555,79.50454752,8,Monsoon,23.0,3.0,0.33171480692666666,15.666666666666666,301.90833333333336,18.333333333333332,1.222222222222222,-0.19786535303776678
Maharashtra,Chandrapur,2022-05-01,20.0967555,79.50454752,5,Summer,13.0,1.0,0.006072435084,9.0,314.545,9.666666666666666,0.3333333333333333,0.4444444444444444
Maharashtra,Chandrapur,2022-06-01,20.0967555,79.50454752,6,Monsoon,3.0,1.0,0.006238415131,6.0,311.32,8.333333333333334,0.6666666666666666,-0.7692307692307692
Maharashtra,Dhule,2009-12-01,21.13170235,74.48990147,12,Winter,155.0,0.0,5.36e-05,7.0,306.0666666,155.0,0.0,0.0
Maharashtra,Dhule,2010-02-01,21.13170235,74.48990147,2,Winter,24.0,0.0,0.008374208036,4.0,305.48,89.5,0.0,-0.8451612903225807
Maharashtra,Dhule,2010-09-01,21.13170235,74.48990147,9,Monsoon,20.0,1.0,0.7499327753,12.0,302.08,66.33333333333333,0.3333333333333333,-0.16666666666666663
Maharashtra,Dhule,2010-10-01,21.13170235,74.48990147,10,Post-Monsoon,53.0,1.0,0.02104113884,11.0,308.144,32.333333333333336,0.6666666666666666,1.65
Maharashtra,Dhule,2010-11-01,21.13170235,74.48990147,11,Post-Monsoon,13.0,0.0,0.009188413196,9.0,306.22,28.666666666666668,0.6666666666666666,-0.7547169811320755
Maharashtra,Dhule,2011-04-01,21.13170235,74.48990147,4,Summer,7.0,0.0,6.86e-05,9.0,318.2933334,24.333333333333332,0.3333333333333333,-0.46153846153846156
Maharashtra,Dhule,2012-03-01,21.13170235,74.48990147,3,Summer,21.0,0.0,8.41e-05,9.0,318.06333340000003,13.666666666666666,0.0,2.0
Maharashtra,Dhule,2012-05-01,21.13170235,74.48990147,5,Summer,26.0,0.0,0.06756302435,9.0,318.76,18.0,0.0,0.23809523809523814
Maharashtra,Dhule,2012-07-01,21.13170235,74.48990147,7,Monsoon,30.0,0.0,0.2658196621,4.0,303.15000000000003,25.666666666666668,0.0,0.15384615384615374
Maharashtra,Dhule,2012-10-01,21.13170235,74.48990147,10,Post-Monsoon,41.0,0.0,0.014315252007,12.0,308.896,22.833333333333336,0.0,0.7166666666666667
Maharashtra,Dhule,2012-11-01,21.13170235,74.48990147,11,Post-Monsoon,73.0,0.0,9.320873146666666e-05,7.333333333333333,307.57666666666665,23.888888888888886,0.0,-0.04375097397537794
Maharashtra,Dhule,2012-12-01,21.13170235,74.48990147,12,Winter,12.0,0.0,6.8e-05,9.0,307.344,20.666666666666668,0.0,-0.5384615384615384
Maharashtra,Dhule,2013-03-01,21.13170235,74.48990147,3,Summer,53.0,0.0,3.4e-05,5.0,316.62333340000004,30.333333333333332,0.0,3.416666666666667
Maharashtra,Dhule,2013-06-01,21.13170235,74.48990147,6,Monsoon,35.0,1.0,0.5264219424,3.0,309.2333334,33.333333333333336,0.3333333333333333,-0.339622641509434
Maharashtra,Dhule,2013-07-01,21.13170235,74.48990147,7,Monsoon,56.0,0.0,0.79285343795,1.5,303.7825,36.166666666666664,0.3333333333333333,-0.22030075187969933
Maharashtra,Dhule,2013-08-01,21.13170235,74.48990147,8,Monsoon,69.0,0.0,1.809147425,9.0,298.32,41.666666666666664,0.0,2.8333333333333335
Maharashtra,Dhule,2014-04-01,21.13170235,74.48990147,4,Summer,126.0,3.0,0.0023927298495333336,5.0,320.31333333333333,54.22222222222223,0.8888888888888888,-0.22280467331346146
Maharashtra,Dhule,2014-07-01,21.13170235,74.48990147,7,Monsoon,14.0,0.0,0.02143292553,4.0,310.12,15.333333333333334,0.3333333333333333,0.0
Maharashtra,Dhule,2014-08-01,21.13170235,74.48990147,8,Monsoon,11.0,0.0,0.8453425385,10.0,307.76,13.0,0.0,-0.2142857142857143
Maharashtra,Dhule,2014-10-01,21.13170235,74.48990147,10,Post-Monsoon,12.0,1.0,0.001711687534,9.0,307.33,12.333333333333334,0.3333333333333333,0.09090909090909083
Maharashtra,Dhule,2014-11-01,21.13170235,74.48990147,11,Post-Monsoon,44.0,0.0,3.05e-05,8.0,309.808,22.333333333333332,0.3333333333333333,2.6666666666666665
Maharashtra,Dhule,2015-06-01,21.13170235,74.48990147,6,Monsoon,76.0,1.0,0.54461323305,6.0,310.0433333,31.5,0.3333333333333333,1.5708041958041956
Maharashtra,Dhule,2015-07-01,21.13170235,74.48990147,7,Monsoon,22.0,0.0,0.02527748599,5.0,305.78000000000003,32.666666666666664,0.3333333333333333,-0.6507936507936508
Maharashtra,Dhule,2016-05-01,21.13170235,74.48990147,5,Summer,23.0,0.0,0.07961581916,9.0,319.096,36.0,0.3333333333333333,0.045454545454545414
Maharashtra,Dhule,2016-10-01,21.13170235,74.48990147,10,Post-Monsoon,24.0,1.0,0.3192229937,17.0,302.08,23.0,0.3333333333333333,0.04347826086956519
Maharashtra,Dhule,2016-12-01,21.13170235,74.48990147,12,Winter,25.0,0.0,5.48e-05,9.0,306.808,24.0,0.3333333333333333,0.04166666666666674
Maharashtra,Dhule,2017-03-01,21.13170235,74.48990147,3,Summer,11.0,0.0,8.94e-05,9.0,314.62333340000004,20.0,0.3333333333333333,-0.56
Maharashtra,Gadchiroli,2011-08-01,19.75907035,80.16228073,8,Monsoon,72.0,0.0,0.2388756143,9.0,298.3533334,72.0,0.0,0.0
Maharashtra,Gadchiroli,2011-11-01,19.75907035,80.16228073,11,Post-Monsoon,40.0,1.0,9.14e-05,18.0,302.78000000000003,56.0,0.5,-0.4444444444444444
Maharashtra,Gadchiroli,2012-05-01,19.75907035,80.16228073,5,Summer,7.0,0.0,0.02881348535,8.0,317.976,39.666666666666664,0.3333333333333333,-0.825
Maharashtra,Gadchiroli,2012-07-01,19.75907035,80.16228073,7,Monsoon,25.0,1.0,0.867442108,9.0,303.445,24.0,0.6666666666666666,2.5714285714285716
Maharashtra,Gadchiroli,2012-08-01,19.75907035,80.16228073,8,Monsoon,69.0,0.0,1.160202106,0.0,303.445,33.666666666666664,0.3333333333333333,1.7599999999999998
Maharashtra,Gadchiroli,2012-10-01,19.75907035,80.16228073,10,Post-Monsoon,25.0,0.0,4.66e-05,26.0,303.40000000000003,39.666666666666664,0.3333333333333333,-0.6376811594202898
Maharashtra,Gadchiroli,2013-04-01,19.75907035,80.16228073,4,Summer,54.0,0.0,0.009566447066,7.0,313.96,30.833333333333336,0.0,0.99
Maharashtra,Gadchiroli,2013-08-01,19.75907035,80.16228073,8,Monsoon,13.0,1.0,0.8773654752,6.0,303.445,22.333333333333332,0.3333333333333333,-0.6904761904761905
Maharashtra,Gadchiroli,2013-09-01,19.75907035,80.16228073,9,Monsoon,57.0,3.0,0.9002806728333334,18.0,300.69666666666666,17.666666666666668,0.8888888888888888,0.7521367521367521
Maharashtra,Gadchiroli,2014-06-01,19.75907035,80.16228073,6,Monsoon,71.0,4.0,0.03915801886,9.0,315.2033334,35.16666666666667,1.6666666666666667,-0.05119047619047623
Maharashtra,Gadchiroli,2014-09-01,19.75907035,80.16228073,9,Monsoon,29.0,2.0,0.84676275915,18.0,301.67,21.333333333333332,1.3333333333333335,0.12566844919786097
Maharashtra,Gadchiroli,2014-11-01,19.75907035,80.16228073,11,Post-Monsoon,116.0,2.0,0.046514462300000003,22.0,300.832,37.666666666666664,0.5555555555555555,1.1761904761904762
Maharashtra,Gadchiroli,2014-12-01,19.75907035,80.16228073,12,Winter,14.0,1.0,5.02e-05,14.0,296.91200000000003,20.0,1.0,2.5
Maharashtra,Gadchiroli,2015-04-01,19.75907035,80.16228073,4,Summer,44.0,0.0,0.008913779688,9.0,311.85,20.666666666666668,1.0,2.142857142857143
Maharashtra,Gadchiroli,2015-06-01,19.75907035,80.16228073,6,Monsoon,61.0,0.0,2.708234172,7.0,303.445,39.666666666666664,0.3333333333333333,0.38636363636363646
Maharashtra,Gadchiroli,2015-07-01,19.75907035,80.16228073,7,Monsoon,146.0,4.0,0.21898185618333335,20.0,303.55,47.44444444444445,0.7777777777777777,0.12440069017438067
Maharashtra,Gadchiroli,2015-08-01,19.75907035,80.16228073,8,Monsoon,65.0,0.0,1.2247628325,15.0,301.22,49.333333333333336,0.8333333333333333,-0.5010893246187365
Maharashtra,Gadchiroli,2015-11-01,19.75907035,80.16228073,11,Post-Monsoon,45.0,2.0,4.61e-05,14.0,301.827,22.666666666666668,0.5,0.6818181818181818
Maharashtra,Gadchiroli,2015-12-01,19.75907035,80.16228073,12,Winter,195.0,1.0,0.009911550213,13.0,302.456,80.0,1.0,5.0
Maharashtra,Gadchiroli,2016-02-01,19.75907035,80.16228073,2,Winter,98.0,1.0,7.18e-05,9.0,305.0766666,107.66666666666667,1.0,-0.49743589743589745
Maharashtra,Gadchiroli,2016-06-01,19.75907035,80.16228073,6,Monsoon,32.0,0.0,0.1559276267,9.0,310.515,108.33333333333333,0.6666666666666666,-0.6734693877551021
Maharashtra,Gadchiroli,2016-07-01,19.75907035,80.16228073,7,Monsoon,21.0,1.0,0.9831762867,3.0,303.445,50.333333333333336,0.6666666666666666,-0.34375
Maharashtra,Gadchiroli,2016-09-01,19.75907035,80.16228073,9,Monsoon,12.0,2.0,1.664516481,15.0,303.445,21.666666666666668,1.0,-0.4285714285714286
Maharashtra,Gadchiroli,2017-07-01,19.75907035,80.16228073,7,Monsoon,127.0,1.0,3.48293604,9.0,303.445,53.333333333333336,1.3333333333333333,5.0
Maharashtra,Gadchiroli,2017-08-01,19.75907035,80.16228073,8,Monsoon,4.0,1.0,0.2776156592,9.0,302.99333340000004,47.666666666666664,1.3333333333333333,-0.9685039370078741
Maharashtra,Gadchiroli,2017-12-01,19.75907035,80.16228073,12,Winter,13.0,1.0,6.41e-05,13.0,300.156,48.0,1.0,2.25
Maharashtra,Gadchiroli,2018-07-01,19.75907035,80.16228073,7,Monsoon,15.0,1.0,2.67674705,3.0,303.445,10.666666666666666,1.0,0.15384615384615374
Maharashtra,Gadchiroli,2018-09-01,19.75907035,80.16228073,9,Monsoon,62.0,2.0,1.011077089,12.0,303.445,30.0,1.3333333333333333,3.1333333333333337
Maharashtra,Gadchiroli,2018-10-01,19.75907035,80.16228073,10,Post-Monsoon,114.0,1.0,0.005320785262,22.0,303.3566666,63.666666666666664,1.3333333333333333,0.8387096774193548
Maharashtra,Gadchiroli,2019-01-01,19.75907035,80.16228073,1,Winter,3.0,1.0,4.79e-05,12.0,300.236,59.666666666666664,1.3333333333333333,-0.9736842105263158
Maharashtra,Gadchiroli,2019-06-01,19.75907035,80.16228073,6,Monsoon,11.0,0.0,0.5460939741,9.0,316.29,42.666666666666664,0.6666666666666666,2.6666666666666665
Maharashtra,Gadchiroli,2019-07-01,19.75907035,80.16228073,7,Monsoon,24.0,0.0,0.1987197074,16.0,308.28000000000003,12.666666666666666,0.3333333333333333,1.1818181818181817
Maharashtra,Gadchiroli,2020-04-01,19.75907035,80.16228073,4,Summer,14.0,1.0,0.03302828467,11.0,310.624,16.333333333333332,0.3333333333333333,-0.41666666666666663
Maharashtra,Gadchiroli,2020-07-01,19.75907035,80.16228073,7,Monsoon,10.0,3.0,0.7980460769333333,9.0,302.51,7.777777777777778,0.8888888888888888,0.12698412698412698
Maharashtra,Gadchiroli,2020-10-01,19.75907035,80.16228073,10,Post-Monsoon,8.0,1.0,0.06252674788,9.0,302.28000000000003,5.0,1.0,0.6000000000000001
Maharashtra,Gadchiroli,2021-01-01,19.75907035,80.16228073,1,Winter,12.0,2.0,1.5265e-05,13.5,302.425,5.833333333333334,1.0,1.625
Maharashtra,Gadchiroli,2021-07-01,19.75907035,80.16228073,7,Monsoon,32.0,2.0,0.74906618835,7.5,302.5475,9.666666666666666,1.0,2.2
Maharashtra,Gadchiroli,2021-09-01,19.75907035,80.16228073,9,Monsoon,16.0,1.0,0.6817132291,18.0,300.8,16.0,1.0,-0.4285714285714286
Maharashtra,Gadchiroli,2021-10-01,19.75907035,80.16228073,10,Post-Monsoon,14.0,2.0,0.1853100996075,30.0,300.91650000000004,13.0,1.0,0.375
Maharashtra,Gadchiroli,2021-11-01,19.75907035,80.16228073,11,Post-Monsoon,1.0,1.0,4.18e-05,9.0,300.1733334,5.0,1.0,-0.9
Maharashtra,Gadchiroli,2022-01-01,19.75907035,80.16228073,1,Winter,7.0,2.0,0.007479298714,9.0,299.97,6.0,1.3333333333333333,5.0
Maharashtra,Gadchiroli,2022-02-01,19.75907035,80.16228073,2,Winter,1.0,1.0,8.36e-05,9.0,300.06333340000003,3.0,1.3333333333333333,-0.8571428571428572
Maharashtra,Gadchiroli,2022-05-01,19.75907035,80.16228073,5,Summer,310.0,1.0,0.00876199396,10.0,311.0866666,106.0,1.3333333333333333,5.0
Maharashtra,Gondia,2012-08-01,21.455228,80.1962729,8,Monsoon,172.0,0.0,0.8522253683,10.0,299.93,172.0,0.0,0.0
Maharashtra,Gondia,2013-04-01,21.455228,80.1962729,4,Summer,22.0,0.0,0.01984638338,7.0,315.512,97.0,0.0,-0.872093023255814
Maharashtra,Gondia,2013-08-01,21.455228,80.1962729,8,Monsoon,17.0,0.0,1.318898847,2.0,303.445,70.33333333333333,0.0,-0.2272727272727273
Maharashtra,Gondia,2013-09-01,21.455228,80.1962729,9,Monsoon,55.0,2.0,0.15275697031500002,23.5,302.43399999999997,26.0,0.6666666666666666,0.43464052287581695
Maharashtra,Gondia,2013-10-01,21.455228,80.1962729,10,Post-Monsoon,13.0,0.0,0.2515628632,24.0,300.2933334,22.666666666666668,0.6666666666666666,0.30000000000000004
Maharashtra,Gondia,2014-05-01,21.455228,80.1962729,5,Summer,8.0,1.0,0.01192711893,9.0,314.5,10.333333333333334,0.3333333333333333,-0.3846153846153846
Maharashtra,Gondia,2015-05-01,21.455228,80.1962729,5,Summer,35.0,0.0,0.0008532096216,8.0,311.14,18.666666666666668,0.3333333333333333,3.375
Maharashtra,Gondia,2015-07-01,21.455228,80.1962729,7,Monsoon,39.0,0.0,0.3880933779,15.0,302.61,27.333333333333332,0.3333333333333333,0.11428571428571432
Maharashtra,Gondia,2022-06-01,21.455228,80.1962729,6,Monsoon,47.0,1.0,0.02882213092,7.0,311.61,40.333333333333336,0.3333333333333333,0.20512820512820507
Maharashtra,Hingoli,2010-06-01,19.54140965,77.17376601,6,Monsoon,17.0,0.0,0.5852340467,3.0,303.445,17.0,0.0,0.0
Maharashtra,Hingoli,2018-03-01,19.54140965,77.17376601,3,Summer,17.0,0.0,0.1180664855,3.0,314.168,17.0,0.0,0.0
Maharashtra,Jalgaon,2010-04-01,20.84288265,75.52612464,4,Summer,7.0,2.0,5.42e-05,5.0,317.69,7.0,2.0,0.0
Maharashtra,Jalgaon,2011-07-01,20.84288265,75.52612464,7,Monsoon,11.0,0.0,0.5249020534,4.0,303.445,9.0,1.0,0.5714285714285714
Maharashtra,Jalgaon,2011-11-01,20.84288265,75.52612464,11,Post-Monsoon,24.0,0.0,5.44e-05,8.0,304.4766666,14.0,0.6666666666666666,1.1818181818181817
Maharashtra,Jalgaon,2012-04-01,20.84288265,75.52612464,4,Summer,40.0,2.0,0.0008784986253,4.0,320.71,25.0,0.6666666666666666,0.6666666666666667
Maharashtra,Jalgaon,2012-06-01,20.84288265,75.52612464,6,Monsoon,43.0,0.0,7.3e-05,3.0,314.41200000000003,35.666666666666664,0.6666666666666666,0.07499999999999996
Maharashtra,Jalgaon,2012-08-01,20.84288265,75.52612464,8,Monsoon,130.0,0.0,0.5614365342,9.0,304.66,71.0,0.6666666666666666,2.0232558139534884
Maharashtra,Jalgaon,2012-10-01,20.84288265,75.52612464,10,Post-Monsoon,32.0,0.0,0.03038933806,15.0,304.0933334,68.33333333333333,0.0,-0.7538461538461538
Maharashtra,Jalgaon,2012-12-01,20.84288265,75.52612464,12,Winter,15.0,0.0,7.7e-05,9.0,307.5766666,59.0,0.0,-0.53125
Maharashtra,Jalgaon,2013-05-01,20.84288265,75.52612464,5,Summer,55.0,0.0,0.0006137937862500001,6.0,321.43899999999996,24.833333333333332,0.0,0.42604166666666665
Maharashtra,Jalgaon,2013-07-01,20.84288265,75.52612464,7,Monsoon,138.0,1.0,1.0408638344666665,6.0,303.445,43.333333333333336,0.3333333333333333,0.4283528012113346
Maharashtra,Jalgaon,2013-08-01,20.84288265,75.52612464,8,Monsoon,132.0,0.0,0.9005485324,8.0,292.48,56.333333333333336,0.0,0.8120347394540943
Maharashtra,Jalgaon,2013-09-01,20.84288265,75.52612464,9,Monsoon,9.0,0.0,0.06992770948,19.0,305.06,47.0,0.0,-0.6785714285714286
Maharashtra,Jalgaon,2014-08-01,20.84288265,75.52612464,8,Monsoon,55.0,0.0,0.2843866535,8.0,298.58,30.666666666666668,0.0,5.0
Maharashtra,Jalgaon,2014-09-01,20.84288265,75.52612464,9,Monsoon,25.0,0.0,0.004048963017,9.0,305.05,29.666666666666668,0.0,-0.5454545454545454
Maharashtra,Jalgaon,2014-10-01,20.84288265,75.52612464,10,Post-Monsoon,35.0,0.0,0.01547944528,15.0,306.372,38.333333333333336,0.0,0.3999999999999999
Maharashtra,Jalgaon,2015-06-01,20.84288265,75.52612464,6,Monsoon,96.0,0.0,0.3340303111,4.0,312.23,37.166666666666664,0.0,0.45714285714285713
Maharashtra,Jalgaon,2015-07-01,20.84288265,75.52612464,7,Monsoon,129.0,0.0,0.027908290335,9.0,310.0233334,51.83333333333333,0.0,1.6036931818181817
Maharashtra,Jalgaon,2015-09-01,20.84288265,75.52612464,9,Monsoon,100.0,0.0,0.05711918192,16.0,302.90500000000003,76.33333333333333,0.0,-0.06542056074766356
Maharashtra,Jalgaon,2016-04-01,20.84288265,75.52612464,4,Summer,33.0,0.0,7.02e-05,3.0,322.608,80.0,0.0,-0.6699999999999999
Maharashtra,Jalgaon,2016-06-01,20.84288265,75.52612464,6,Monsoon,53.0,1.0,0.002886902682,2.0,316.0933334,62.0,0.3333333333333333,0.606060606060606
Maharashtra,Jalgaon,2016-07-01,20.84288265,75.52612464,7,Monsoon,26.0,3.0,0.4290943133,9.0,303.445,37.333333333333336,1.3333333333333333,-0.5094339622641509
Maharashtra,Jalgaon,2016-08-01,20.84288265,75.52612464,8,Monsoon,46.0,0.0,0.6401200408,7.0,299.62,41.666666666666664,1.3333333333333333,0.7692307692307692
Maharashtra,Jalgaon,2016-09-01,20.84288265,75.52612464,9,Monsoon,125.0,1.0,0.464156905755,11.5,299.076,50.5,0.8333333333333333,0.1938405797101449
Maharashtra,Jalgaon,2017-05-01,20.84288265,75.52612464,5,Summer,153.0,0.0,0.0038517995915000004,3.5,321.4643333,64.33333333333334,0.16666666666666666,0.6098389982110912
Maharashtra,Jalgaon,2017-09-01,20.84288265,75.52612464,9,Monsoon,28.0,1.0,0.20030553462,13.0,303.32933330000003,51.83333333333333,0.3333333333333333,-0.709090909090909
Maharashtra,Jalgaon,2017-11-01,20.84288265,75.52612464,11,Post-Monsoon,89.0,1.0,8.02e-05,10.0,306.5816667,27.5,0.3333333333333333,2.1125
Maharashtra,Jalgaon,2018-09-01,20.84288265,75.52612464,9,Monsoon,32.0,2.0,0.08158791335,9.0,302.0,40.333333333333336,1.0,-0.34693877551020413
Maharashtra,Jalgaon,2019-09-01,20.84288265,75.52612464,9,Monsoon,42.0,1.0,0.651715475,19.0,300.54,41.0,1.3333333333333333,0.3125
Maharashtra,Jalgaon,2019-10-01,20.84288265,75.52612464,10,Post-Monsoon,34.0,2.0,0.295583298155,15.5,304.9183333,29.333333333333336,1.1666666666666665,-0.5366300366300366
Maharashtra,Jalgaon,2020-02-01,20.84288265,75.52612464,2,Winter,20.0,0.0,4.98e-05,9.0,306.6333334,18.0,0.6666666666666666,1.5
Maharashtra,Jalgaon,2020-06-01,20.84288265,75.52612464,6,Monsoon,74.0,0.0,0.3034654863,8.0,313.51,34.0,0.3333333333333333,2.7
Maharashtra,Jalgaon,2021-09-01,20.84288265,75.52612464,9,Monsoon,54.0,1.0,0.8720325502,10.0,302.2666666,49.333333333333336,0.3333333333333333,-0.2702702702702703
Maharashtra,Jalgaon,2022-05-01,20.84288265,75.52612464,5,Summer,18.0,1.0,0.00019428141490000002,3.5,317.84833330000004,34.83333333333333,0.6666666666666666,-0.4166666666666667
Maharashtra,Jalna,2010-06-01,19.91883295,75.87085986,6,Monsoon,29.0,0.0,0.09391444629000001,5.5,311.65999999999997,16.75,0.0,-0.2368421052631579
Maharashtra,Jalna,2010-07-01,19.91883295,75.87085986,7,Monsoon,48.0,0.0,0.45230347015000005,6.0,304.3725,16.666666666666664,0.0,0.9961538461538463
Maharashtra,Jalna,2011-07-01,19.91883295,75.87085986,7,Monsoon,29.0,0.0,0.2865051658,3.0,302.49,25.666666666666668,0.0,-0.17142857142857137
Maharashtra,Jalna,2011-08-01,19.91883295,75.87085986,8,Monsoon,14.0,1.0,0.4952336925,7.0,303.445,26.0,0.3333333333333333,-0.5172413793103448
Maharashtra,Jalna,2011-09-01,19.91883295,75.87085986,9,Monsoon,20.0,0.0,0.8533028042,8.0,303.445,21.0,0.3333333333333333,0.4285714285714286
Maharashtra,Jalna,2012-06-01,19.91883295,75.87085986,6,Monsoon,50.0,0.0,0.02458837989,9.0,313.8866666,28.0,0.3333333333333333,1.5
Maharashtra,Jalna,2012-08-01,19.91883295,75.87085986,8,Monsoon,24.0,0.0,0.4622592128,9.0,309.36,31.333333333333332,0.0,-0.52
Maharashtra,Jalna,2013-06-01,19.91883295,75.87085986,6,Monsoon,39.0,0.0,0.2964024913,2.0,308.71,37.666666666666664,0.0,0.625
Maharashtra,Jalna,2013-07-01,19.91883295,75.87085986,7,Monsoon,59.0,0.0,0.4127350501,4.0,300.1,40.666666666666664,0.0,0.5128205128205128
Maharashtra,Jalna,2014-05-01,19.91883295,75.87085986,5,Summer,28.0,0.0,0.0006152937121,3.0,318.66,42.0,0.0,-0.5254237288135593
Maharashtra,Jalna,2014-09-01,19.91883295,75.87085986,9,Monsoon,15.0,2.0,1.510543968,10.0,301.87,34.0,0.6666666666666666,-0.4642857142857143
Maharashtra,Jalna,2014-10-01,19.91883295,75.87085986,10,Post-Monsoon,20.0,1.0,0.009091637421,13.0,310.4833334,21.0,1.0,0.33333333333333326
Maharashtra,Jalna,2015-07-01,19.91883295,75.87085986,7,Monsoon,97.0,0.0,0.005347359458,5.0,310.528,44.0,1.0,3.8499999999999996
Maharashtra,Jalna,2016-05-01,19.91883295,75.87085986,5,Summer,47.0,0.0,0.000449560675,2.0,321.3366666,54.666666666666664,0.3333333333333333,-0.5154639175257731
Maharashtra,Jalna,2016-06-01,19.91883295,75.87085986,6,Monsoon,66.0,0.0,0.35478928544,3.25,310.91258335,28.833333333333336,0.0,-0.22696773744958978
Maharashtra,Jalna,2016-07-01,19.91883295,75.87085986,7,Monsoon,12.0,1.0,0.5742483549,3.0,303.445,14.0,0.3333333333333333,-0.07692307692307687
Maharashtra,Jalna,2016-08-01,19.91883295,75.87085986,8,Monsoon,19.0,1.0,0.63666822795,5.5,303.5725,11.333333333333334,0.5,-0.20833333333333331
Maharashtra,Jalna,2017-12-01,19.91883295,75.87085986,12,Winter,11.0,0.0,6.09e-05,9.0,304.2833334,10.0,0.3333333333333333,0.5714285714285714
Maharashtra,Jalna,2018-01-01,19.91883295,75.87085986,1,Winter,11.0,0.0,0.0004715470776,9.0,303.7133334,9.666666666666666,0.3333333333333333,0.0
Maharashtra,Jalna,2018-04-01,19.91883295,75.87085986,4,Summer,18.0,1.0,6.65e-05,4.0,321.6033334,13.333333333333334,0.3333333333333333,0.6363636363636365
Maharashtra,Jalna,2018-06-01,19.91883295,75.87085986,6,Monsoon,62.0,0.0,0.01809043212,9.0,309.285,30.333333333333332,0.3333333333333333,2.4444444444444446
Maharashtra,Jalna,2019-09-01,19.91883295,75.87085986,9,Monsoon,9.0,1.0,0.8986838949,9.0,303.445,29.666666666666668,0.6666666666666666,-0.8548387096774194
Maharashtra,Kolhapur,2009-12-01,16.7028412,74.2405329,12,Winter,80.0,0.0,0.001971785189,8.0,304.176,80.0,0.0,0.0
Maharashtra,Kolhapur,2010-11-01,16.7028412,74.2405329,11,Post-Monsoon,35.0,0.0,0.1720387075,8.0,303.32,57.5,0.0,-0.5625
Maharashtra,Kolhapur,2011-04-01,16.7028412,74.2405329,4,Summer,32.0,0.0,6.13e-05,6.0,316.72,49.0,0.0,-0.08571428571428574
Maharashtra,Kolhapur,2012-06-01,16.7028412,74.2405329,6,Monsoon,196.0,0.0,0.618424487,9.0,301.38,87.66666666666667,0.0,5.0
Maharashtra,Kolhapur,2012-07-01,16.7028412,74.2405329,7,Monsoon,93.0,0.0,0.26591936886666667,5.0,305.17333333333335,70.55555555555556,0.0,-0.47796674225245656
Maharashtra,Kolhapur,2012-11-01,16.7028412,74.2405329,11,Post-Monsoon,41.0,0.0,0.0394037879,10.0,305.42,29.666666666666668,0.0,1.0499999999999998
Maharashtra,Kolhapur,2013-03-01,16.7028412,74.2405329,3,Summer,28.0,0.0,3.82e-05,6.0,311.09000000000003,29.666666666666668,0.0,-0.31707317073170727
Maharashtra,Kolhapur,2013-05-01,16.7028412,74.2405329,5,Summer,11.0,0.0,0.01053841209,6.0,312.255,26.666666666666668,0.0,-0.6071428571428572
Maharashtra,Kolhapur,2013-08-01,16.7028412,74.2405329,8,Monsoon,17.0,0.0,0.1271391726,9.0,302.82,18.666666666666668,0.0,0.5454545454545454
Maharashtra,Kolhapur,2013-10-01,16.7028412,74.2405329,10,Post-Monsoon,13.0,1.0,0.273760896,11.0,306.115,13.666666666666666,0.3333333333333333,-0.23529411764705888
Maharashtra,Kolhapur,2014-05-01,16.7028412,74.2405329,5,Summer,133.0,0.0,0.08568161256,7.0,315.745,54.333333333333336,0.3333333333333333,5.0
Maharashtra,Kolhapur,2015-01-01,16.7028412,74.2405329,1,Winter,22.0,0.0,7.96e-05,9.0,303.572,56.0,0.3333333333333333,-0.8345864661654135
Maharashtra,Kolhapur,2015-06-01,16.7028412,74.2405329,6,Monsoon,48.0,0.0,0.9542822088,9.0,301.78000000000003,67.66666666666667,0.0,1.1818181818181817
Maharashtra,Kolhapur,2015-09-01,16.7028412,74.2405329,9,Monsoon,14.0,0.0,0.4009048268,8.0,310.55333340000004,28.0,0.0,-0.7083333333333333
Maharashtra,Kolhapur,2015-11-01,16.7028412,74.2405329,11,Post-Monsoon,11.0,0.0,7.44e-05,9.0,305.7,24.333333333333332,0.0,-0.2142857142857143
Maharashtra,Kolhapur,2015-12-01,16.7028412,74.2405329,12,Winter,63.0,1.0,0.00027030450765,9.0,305.3896667,26.5,0.16666666666666666,1.752272727272727
Maharashtra,Kolhapur,2016-02-01,16.7028412,74.2405329,2,Winter,7.0,1.0,4.73e-05,5.0,307.5966666,23.333333333333332,0.6666666666666666,1.3333333333333335
Maharashtra,Kolhapur,2016-03-01,16.7028412,74.2405329,3,Summer,13.0,0.0,0.01202549065,5.0,315.2133334,7.666666666666667,0.6666666666666666,0.8571428571428572
Maharashtra,Kolhapur,2016-05-01,16.7028412,74.2405329,5,Summer,33.0,1.0,0.03786334578,5.0,317.61333340000004,17.666666666666668,0.6666666666666666,1.5384615384615383
Maharashtra,Kolhapur,2016-07-01,16.7028412,74.2405329,7,Monsoon,18.0,0.0,1.556754063,3.0,303.6,21.333333333333332,0.3333333333333333,-0.4545454545454546
Maharashtra,Kolhapur,2016-08-01,16.7028412,74.2405329,8,Monsoon,50.0,0.0,1.117584664,9.0,303.445,33.666666666666664,0.3333333333333333,1.7777777777777777
Maharashtra,Kolhapur,2016-10-01,16.7028412,74.2405329,10,Post-Monsoon,96.0,0.0,0.107614466565,11.0,306.21000000000004,43.83333333333333,0.0,-0.030408163265306154
Maharashtra,Kolhapur,2017-06-01,16.7028412,74.2405329,6,Monsoon,25.0,0.0,0.2546117814,6.0,306.88,40.333333333333336,0.0,-0.46808510638297873
Maharashtra,Kolhapur,2017-07-01,16.7028412,74.2405329,7,Monsoon,47.0,0.0,0.5048733383,6.5,302.365,30.833333333333332,0.0,-0.10682926829268297
Maharashtra,Kolhapur,2017-09-01,16.7028412,74.2405329,9,Monsoon,107.0,0.0,0.717267795,5.0,304.32,51.333333333333336,0.0,5.0
Maharashtra,Kolhapur,2017-11-01,16.7028412,74.2405329,11,Post-Monsoon,5.0,2.0,0.029649541574999997,9.5,306.1016667,37.66666666666667,0.5,1.0046728971962617
Maharashtra,Kolhapur,2018-05-01,16.7028412,74.2405329,5,Summer,9.0,0.0,0.1703639866,7.0,310.27500000000003,4.666666666666667,0.6666666666666666,1.25
Maharashtra,Kolhapur,2018-06-01,16.7028412,74.2405329,6,Monsoon,289.0,3.0,1.1806989189500001,6.5,305.8075,40.0,0.5,2.393719806763285
Maharashtra,Kolhapur,2018-11-01,16.7028412,74.2405329,11,Post-Monsoon,105.0,0.0,0.01155062069,9.0,306.952,91.33333333333334,0.6666666666666666,0.14411764705882357
Maharashtra,Kolhapur,2019-02-01,16.7028412,74.2405329,2,Winter,7.0,1.0,0.0001514302351,5.0,312.42,37.333333333333336,0.3333333333333333,-0.9014084507042254
Maharashtra,Kolhapur,2019-06-01,16.7028412,74.2405329,6,Monsoon,7.0,0.0,0.3320778241,6.0,308.01,28.333333333333332,0.3333333333333333,0.0
Maharashtra,Kolhapur,2019-08-01,16.7028412,74.2405329,8,Monsoon,10.0,2.0,0.21575982043333333,8.666666666666666,301.7144444666667,4.444444444444445,0.6666666666666666,0.12857142857142856
Maharashtra,Kolhapur,2019-09-01,16.7028412,74.2405329,9,Monsoon,6.0,0.0,0.5116805797,12.0,304.46500000000003,4.666666666666667,0.3333333333333333,1.0
Maharashtra,Kolhapur,2019-10-01,16.7028412,74.2405329,10,Post-Monsoon,7.0,2.0,0.4333649695,5.0,302.93,5.333333333333333,0.6666666666666666,0.16666666666666674
Maharashtra,Kolhapur,2019-11-01,16.7028412,74.2405329,11,Post-Monsoon,32.0,0.0,0.014170720316649999,9.0,305.19950000000006,10.0,0.6666666666666666,1.0714285714285714
Maharashtra,Kolhapur,2019-12-01,16.7028412,74.2405329,12,Winter,7.0,0.0,0.004473537781,9.0,304.248,13.0,0.0,-0.7083333333333333
Maharashtra,Kolhapur,2020-01-01,16.7028412,74.2405329,1,Winter,15.0,1.0,0.0025027302416666666,8.0,304.326,8.555555555555555,0.2222222222222222,-0.08225108225108224
Maharashtra,Kolhapur,2020-02-01,16.7028412,74.2405329,2,Winter,56.0,0.0,0.000195932962,7.0,306.4766666,20.0,0.3333333333333333,5.0
Maharashtra,Kolhapur,2020-04-01,16.7028412,74.2405329,4,Summer,607.0,0.0,0.1258905428,9.0,313.0666666,221.66666666666666,0.0,5.0
Maharashtra,Kolhapur,2020-06-01,16.7028412,74.2405329,6,Monsoon,238.0,0.0,0.4959610002175,8.0,308.05,284.5,0.0,-0.7380891276812398
Maharashtra,Kolhapur,2020-07-01,16.7028412,74.2405329,7,Monsoon,11.0,0.0,1.439750798,4.0,301.88,83.0,0.0,-0.717948717948718
Maharashtra,Kolhapur,2020-12-01,16.7028412,74.2405329,12,Winter,72.0,0.0,6.87e-05,9.0,302.94,40.666666666666664,0.0,5.0
Maharashtra,Kolhapur,2021-06-01,16.7028412,74.2405329,6,Monsoon,5.0,3.0,0.4365472546,7.0,305.93,29.333333333333332,1.0,-0.9305555555555556
Maharashtra,Kolhapur,2021-08-01,16.7028412,74.2405329,8,Monsoon,221.0,0.0,0.21519561315000002,7.0,298.5433333,51.5,1.0,2.6
Maharashtra,Kolhapur,2021-10-01,16.7028412,74.2405329,10,Post-Monsoon,103.0,0.0,0.008330392193,12.0,307.0233334,108.0,0.0,-0.5209302325581395
Maharashtra,Kolhapur,2021-11-01,16.7028412,74.2405329,11,Post-Monsoon,69.0,0.0,0.042726307023,9.5,305.15999999999997,92.66666666666667,0.0,-0.6568843777581641
Maharashtra,Kolhapur,2021-12-01,16.7028412,74.2405329,12,Winter,47.0,1.0,0.046862260833333336,10.333333333333334,301.38166666666666,20.333333333333332,0.1111111111111111,1.735632183908046
Maharashtra,Latur,2011-06-01,18.35159075,76.75542361,6,Monsoon,237.0,0.0,0.3281226344,3.0,316.71,78.33333333333333,0.0,0.01282051282051285
Maharashtra,Latur,2012-07-01,18.35159075,76.75542361,7,Monsoon,57.0,0.0,0.4842234377,8.0,303.445,72.0,0.0,-0.2962962962962963
Maharashtra,Latur,2013-11-01,18.35159075,76.75542361,11,Post-Monsoon,16.0,0.0,4.77e-05,12.0,304.6966666,51.333333333333336,0.0,-0.7192982456140351
Maharashtra,Latur,2016-10-01,18.35159075,76.75542361,10,Post-Monsoon,13.0,0.0,0.01018348899,9.0,305.868,28.666666666666668,0.0,-0.1875
Maharashtra,Latur,2016-11-01,18.35159075,76.75542361,11,Post-Monsoon,35.0,0.0,5.96e-05,8.0,304.816,21.333333333333332,0.0,1.6923076923076925
Maharashtra,Latur,2017-07-01,18.35159075,76.75542361,7,Monsoon,17.0,1.0,0.2824084343,9.0,303.445,21.666666666666668,0.3333333333333333,-0.5142857142857142
Maharashtra,Latur,2017-09-01,18.35159075,76.75542361,9,Monsoon,34.0,0.0,0.6918539039,18.0,301.955,19.166666666666664,0.3333333333333333,0.2696078431372549
Maharashtra,Latur,2017-12-01,18.35159075,76.75542361,12,Winter,41.0,0.0,7.72e-05,9.0,305.6566666,25.0,0.0,0.8636363636363635
Maharashtra,Latur,2018-04-01,18.35159075,76.75542361,4,Summer,120.0,0.0,0.07542967381,3.0,319.872,61.0,0.0,1.9268292682926829
Maharashtra,Latur,2019-07-01,18.35159075,76.75542361,7,Monsoon,28.0,0.0,0.5098842908,4.0,309.40000000000003,63.0,0.0,-0.7666666666666666
Maharashtra,Latur,2019-09-01,18.35159075,76.75542361,9,Monsoon,9.0,0.0,0.6187087164,9.0,303.2466666,52.333333333333336,0.0,-0.6785714285714286
Maharashtra,Latur,2022-06-01,18.35159075,76.75542361,6,Monsoon,21.0,0.0,0.02719165232,2.0,312.02500000000003,19.333333333333332,0.0,1.3333333333333335
Maharashtra,Mumbai (city),2016-06-01,18.9733536,72.82810492,6,Monsoon,60.0,0.0,0.2254894541,2.0,278.90000000000003,60.0,0.0,0.0
Maharashtra,Nagpur,2010-02-01,21.1498134,79.0820556,2,Winter,81.0,0.0,0.02901093857,9.0,306.156,81.0,0.0,0.0
Maharashtra,Nagpur,2010-03-01,21.1498134,79.0820556,3,Summer,115.0,0.0,2.37e-05,4.0,314.42,98.0,0.0,0.4197530864197532
Maharashtra,Nagpur,2011-08-01,21.1498134,79.0820556,8,Monsoon,2.0,2.0,0.7207405476,10.0,303.445,66.0,0.6666666666666666,-0.9826086956521739
Maharashtra,Nagpur,2012-08-01,21.1498134,79.0820556,8,Monsoon,201.0,0.0,0.2691498959,9.0,302.21,60.0,0.6666666666666666,4.0125
Maharashtra,Nagpur,2013-07-01,21.1498134,79.0820556,7,Monsoon,12.0,0.0,1.853925705,1.0,303.445,71.0,0.0,-0.9254658385093167
Maharashtra,Nagpur,2014-01-01,21.1498134,79.0820556,1,Winter,71.0,0.0,0.01786249689,7.0,301.865,81.33333333333333,0.0,4.916666666666667
Maharashtra,Nagpur,2014-06-01,21.1498134,79.0820556,6,Monsoon,14.0,0.0,0.0005298417508,9.0,320.46,32.333333333333336,0.0,-0.8028169014084507
Maharashtra,Nagpur,2014-08-01,21.1498134,79.0820556,8,Monsoon,36.0,0.0,0.4583644864,11.0,308.07,40.333333333333336,0.0,1.5714285714285716
Maharashtra,Nagpur,2014-09-01,21.1498134,79.0820556,9,Monsoon,45.0,2.0,0.04974442414,13.5,303.068,24.333333333333336,0.5,0.20833333333333337
Maharashtra,Nagpur,2014-10-01,21.1498134,79.0820556,10,Post-Monsoon,65.0,5.0,0.0287692752395,18.0,305.34066670000004,31.5,1.6666666666666665,-0.02006802721088441
Maharashtra,Nagpur,2014-11-01,21.1498134,79.0820556,11,Post-Monsoon,22.0,1.0,7.7e-05,9.0,305.4066666,29.0,2.0,0.375
Maharashtra,Nagpur,2015-05-01,21.1498134,79.0820556,5,Summer,109.0,0.0,0.019831852389999998,4.0,319.7764444666667,31.111111111111114,0.5555555555555555,0.5199134199134199
Maharashtra,Nagpur,2015-06-01,21.1498134,79.0820556,6,Monsoon,105.0,0.0,0.3916840014125,4.75,316.57216665,30.666666666666664,0.0,0.24146338157966069
Maharashtra,Nagpur,2015-07-01,21.1498134,79.0820556,7,Monsoon,25.0,0.0,0.3560908714,9.0,303.445,21.0,0.0,0.5625
Maharashtra,Nagpur,2015-08-01,21.1498134,79.0820556,8,Monsoon,31.0,0.0,0.2609805844,9.0,302.81,24.0,0.0,0.24
Maharashtra,Nagpur,2016-03-01,21.1498134,79.0820556,3,Summer,15.0,0.0,0.06843597796,6.0,310.3766666,23.666666666666668,0.0,-0.5161290322580645
Maharashtra,Nagpur,2016-05-01,21.1498134,79.0820556,5,Summer,457.0,0.0,0.018064006611666666,5.666666666666667,318.49766666666665,91.33333333333333,0.0,1.7553681141310007
Maharashtra,Nagpur,2016-06-01,21.1498134,79.0820556,6,Monsoon,16.0,0.0,8.08e-05,9.0,320.0833334,139.33333333333334,0.0,-0.9230769230769231
Maharashtra,Nagpur,2016-07-01,21.1498134,79.0820556,7,Monsoon,854.5599999999977,2.0,2.744106455,5.5,303.445,321.85333333333256,0.6666666666666666,2.0107583436932197
Maharashtra,Nagpur,2016-09-01,21.1498134,79.0820556,9,Monsoon,37.0,0.0,0.1495673348,13.0,303.86,297.1866666666659,0.6666666666666666,1.0555555555555554
Maharashtra,Nagpur,2016-11-01,21.1498134,79.0820556,11,Post-Monsoon,6.0,0.0,4.12e-05,9.0,303.9733334,20.333333333333332,0.0,-0.8378378378378378
Maharashtra,Nagpur,2017-06-01,21.1498134,79.0820556,6,Monsoon,100.0,0.0,0.1215240349,6.0,314.27,47.666666666666664,0.0,5.0
Maharashtra,Nagpur,2017-08-01,21.1498134,79.0820556,8,Monsoon,38.0,0.0,0.1205257228,10.0,303.445,48.0,0.0,-0.62
Maharashtra,Nagpur,2017-09-01,21.1498134,79.0820556,9,Monsoon,5.0,0.0,1.03122049,13.0,300.6,47.666666666666664,0.0,-0.868421052631579
Maharashtra,Nagpur,2017-10-01,21.1498134,79.0820556,10,Post-Monsoon,584.0,4.0,0.040144580965,24.0,303.834,193.5,1.3333333333333333,2.051984877126654
Maharashtra,Nagpur,2017-11-01,21.1498134,79.0820556,11,Post-Monsoon,27.0,0.0,0.001420990557,9.0,303.7966666,203.66666666666666,1.3333333333333333,-0.509090909090909
Maharashtra,Nagpur,2018-07-01,21.1498134,79.0820556,7,Monsoon,65.0,0.0,2.773682945,3.0,303.445,49.0,0.0,1.4074074074074074
Maharashtra,Nagpur,2018-08-01,21.1498134,79.0820556,8,Monsoon,42.0,1.0,1.12425056175,7.5,300.7825,37.166666666666664,0.16666666666666666,-0.4403846153846154
Maharashtra,Nagpur,2018-09-01,21.1498134,79.0820556,9,Monsoon,67.0,1.0,0.31247979679,20.5,303.3866667,23.666666666666664,0.5,1.1500000000000001
Maharashtra,Nagpur,2018-11-01,21.1498134,79.0820556,11,Post-Monsoon,91.0,0.0,9.5e-06,8.0,306.54,52.666666666666664,0.3333333333333333,0.75
Maharashtra,Nagpur,2019-08-01,21.1498134,79.0820556,8,Monsoon,51.0,2.0,1.38841493,9.25,301.91375,27.833333333333332,0.5,0.716843844561236
Maharashtra,Nagpur,2021-07-01,21.1498134,79.0820556,7,Monsoon,4.0,1.0,0.5529516087,13.0,308.685,14.0,0.6666666666666666,-0.7333333333333334
Maharashtra,Nagpur,2022-06-01,21.1498134,79.0820556,6,Monsoon,88.0,0.0,0.090463589675,6.0,315.54666670000006,25.333333333333336,0.3333333333333333,2.573170731707317
Maharashtra,Nanded,2010-03-01,19.09400875,77.48319215,3,Summer,20.0,0.0,5.7e-05,5.0,315.272,20.0,0.0,0.0
Maharashtra,Nanded,2010-05-01,19.09400875,77.48319215,5,Summer,18.0,0.0,0.039374373,3.0,320.725,19.0,0.0,-0.09999999999999998
Maharashtra,Nanded,2011-08-01,19.09400875,77.48319215,8,Monsoon,83.0,0.0,0.33677615935,9.5,302.65250000000003,35.33333333333333,0.0,1.0962709284627092
Maharashtra,Nanded,2012-02-01,19.09400875,77.48319215,2,Winter,23.0,0.0,0.0005249597183,9.0,309.552,35.333333333333336,0.0,1.2999999999999998
Maharashtra,Nanded,2012-07-01,19.09400875,77.48319215,7,Monsoon,27.0,0.0,0.4234094014,4.0,302.84000000000003,20.0,0.0,0.17391304347826098
Maharashtra,Nanded,2012-08-01,19.09400875,77.48319215,8,Monsoon,269.0,0.0,0.48412022265,8.5,301.17125,67.83333333333333,0.0,1.0221949891067537
Maharashtra,Nanded,2013-05-01,19.09400875,77.48319215,5,Summer,23.0,0.0,0.003998651033,5.0,321.1766666,22.666666666666668,0.0,-0.07999999999999996
Maharashtra,Nanded,2013-11-01,19.09400875,77.48319215,11,Post-Monsoon,18.0,0.0,6.08e-05,12.0,302.9466666,22.0,0.0,-0.21739130434782605
Maharashtra,Nanded,2014-08-01,19.09400875,77.48319215,8,Monsoon,124.0,0.0,0.2181573568,14.0,307.888,55.0,0.0,5.0
Maharashtra,Nanded,2015-06-01,19.09400875,77.48319215,6,Monsoon,41.0,0.0,0.02150634836,5.0,317.24,61.0,0.0,-0.6693548387096775
Maharashtra,Nanded,2015-09-01,19.09400875,77.48319215,9,Monsoon,53.0,1.0,0.8111624019500001,13.5,304.3075,49.5,0.3333333333333333,-0.33921694480102693
Maharashtra,Nanded,2016-01-01,19.09400875,77.48319215,1,Winter,40.0,0.0,2.19e-05,9.0,307.288,31.0,0.3333333333333333,1.6666666666666665
Maharashtra,Nanded,2017-04-01,19.09400875,77.48319215,4,Summer,27.0,0.0,4.92e-05,9.0,320.0,27.333333333333332,0.0,-0.32499999999999996
Maharashtra,Nanded,2018-04-01,19.09400875,77.48319215,4,Summer,56.0,0.0,5.65e-05,4.0,321.8933334,41.0,0.0,1.074074074074074
Maharashtra,Nanded,2018-05-01,19.09400875,77.48319215,5,Summer,34.0,0.0,0.01594669936,9.0,316.344,39.0,0.0,-0.3928571428571429
Maharashtra,Nanded,2018-06-01,19.09400875,77.48319215,6,Monsoon,38.0,0.0,0.09510552106,4.0,314.08,42.666666666666664,0.0,0.11764705882352944
Maharashtra,Nanded,2021-11-01,19.09400875,77.48319215,11,Post-Monsoon,9.0,0.0,0.07439863145,7.0,301.1533334,27.0,0.0,-0.7631578947368421
Maharashtra,Nandurbar,2012-07-01,21.51450155,74.54070115,7,Monsoon,51.0,0.0,0.5615127164,9.0,303.445,51.0,0.0,0.0
Maharashtra,Nandurbar,2012-08-01,21.51450155,74.54070115,8,Monsoon,18.0,0.0,0.39250434,9.0,304.75,34.5,0.0,-0.6470588235294117
Maharashtra,Nandurbar,2013-02-01,21.51450155,74.54070115,2,Winter,162.0,0.0,0.001861465575,6.0,309.7166666,77.0,0.0,5.0
Maharashtra,Nandurbar,2013-05-01,21.51450155,74.54070115,5,Summer,115.0,0.0,2.85e-05,3.0,322.896,98.33333333333333,0.0,-0.2901234567901234
Maharashtra,Nandurbar,2013-10-01,21.51450155,74.54070115,10,Post-Monsoon,82.0,1.0,0.2798436361475,13.5,305.13916670000003,48.16666666666667,0.25,-0.17632767828244683
Maharashtra,Nandurbar,2014-08-01,21.51450155,74.54070115,8,Monsoon,43.0,0.0,0.1531193868,9.0,304.98,27.0,0.0,0.9545454545454546
Maharashtra,Nandurbar,2016-10-01,21.51450155,74.54070115,10,Post-Monsoon,51.0,0.0,0.08092460619,14.0,302.6366666,38.666666666666664,0.0,0.18604651162790709
Maharashtra,Nandurbar,2017-12-01,21.51450155,74.54070115,12,Winter,13.0,0.0,0.01750649204,7.0,303.536,35.666666666666664,0.0,-0.7450980392156863
Maharashtra,Nandurbar,2018-10-01,21.51450155,74.54070115,10,Post-Monsoon,43.0,1.0,8.67e-05,9.0,309.7766666,35.666666666666664,0.3333333333333333,2.3076923076923075
Maharashtra,Nandurbar,2019-09-01,21.51450155,74.54070115,9,Monsoon,52.0,2.0,0.8880442927500001,9.0,302.755,29.5,1.0,-0.19767441860465118
Maharashtra,Nandurbar,2021-06-01,21.51450155,74.54070115,6,Monsoon,43.0,0.0,0.09326677373,5.0,309.316,26.166666666666664,0.3333333333333333,-0.2104700854700855
Maharashtra,Nashik,2009-08-01,20.0112475,73.7902364,8,Monsoon,39.0,0.0,0.4474799293,6.0,295.82,39.0,0.0,0.0
Maharashtra,Nashik,2009-09-01,20.0112475,73.7902364,9,Monsoon,91.0,1.0,0.29427070555,18.0,300.92333329999997,39.91666666666667,0.41666666666666663,0.274132730015083
Maharashtra,Nashik,2010-05-01,20.0112475,73.7902364,5,Summer,102.0,0.0,0.003804857854,6.0,319.752,64.33333333333333,0.3333333333333333,0.7894736842105263
Maharashtra,Nashik,2010-06-01,20.0112475,73.7902364,6,Monsoon,385.0,0.0,0.6477142094,7.333333333333333,308.7477778,125.8888888888889,0.0,0.06750038076696403
Maharashtra,Nashik,2010-10-01,20.0112475,73.7902364,10,Post-Monsoon,76.0,0.0,0.299518558,9.0,301.425,111.66666666666667,0.0,2.1666666666666665
Maharashtra,Nashik,2011-04-01,20.0112475,73.7902364,4,Summer,61.0,1.0,0.006124711444,5.0,315.97200000000004,53.666666666666664,0.3333333333333333,-0.19736842105263153
Maharashtra,Nashik,2011-05-01,20.0112475,73.7902364,5,Summer,110.0,0.0,0.0044415509875,7.0,314.505,60.16666666666667,0.3333333333333333,-0.02783792143519953
Maharashtra,Nashik,2011-06-01,20.0112475,73.7902364,6,Monsoon,126.0,0.0,0.5479577686,5.0,313.26,78.66666666666667,0.0,1.210526315789474
Maharashtra,Nashik,2011-07-01,20.0112475,73.7902364,7,Monsoon,2.0,1.0,0.5663983237,4.0,277.14,61.666666666666664,0.3333333333333333,-0.9841269841269842
Maharashtra,Nashik,2011-08-01,20.0112475,73.7902364,8,Monsoon,41.0,0.0,0.50022530815,6.0,301.97249999999997,32.166666666666664,0.3333333333333333,2.4318181818181817
Maharashtra,Nashik,2011-09-01,20.0112475,73.7902364,9,Monsoon,62.0,0.0,0.3402822108,9.0,296.7066666,25.5,0.0,0.3157894736842105
Maharashtra,Nashik,2011-10-01,20.0112475,73.7902364,10,Post-Monsoon,149.0,0.0,0.19720245074473333,13.0,303.17444446666667,43.666666666666664,0.0,1.225530741659774
Maharashtra,Nashik,2011-11-01,20.0112475,73.7902364,11,Post-Monsoon,17.0,0.0,9.65e-05,8.0,306.7,49.666666666666664,0.0,0.1333333333333333
Maharashtra,Nashik,2011-12-01,20.0112475,73.7902364,12,Winter,6.0,1.0,4.46e-05,8.0,306.06333340000003,12.666666666666666,0.3333333333333333,-0.6470588235294117
Maharashtra,Nashik,2012-03-01,20.0112475,73.7902364,3,Summer,90.0,0.0,8.84e-05,5.0,314.7833334,37.666666666666664,0.3333333333333333,5.0
Maharashtra,Nashik,2012-04-01,20.0112475,73.7902364,4,Summer,16.0,0.0,0.00453315594,5.0,316.672,37.333333333333336,0.3333333333333333,-0.8222222222222222
Maharashtra,Nashik,2012-06-01,20.0112475,73.7902364,6,Monsoon,82.0,0.0,0.2540485365,6.0,312.58,62.666666666666664,0.0,4.125
Maharashtra,Nashik,2012-09-01,20.0112475,73.7902364,9,Monsoon,46.0,0.0,0.1843024431,9.0,301.08,48.0,0.0,-0.4390243902439024
Maharashtra,Nashik,2012-10-01,20.0112475,73.7902364,10,Post-Monsoon,12.0,0.0,0.7999218103,20.0,300.672,46.666666666666664,0.0,-0.7391304347826086
Maharashtra,Nashik,2012-11-01,20.0112475,73.7902364,11,Post-Monsoon,20.0,0.0,0.0002178314227,9.0,305.06333340000003,26.0,0.0,0.6666666666666667
Maharashtra,Nashik,2012-12-01,20.0112475,73.7902364,12,Winter,22.0,1.0,0.0508465061,9.0,303.9566666,18.0,0.3333333333333333,0.10000000000000009
Maharashtra,Nashik,2013-06-01,20.0112475,73.7902364,6,Monsoon,25.0,0.0,0.6287406888,2.0,309.0933334,22.333333333333332,0.3333333333333333,0.13636363636363646
Maharashtra,Nashik,2013-07-01,20.0112475,73.7902364,7,Monsoon,62.0,0.0,1.402063445,9.0,303.445,36.333333333333336,0.3333333333333333,1.48
Maharashtra,Nashik,2013-09-01,20.0112475,73.7902364,9,Monsoon,54.0,0.0,1.535551621,8.0,298.155,23.083333333333336,0.0,-0.2881624423963134
Maharashtra,Nashik,2013-10-01,20.0112475,73.7902364,10,Post-Monsoon,22.0,0.0,0.01860046276,13.0,301.90000000000003,15.333333333333334,0.0,1.2000000000000002
Maharashtra,Nashik,2014-06-01,20.0112475,73.7902364,6,Monsoon,24.0,0.0,0.1594878922,9.0,312.3966666,18.666666666666668,0.0,0.09090909090909083
Maharashtra,Nashik,2014-08-01,20.0112475,73.7902364,8,Monsoon,75.0,0.0,0.7457727314,6.0,298.51,25.833333333333336,0.0,2.2083333333333335
Maharashtra,Nashik,2014-09-01,20.0112475,73.7902364,9,Monsoon,184.0,0.0,2.0726511565,7.5,300.34749999999997,58.33333333333333,0.0,2.2
Maharashtra,Nashik,2014-10-01,20.0112475,73.7902364,10,Post-Monsoon,10.0,0.0,0.1019110467,19.0,304.5966666,64.66666666666667,0.0,-0.9367088607594937
Maharashtra,Nashik,2014-11-01,20.0112475,73.7902364,11,Post-Monsoon,27.0,0.0,5.36e-05,9.0,306.46,65.0,0.0,1.7000000000000002
Maharashtra,Nashik,2015-05-01,20.0112475,73.7902364,5,Summer,29.0,0.0,0.003372753075,9.0,316.2766666,22.0,0.0,0.07407407407407418
Maharashtra,Nashik,2015-07-01,20.0112475,73.7902364,7,Monsoon,71.0,0.0,0.3793102943,8.0,302.46500000000003,42.333333333333336,0.0,1.4482758620689653
Maharashtra,Nashik,2015-08-01,20.0112475,73.7902364,8,Monsoon,10.0,0.0,0.4870072432,5.0,297.36,36.666666666666664,0.0,-0.8591549295774648
Maharashtra,Nashik,2015-09-01,20.0112475,73.7902364,9,Monsoon,36.0,0.0,1.461111818,9.0,297.3466666,39.0,0.0,2.6
Maharashtra,Nashik,2015-10-01,20.0112475,73.7902364,10,Post-Monsoon,18.0,0.0,0.4181637434,9.0,303.05,21.333333333333332,0.0,-0.5
Maharashtra,Nashik,2015-12-01,20.0112475,73.7902364,12,Winter,10.0,0.0,0.001370455503,10.0,304.628,21.333333333333332,0.0,-0.4444444444444444
Maharashtra,Nashik,2016-04-01,20.0112475,73.7902364,4,Summer,20.0,1.0,0.002772524939,5.0,316.8266666,16.0,0.3333333333333333,1.0
Maharashtra,Nashik,2016-05-01,20.0112475,73.7902364,5,Summer,481.0,1.0,0.05853359025333333,5.333333333333333,313.19,105.33333333333333,0.5555555555555555,1.1220863895680522
Maharashtra,Nashik,2016-06-01,20.0112475,73.7902364,6,Monsoon,190.0,0.0,0.13895693096333334,4.333333333333333,312.86633333333333,119.0,0.0,0.016703896748572904
Maharashtra,Nashik,2016-07-01,20.0112475,73.7902364,7,Monsoon,87.0,0.0,1.1268116283,1.0,303.445,26.0,0.0,1.2816666666666667
Maharashtra,Nashik,2016-09-01,20.0112475,73.7902364,9,Monsoon,79.0,0.0,1.132765083,17.0,301.38,55.333333333333336,0.0,0.27419354838709675
Maharashtra,Nashik,2016-10-01,20.0112475,73.7902364,10,Post-Monsoon,45.0,0.0,0.8048052238,12.0,299.74,62.0,0.0,-0.430379746835443
Maharashtra,Nashik,2016-12-01,20.0112475,73.7902364,12,Winter,24.0,0.0,0.00117959248315,9.0,303.891,33.66666666666667,0.0,-0.06666666666666665
Maharashtra,Nashik,2017-09-01,20.0112475,73.7902364,9,Monsoon,33.0,0.0,0.7303078924,9.0,297.77500000000003,19.0,0.0,1.2000000000000002
Maharashtra,Nashik,2017-10-01,20.0112475,73.7902364,10,Post-Monsoon,7.0,1.0,0.07059878798,19.0,303.25333340000003,18.333333333333332,0.3333333333333333,-0.7878787878787878
Maharashtra,Nashik,2017-11-01,20.0112475,73.7902364,11,Post-Monsoon,311.0,0.0,3.19e-05,9.0,304.0316667,101.5,0.3333333333333333,2.1195219123505975
Maharashtra,Nashik,2018-02-01,20.0112475,73.7902364,2,Winter,4.0,1.0,0.0001015017778,6.0,307.69,105.0,0.3333333333333333,-0.9333333333333333
Maharashtra,Nashik,2018-04-01,20.0112475,73.7902364,4,Summer,66.0,0.0,0.003291825075,6.0,317.124,43.333333333333336,0.3333333333333333,5.0
Maharashtra,Nashik,2018-05-01,20.0112475,73.7902364,5,Summer,332.0,3.0,0.011751316047049999,5.0,315.9673333,100.83333333333333,0.6666666666666666,0.7495576199955761
Maharashtra,Nashik,2018-07-01,20.0112475,73.7902364,7,Monsoon,164.0,0.0,1.1187049333333332,4.333333333333333,303.3383333333333,100.22222222222221,0.6666666666666666,-0.4476782962028863
Maharashtra,Nashik,2018-08-01,20.0112475,73.7902364,8,Monsoon,73.0,0.0,0.3740681367,9.0,299.73,54.0,0.0,1.6071428571428572
Maharashtra,Nashik,2018-10-01,20.0112475,73.7902364,10,Post-Monsoon,71.0,4.0,0.06827310549866666,13.333333333333334,306.77866666666665,34.77777777777778,1.0,0.010412891691430412
Maharashtra,Nashik,2019-10-01,20.0112475,73.7902364,10,Post-Monsoon,289.0,0.0,0.1675463261,15.0,303.756,111.0,1.0,5.0
Maharashtra,Nashik,2020-11-01,20.0112475,73.7902364,11,Post-Monsoon,32.0,0.0,0.004162033368,16.0,303.9966666,117.0,0.0,-0.889273356401384
Maharashtra,Nashik,2020-12-01,20.0112475,73.7902364,12,Winter,17.0,0.0,0.0457368425688,9.5,302.07500000000005,63.0,0.0,-0.3125
Maharashtra,Nashik,2021-03-01,20.0112475,73.7902364,3,Summer,11.0,0.0,5.56e-05,7.0,310.6566666,9.333333333333334,0.0,0.22222222222222232
Maharashtra,Nashik,2021-05-01,20.0112475,73.7902364,5,Summer,6.0,0.0,0.2612602835,7.0,312.09000000000003,8.666666666666666,0.0,-0.4545454545454546
Maharashtra,Nasik,2021-06-01,20.0112475,73.7902364,6,Monsoon,53.0,0.0,0.2630178863,9.0,304.28000000000003,53.0,0.0,0.0
Maharashtra,Osmanabad,2009-12-01,18.16984395,76.11796321,12,Winter,23.0,0.0,0.01311970328,7.0,306.396,23.0,0.0,0.0
Maharashtra,Osmanabad,2011-09-01,18.16984395,76.11796321,9,Monsoon,26.0,0.0,0.07189483971,10.0,306.23,24.5,0.0,0.13043478260869557
Maharashtra,Osmanabad,2011-10-01,18.16984395,76.11796321,10,Post-Monsoon,53.0,0.0,0.223210702,9.0,308.3225,25.666666666666664,0.0,0.019230769230769273
Maharashtra,Osmanabad,2012-09-01,18.16984395,76.11796321,9,Monsoon,35.0,0.0,0.3708471616,7.0,301.8333334,29.333333333333332,0.0,0.2962962962962963
Maharashtra,Osmanabad,2012-10-01,18.16984395,76.11796321,10,Post-Monsoon,16.0,1.0,0.1760734899,9.0,311.41,26.0,0.3333333333333333,-0.5428571428571429
Maharashtra,Osmanabad,2012-11-01,18.16984395,76.11796321,11,Post-Monsoon,102.0,0.0,0.01367871891,7.0,305.372,51.0,0.3333333333333333,5.0
Maharashtra,Osmanabad,2012-12-01,18.16984395,76.11796321,12,Winter,65.0,0.0,0.001327137461,7.0,307.72,61.0,0.3333333333333333,-0.36274509803921573
Maharashtra,Osmanabad,2013-07-01,18.16984395,76.11796321,7,Monsoon,30.0,0.0,1.047265867,3.0,302.54,65.66666666666667,0.0,-0.5384615384615384
Maharashtra,Osmanabad,2013-08-01,18.16984395,76.11796321,8,Monsoon,16.0,0.0,1.102604394,5.0,303.445,37.0,0.0,-0.4666666666666667
Maharashtra,Osmanabad,2014-07-01,18.16984395,76.11796321,7,Monsoon,74.0,0.0,0.89197165075,3.0,305.9625,28.833333333333336,0.0,0.65625
Maharashtra,Osmanabad,2014-08-01,18.16984395,76.11796321,8,Monsoon,10.0,1.0,0.4268564407,7.0,306.24,28.0,0.3333333333333333,-0.7297297297297297
Maharashtra,Osmanabad,2015-11-01,18.16984395,76.11796321,11,Post-Monsoon,18.0,0.0,3.69e-05,5.0,309.8533334,21.666666666666668,0.3333333333333333,0.8
Maharashtra,Osmanabad,2016-06-01,18.16984395,76.11796321,6,Monsoon,55.0,0.0,0.05239834333,1.0,319.288,27.666666666666668,0.3333333333333333,2.0555555555555554
Maharashtra,Osmanabad,2016-10-01,18.16984395,76.11796321,10,Post-Monsoon,31.0,0.0,0.3776196185,12.0,302.81,34.666666666666664,0.0,-0.4363636363636364
Maharashtra,Osmanabad,2017-06-01,18.16984395,76.11796321,6,Monsoon,368.0,0.0,0.4001070088,3.0,308.22,151.33333333333334,0.0,5.0
Maharashtra,Osmanabad,2017-07-01,18.16984395,76.11796321,7,Monsoon,3.0,0.0,0.108867075,9.0,309.7466666,134.0,0.0,-0.9918478260869565
Maharashtra,Osmanabad,2017-10-01,18.16984395,76.11796321,10,Post-Monsoon,24.0,0.0,0.3157613658,9.0,308.41,131.66666666666666,0.0,5.0
Maharashtra,Osmanabad,2017-12-01,18.16984395,76.11796321,12,Winter,17.0,0.0,0.003459001668,9.0,304.7766666,14.666666666666666,0.0,-0.29166666666666663
Maharashtra,Osmanabad,2018-05-01,18.16984395,76.11796321,5,Summer,11.0,0.0,0.002483980371,3.0,318.7933334,17.333333333333332,0.0,-0.3529411764705882
Maharashtra,Osmanabad,2019-09-01,18.16984395,76.11796321,9,Monsoon,46.0,0.0,0.8562232641,8.0,303.445,24.666666666666668,0.0,3.1818181818181817
Maharashtra,Osmanabad,2020-10-01,18.16984395,76.11796321,10,Post-Monsoon,7.0,0.0,0.007537283688,9.0,304.896,21.333333333333332,0.0,-0.8478260869565217
Maharashtra,Osmanabad,2020-11-01,18.16984395,76.11796321,11,Post-Monsoon,9.0,0.0,8.75e-05,7.0,307.676,20.666666666666668,0.0,0.2857142857142858
Maharashtra,Osmanabad,2021-06-01,18.16984395,76.11796321,6,Monsoon,7.0,1.0,0.2700335578,9.0,313.328,7.666666666666667,0.3333333333333333,-0.2222222222222222
Maharashtra,Osmanabad,2021-07-01,18.16984395,76.11796321,7,Monsoon,4.0,0.0,1.374420463,8.0,300.42,6.666666666666667,0.3333333333333333,-0.4285714285714286
Maharashtra,Osmanabad,2021-09-01,18.16984395,76.11796321,9,Monsoon,20.0,1.0,0.8811762215500001,9.5,300.54833329999997,8.333333333333332,0.3333333333333333,1.0416666666666665
Maharashtra,Osmanabad (Maharashtra),2016-03-01,18.16984395,76.11796321,3,Summer,18.0,0.0,0.0007361318031,2.0,322.028,18.0,0.0,0.0
Maharashtra,Palghar,2017-08-01,19.684661,72.82491116,8,Monsoon,18.0,1.0,0.334975779,14.0,299.1333334,18.0,1.0,0.0
Maharashtra,Palghar,2017-11-01,19.684661,72.82491116,11,Post-Monsoon,27.0,1.0,5.69e-05,14.0,305.0433333,13.75,0.8333333333333333,0.623015873015873
Maharashtra,Palghar,2018-05-01,19.684661,72.82491116,5,Summer,78.0,0.0,0.00099957468155,9.5,311.7216667,24.0,0.16666666666666666,1.0276315789473682
Maharashtra,Palghar,2018-06-01,19.684661,72.82491116,6,Monsoon,10.0,0.0,1.962859083,9.0,306.46,29.333333333333332,0.0,-0.8305084745762712
Maharashtra,Palghar,2019-05-01,19.684661,72.82491116,5,Summer,8.0,0.0,0.0002743511347,9.0,314.75333340000003,25.666666666666668,0.0,-0.19999999999999996
Maharashtra,Palghar,2019-07-01,19.684661,72.82491116,7,Monsoon,9.0,0.0,0.3040429281,9.0,302.02,9.0,0.0,0.125
Maharashtra,Palghar,2019-08-01,19.684661,72.82491116,8,Monsoon,143.0,0.0,2.091814934,1.0,303.445,53.333333333333336,0.0,5.0
Maharashtra,Palghar,2019-11-01,19.684661,72.82491116,11,Post-Monsoon,16.0,0.0,0.0008463301457,16.0,303.332,56.0,0.0,-0.8881118881118881
Maharashtra,Parbhani,2010-07-01,19.29031365,76.60290343,7,Monsoon,131.0,0.0,1.0038708546,5.0,305.12666666666667,51.55555555555555,0.0,-0.18859464761104106
Maharashtra,Parbhani,2010-08-01,19.29031365,76.60290343,8,Monsoon,33.0,0.0,0.9712524736,3.0,303.445,34.333333333333336,0.0,0.06451612903225801
Maharashtra,Parbhani,2011-08-01,19.29031365,76.60290343,8,Monsoon,57.0,0.0,0.2515310148,6.0,301.57,40.333333333333336,0.0,0.7272727272727273
Maharashtra,Parbhani,2012-07-01,19.29031365,76.60290343,7,Monsoon,174.0,1.0,0.09344685516,3.0,307.76,88.0,0.3333333333333333,2.0526315789473686
Maharashtra,Parbhani,2012-08-01,19.29031365,76.60290343,8,Monsoon,14.0,0.0,0.1991568221,9.0,302.61,81.66666666666667,0.3333333333333333,-0.9195402298850575
Maharashtra,Parbhani,2013-07-01,19.29031365,76.60290343,7,Monsoon,59.0,0.0,0.2134294921,2.0,303.445,82.33333333333333,0.3333333333333333,3.2142857142857144
Maharashtra,Parbhani,2014-03-01,19.29031365,76.60290343,3,Summer,47.0,0.0,0.112009218,7.0,307.0,40.0,0.0,-0.2033898305084746
Maharashtra,Parbhani,2014-11-01,19.29031365,76.60290343,11,Post-Monsoon,32.0,0.0,0.08710501478,8.0,308.6,46.0,0.0,-0.3191489361702128
Maharashtra,Parbhani,2015-04-01,19.29031365,76.60290343,4,Summer,24.0,0.0,0.3435382668,4.0,311.948,34.333333333333336,0.0,-0.25
Maharashtra,Parbhani,2016-05-01,19.29031365,76.60290343,5,Summer,152.0,0.0,0.056950880685,3.0,324.885,42.83333333333333,0.0,2.0608333333333335
Maharashtra,Parbhani,2016-07-01,19.29031365,76.60290343,7,Monsoon,52.0,0.0,0.8976608583,9.0,315.32,68.0,0.0,-0.5905511811023623
Maharashtra,Parbhani,2017-10-01,19.29031365,76.60290343,10,Post-Monsoon,10.0,0.0,0.02386665664,9.0,302.8833334,63.0,0.0,-0.8076923076923077
Maharashtra,Parbhani,2017-11-01,19.29031365,76.60290343,11,Post-Monsoon,46.0,0.0,0.003018970687,11.0,306.874,22.0,0.0,0.8428571428571427
Maharashtra,Parbhani,2018-06-01,19.29031365,76.60290343,6,Monsoon,35.0,0.0,0.1153558791,2.0,316.94,27.0,0.0,0.09375
Maharashtra,Parbhani,2019-09-01,19.29031365,76.60290343,9,Monsoon,32.0,1.0,0.904093517,9.0,303.445,33.0,0.3333333333333333,-0.08571428571428574
Maharashtra,Parbhani,2020-10-01,19.29031365,76.60290343,10,Post-Monsoon,66.0,0.0,0.06249646935,18.0,304.355,44.333333333333336,0.3333333333333333,1.0625
Maharashtra,Pune,2010-03-01,18.521428,73.8544541,3,Summer,131.0,0.0,4.61e-05,9.0,311.57,131.0,0.0,0.0
Maharashtra,Pune,2011-05-01,18.521428,73.8544541,5,Summer,141.0,0.0,0.06051123648,5.0,312.2033334,136.0,0.0,0.07633587786259532
Maharashtra,Pune,2011-06-01,18.521428,73.8544541,6,Monsoon,311.0,0.0,0.5102087662,4.0,300.08,194.33333333333334,0.0,1.2056737588652484
Maharashtra,Pune,2011-07-01,18.521428,73.8544541,7,Monsoon,46.0,0.0,1.405453239,3.0,303.445,166.0,0.0,-0.8520900321543409
Maharashtra,Pune,2011-08-01,18.521428,73.8544541,8,Monsoon,29.0,3.0,0.9038562177333332,7.666666666666667,299.095,50.77777777777777,0.6666666666666666,-0.09213250517598344
Maharashtra,Pune,2011-12-01,18.521428,73.8544541,12,Winter,34.0,0.0,7.14e-05,9.0,302.40000000000003,14.0,0.5,0.2727272727272727
Maharashtra,Pune,2012-05-01,18.521428,73.8544541,5,Summer,6.0,1.0,0.0004693079357,9.0,317.368,13.333333333333334,0.3333333333333333,-0.6470588235294117
Maharashtra,Pune,2013-03-01,18.521428,73.8544541,3,Summer,75.0,0.0,6.8e-05,5.0,315.1733334,32.666666666666664,0.3333333333333333,5.0
Maharashtra,Pune,2013-09-01,18.521428,73.8544541,9,Monsoon,8.0,0.0,0.5463138027,10.0,301.25,29.666666666666668,0.3333333333333333,-0.8933333333333333
Maharashtra,Pune,2013-10-01,18.521428,73.8544541,10,Post-Monsoon,50.0,0.0,0.1200245707,9.0,302.57,44.333333333333336,0.0,5.0
Maharashtra,Pune,2014-08-01,18.521428,73.8544541,8,Monsoon,36.0,0.0,1.062114181,11.0,303.08,31.333333333333332,0.0,-0.28
Maharashtra,Pune,2015-02-01,18.521428,73.8544541,2,Winter,55.0,0.0,0.02039751792,6.0,306.7033334,47.0,0.0,0.5277777777777777
Maharashtra,Pune,2015-03-01,18.521428,73.8544541,3,Summer,7.0,0.0,0.07475160707,8.0,311.7633334,32.666666666666664,0.0,-0.8727272727272728
Maharashtra,Pune,2015-05-01,18.521428,73.8544541,5,Summer,10.0,0.0,0.09445700622,7.0,316.144,24.0,0.0,0.4285714285714286
Maharashtra,Pune,2015-06-01,18.521428,73.8544541,6,Monsoon,154.0,0.0,1.529572784,9.0,303.445,57.0,0.0,5.0
Maharashtra,Pune,2015-07-01,18.521428,73.8544541,7,Monsoon,36.0,0.0,0.5035767131,2.0,303.445,66.66666666666667,0.0,-0.7662337662337663
Maharashtra,Pune,2015-09-01,18.521428,73.8544541,9,Monsoon,35.0,0.0,0.1464324479,17.0,301.825,75.0,0.0,-0.02777777777777779
Maharashtra,Pune,2015-10-01,18.521428,73.8544541,10,Post-Monsoon,65.0,0.0,0.004464526676,12.0,305.125,45.333333333333336,0.0,0.8571428571428572
Maharashtra,Pune,2016-01-01,18.521428,73.8544541,1,Winter,22.0,0.0,2.19e-05,9.0,303.36400000000003,40.666666666666664,0.0,-0.6615384615384615
Maharashtra,Pune,2016-04-01,18.521428,73.8544541,4,Summer,119.0,0.0,0.004879160363325001,5.0,318.6041667,29.0,0.0,0.262310606060606
Maharashtra,Pune,2016-05-01,18.521428,73.8544541,5,Summer,169.0,0.0,0.06980517705,7.0,310.9913333,70.66666666666666,0.0,0.5742351296785214
Maharashtra,Pune,2016-07-01,18.521428,73.8544541,7,Monsoon,31.0,1.0,0.3972179572,9.0,302.15000000000003,66.66666666666667,0.3333333333333333,-0.03125
Maharashtra,Pune,2017-05-01,18.521428,73.8544541,5,Summer,26.0,0.0,0.08747467339,6.0,317.99,29.666666666666668,0.3333333333333333,-0.16129032258064513
Maharashtra,Pune,2017-06-01,18.521428,73.8544541,6,Monsoon,128.0,0.0,0.471897797,6.0,310.84000000000003,61.666666666666664,0.3333333333333333,3.9230769230769234
Maharashtra,Pune,2017-07-01,18.521428,73.8544541,7,Monsoon,8.0,1.0,0.8413701846,11.0,297.71,54.0,0.3333333333333333,-0.9375
Maharashtra,Pune,2017-08-01,18.521428,73.8544541,8,Monsoon,46.0,1.0,0.48680423995,8.5,300.505,32.66666666666667,0.6666666666666666,2.375
Maharashtra,Pune,2017-09-01,18.521428,73.8544541,9,Monsoon,23.0,2.0,0.55939623875,16.0,299.5866667,19.833333333333336,0.5,-0.22499999999999998
Maharashtra,Pune,2017-10-01,18.521428,73.8544541,10,Post-Monsoon,10.0,1.0,0.0732409143,15.5,305.1373333,9.166666666666666,0.8333333333333333,-0.5982905982905983
Maharashtra,Pune,2017-11-01,18.521428,73.8544541,11,Post-Monsoon,3.0,1.0,6.91e-05,18.0,304.3333334,4.333333333333333,0.6666666666666666,2.0
Maharashtra,Pune,2018-04-01,18.521428,73.8544541,4,Summer,18.0,0.0,0.01842531364,9.0,317.74333340000004,7.333333333333333,0.6666666666666666,5.0
Maharashtra,Pune,2018-09-01,18.521428,73.8544541,9,Monsoon,51.0,0.0,0.1302601564,16.0,304.7333334,24.0,0.3333333333333333,1.8333333333333335
Maharashtra,Pune,2018-10-01,18.521428,73.8544541,10,Post-Monsoon,84.0,0.0,0.335874972,17.0,304.44,39.5,0.0,0.0962566844919786
Maharashtra,Pune,2019-08-01,18.521428,73.8544541,8,Monsoon,84.0,0.0,3.2552068175,3.0,303.445,50.16666666666667,0.0,-0.18388330942132947
Maharashtra,Pune,2019-09-01,18.521428,73.8544541,9,Monsoon,89.0,0.0,0.7090405845,9.0,301.4675,36.5,0.0,2.5113636363636362
Maharashtra,Pune,2019-10-01,18.521428,73.8544541,10,Post-Monsoon,4.0,0.0,1.0779653,11.0,294.56,31.0,0.0,-0.9111111111111111
Maharashtra,Pune,2020-06-01,18.521428,73.8544541,6,Monsoon,5.0,0.0,0.03381872236,9.0,315.49,18.0,0.0,0.25
Maharashtra,Pune,2020-10-01,18.521428,73.8544541,10,Post-Monsoon,7.0,0.0,0.4427031901,21.0,301.58,5.333333333333333,0.0,0.3999999999999999
Maharashtra,Pune,2020-11-01,18.521428,73.8544541,11,Post-Monsoon,16.0,1.0,0.001230150582,16.0,303.496,9.333333333333334,0.3333333333333333,1.2857142857142856
Maharashtra,Pune,2021-02-01,18.521428,73.8544541,2,Winter,25.0,0.0,9.5e-05,9.0,305.296,16.0,0.3333333333333333,0.5625
Maharashtra,Pune,2021-06-01,18.521428,73.8544541,6,Monsoon,77.0,0.0,0.70044181405,8.75,305.00175,15.833333333333334,0.08333333333333333,0.7248550724637681
Maharashtra,Pune,2021-07-01,18.521428,73.8544541,7,Monsoon,5.0,0.0,1.56877296,5.0,300.22,23.333333333333332,0.0,-0.8809523809523809
Maharashtra,Pune,2021-08-01,18.521428,73.8544541,8,Monsoon,7.0,0.0,0.2316700784,9.0,298.24,18.0,0.0,0.3999999999999999
Maharashtra,Pune,2022-04-01,18.521428,73.8544541,4,Summer,12.0,0.0,0.01502899002,9.0,314.96,8.0,0.0,0.7142857142857142
Maharashtra,Pune,2022-05-01,18.521428,73.8544541,5,Summer,118.0,0.0,0.009029076605,7.5,310.08916669999996,28.333333333333336,0.0,2.1845238095238093
Maharashtra,Raigad,2010-07-01,18.4928092,73.13807095,7,Monsoon,12.0,0.0,0.5895926865,8.0,298.58,12.0,0.0,0.0
Maharashtra,Raigad,2010-10-01,18.4928092,73.13807095,10,Post-Monsoon,12.0,0.0,0.723531365,9.0,300.80400000000003,12.0,0.0,0.0
Maharashtra,Raigad,2011-07-01,18.4928092,73.13807095,7,Monsoon,363.0,0.0,1.642483647,9.0,294.96,69.08333333333333,0.0,1.2739892935784527
Maharashtra,Raigad,2011-08-01,18.4928092,73.13807095,8,Monsoon,29.0,0.0,3.780674599,9.0,303.445,74.66666666666667,0.0,-0.7128712871287128
Maharashtra,Raigad,2011-10-01,18.4928092,73.13807095,10,Post-Monsoon,89.0,0.0,0.5531600728,9.0,301.132,73.0,0.0,2.0689655172413794
Maharashtra,Raigad,2011-12-01,18.4928092,73.13807095,12,Winter,74.0,1.0,0.020083605715,14.0,305.18166670000005,54.66666666666667,0.3333333333333333,-0.4487210136265838
Maharashtra,Raigad,2012-02-01,18.4928092,73.13807095,2,Winter,18.0,1.0,9.47e-05,8.0,305.84000000000003,30.666666666666668,0.6666666666666666,-0.33333333333333337
Maharashtra,Raigad,2012-05-01,18.4928092,73.13807095,5,Summer,190.0,0.0,0.002193657169,9.0,313.5116667,70.0,0.3333333333333333,2.068862275449102
Maharashtra,Raigad,2012-06-01,18.4928092,73.13807095,6,Monsoon,40.0,0.0,0.5069240178650001,7.0,306.5366667,47.0,0.0,-0.17991004497751123
Maharashtra,Raigad,2012-07-01,18.4928092,73.13807095,7,Monsoon,108.0,0.0,1.462499143,5.0,297.7125,36.33333333333333,0.0,2.0970724191063175
Maharashtra,Raigad,2013-01-01,18.4928092,73.13807095,1,Winter,110.0,2.0,6.87e-05,9.0,303.4766666,72.66666666666667,0.6666666666666666,1.2448979591836733
Maharashtra,Raigad,2013-03-01,18.4928092,73.13807095,3,Summer,49.0,0.0,0.00037096375945,8.0,312.775,57.5,0.6666666666666666,-0.4698653198653199
Maharashtra,Raigad,2013-05-01,18.4928092,73.13807095,5,Summer,30.0,0.0,0.005519854204,8.0,312.7033334,26.333333333333332,0.0,0.36363636363636354
Maharashtra,Raigad,2013-07-01,18.4928092,73.13807095,7,Monsoon,104.0,0.0,2.222921076,4.666666666666667,301.73499999999996,30.444444444444443,0.0,0.4071895424836602
Maharashtra,Raigad,2013-09-01,18.4928092,73.13807095,9,Monsoon,67.0,0.0,0.833964317,23.0,299.19,45.666666666666664,0.0,0.3400000000000001
Maharashtra,Raigad,2013-10-01,18.4928092,73.13807095,10,Post-Monsoon,60.0,0.0,0.0145674039,21.0,302.6966666,59.0,0.0,-0.10447761194029848
Maharashtra,Raigad,2014-12-01,18.4928092,73.13807095,12,Winter,98.0,0.0,0.08871151979,9.0,301.65000000000003,55.666666666666664,0.0,-0.09166666666666667
Maharashtra,Raigad,2015-03-01,18.4928092,73.13807095,3,Summer,22.0,0.0,0.1073073868,9.0,312.37333340000004,40.0,0.0,-0.5510204081632653
Maharashtra,Raigad,2016-05-01,18.4928092,73.13807095,5,Summer,35.0,0.0,0.0012037953775000001,9.0,315.32166670000004,25.666666666666668,0.0,-0.236013986013986
Maharashtra,Raigad,2016-06-01,18.4928092,73.13807095,6,Monsoon,43.0,2.0,1.499269961,9.0,305.12,26.0,0.6666666666666666,3.7777777777777777
Maharashtra,Raigad,2016-10-01,18.4928092,73.13807095,10,Post-Monsoon,5.0,1.0,0.0002660193913,21.0,303.216,19.0,1.0,-0.8837209302325582
Maharashtra,Raigad,2016-11-01,18.4928092,73.13807095,11,Post-Monsoon,28.0,0.0,0.0001136509,21.0,304.13,25.333333333333332,1.0,4.6
Maharashtra,Raigad,2018-07-01,18.4928092,73.13807095,7,Monsoon,50.0,0.0,1.839173068,9.0,296.3,27.666666666666668,0.3333333333333333,0.7857142857142858
Maharashtra,Raigad,2019-05-01,18.4928092,73.13807095,5,Summer,24.0,0.0,0.0002675690383,9.0,315.3966666,34.0,0.0,-0.52
Maharashtra,Raigad,2019-06-01,18.4928092,73.13807095,6,Monsoon,68.0,0.0,0.2409719776475,9.0,309.4513333,36.5,0.0,0.24567610062893086
Maharashtra,Raigad,2019-09-01,18.4928092,73.13807095,9,Monsoon,32.0,0.0,1.857138872,19.0,298.57,33.333333333333336,0.0,1.1333333333333333
Maharashtra,Raigad,2021-06-01,18.4928092,73.13807095,6,Monsoon,18.0,0.0,1.136541734,7.0,302.40000000000003,21.666666666666668,0.0,-0.4375
Maharashtra,Raigad,2021-11-01,18.4928092,73.13807095,11,Post-Monsoon,19.0,0.0,0.1463200544,21.0,302.16,23.0,0.0,0.05555555555555558
Maharashtra,Raigad,2022-03-01,18.4928092,73.13807095,3,Summer,11.0,0.0,0.0001800343472,9.0,312.184,16.0,0.0,-0.42105263157894735
Maharashtra,Ratnagiri,2009-11-01,17.2826079,73.4569787,11,Post-Monsoon,6.0,0.0,0.2765353113,15.0,303.075,6.0,0.0,0.0
Maharashtra,Ratnagiri,2009-12-01,17.2826079,73.4569787,12,Winter,52.0,2.0,0.00016474788875,14.5,303.41200000000003,19.166666666666664,0.3333333333333333,1.9791666666666665
Maharashtra,Ratnagiri,2010-02-01,17.2826079,73.4569787,2,Winter,14.0,0.0,8.66e-05,9.0,306.204,22.0,0.6666666666666666,-0.30000000000000004
Maharashtra,Ratnagiri,2010-04-01,17.2826079,73.4569787,4,Summer,36.0,0.0,0.01240320211,9.0,310.06333340000003,23.333333333333332,0.6666666666666666,1.5714285714285716
Maharashtra,Ratnagiri,2010-07-01,17.2826079,73.4569787,7,Monsoon,44.0,0.0,1.200794741,9.0,303.445,31.333333333333332,0.0,0.22222222222222232
Maharashtra,Ratnagiri,2010-09-01,17.2826079,73.4569787,9,Monsoon,7.0,2.0,2.05795466,15.0,299.2,29.0,0.6666666666666666,-0.8409090909090909
Maharashtra,Ratnagiri,2010-11-01,17.2826079,73.4569787,11,Post-Monsoon,24.0,0.0,0.3567681254,9.0,300.34000000000003,25.0,0.6666666666666666,2.4285714285714284
Maharashtra,Ratnagiri,2011-06-01,17.2826079,73.4569787,6,Monsoon,88.0,0.0,1.67914714628,9.0,305.645,28.333333333333336,0.3333333333333333,0.6921296296296295
Maharashtra,Ratnagiri,2011-07-01,17.2826079,73.4569787,7,Monsoon,50.0,0.0,1.874268349,5.0,298.6666666,46.0,0.0,-0.180327868852459
Maharashtra,Ratnagiri,2012-09-01,17.2826079,73.4569787,9,Monsoon,22.0,0.0,0.4814278729,22.0,299.175,44.333333333333336,0.0,-0.56
Maharashtra,Ratnagiri,2012-10-01,17.2826079,73.4569787,10,Post-Monsoon,167.0,0.0,1.1330092859299998,22.333333333333332,302.79855553333334,45.888888888888886,0.0,1.3092399403874813
Maharashtra,Ratnagiri,2012-11-01,17.2826079,73.4569787,11,Post-Monsoon,21.0,0.0,5.62e-05,17.0,304.49333340000004,57.666666666666664,0.0,-0.30000000000000004
Maharashtra,Ratnagiri,2013-01-01,17.2826079,73.4569787,1,Winter,15.0,0.0,4.53e-05,13.0,303.764,22.0,0.0,-0.2857142857142857
Maharashtra,Ratnagiri,2014-12-01,17.2826079,73.4569787,12,Winter,46.0,0.0,0.0003383787763,9.0,303.97,27.333333333333332,0.0,2.066666666666667
Maharashtra,Ratnagiri,2016-02-01,17.2826079,73.4569787,2,Winter,43.0,0.0,0.0008089942361,10.0,303.22,34.666666666666664,0.0,-0.06521739130434778
Maharashtra,Ratnagiri,2016-11-01,17.2826079,73.4569787,11,Post-Monsoon,65.0,0.0,0.01048689147055,20.5,305.22833330000003,39.5,0.0,-0.22238372093023256
Maharashtra,Ratnagiri,2017-04-01,17.2826079,73.4569787,4,Summer,18.0,0.0,0.0006183158999,12.0,312.8466666,27.666666666666668,0.0,-0.28
Maharashtra,Ratnagiri,2017-07-01,17.2826079,73.4569787,7,Monsoon,83.0,0.0,0.600488813,7.0,298.45,42.0,0.0,3.6111111111111107
Maharashtra,Ratnagiri,2019-03-01,17.2826079,73.4569787,3,Summer,45.0,0.0,0.002829652269,9.0,310.1333334,48.666666666666664,0.0,-0.45783132530120485
Maharashtra,Ratnagiri,2019-06-01,17.2826079,73.4569787,6,Monsoon,26.0,0.0,0.8088987118,9.0,303.75,51.333333333333336,0.0,-0.4222222222222223
Maharashtra,Ratnagiri,2020-11-01,17.2826079,73.4569787,11,Post-Monsoon,65.0,0.0,0.01396026875,9.0,302.812,45.333333333333336,0.0,1.5
Maharashtra,Sangli,2009-12-01,17.1726928,74.58676543,12,Winter,113.0,0.0,0.01937928842,7.0,302.6666666,113.0,0.0,0.0
Maharashtra,Sangli,2012-03-01,17.1726928,74.58676543,3,Summer,71.0,0.0,5.56e-05,4.0,314.5333334,92.0,0.0,-0.37168141592920356
Maharashtra,Sangli,2012-04-01,17.1726928,74.58676543,4,Summer,14.0,0.0,0.09295113816,6.0,316.11,66.0,0.0,-0.8028169014084507
Maharashtra,Sangli,2012-05-01,17.1726928,74.58676543,5,Summer,117.0,0.0,0.06732176745,6.0,316.24800000000005,51.166666666666664,0.0,2.142857142857143
Maharashtra,Sangli,2013-03-01,17.1726928,74.58676543,3,Summer,20.0,0.0,0.0004285438886,5.0,313.90000000000003,45.666666666666664,0.0,-0.23076923076923073
Maharashtra,Sangli,2013-04-01,17.1726928,74.58676543,4,Summer,230.0,0.0,0.005758103349999999,5.333333333333333,318.8346666666667,70.33333333333333,0.0,1.3108307959982601
Maharashtra,Sangli,2013-05-01,17.1726928,74.58676543,5,Summer,88.0,0.0,0.03108132,6.0,316.796,65.66666666666667,0.0,5.0
Maharashtra,Sangli,2013-06-01,17.1726928,74.58676543,6,Monsoon,47.0,1.0,0.64684877455,7.0,307.7266667,45.83333333333333,0.3333333333333333,-0.6656698564593302
Maharashtra,Sangli,2013-12-01,17.1726928,74.58676543,12,Winter,99.0,1.0,0.05592174368,8.0,303.8166666,48.666666666666664,0.6666666666666666,5.0
Maharashtra,Sangli,2014-06-01,17.1726928,74.58676543,6,Monsoon,32.0,0.0,0.2193411965,8.0,307.445,46.666666666666664,0.3333333333333333,-0.6767676767676767
Maharashtra,Sangli,2014-07-01,17.1726928,74.58676543,7,Monsoon,62.0,0.0,0.4960164382666667,4.0,304.6933333333333,31.555555555555557,0.1111111111111111,0.7415293040293042
Maharashtra,Sangli,2014-08-01,17.1726928,74.58676543,8,Monsoon,50.0,0.0,0.5778216892,12.0,303.32,28.666666666666668,0.0,0.7241379310344827
Maharashtra,Sangli,2014-11-01,17.1726928,74.58676543,11,Post-Monsoon,127.0,0.0,0.010215041605666665,9.666666666666666,302.92,43.77777777777778,0.0,-0.05433551198257077
Maharashtra,Sangli,2015-01-01,17.1726928,74.58676543,1,Winter,97.0,0.0,0.04524913359,8.0,301.89,57.666666666666664,0.0,1.4249999999999998
Maharashtra,Sangli,2015-02-01,17.1726928,74.58676543,2,Winter,15.0,0.0,6.17e-05,6.0,311.656,50.666666666666664,0.0,-0.845360824742268
Maharashtra,Sangli,2015-03-01,17.1726928,74.58676543,3,Summer,84.0,0.0,0.011642938874,8.0,308.44333340000003,38.33333333333333,0.0,1.343859649122807
Maharashtra,Sangli,2015-05-01,17.1726928,74.58676543,5,Summer,100.0,0.0,0.00036372122695000004,7.0,316.1383333,49.0,0.0,-0.042735042735042694
Maharashtra,Sangli,2015-07-01,17.1726928,74.58676543,7,Monsoon,57.0,0.0,0.07099890322,9.0,303.4066666,52.333333333333336,0.0,0.036363636363636376
Maharashtra,Sangli,2016-04-01,17.1726928,74.58676543,4,Summer,38.0,0.0,8.26e-05,6.0,319.92400000000004,38.666666666666664,0.0,-0.5207017543859649
Maharashtra,Sangli,2016-05-01,17.1726928,74.58676543,5,Summer,68.0,0.0,0.02758685536,6.0,313.136,35.333333333333336,0.0,4.230769230769231
Maharashtra,Sangli,2016-07-01,17.1726928,74.58676543,7,Monsoon,9.0,0.0,0.9946768531,5.0,303.445,30.0,0.0,-0.8676470588235294
Maharashtra,Sangli,2016-08-01,17.1726928,74.58676543,8,Monsoon,13.0,0.0,0.9991063172,9.0,296.46,30.0,0.0,0.4444444444444444
Maharashtra,Sangli,2017-08-01,17.1726928,74.58676543,8,Monsoon,69.0,0.0,0.1358113181,11.0,303.24,19.166666666666664,0.0,2.059440559440559
Maharashtra,Sangli,2017-09-01,17.1726928,74.58676543,9,Monsoon,59.0,0.0,0.2748364168,17.0,300.8575,37.66666666666667,0.0,-0.41767241379310344
Maharashtra,Sangli,2017-10-01,17.1726928,74.58676543,10,Post-Monsoon,17.0,0.0,0.03600951433,17.0,303.24,25.333333333333332,0.0,-0.10526315789473684
Maharashtra,Sangli,2017-11-01,17.1726928,74.58676543,11,Post-Monsoon,43.0,0.0,0.102474046515,9.5,304.5325,20.666666666666664,0.0,0.09138655462184869
Maharashtra,Sangli,2017-12-01,17.1726928,74.58676543,12,Winter,76.0,0.0,0.02296531034,8.75,303.2495,19.916666666666668,0.0,0.28549107142857144
Maharashtra,Sangli,2018-04-01,17.1726928,74.58676543,4,Summer,47.0,0.0,0.04937744584,6.0,313.9266666,27.0,0.0,2.6153846153846154
Maharashtra,Sangli,2018-05-01,17.1726928,74.58676543,5,Summer,14.0,0.0,0.06999731627,7.0,312.956,24.666666666666668,0.0,-0.7021276595744681
Maharashtra,Sangli,2018-06-01,17.1726928,74.58676543,6,Monsoon,10.0,1.0,0.5813302829,9.0,310.46,23.666666666666668,0.3333333333333333,-0.2857142857142857
Maharashtra,Sangli,2018-07-01,17.1726928,74.58676543,7,Monsoon,13.0,0.0,0.1875941459,8.0,304.40000000000003,12.333333333333334,0.3333333333333333,0.30000000000000004
Maharashtra,Sangli,2018-09-01,17.1726928,74.58676543,9,Monsoon,17.0,0.0,0.1624665616,9.0,300.192,13.333333333333334,0.3333333333333333,0.3076923076923077
Maharashtra,Sangli,2019-05-01,17.1726928,74.58676543,5,Summer,22.0,0.0,0.0018623280955000002,6.5,315.93666670000005,13.5,0.0,-0.23039215686274506
Maharashtra,Sangli,2019-06-01,17.1726928,74.58676543,6,Monsoon,65.0,0.0,0.055794462134500004,6.5,308.12750000000005,17.333333333333332,0.0,2.35
Maharashtra,Sangli,2019-09-01,17.1726928,74.58676543,9,Monsoon,33.0,2.0,0.3889180934,9.0,300.15000000000003,32.666666666666664,0.6666666666666666,-0.43103448275862066
Maharashtra,Sangli,2019-10-01,17.1726928,74.58676543,10,Post-Monsoon,178.0,3.0,0.67563050275,8.5,300.84000000000003,68.83333333333333,1.6666666666666667,0.9836199836199837
Maharashtra,Sangli,2019-11-01,17.1726928,74.58676543,11,Post-Monsoon,112.0,0.0,0.2879052222,9.0,300.62,96.66666666666667,1.0,0.6716417910447761
Maharashtra,Satara,2012-03-01,17.63612885,74.29827808,3,Summer,104.0,0.0,5.56e-05,3.0,316.94333340000003,104.0,0.0,0.0
Maharashtra,Satara,2012-04-01,17.63612885,74.29827808,4,Summer,167.0,0.0,0.042130447575,6.0,317.408,77.66666666666666,0.0,1.8365384615384617
Maharashtra,Satara,2012-10-01,17.63612885,74.29827808,10,Post-Monsoon,18.0,0.0,0.01435343425,9.0,309.348,61.666666666666664,0.0,-0.8723404255319149
Maharashtra,Satara,2013-01-01,17.63612885,74.29827808,1,Winter,18.0,0.0,0.0009115425988,9.0,309.36333340000004,59.0,0.0,0.0
Maharashtra,Satara,2013-09-01,17.63612885,74.29827808,9,Monsoon,25.0,0.0,0.9205670216,8.0,305.0466666,20.333333333333332,0.0,0.38888888888888884
Maharashtra,Satara,2013-10-01,17.63612885,74.29827808,10,Post-Monsoon,167.0,0.0,0.154179473828,9.2,306.21366668,32.13333333333333,0.0,0.21816339869281043
Maharashtra,Satara,2013-11-01,17.63612885,74.29827808,11,Post-Monsoon,35.0,0.0,0.0002108408945,8.0,307.50333340000003,30.666666666666668,0.0,0.16666666666666674
Maharashtra,Satara,2014-05-01,17.63612885,74.29827808,5,Summer,22.0,0.0,0.02217864855,4.0,316.3,29.0,0.0,-0.37142857142857144
Maharashtra,Satara,2014-06-01,17.63612885,74.29827808,6,Monsoon,11.0,0.0,0.3485634345,5.0,311.045,22.666666666666668,0.0,-0.5
Maharashtra,Satara,2014-08-01,17.63612885,74.29827808,8,Monsoon,29.0,0.0,0.1562300671,9.0,305.71,20.666666666666668,0.0,1.6363636363636362
Maharashtra,Satara,2014-09-01,17.63612885,74.29827808,9,Monsoon,11.0,0.0,1.003676192,4.0,303.445,17.0,0.0,-0.6206896551724138
Maharashtra,Satara,2014-10-01,17.63612885,74.29827808,10,Post-Monsoon,22.0,0.0,0.07130009105,9.0,307.136,20.666666666666668,0.0,1.0
Maharashtra,Satara,2014-11-01,17.63612885,74.29827808,11,Post-Monsoon,8.0,0.0,0.1073499873,9.0,306.5666666,13.666666666666666,0.0,-0.6363636363636364
Maharashtra,Satara,2014-12-01,17.63612885,74.29827808,12,Winter,74.0,1.0,9.13e-05,8.0,306.26,34.666666666666664,0.3333333333333333,5.0
Maharashtra,Satara,2015-01-01,17.63612885,74.29827808,1,Winter,22.0,0.0,0.0002915643657,6.0,304.26,34.666666666666664,0.3333333333333333,-0.7027027027027026
Maharashtra,Satara,2015-07-01,17.63612885,74.29827808,7,Monsoon,56.0,0.0,0.08393104038,7.0,304.876,50.666666666666664,0.3333333333333333,1.5454545454545454
Maharashtra,Satara,2015-08-01,17.63612885,74.29827808,8,Monsoon,21.0,0.0,0.083480855595,6.5,306.2466667,27.666666666666668,0.0,-0.44724025974025977
Maharashtra,Satara,2015-11-01,17.63612885,74.29827808,11,Post-Monsoon,44.0,0.0,0.150750254709,9.0,307.8633333,14.5,0.0,0.9333333333333332
Maharashtra,Satara,2016-04-01,17.63612885,74.29827808,4,Summer,7.0,0.0,4.28e-05,3.0,319.0966666,17.0,0.0,-0.78125
Maharashtra,Satara,2016-06-01,17.63612885,74.29827808,6,Monsoon,21.0,0.0,0.4248655963,9.0,308.03000000000003,20.0,0.0,2.0
Maharashtra,Satara,2016-09-01,17.63612885,74.29827808,9,Monsoon,22.0,0.0,0.05181965443,10.0,303.6,16.666666666666668,0.0,0.04761904761904767
Maharashtra,Satara,2016-11-01,17.63612885,74.29827808,11,Post-Monsoon,11.0,0.0,5e-05,6.0,308.952,18.0,0.0,-0.5
Maharashtra,Satara,2017-05-01,17.63612885,74.29827808,5,Summer,71.0,0.0,0.0008892755354,4.0,321.636,34.666666666666664,0.0,5.0
Maharashtra,Satara,2017-06-01,17.63612885,74.29827808,6,Monsoon,84.0,0.0,0.4127006205,4.5,309.65,44.83333333333333,0.0,0.03785211267605637
Maharashtra,Satara,2017-07-01,17.63612885,74.29827808,7,Monsoon,53.0,0.0,0.1410514712,9.0,306.27,45.666666666666664,0.0,0.019230769230769162
Maharashtra,Satara,2017-08-01,17.63612885,74.29827808,8,Monsoon,26.0,0.0,0.1045410184,8.0,307.5133334,43.666666666666664,0.0,-0.5094339622641509
Maharashtra,Satara,2017-09-01,17.63612885,74.29827808,9,Monsoon,16.0,0.0,0.5687542663,9.0,302.16,31.666666666666668,0.0,-0.3846153846153846
Maharashtra,Satara,2017-10-01,17.63612885,74.29827808,10,Post-Monsoon,95.0,0.0,0.42076999186600006,10.6,304.25280000000004,20.066666666666666,0.0,0.09066080055210494
Maharashtra,Satara,2018-05-01,17.63612885,74.29827808,5,Summer,97.0,2.0,0.0078604399175,4.0,318.76766670000006,37.83333333333333,0.6666666666666666,1.8011363636363638
Maharashtra,Satara,2018-06-01,17.63612885,74.29827808,6,Monsoon,26.0,0.0,0.6279875973,5.0,307.2266666,41.0,0.6666666666666666,1.8888888888888888
Maharashtra,Satara,2018-08-01,17.63612885,74.29827808,8,Monsoon,89.0,0.0,0.17853149111666666,6.833333333333333,301.1616666666667,15.277777777777779,0.0,0.1623550061050061
Maharashtra,Satara,2018-09-01,17.63612885,74.29827808,9,Monsoon,64.0,0.0,0.1610027176,9.0,307.904,36.666666666666664,0.0,5.0
Maharashtra,Satara,2019-06-01,17.63612885,74.29827808,6,Monsoon,34.0,0.0,0.2311316838982,2.5,312.1841667,29.166666666666664,0.0,1.3802083333333335
Maharashtra,Satara,2019-07-01,17.63612885,74.29827808,7,Monsoon,6.0,0.0,0.4156390387,2.0,303.445,13.333333333333334,0.0,-0.7857142857142857
Maharashtra,Satara,2019-08-01,17.63612885,74.29827808,8,Monsoon,41.0,0.0,1.1349259507,6.0,304.38916670000003,16.0,0.0,1.1166666666666667
Maharashtra,Satara,2020-01-01,17.63612885,74.29827808,1,Winter,6.0,0.0,9.66e-05,8.0,304.48,15.666666666666666,0.0,-0.7692307692307692
Maharashtra,Satara,2020-11-01,17.63612885,74.29827808,11,Post-Monsoon,69.0,0.0,0.006343730779875,9.25,305.23350000000005,15.333333333333334,0.0,1.605952380952381
Maharashtra,Satara,2020-12-01,17.63612885,74.29827808,12,Winter,116.0,0.0,0.0006041071017,7.0,303.46,50.0,0.0,3.2962962962962967
Maharashtra,Satara,2021-01-01,17.63612885,74.29827808,1,Winter,20.0,0.0,8.27e-06,9.0,306.4833334,54.333333333333336,0.0,-0.8275862068965517
Maharashtra,Satara,2021-02-01,17.63612885,74.29827808,2,Winter,38.0,0.0,6.610000000000001e-05,6.5,306.9113333,35.5,0.0,-0.025000000000000022
Maharashtra,Satara,2021-03-01,17.63612885,74.29827808,3,Summer,80.0,0.0,0.002590515235,9.0,313.772,39.333333333333336,0.0,3.2105263157894735
Maharashtra,Satara,2021-04-01,17.63612885,74.29827808,4,Summer,38.0,1.0,0.07643565144999999,7.0,315.95166670000003,37.333333333333336,0.16666666666666666,1.2580357142857144
Maharashtra,Satara,2021-07-01,17.63612885,74.29827808,7,Monsoon,36.0,0.0,1.3662604205,5.0,303.64,20.833333333333332,0.3333333333333333,-0.27741935483870966
Maharashtra,Satara,2021-08-01,17.63612885,74.29827808,8,Monsoon,33.0,0.0,0.11912814235,7.5,304.14,16.666666666666664,0.0,0.06874999999999998
Maharashtra,Satara,2021-09-01,17.63612885,74.29827808,9,Monsoon,13.0,0.0,0.6398437365,9.0,300.14,15.333333333333334,0.0,-0.2777777777777778
Maharashtra,Satara,2021-10-01,17.63612885,74.29827808,10,Post-Monsoon,14.0,0.0,0.08792806037,9.0,304.776,15.0,0.0,0.07692307692307687
Maharashtra,Satara,2021-11-01,17.63612885,74.29827808,11,Post-Monsoon,5.0,0.0,0.1401112338,8.0,305.5133334,10.666666666666666,0.0,-0.6428571428571428
Maharashtra,Satara,2022-05-01,17.63612885,74.29827808,5,Summer,5.0,0.0,0.005179040241,5.0,315.36400000000003,8.0,0.0,0.0
Maharashtra,Satara,2022-06-01,17.63612885,74.29827808,6,Monsoon,5.0,0.0,0.0292018731,5.0,311.508,5.0,0.0,0.0
Maharashtra,Sholapur,2010-02-01,17.6912883,75.8841635,2,Winter,218.0,0.0,0.006599986641,5.0,313.12,218.0,0.0,0.0
Maharashtra,Sholapur,2011-07-01,17.6912883,75.8841635,7,Monsoon,11.0,0.0,0.5276004539,9.0,307.8933334,114.5,0.0,-0.9495412844036697
Maharashtra,Sholapur,2012-04-01,17.6912883,75.8841635,4,Summer,65.0,0.0,0.008667705151,9.0,317.17,98.0,0.0,4.909090909090909
Maharashtra,Sholapur,2016-07-01,17.6912883,75.8841635,7,Monsoon,160.0,1.0,0.6906830275,2.0,309.76,78.66666666666667,0.3333333333333333,1.4615384615384617
Maharashtra,Sholapur,2018-05-01,17.6912883,75.8841635,5,Summer,7.0,1.0,0.04581453271,4.0,314.572,77.33333333333333,0.6666666666666666,-0.95625
Maharashtra,Sholapur,2018-10-01,17.6912883,75.8841635,10,Post-Monsoon,23.0,2.0,0.0094931682525,8.0,312.812,35.5,1.0,0.3616071428571428
Maharashtra,Sholapur,2019-09-01,17.6912883,75.8841635,9,Monsoon,11.0,1.0,0.7313565149,6.0,310.28000000000003,11.333333333333334,1.0,0.5714285714285714
Maharashtra,Sholapur,2019-10-01,17.6912883,75.8841635,10,Post-Monsoon,10.0,0.0,0.5346480045,12.0,306.625,9.333333333333334,0.6666666666666666,-0.09090909090909094
Maharashtra,Sindhudurg,2011-02-01,16.1357193,73.6522086,2,Winter,10.0,0.0,5.16e-05,15.0,304.5666666,10.0,0.0,0.0
Maharashtra,Sindhudurg,2011-05-01,16.1357193,73.6522086,5,Summer,5.0,0.0,0.03387456061,17.0,309.056,7.5,0.0,-0.5
Maharashtra,Sindhudurg,2013-05-01,16.1357193,73.6522086,5,Summer,74.0,0.0,0.01983272204,13.0,308.40000000000003,29.666666666666668,0.0,5.0
Maharashtra,Sindhudurg,2014-01-01,16.1357193,73.6522086,1,Winter,234.0,0.0,0.0008312651703,14.0,302.3833334,104.33333333333333,0.0,2.1621621621621623
Maharashtra,Sindhudurg,2016-01-01,16.1357193,73.6522086,1,Winter,15.0,0.0,0.0001019436673,14.0,303.9966666,107.66666666666667,0.0,-0.9358974358974359
Maharashtra,Sindhudurg,2016-04-01,16.1357193,73.6522086,4,Summer,23.0,0.0,0.01459097598,17.0,308.824,90.66666666666667,0.0,0.5333333333333334
Maharashtra,Sindhudurg,2016-05-01,16.1357193,73.6522086,5,Summer,49.0,0.0,0.03050603667,9.0,312.165,29.0,0.0,1.1304347826086958
Maharashtra,Sindhudurg,2017-01-01,16.1357193,73.6522086,1,Winter,3.0,2.0,6.695e-05,15.5,303.15366670000003,21.0,0.5,-0.7295918367346939
Maharashtra,Sindhudurg,2017-06-01,16.1357193,73.6522086,6,Monsoon,109.0,0.0,0.5318961322,9.0,301.88916670000003,34.33333333333333,0.5,2.086021505376344
Maharashtra,Sindhudurg,2017-08-01,16.1357193,73.6522086,8,Monsoon,11.0,0.0,1.135270023,13.0,298.35,40.0,0.0,-0.3125
Maharashtra,Sindhudurg,2017-09-01,16.1357193,73.6522086,9,Monsoon,5.0,0.0,0.7414077077,11.0,302.0466666,10.666666666666666,0.0,-0.5454545454545454
Maharashtra,Sindhudurg,2017-12-01,16.1357193,73.6522086,12,Winter,6.0,0.0,0.03444098766,21.0,300.79200000000003,7.333333333333333,0.0,0.19999999999999996
Maharashtra,Sindhudurg,2018-12-01,16.1357193,73.6522086,12,Winter,11.0,0.0,8.11e-05,9.0,302.3866666,7.333333333333333,0.0,0.8333333333333333
Maharashtra,Sindhudurg,2019-07-01,16.1357193,73.6522086,7,Monsoon,1.0,1.0,1.898631753,5.0,303.445,6.0,0.3333333333333333,-0.9090909090909091
Maharashtra,Sindhudurg,2019-09-01,16.1357193,73.6522086,9,Monsoon,8.0,0.0,2.923395664,9.0,303.445,6.666666666666667,0.3333333333333333,5.0
Maharashtra,Sindhudurg,2020-02-01,16.1357193,73.6522086,2,Winter,49.0,0.0,4.76e-05,16.0,307.40000000000003,19.333333333333332,0.3333333333333333,5.0
Maharashtra,Sindhudurg,2021-06-01,16.1357193,73.6522086,6,Monsoon,62.0,0.0,0.833671811,9.0,298.11,39.666666666666664,0.0,0.26530612244897966
Maharashtra,Sindhudurg,2021-11-01,16.1357193,73.6522086,11,Post-Monsoon,4.0,0.0,0.312929701,9.0,300.02,38.333333333333336,0.0,-0.935483870967742
Maharashtra,Sindhudurg,2022-05-01,16.1357193,73.6522086,5,Summer,5.0,0.0,0.01160296462,19.0,305.68333340000004,23.666666666666668,0.0,0.25
Maharashtra,Solapur,2010-09-01,17.84990665,75.27632027,9,Monsoon,21.0,0.0,0.4142228389,9.0,303.9266666,21.0,0.0,0.0
Maharashtra,Solapur,2013-06-01,17.84990665,75.27632027,6,Monsoon,180.0,0.0,0.3196841234,3.0,307.66,100.5,0.0,5.0
Maharashtra,Solapur,2016-06-01,17.84990665,75.27632027,6,Monsoon,23.0,1.0,0.3101556214,3.0,316.02,74.66666666666667,0.3333333333333333,-0.8722222222222222
Maharashtra,Thane,2009-09-01,19.1943294,72.9701779,9,Monsoon,13.0,0.0,0.4793444029,9.0,300.708,13.0,0.0,0.0
Maharashtra,Thane,2010-02-01,19.1943294,72.9701779,2,Winter,61.0,0.0,0.002743676953,8.0,304.86400000000003,37.0,0.0,3.6923076923076925
Maharashtra,Thane,2010-07-01,19.1943294,72.9701779,7,Monsoon,25.0,0.0,0.9868724748,9.0,304.58,33.0,0.0,-0.5901639344262295
Maharashtra,Thane,2010-09-01,19.1943294,72.9701779,9,Monsoon,41.0,1.0,1.1658761,17.0,296.98,42.333333333333336,0.3333333333333333,0.6399999999999999
Maharashtra,Thane,2010-10-01,19.1943294,72.9701779,10,Post-Monsoon,80.0,0.0,0.48944468469999997,17.5,299.925,37.5,0.3333333333333333,0.01604621309370996
Maharashtra,Thane,2010-12-01,19.1943294,72.9701779,12,Winter,17.0,0.0,0.0001655363444,12.0,301.324,32.333333333333336,0.0,-0.5952380952380952
Maharashtra,Thane,2011-04-01,19.1943294,72.9701779,4,Summer,17.0,0.0,0.01387869002,8.0,317.176,25.333333333333332,0.0,0.0
Maharashtra,Thane,2011-05-01,19.1943294,72.9701779,5,Summer,37.0,0.0,0.051130770605,8.5,314.3,18.0,0.0,0.013235294117647067
Maharashtra,Thane,2011-06-01,19.1943294,72.9701779,6,Monsoon,37.0,0.0,2.912180594,5.0,304.2,24.666666666666668,0.0,1.176470588235294
Maharashtra,Thane,2011-07-01,19.1943294,72.9701779,7,Monsoon,88.0,0.0,1.088943317725,5.75,300.82124999999996,25.083333333333332,0.0,0.09694282350532352
Maharashtra,Thane,2011-09-01,19.1943294,72.9701779,9,Monsoon,11.0,0.0,0.2105254139,26.0,298.485,18.0,0.0,0.0
Maharashtra,Thane,2011-11-01,19.1943294,72.9701779,11,Post-Monsoon,124.0,0.0,2.74e-05,9.0,305.0333334,48.666666666666664,0.0,5.0
Maharashtra,Thane,2012-06-01,19.1943294,72.9701779,6,Monsoon,11.0,1.0,0.8124726194,8.0,311.61333340000004,48.666666666666664,0.3333333333333333,-0.9112903225806451
Maharashtra,Thane,2012-07-01,19.1943294,72.9701779,7,Monsoon,133.0,0.0,0.8227296590333334,6.0,302.52833333333336,38.333333333333336,0.2222222222222222,1.1547785547785547
Maharashtra,Thane,2012-08-01,19.1943294,72.9701779,8,Monsoon,18.0,0.0,1.187703623,3.0,303.445,43.666666666666664,0.0,-0.7931034482758621
Maharashtra,Thane,2012-09-01,19.1943294,72.9701779,9,Monsoon,10.0,1.0,0.9996545403,9.0,298.085,38.333333333333336,0.3333333333333333,-0.4444444444444444
Maharashtra,Thane,2012-10-01,19.1943294,72.9701779,10,Post-Monsoon,37.0,2.0,0.1340684238233333,14.333333333333334,302.73,13.333333333333334,0.5555555555555555,0.13703703703703707
Maharashtra,Thane,2012-11-01,19.1943294,72.9701779,11,Post-Monsoon,25.0,1.0,0.003189072117,17.0,301.5266666,14.666666666666666,1.0,1.5
Maharashtra,Thane,2013-06-01,19.1943294,72.9701779,6,Monsoon,11.0,0.0,0.8130746753,9.0,303.445,15.333333333333334,0.6666666666666666,-0.56
Maharashtra,Thane,2013-07-01,19.1943294,72.9701779,7,Monsoon,57.0,0.0,2.4575401909999997,4.0,303.445,23.5,0.16666666666666666,0.9520884520884522
Maharashtra,Thane,2013-10-01,19.1943294,72.9701779,10,Post-Monsoon,155.0,1.0,0.30872194807500003,21.75,299.77,31.25,0.16666666666666666,0.5357580037664784
Maharashtra,Thane,2013-11-01,19.1943294,72.9701779,11,Post-Monsoon,66.0,0.0,0.00017038451395,15.5,303.5733333,41.16666666666667,0.16666666666666666,0.9867724867724869
Maharashtra,Thane,2014-03-01,19.1943294,72.9701779,3,Summer,20.0,1.0,6.47e-05,9.0,315.53000000000003,28.666666666666668,0.3333333333333333,-0.6153846153846154
Maharashtra,Thane,2014-04-01,19.1943294,72.9701779,4,Summer,14.0,0.0,0.01034601794,9.0,315.49,28.666666666666668,0.3333333333333333,-0.30000000000000004
Maharashtra,Thane,2014-10-01,19.1943294,72.9701779,10,Post-Monsoon,388.0,0.0,0.05834864708,17.0,304.84000000000003,105.0,0.16666666666666666,2.5
Maharashtra,Thane,2015-02-01,19.1943294,72.9701779,2,Winter,45.0,0.0,8.31e-05,7.0,311.276,144.33333333333334,0.0,-0.768041237113402
Maharashtra,Thane,2015-06-01,19.1943294,72.9701779,6,Monsoon,20.0,0.0,1.097223606,11.0,301.71,86.33333333333333,0.0,-0.5555555555555556
Maharashtra,Thane,2015-07-01,19.1943294,72.9701779,7,Monsoon,18.0,0.0,0.4172113521,11.0,301.5666666,27.666666666666668,0.0,-0.09999999999999998
Maharashtra,Thane,2015-09-01,19.1943294,72.9701779,9,Monsoon,27.0,0.0,0.8165498895,29.0,299.68,21.666666666666668,0.0,0.5
Maharashtra,Thane,2015-12-01,19.1943294,72.9701779,12,Winter,14.0,0.0,4.04e-05,14.0,305.088,19.666666666666668,0.0,-0.4814814814814815
Maharashtra,Thane,2016-06-01,19.1943294,72.9701779,6,Monsoon,424.0,1.0,1.2775729493999999,4.333333333333333,306.74333333333334,141.0,0.1111111111111111,1.6491716652385033
Maharashtra,Thane,2016-07-01,19.1943294,72.9701779,7,Monsoon,61.0,0.0,1.0332726934,9.0,299.98,20.0,0.2222222222222222,0.26656126482213444
Maharashtra,Thane,2017-01-01,19.1943294,72.9701779,1,Winter,86.0,1.0,7.53e-05,10.0,304.9466666,40.666666666666664,0.3333333333333333,2.44
Maharashtra,Thane,2017-02-01,19.1943294,72.9701779,2,Winter,26.0,1.0,3.37e-05,7.0,306.53000000000003,45.666666666666664,0.6666666666666666,-0.6976744186046512
Maharashtra,Thane,2017-04-01,19.1943294,72.9701779,4,Summer,89.0,0.0,0.002979762189,7.0,318.384,67.0,0.6666666666666666,2.423076923076923
Maharashtra,Thane,2017-05-01,19.1943294,72.9701779,5,Summer,56.0,0.0,0.001320360972,7.0,318.0833334,57.0,0.3333333333333333,-0.3707865168539326
Maharashtra,Thane,2017-06-01,19.1943294,72.9701779,6,Monsoon,15.0,1.0,0.3603882529,6.0,309.66400000000004,53.333333333333336,0.3333333333333333,-0.7321428571428572
Maharashtra,Thane,2017-09-01,19.1943294,72.9701779,9,Monsoon,8.0,2.0,2.79461751985,15.5,299.2225,16.833333333333332,0.8333333333333333,-0.6952380952380952
Maharashtra,Thane,2017-10-01,19.1943294,72.9701779,10,Post-Monsoon,24.0,3.0,1.13654644,20.0,303.744,10.666666666666666,1.6666666666666667,5.0
Maharashtra,Thane,2018-06-01,19.1943294,72.9701779,6,Monsoon,16.0,0.0,1.468253736,12.0,299.90000000000003,13.666666666666666,1.3333333333333333,-0.33333333333333337
Maharashtra,Thane,2018-10-01,19.1943294,72.9701779,10,Post-Monsoon,30.0,0.0,0.08740005781,17.0,305.97,23.333333333333332,1.0,0.875
Maharashtra,Thane,2019-01-01,19.1943294,72.9701779,1,Winter,9.0,1.0,5.55e-05,9.0,304.524,18.333333333333332,0.3333333333333333,-0.7
Maharashtra,Thane,2019-06-01,19.1943294,72.9701779,6,Monsoon,5.0,1.0,0.7510082657,5.0,309.26,14.666666666666666,0.6666666666666666,-0.4444444444444444
Maharashtra,Thane,2019-07-01,19.1943294,72.9701779,7,Monsoon,66.0,5.0,1.5354800928999999,7.0,303.9525,15.0,1.5,2.5
Maharashtra,Thane,2019-08-01,19.1943294,72.9701779,8,Monsoon,17.0,3.0,0.6092524611333333,10.666666666666666,301.1816666666667,17.666666666666668,1.6666666666666667,-0.10909445745511322
Maharashtra,Thane,2019-09-01,19.1943294,72.9701779,9,Monsoon,25.0,0.0,2.791678443,2.0,303.445,12.666666666666666,0.6666666666666666,3.166666666666667
Maharashtra,Thane,2020-01-01,19.1943294,72.9701779,1,Winter,6.0,0.0,0.0002913774879,11.0,301.43,12.333333333333334,0.3333333333333333,-0.76
Maharashtra,Thane,2021-01-01,19.1943294,72.9701779,1,Winter,4.0,1.0,0.01290149852,11.0,303.8833333,7.166666666666667,0.3333333333333333,-0.33333333333333337
Maharashtra,Thane,2021-04-01,19.1943294,72.9701779,4,Summer,2.0,1.0,0.1043926176,9.0,315.4666666,2.0,0.6666666666666666,0.0
Maharashtra,Thane,2021-05-01,19.1943294,72.9701779,5,Summer,2.0,1.0,0.1122390997,10.0,314.216,2.0,0.6666666666666666,0.0
Maharashtra,Thane,2021-08-01,19.1943294,72.9701779,8,Monsoon,11.0,0.0,0.36992319139999996,6.5,298.32000000000005,3.833333333333333,0.5,0.9166666666666667
Maharashtra,Thane,2021-10-01,19.1943294,72.9701779,10,Post-Monsoon,6.0,2.0,0.29883884267329996,19.0,301.5016667,4.5,0.5,-0.4
Maharashtra,Thane,2021-11-01,19.1943294,72.9701779,11,Post-Monsoon,1.0,1.0,8.4e-05,9.0,302.9566666,2.3333333333333335,1.0,0.0
Maharashtra,Wardha,2011-06-01,20.82562315,78.6131455,6,Monsoon,15.0,2.0,0.20803275406666666,6.666666666666667,313.4888889333333,5.666666666666667,0.38888888888888884,-0.16666666666666666
Maharashtra,Wardha,2011-07-01,20.82562315,78.6131455,7,Monsoon,10.0,1.0,0.9022943216,6.0,303.445,6.333333333333333,1.0,2.3333333333333335
Maharashtra,Wardha,2012-07-01,20.82562315,78.6131455,7,Monsoon,43.0,0.0,0.598380489,9.0,303.445,18.666666666666668,0.6666666666666666,3.3
Maharashtra,Wardha,2013-07-01,20.82562315,78.6131455,7,Monsoon,70.0,0.0,0.9050800694,9.0,303.445,41.0,0.3333333333333333,0.627906976744186
Maharashtra,Wardha,2013-09-01,20.82562315,78.6131455,9,Monsoon,12.0,1.0,0.2041113518,20.0,303.25,41.666666666666664,0.3333333333333333,-0.8285714285714285
Maharashtra,Wardha,2014-08-01,20.82562315,78.6131455,8,Monsoon,18.0,2.0,0.6756161029,9.0,302.42,33.333333333333336,1.0,0.5
Maharashtra,Wardha,2014-09-01,20.82562315,78.6131455,9,Monsoon,51.0,2.0,1.376183066,10.0,301.68,27.0,1.6666666666666667,1.8333333333333335
Maharashtra,Wardha,2015-07-01,20.82562315,78.6131455,7,Monsoon,23.0,0.0,0.2843465313,3.0,302.88,25.5,1.0,-0.2519607843137255
Maharashtra,Wardha,2015-09-01,20.82562315,78.6131455,9,Monsoon,23.0,0.0,0.1814095377,19.0,305.468,15.333333333333334,0.0,0.7692307692307692
Maharashtra,Wardha,2016-05-01,20.82562315,78.6131455,5,Summer,24.0,0.0,0.03192275383,4.0,323.37,20.0,0.0,0.04347826086956519
Maharashtra,Wardha,2016-07-01,20.82562315,78.6131455,7,Monsoon,26.0,0.0,0.6539408416,6.0,302.0,24.333333333333332,0.0,0.08333333333333326
Maharashtra,Wardha,2017-05-01,20.82562315,78.6131455,5,Summer,232.0,0.0,0.02417278885,9.0,319.128,94.0,0.0,5.0
Maharashtra,Wardha,2017-09-01,20.82562315,78.6131455,9,Monsoon,15.0,0.0,0.09731620426,9.0,303.672,91.0,0.0,-0.9353448275862069
Maharashtra,Wardha,2018-08-01,20.82562315,78.6131455,8,Monsoon,62.0,2.0,0.8882798395,9.0,303.445,103.0,0.6666666666666666,3.1333333333333337
Maharashtra,Wardha,2019-08-01,20.82562315,78.6131455,8,Monsoon,9.0,1.0,1.531770939,11.0,297.32,28.666666666666668,1.0,-0.8548387096774194
Maharashtra,Wardha,2019-09-01,20.82562315,78.6131455,9,Monsoon,12.0,1.0,0.685034212,9.0,300.1,27.666666666666668,1.3333333333333333,0.33333333333333326
Maharashtra,Wardha,2020-08-01,20.82562315,78.6131455,8,Monsoon,6.0,0.0,0.5529784197,4.0,302.74,9.0,0.6666666666666666,-0.5
Maharashtra,Wardha,2020-10-01,20.82562315,78.6131455,10,Post-Monsoon,4.0,0.0,0.1725683766,9.0,302.92,7.333333333333333,0.3333333333333333,-0.33333333333333337
Maharashtra,Wardha,2021-06-01,20.82562315,78.6131455,6,Monsoon,4.0,0.0,0.08542046896,5.0,312.90000000000003,4.666666666666667,0.0,0.0
Maharashtra,Washim,2011-11-01,20.28741775,77.2369655,11,Post-Monsoon,7.0,0.0,4.57e-05,7.0,309.4033334,7.0,0.0,0.0
Maharashtra,Washim,2014-09-01,20.28741775,77.2369655,9,Monsoon,28.0,1.0,0.705854471,9.0,296.78000000000003,17.5,0.5,3.0
Maharashtra,Washim,2015-06-01,20.28741775,77.2369655,6,Monsoon,45.0,0.0,0.2717178567,2.0,317.265,26.666666666666668,0.3333333333333333,0.6071428571428572
Maharashtra,Washim,2016-04-01,20.28741775,77.2369655,4,Summer,31.0,0.0,0.007656557727,9.0,323.11,34.666666666666664,0.3333333333333333,-0.3111111111111111
Maharashtra,Washim,2016-06-01,20.28741775,77.2369655,6,Monsoon,23.0,1.0,0.7971376451,1.0,311.8,33.0,0.3333333333333333,-0.25806451612903225
Maharashtra,Washim,2016-09-01,20.28741775,77.2369655,9,Monsoon,23.0,1.0,0.05554069873,19.0,298.0,25.666666666666668,0.6666666666666666,0.0
Maharashtra,Washim,2017-06-01,20.28741775,77.2369655,6,Monsoon,21.0,0.0,0.2041267103,9.0,309.128,22.333333333333332,0.6666666666666666,-0.08695652173913049
Maharashtra,Washim,2020-04-01,20.28741775,77.2369655,4,Summer,6.0,0.0,0.0002937726392,9.0,321.2,16.666666666666668,0.3333333333333333,-0.7142857142857143
Maharashtra,Yavatmal,2011-07-01,20.32570375,78.11691397,7,Monsoon,3.0,1.0,0.6227914222,9.0,303.445,3.0,1.0,0.0
Maharashtra,Yavatmal,2012-05-01,20.32570375,78.11691397,5,Summer,81.0,0.0,0.0003987565128,3.0,324.428,19.5,0.41666666666666663,3.6315789473684212
Maharashtra,Yavatmal,2013-06-01,20.32570375,78.11691397,6,Monsoon,13.0,0.0,2.349035298,4.0,313.22,31.333333333333332,0.0,-0.7903225806451613
Maharashtra,Yavatmal,2013-07-01,20.32570375,78.11691397,7,Monsoon,26.0,0.0,2.074151107,3.0,303.445,33.666666666666664,0.0,1.0
Maharashtra,Yavatmal,2014-05-01,20.32570375,78.11691397,5,Summer,13.0,0.0,0.002039530443,3.0,320.14,17.333333333333332,0.0,-0.5
Maharashtra,Yavatmal,2014-06-01,20.32570375,78.11691397,6,Monsoon,29.0,2.0,0.04908860659,9.0,317.33,22.666666666666668,0.6666666666666666,1.2307692307692308
Maharashtra,Yavatmal,2014-07-01,20.32570375,78.11691397,7,Monsoon,49.0,0.0,1.3394049434500002,4.0,303.1925,22.166666666666664,0.6666666666666666,0.6087533156498673
Maharashtra,Yavatmal,2015-06-01,20.32570375,78.11691397,6,Monsoon,94.0,0.0,1.2930962229,3.0,312.10666665,27.5,0.0,0.7674329501915708
Maharashtra,Yavatmal,2016-04-01,20.32570375,78.11691397,4,Summer,12.0,0.0,0.004241751111,9.0,324.6866666,12.666666666666666,0.0,0.09090909090909083
Maharashtra,Yavatmal,2016-06-01,20.32570375,78.11691397,6,Monsoon,10.0,0.0,0.003747749167,2.0,319.7366666,11.0,0.0,-0.16666666666666663
Maharashtra,Yavatmal,2016-07-01,20.32570375,78.11691397,7,Monsoon,33.0,1.0,2.3994281463,4.5,302.7825,15.5,0.16666666666666666,0.4892857142857142
Maharashtra,Yavatmal,2016-08-01,20.32570375,78.11691397,8,Monsoon,10.0,1.0,0.08585386023,13.0,304.59000000000003,14.333333333333334,0.6666666666666666,1.0
Maharashtra,Yavatmal,2016-09-01,20.32570375,78.11691397,9,Monsoon,21.0,1.0,0.1109686772,9.0,300.55,12.0,1.0,1.1
Maharashtra,Yavatmal,2018-04-01,20.32570375,78.11691397,4,Summer,10.0,0.0,0.0001521185963,3.0,322.589,11.0,0.5,-0.15476190476190477
Maharashtra,Yavatmal,2018-06-01,20.32570375,78.11691397,6,Monsoon,3.0,0.0,0.6042561904,9.0,312.17,4.333333333333333,0.0,-0.5
Maharashtra,Yavatmal,2018-07-01,20.32570375,78.11691397,7,Monsoon,15.0,0.0,3.103452802,9.0,303.445,8.0,0.0,4.0
Maharashtra,Yavatmal,2018-10-01,20.32570375,78.11691397,10,Post-Monsoon,45.0,0.0,0.001045400082,12.0,306.7233334,21.0,0.0,2.0
Manipur,Chandel,2018-04-01,24.3197442,94.02109882,4,Summer,7.0,0.0,0.08509222067,39.0,303.66400000000004,7.0,0.0,0.0
Manipur,Churachandpur,2011-10-01,24.378704,93.6970015,10,Post-Monsoon,71.0,0.0,0.9884828065,43.0,297.56,71.0,0.0,0.0
Manipur,Churachandpur,2012-10-01,24.378704,93.6970015,10,Post-Monsoon,25.0,0.0,0.09265054011,56.0,297.8166666,48.0,0.0,-0.647887323943662
Manipur,Churachandpur,2013-10-01,24.378704,93.6970015,10,Post-Monsoon,11.0,0.0,0.38012456,9.0,297.7666666,35.666666666666664,0.0,-0.56
Manipur,Churachandpur,2015-08-01,24.378704,93.6970015,8,Monsoon,16.0,0.0,1.692400482,17.0,303.445,17.333333333333332,0.0,0.4545454545454546
Manipur,Churachandpur,2016-04-01,24.378704,93.6970015,4,Summer,231.0,1.0,0.1920066869,43.0,298.756,86.0,0.3333333333333333,5.0
Manipur,Churachandpur,2017-05-01,24.378704,93.6970015,5,Summer,54.0,1.0,0.1300617482,53.0,301.3833334,92.83333333333334,0.5,-0.36588744588744593
Manipur,East Imphal West Imphal,2016-09-01,24.8126477,93.9283673,9,Monsoon,31.0,0.0,0.4352542168,33.0,299.49333340000004,31.0,0.0,0.0
Manipur,Imphal East,2019-07-01,24.85154025,94.00947958,7,Monsoon,29.0,0.0,0.7593519637,18.0,299.1,29.0,0.0,0.0
Manipur,Imphal East,2019-10-01,24.85154025,94.00947958,10,Post-Monsoon,14.0,0.0,0.4664728123,25.0,297.99,21.5,0.0,-0.5172413793103448
Manipur,Imphal West,2016-09-01,24.757326,93.85847858,9,Monsoon,22.0,0.0,0.4352542168,33.0,299.49333340000004,7.5,0.0,1.75
Manipur,Imphal West,2017-06-01,24.757326,93.85847858,6,Monsoon,164.0,0.0,1.408557683,28.0,303.445,62.0,0.0,5.0
Manipur,Manipur,2016-09-01,24.8314984,93.91257672,9,Monsoon,42.0,1.0,0.4352542168,33.0,299.49333340000004,42.0,1.0,0.0
Manipur,Tamenglong,2011-02-01,24.9354013,93.56791112,2,Winter,5.0,2.0,0.009329089214,47.0,293.1333334,5.0,2.0,0.0
Manipur,Tamenglong,2014-04-01,24.9354013,93.56791112,4,Summer,30.0,0.0,0.08106016169,52.0,300.55,17.5,1.0,5.0
Manipur,Tengnoupal,2017-05-01,24.31392145,94.23756082,5,Summer,20.0,0.0,0.1885181073,48.0,300.9633334,20.0,0.0,0.0
Manipur,Thoubal,2016-01-01,24.624587,94.04247928,1,Winter,191.0,0.0,0.04590150964,23.0,291.8766666,191.0,0.0,0.0
Meghalaya,East Garo Hills,2021-04-01,25.61849455,90.63421622,4,Summer,24.0,0.0,0.2053087171,27.0,301.36333340000004,24.0,0.0,0.0
Meghalaya,East Garo Hills,2021-09-01,25.61849455,90.63421622,9,Monsoon,3.0,0.0,0.5394564589,27.0,300.8,13.5,0.0,-0.875
Meghalaya,East Jaintia Hills,2022-01-01,25.25157605,92.48405007,1,Winter,160.0,0.0,0.02035381907,34.5,291.5333334,160.0,0.0,0.0
Meghalaya,East Khasi Hills,2012-01-01,25.40237355,91.83254097,1,Winter,71.0,0.0,0.01879485269,23.0,289.09000000000003,71.0,0.0,0.0
Meghalaya,East Khasi Hills,2019-02-01,25.40237355,91.83254097,2,Winter,54.0,0.0,0.115696099,27.0,293.4166666,62.5,0.0,-0.23943661971830987
Meghalaya,East Khasi Hills,2021-01-01,25.40237355,91.83254097,1,Winter,5.0,2.0,0.01593984196,25.0,291.3166666,43.333333333333336,0.6666666666666666,-0.9074074074074074
Meghalaya,East Khasi Hills,2021-04-01,25.40237355,91.83254097,4,Summer,8.0,0.0,0.8692736935,23.0,299.368,22.333333333333332,0.6666666666666666,0.6000000000000001
Meghalaya,Jaintia Hills,2015-11-01,25.5,92.25,11,Post-Monsoon,61.0,0.0,0.01543172972,33.0,295.0333334,61.0,0.0,0.0
Meghalaya,Jaintia Hills,2016-05-01,25.5,92.25,5,Summer,30.0,0.0,3.108918523,32.0,297.27,45.5,0.0,-0.5081967213114754
Meghalaya,Jaintia Hills,2019-01-01,25.5,92.25,1,Winter,28.0,0.0,0.002923977928,9.0,293.0366666,39.666666666666664,0.0,-0.06666666666666665
Meghalaya,RI-Bhoi (Nongpoh),2019-09-01,25.9181941,91.87606603,9,Monsoon,17.0,0.0,2.114954504,24.0,296.5866666,17.0,0.0,0.0
Meghalaya,Ri Bhoi,2013-07-01,25.87640255,91.85675742,7,Monsoon,16.0,5.0,1.268103184,15.0,296.85,16.0,5.0,0.0
Meghalaya,Ri Bhoi,2021-03-01,25.87640255,91.85675742,3,Summer,32.0,0.0,0.006461681559,9.0,300.0933334,24.0,2.5,1.0
Meghalaya,Ri Bhoi,2021-09-01,25.87640255,91.85675742,9,Monsoon,30.0,0.0,0.8587813368,19.0,301.712,26.0,1.6666666666666667,-0.0625
Meghalaya,South Garo Hills,2021-01-01,25.347969,90.56577726,1,Winter,15.0,0.0,3.76e-05,37.0,293.2133334,15.0,0.0,0.0
Meghalaya,West Garo Hills,2016-08-01,25.60631425,90.21139055,8,Monsoon,63.0,0.0,0.3106127771,9.0,303.445,63.0,0.0,0.0
Meghalaya,West Garo Hills,2017-06-01,25.60631425,90.21139055,6,Monsoon,159.0,0.0,1.1290317705000001,29.5,298.81,61.0,0.0,1.170995670995671
Meghalaya,West Garo Hills,2019-02-01,25.60631425,90.21139055,2,Winter,14.0,0.0,3.7e-05,22.0,295.11,57.666666666666664,0.0,-0.8888888888888888
Meghalaya,West Jaintia Hills,2015-09-01,25.4425965,92.29882747,9,Monsoon,30.0,0.0,2.983695118,11.0,303.445,30.0,0.0,0.0
Meghalaya,West Jaintia Hills,2015-11-01,25.4425965,92.29882747,11,Post-Monsoon,61.0,0.0,0.01543172972,33.0,295.0333334,45.5,0.0,1.0333333333333332
Meghalaya,West Jaintia Hills,2022-05-01,25.4425965,92.29882747,5,Summer,170.0,0.0,0.9205828427,13.0,301.23466670000005,72.0,0.0,0.1743666169895678
Meghalaya,West Khasi Hills,2014-05-01,25.58173695,91.28910306,5,Summer,173.0,3.0,0.6896461579,30.0,301.7866666,173.0,3.0,0.0
Meghalaya,West Khasi Hills,2015-01-01,25.58173695,91.28910306,1,Winter,375.0,4.0,0.002943377288,22.0,292.5733334,274.0,3.5,1.1676300578034682
Meghalaya,West Khasi Hills,2019-01-01,25.58173695,91.28910306,1,Winter,108.0,0.0,0.03078998037,22.0,291.52,218.66666666666666,2.3333333333333335,-0.712
Meghalaya,West Khasi Hills,2019-10-01,25.58173695,91.28910306,10,Post-Monsoon,7.0,0.0,2.507953033,39.0,296.1266666,163.33333333333334,1.3333333333333333,-0.9351851851851852
Meghalaya,West Khasi Hills,2020-07-01,25.58173695,91.28910306,7,Monsoon,4.0,4.0,3.680139376,6.0,303.445,39.666666666666664,1.3333333333333333,-0.4285714285714286
Meghalaya,West Khasi Hills,2021-03-01,25.58173695,91.28910306,3,Summer,37.0,0.0,0.2810213627,23.0,297.5,16.0,1.3333333333333333,5.0
Mizoram,Aizawl,2016-10-01,23.7435236,92.7382905,10,Post-Monsoon,141.0,0.0,0.3371988208,57.0,298.356,141.0,0.0,0.0
Mizoram,Aizawl East,2019-10-01,23.7435236,92.7382905,10,Post-Monsoon,53.0,0.0,0.367086469,56.0,297.065,53.0,0.0,0.0
Mizoram,Aizawl West,2016-08-01,23.7435236,92.7382905,8,Monsoon,48.0,0.0,0.5735230464,27.0,300.74,48.0,0.0,0.0
Mizoram,Aizawl West,2016-11-01,23.7435236,92.7382905,11,Post-Monsoon,4.0,0.0,1.124092581,9.0,299.9066666,26.0,0.0,-0.9166666666666666
Mizoram,Aizawl West,2021-12-01,23.7435236,92.7382905,12,Winter,16.0,0.0,5.67e-05,9.0,295.74333340000004,22.666666666666668,0.0,3.0
Mizoram,Champhai,2015-05-01,23.6317319,93.34931854,5,Summer,188.0,0.0,0.172044429,37.0,297.43,188.0,0.0,0.0
Mizoram,Kolasib,2016-12-01,24.18947525,92.71331813,12,Winter,38.0,0.0,0.0004100126057,62.0,294.65000000000003,38.0,0.0,0.0
Mizoram,Lunglei,2012-06-01,22.898553,92.75192292,6,Monsoon,41.0,0.0,3.52530378,42.0,305.3,41.0,0.0,0.0
Mizoram,Lunglei,2013-08-01,22.898553,92.75192292,8,Monsoon,35.0,0.0,0.8829656673,27.0,297.35,38.0,0.0,-0.14634146341463417
Mizoram,Serchhip,2017-10-01,23.3858923,92.93059891,10,Post-Monsoon,9.0,0.0,0.3161525474,60.0,296.76,9.0,0.0,0.0
Mizoram,Serchhip,2020-12-01,23.3858923,92.93059891,12,Winter,36.0,0.0,7.04e-05,9.0,292.9566666,22.5,0.0,3.0
Nagaland,Dimapur,2015-10-01,25.911744,93.721703,10,Post-Monsoon,16.0,1.0,0.438913429,44.0,300.19,16.0,1.0,0.0
Nagaland,Dimapur,2016-11-01,25.911744,93.721703,11,Post-Monsoon,134.0,0.0,0.4497040252,39.0,297.12,75.0,0.5,5.0
Nagaland,Dimapur,2017-10-01,25.911744,93.721703,10,Post-Monsoon,2.0,0.0,0.4452654229,36.0,300.37333340000004,50.666666666666664,0.3333333333333333,-0.9850746268656716
Nagaland,Dimapur,2018-07-01,25.911744,93.721703,7,Monsoon,8.0,0.0,0.9255626119,27.0,300.3866666,48.0,0.0,3.0
Nagaland,Kiphire,2017-06-01,25.81551155,94.841664,6,Monsoon,5.0,0.0,1.031485147,9.0,293.37,5.0,0.0,0.0
Nagaland,Kohima,2016-03-01,25.75,94.166667,3,Summer,31.0,0.0,0.3770277451,26.0,295.468,31.0,0.0,0.0
Nagaland,Kohima,2019-08-01,25.75,94.166667,8,Monsoon,2.0,0.0,0.2519968305,51.0,297.90500000000003,16.5,0.0,-0.935483870967742
Nagaland,Mokokchung,2009-05-01,26.4795861,94.51052755,5,Summer,124.0,5.0,0.3726237523,19.0,302.12,124.0,5.0,0.0
Nagaland,Mokokchung,2018-10-01,26.4795861,94.51052755,10,Post-Monsoon,1.0,0.0,0.2389401517,29.0,299.56,62.5,2.5,-0.9919354838709677
Nagaland,mon,2017-10-01,26.75,94.833333,10,Post-Monsoon,3.0,0.0,0.9730556859,26.0,299.54,3.0,0.0,0.0
Nagaland,mon,2020-10-01,26.75,94.833333,10,Post-Monsoon,3.0,0.0,1.403977151,34.0,299.37333340000004,3.0,0.0,0.0
Odisha,Angul,2012-03-01,20.8382426,85.0973949,3,Summer,15.0,0.0,0.00103302346,10.0,308.244,15.0,0.0,0.0
Odisha,Angul,2012-07-01,20.8382426,85.0973949,7,Monsoon,56.0,0.0,0.7375446873,9.0,302.16,35.5,0.0,2.7333333333333334
Odisha,Angul,2015-05-01,20.8382426,85.0973949,5,Summer,11.0,0.0,0.2688535281,13.0,307.5833334,27.333333333333332,0.0,-0.8035714285714286
Odisha,Angul,2015-06-01,20.8382426,85.0973949,6,Monsoon,28.0,0.0,0.7398750288,9.0,303.445,31.666666666666668,0.0,1.5454545454545454
Odisha,Angul,2016-02-01,20.8382426,85.0973949,2,Winter,11.0,0.0,0.002582229118,9.0,302.65000000000003,16.666666666666668,0.0,-0.6071428571428572
Odisha,Angul,2016-03-01,20.8382426,85.0973949,3,Summer,73.0,0.0,0.29426253478000003,9.0,303.22749999999996,18.833333333333332,0.0,0.18688610240334377
Odisha,Angul,2016-05-01,20.8382426,85.0973949,5,Summer,17.0,0.0,0.07235080712,9.0,311.476,15.333333333333334,0.0,0.2142857142857142
Odisha,Angul,2016-06-01,20.8382426,85.0973949,6,Monsoon,54.0,2.0,0.27371882223,14.0,307.4441667,23.333333333333336,0.3333333333333333,0.3281733746130031
Odisha,Angul,2016-07-01,20.8382426,85.0973949,7,Monsoon,200.0,0.0,0.91947782805,15.0,288.79,73.83333333333334,0.6666666666666666,2.078034682080925
Odisha,Angul,2016-11-01,20.8382426,85.0973949,11,Post-Monsoon,13.0,0.0,0.0002377950375,9.0,301.024,71.0,0.0,-0.5185185185185186
Odisha,Angul,2017-02-01,20.8382426,85.0973949,2,Winter,10.0,1.0,0.0002844856049,8.0,304.76,16.666666666666668,0.3333333333333333,-0.23076923076923073
Odisha,Angul,2019-02-01,20.8382426,85.0973949,2,Winter,14.0,0.0,5.94e-05,11.0,299.64,12.333333333333334,0.3333333333333333,0.3999999999999999
Odisha,Angul,2019-06-01,20.8382426,85.0973949,6,Monsoon,8.0,1.0,0.4053507014,17.0,304.2466666,10.666666666666666,0.6666666666666666,-0.4285714285714286
Odisha,Angul,2019-07-01,20.8382426,85.0973949,7,Monsoon,14.0,0.0,2.743778799,5.0,287.04,12.0,0.3333333333333333,0.75
Odisha,Angul,2019-11-01,20.8382426,85.0973949,11,Post-Monsoon,32.0,0.0,0.03743439854,23.0,300.768,18.0,0.3333333333333333,1.2857142857142856
Odisha,Balangir,2013-06-01,20.74978325,83.44097217,6,Monsoon,20.0,0.0,0.4191645776,9.0,308.1,20.0,0.0,0.0
Odisha,Balangir,2014-10-01,20.74978325,83.44097217,10,Post-Monsoon,40.0,1.0,0.04293001103,23.0,303.716,30.0,0.5,1.0
Odisha,Balangir,2019-05-01,20.74978325,83.44097217,5,Summer,17.0,0.0,0.02154909188,8.0,314.056,25.666666666666668,0.3333333333333333,-0.575
Odisha,Balangir,2019-09-01,20.74978325,83.44097217,9,Monsoon,76.0,0.0,1.589701188,14.0,302.015,35.5,0.16666666666666666,0.9561157796451915
Odisha,Balasore,2009-08-01,21.5002888,86.9202627,8,Monsoon,93.0,1.0,0.468034049,6.0,303.1,93.0,1.0,0.0
Odisha,Balasore,2009-09-01,21.5002888,86.9202627,9,Monsoon,30.0,3.0,0.1240680764,14.0,302.0833334,61.5,2.0,-0.6774193548387097
Odisha,Balasore,2011-10-01,21.5002888,86.9202627,10,Post-Monsoon,85.0,0.0,0.01159805258,16.0,301.816,69.33333333333333,1.3333333333333333,1.8333333333333335
Odisha,Balasore,2012-07-01,21.5002888,86.9202627,7,Monsoon,28.0,0.0,0.9218556531,10.0,303.76,47.666666666666664,1.0,-0.6705882352941177
Odisha,Balasore,2014-06-01,21.5002888,86.9202627,6,Monsoon,17.0,0.0,1.765970552,4.0,308.82,43.333333333333336,0.0,-0.3928571428571429
Odisha,Balasore,2015-11-01,21.5002888,86.9202627,11,Post-Monsoon,10.0,0.0,0.0002377126798,9.0,302.76,18.333333333333332,0.0,-0.4117647058823529
Odisha,Balasore,2016-07-01,21.5002888,86.9202627,7,Monsoon,66.0,4.0,0.94669957235,7.0,300.8225,26.166666666666664,1.3333333333333333,1.8111111111111113
Odisha,Balasore,2019-08-01,21.5002888,86.9202627,8,Monsoon,53.0,0.0,2.0176530032000004,7.5,302.96916665000003,17.416666666666668,0.3333333333333333,0.041258169934640515
Odisha,Balasore,2019-11-01,21.5002888,86.9202627,11,Post-Monsoon,14.0,0.0,5.82e-05,15.0,300.1566666,10.666666666666666,0.0,0.3999999999999999
Odisha,Balasore,2020-09-01,21.5002888,86.9202627,9,Monsoon,6.0,0.0,0.5315676013,18.0,301.42400000000004,10.0,0.0,-0.5714285714285714
Odisha,Baleswar,2012-09-01,21.4717211,86.8909571,9,Monsoon,310.0,0.0,1.001891997,13.0,299.3,310.0,0.0,0.0
Odisha,Bargarh,2009-07-01,21.3477634,83.65768299,7,Monsoon,76.0,4.0,5.293818651,9.0,300.98,76.0,4.0,0.0
Odisha,Bargarh,2009-09-01,21.3477634,83.65768299,9,Monsoon,170.0,4.0,0.35985443485,15.5,301.46500000000003,89.75,2.833333333333333,-0.0028195488721803885
Odisha,Bargarh,2009-11-01,21.3477634,83.65768299,11,Post-Monsoon,319.0,0.0,0.013269734153333332,18.0,301.53666673333333,99.33333333333333,0.6666666666666666,0.339038440234851
Odisha,Bargarh,2013-09-01,21.3477634,83.65768299,9,Monsoon,28.0,0.0,0.3964207375,16.0,301.0416667,54.833333333333336,0.0,-0.5740609496810772
Odisha,Bargarh,2015-09-01,21.3477634,83.65768299,9,Monsoon,25.0,1.0,0.4010349599,13.5,301.9166667,11.666666666666668,0.3333333333333333,0.856060606060606
Odisha,Bargarh,2015-11-01,21.3477634,83.65768299,11,Post-Monsoon,17.0,0.0,8.51e-05,16.0,302.176,14.0,0.3333333333333333,-0.10526315789473684
Odisha,Bargarh,2016-09-01,21.3477634,83.65768299,9,Monsoon,58.0,0.0,0.2343972205,16.0,298.812,31.333333333333332,0.0,2.411764705882353
Odisha,Bargarh,2021-11-01,21.3477634,83.65768299,11,Post-Monsoon,28.0,0.0,0.05434392853,18.0,300.3,34.333333333333336,0.0,-0.5172413793103448
Odisha,Berhampur,2012-05-01,21.49308515,86.63272983,5,Summer,23.0,0.0,0.4743301397,15.0,305.28000000000003,23.0,0.0,0.0
Odisha,Berhampur,2012-07-01,21.49308515,86.63272983,7,Monsoon,23.0,1.0,1.539889227,12.0,299.81,23.0,0.5,0.0
Odisha,Bhadrak,2016-06-01,21.0633288,86.5053731,6,Monsoon,21.0,0.0,0.3410430904,10.0,303.445,21.0,0.0,0.0
Odisha,Bhadrak,2016-07-01,21.0633288,86.5053731,7,Monsoon,19.0,0.0,1.211013786,9.0,303.445,20.0,0.0,-0.09523809523809523
Odisha,Bhadrak,2018-11-01,21.0633288,86.5053731,11,Post-Monsoon,14.0,0.0,0.06459121194,9.0,302.91200000000003,18.0,0.0,-0.26315789473684215
Odisha,Bhadrak,2019-09-01,21.0633288,86.5053731,9,Monsoon,14.0,0.0,1.414496344,9.0,300.62,15.666666666666666,0.0,0.0
Odisha,Bhubaneshwar,2011-04-01,20.2602964,85.8394521,4,Summer,14.0,0.0,0.03315598691,9.0,310.132,14.0,0.0,0.0
Odisha,Bhubaneshwar,2011-06-01,20.2602964,85.8394521,6,Monsoon,21.0,0.0,0.9499887962,10.0,304.24,17.5,0.0,0.5
Odisha,Bolangir,2009-09-01,20.7502257,83.2499464,9,Monsoon,368.0,2.0,0.7041006958,18.0,301.52,368.0,2.0,0.0
Odisha,Bolangir,2009-10-01,20.7502257,83.2499464,10,Post-Monsoon,28.0,0.0,5.63e-05,9.0,304.404,198.0,1.0,-0.9239130434782609
Odisha,Bolangir,2009-11-01,20.7502257,83.2499464,11,Post-Monsoon,73.0,0.0,0.1582881458,12.0,304.78000000000003,156.33333333333334,0.6666666666666666,1.6071428571428572
Odisha,Bolangir,2011-07-01,20.7502257,83.2499464,7,Monsoon,25.0,0.0,0.7702000131,10.0,302.06,42.0,0.0,-0.6575342465753424
Odisha,Bolangir,2016-08-01,20.7502257,83.2499464,8,Monsoon,21.0,0.0,0.3543965979,19.0,302.58,39.666666666666664,0.0,-0.16000000000000003
Odisha,Bolangir,2017-02-01,20.7502257,83.2499464,2,Winter,24.0,0.0,3.96e-05,7.0,305.3533334,23.333333333333332,0.0,0.1428571428571428
Odisha,Bolangir,2017-05-01,20.7502257,83.2499464,5,Summer,24.0,1.0,0.03497944267,6.5,318.375,18.666666666666664,0.16666666666666666,-0.47258771929824567
Odisha,Bolangir,2018-08-01,20.7502257,83.2499464,8,Monsoon,17.0,0.0,0.9762908778,9.0,303.445,13.666666666666666,0.3333333333333333,2.4
Odisha,Bolangir,2019-07-01,20.7502257,83.2499464,7,Monsoon,30.0,0.0,0.3999535134,14.0,303.92,17.333333333333332,0.3333333333333333,0.7647058823529411
Odisha,Bolangir,2019-08-01,20.7502257,83.2499464,8,Monsoon,84.0,0.0,0.6819343329,9.0,300.96,37.66666666666667,0.0,0.22948717948717945
Odisha,Bolangir,2020-05-01,20.7502257,83.2499464,5,Summer,52.0,0.0,0.0104204501,11.0,310.056,45.333333333333336,0.0,1.736842105263158
Odisha,Bolangir,2021-01-01,20.7502257,83.2499464,1,Winter,5.0,0.0,0.008809665092,9.0,302.44,25.333333333333332,0.0,-0.9038461538461539
Odisha,Boudh,2016-05-01,20.8415619,84.3213321,5,Summer,34.0,0.0,0.03289342898,10.0,317.068,34.0,0.0,0.0
Odisha,Cuttack,2010-06-01,20.4686,85.8792,6,Monsoon,70.0,0.0,0.0274700454,11.0,310.1,70.0,0.0,0.0
Odisha,Cuttack,2012-01-01,20.4686,85.8792,1,Winter,31.0,0.0,0.0002184407596,8.0,299.50333340000003,50.5,0.0,-0.5571428571428572
Odisha,Cuttack,2012-10-01,20.4686,85.8792,10,Post-Monsoon,38.0,0.0,0.4640559029,14.0,296.12,46.333333333333336,0.0,0.22580645161290325
Odisha,Cuttack,2013-04-01,20.4686,85.8792,4,Summer,143.0,0.0,0.01913998704,9.0,310.73,70.66666666666667,0.0,2.763157894736842
Odisha,Cuttack,2013-10-01,20.4686,85.8792,10,Post-Monsoon,23.0,1.0,2.044271711,17.0,299.66,68.0,0.3333333333333333,-0.8391608391608392
Odisha,Cuttack,2014-08-01,20.4686,85.8792,8,Monsoon,14.0,0.0,0.683741421,9.0,303.56,60.0,0.3333333333333333,-0.3913043478260869
Odisha,Cuttack,2015-08-01,20.4686,85.8792,8,Monsoon,27.0,0.0,0.4942899032,9.0,302.255,21.333333333333332,0.3333333333333333,0.9285714285714286
Odisha,Cuttack,2015-11-01,20.4686,85.8792,11,Post-Monsoon,23.0,0.0,6.72e-05,15.0,301.392,21.333333333333332,0.0,-0.14814814814814814
Odisha,Cuttack,2015-12-01,20.4686,85.8792,12,Winter,24.0,0.0,0.008405618419,7.0,301.4866666,24.666666666666668,0.0,0.04347826086956519
Odisha,Cuttack,2016-04-01,20.4686,85.8792,4,Summer,19.0,0.0,0.0009369086401,6.0,314.24,22.0,0.0,-0.20833333333333337
Odisha,Cuttack,2016-08-01,20.4686,85.8792,8,Monsoon,13.0,0.0,0.9944064646,9.0,302.7866666,18.666666666666668,0.0,-0.3157894736842105
Odisha,Deogarh,2014-07-01,21.5370786,84.7301184,7,Monsoon,17.0,0.0,1.787307927,3.0,303.445,17.0,0.0,0.0
Odisha,Dhenkanal,2011-02-01,20.75,85.5,2,Winter,24.0,0.0,0.0002887690815,9.0,304.6066666,24.0,0.0,0.0
Odisha,Dhenkanal,2011-04-01,20.75,85.5,4,Summer,10.0,0.0,0.008788776216,10.0,309.5,17.0,0.0,-0.5833333333333333
Odisha,Dhenkanal,2011-11-01,20.75,85.5,11,Post-Monsoon,35.0,2.0,5.82e-05,16.0,303.22400000000005,23.0,0.6666666666666666,2.5
Odisha,Dhenkanal,2012-03-01,20.75,85.5,3,Summer,13.0,1.0,0.002864224012,10.0,307.11333340000004,19.333333333333332,1.0,-0.6285714285714286
Odisha,Dhenkanal,2012-04-01,20.75,85.5,4,Summer,5.0,1.0,0.04012482251,9.0,310.8766666,17.666666666666668,1.3333333333333333,-0.6153846153846154
Odisha,Dhenkanal,2012-05-01,20.75,85.5,5,Summer,10.0,0.0,0.01931445449,9.0,308.492,9.333333333333334,0.6666666666666666,1.0
Odisha,Dhenkanal,2013-04-01,20.75,85.5,4,Summer,27.0,0.0,0.005547986148,8.0,313.74333340000004,14.0,0.3333333333333333,1.7000000000000002
Odisha,Dhenkanal,2013-06-01,20.75,85.5,6,Monsoon,28.0,0.0,1.067872922,6.0,296.4133334,17.5,0.0,-0.18233618233618243
Odisha,Dhenkanal,2013-10-01,20.75,85.5,10,Post-Monsoon,66.0,0.0,0.9505413661,15.5,300.6343333,15.416666666666668,0.0,0.26388888888888884
Odisha,Dhenkanal,2016-06-01,20.75,85.5,6,Monsoon,20.0,0.0,0.4454927403,12.0,303.445,17.666666666666668,0.0,-0.13043478260869568
Odisha,Dhenkanal,2016-08-01,20.75,85.5,8,Monsoon,51.0,0.0,0.6400320895,9.0,302.90500000000003,31.333333333333332,0.0,1.5499999999999998
Odisha,Dhenkanal,2019-08-01,20.75,85.5,8,Monsoon,15.0,0.0,1.545526329,15.0,300.48,28.666666666666668,0.0,-0.7058823529411764
Odisha,Dhenkanal,2022-05-01,20.75,85.5,5,Summer,37.0,0.0,0.006900563323,16.0,305.02,34.333333333333336,0.0,1.4666666666666668
Odisha,Gajapati,2010-07-01,19.19557415,84.19297736,7,Monsoon,85.0,0.0,0.6064941497,17.0,298.5466666,85.0,0.0,0.0
Odisha,Ganjam,2010-06-01,19.4129711,85.04710406,6,Monsoon,130.0,0.0,0.2254894541,7.0,303.4575,83.5,0.0,-0.3627450980392157
Odisha,Ganjam,2010-07-01,19.4129711,85.04710406,7,Monsoon,22.0,0.0,0.2254894541,9.0,300.93333340000004,31.833333333333336,0.0,-0.3035714285714286
Odisha,Ganjam,2011-01-01,19.4129711,85.04710406,1,Winter,6.0,0.0,0.2254894541,9.0,301.248,9.333333333333334,0.0,-0.4545454545454546
Odisha,Ganjam,2011-02-01,19.4129711,85.04710406,2,Winter,65.0,0.0,0.2254894541,8.666666666666666,302.80377780000003,18.666666666666668,0.0,1.298611111111111
Odisha,Ganjam,2011-03-01,19.4129711,85.04710406,3,Summer,31.0,0.0,0.2254894541,10.5,305.102,15.666666666666668,0.0,0.07466063348416285
Odisha,Ganjam,2011-06-01,19.4129711,85.04710406,6,Monsoon,102.0,0.0,0.2254894541,9.0,308.0,44.333333333333336,0.0,4.666666666666667
Odisha,Ganjam,2011-07-01,19.4129711,85.04710406,7,Monsoon,12.0,0.0,0.2254894541,9.0,304.05,44.0,0.0,-0.8823529411764706
Odisha,Ganjam,2011-10-01,19.4129711,85.04710406,10,Post-Monsoon,18.0,1.0,0.2254894541,19.0,301.95,44.0,0.3333333333333333,0.5
Odisha,Ganjam,2012-04-01,19.4129711,85.04710406,4,Summer,79.0,0.0,0.2254894541,9.0,306.5933334,36.333333333333336,0.3333333333333333,3.3888888888888893
Odisha,Ganjam,2012-05-01,19.4129711,85.04710406,5,Summer,43.0,0.0,0.2254894541,9.0,305.76,46.666666666666664,0.3333333333333333,-0.45569620253164556
Odisha,Ganjam,2012-12-01,19.4129711,85.04710406,12,Winter,45.0,0.0,0.2254894541,9.0,298.0666666,55.666666666666664,0.0,0.04651162790697683
Odisha,Ganjam,2013-01-01,19.4129711,85.04710406,1,Winter,12.0,0.0,0.2254894541,9.0,298.04400000000004,33.333333333333336,0.0,-0.7333333333333334
Odisha,Ganjam,2013-03-01,19.4129711,85.04710406,3,Summer,12.0,0.0,0.2254894541,14.0,305.0233334,23.0,0.0,0.0
Odisha,Ganjam,2013-08-01,19.4129711,85.04710406,8,Monsoon,67.0,0.0,0.2254894541,6.0,303.90000000000003,30.333333333333332,0.0,4.583333333333333
Odisha,Ganjam,2013-11-01,19.4129711,85.04710406,11,Post-Monsoon,56.0,0.0,0.2254894541,9.0,299.848,45.0,0.0,-0.16417910447761197
Odisha,Ganjam,2013-12-01,19.4129711,85.04710406,12,Winter,21.0,0.0,0.2254894541,9.0,300.0933334,48.0,0.0,-0.625
Odisha,Ganjam,2014-01-01,19.4129711,85.04710406,1,Winter,107.0,0.0,0.2254894541,9.0,299.90000000000003,34.77777777777778,0.0,0.42658730158730157
Odisha,Ganjam,2014-06-01,19.4129711,85.04710406,6,Monsoon,65.0,0.0,0.2254894541,4.666666666666667,305.73611113333334,25.555555555555557,0.0,0.028356738112835678
Odisha,Ganjam,2014-07-01,19.4129711,85.04710406,7,Monsoon,35.0,1.0,0.2254894541,0.0,303.1825,21.0,0.3333333333333333,-0.26785714285714285
Odisha,Ganjam,2014-08-01,19.4129711,85.04710406,8,Monsoon,39.0,1.0,0.2254894541,9.0,303.0383333,18.0,0.5,0.15964912280701749
Odisha,Ganjam,2014-10-01,19.4129711,85.04710406,10,Post-Monsoon,15.0,1.0,0.2254894541,10.0,300.476,18.0,0.6666666666666666,-0.25
Odisha,Ganjam,2015-01-01,19.4129711,85.04710406,1,Winter,21.0,0.0,0.2254894541,9.0,298.7966666,18.666666666666668,0.3333333333333333,0.3999999999999999
Odisha,Ganjam,2015-07-01,19.4129711,85.04710406,7,Monsoon,23.0,0.0,0.2254894541,11.0,306.56,19.666666666666668,0.3333333333333333,0.09523809523809534
Odisha,Ganjam,2015-08-01,19.4129711,85.04710406,8,Monsoon,100.0,2.0,0.2254894541,9.0,305.25333340000003,36.166666666666664,0.5,0.5869565217391304
Odisha,Ganjam,2015-09-01,19.4129711,85.04710406,9,Monsoon,76.0,0.0,0.2254894541,8.0,302.40999999999997,41.0,0.5,0.5999999999999999
Odisha,Ganjam,2015-12-01,19.4129711,85.04710406,12,Winter,19.0,0.0,0.2254894541,9.0,300.53000000000003,31.666666666666668,0.0,-0.6607142857142857
Odisha,Ganjam,2016-02-01,19.4129711,85.04710406,2,Winter,43.0,0.0,0.2254894541,9.0,303.445,39.333333333333336,0.0,1.263157894736842
Odisha,Ganjam,2016-08-01,19.4129711,85.04710406,8,Monsoon,63.0,0.0,0.2254894541,3.5,303.6575,32.5,0.0,-0.019379844961240345
Odisha,Ganjam,2016-09-01,19.4129711,85.04710406,9,Monsoon,30.0,0.0,0.2254894541,10.0,303.445,31.0,0.0,-0.16666666666666663
Odisha,Ganjam,2016-10-01,19.4129711,85.04710406,10,Post-Monsoon,75.0,0.0,0.2254894541,18.5,300.0775,33.66666666666667,0.0,0.22634408602150546
Odisha,Ganjam,2016-12-01,19.4129711,85.04710406,12,Winter,26.0,1.0,0.2254894541,9.0,300.4373333,26.5,0.16666666666666666,-0.4123376623376624
Odisha,Ganjam,2019-06-01,19.4129711,85.04710406,6,Monsoon,19.0,0.0,0.2254894541,9.0,303.99333340000004,15.0,0.3333333333333333,0.5833333333333333
Odisha,Ganjam,2019-09-01,19.4129711,85.04710406,9,Monsoon,113.0,0.0,0.2254894541,5.0,297.14,48.0,0.3333333333333333,4.947368421052632
Odisha,Ganjam,2019-10-01,19.4129711,85.04710406,10,Post-Monsoon,30.0,0.0,0.2254894541,10.0,296.34000000000003,54.0,0.0,-0.7345132743362832
Odisha,Ganjam,2019-11-01,19.4129711,85.04710406,11,Post-Monsoon,13.0,0.0,0.2254894541,9.0,300.59000000000003,52.0,0.0,-0.5666666666666667
Odisha,Ganjam,2022-03-01,19.4129711,85.04710406,3,Summer,83.0,0.0,0.2254894541,9.0,304.2933334,42.0,0.0,5.0
Odisha,Ganjam,2022-04-01,19.4129711,85.04710406,4,Summer,192.0,0.0,0.22548945409999996,11.4,304.01626668,44.93333333333333,0.0,-0.1271086855784341
Odisha,Ganjam,2022-05-01,19.4129711,85.04710406,5,Summer,22.0,0.0,0.2254894541,11.0,302.8666666,24.666666666666668,0.0,-0.24137931034482762
Odisha,Jagatsinghpur,2013-01-01,20.2593872,86.1660878,1,Winter,14.0,0.0,0.01443052243,9.0,299.805,14.0,0.0,0.0
Odisha,Jagatsinghpur,2013-12-01,20.2593872,86.1660878,12,Winter,12.0,0.0,0.1212326166,6.0,295.684,13.0,0.0,-0.1428571428571429
Odisha,Jagatsinghpur,2019-01-01,20.2593872,86.1660878,1,Winter,21.0,0.0,0.003888925039,6.0,302.14,15.666666666666666,0.0,0.75
Odisha,Jajpur,2013-04-01,20.8522696,86.3385714,4,Summer,48.0,0.0,0.0002892250857,5.0,315.64,48.0,0.0,0.0
Odisha,Jajpur,2014-01-01,20.8522696,86.3385714,1,Winter,16.0,0.0,0.001353304164,6.0,298.35,32.0,0.0,-0.6666666666666667
Odisha,Jajpur,2016-08-01,20.8522696,86.3385714,8,Monsoon,23.0,1.0,0.6029790242,11.0,302.675,29.0,0.3333333333333333,0.4375
Odisha,Jajpur,2016-09-01,20.8522696,86.3385714,9,Monsoon,15.0,0.0,0.564133014,13.0,300.596,18.0,0.3333333333333333,-0.34782608695652173
Odisha,Jajpur,2016-10-01,20.8522696,86.3385714,10,Post-Monsoon,10.0,0.0,0.9730709427,25.0,299.4266666,16.0,0.3333333333333333,-0.33333333333333337
Odisha,Jajpur,2016-12-01,20.8522696,86.3385714,12,Winter,33.0,0.0,7.76e-05,9.0,299.35,19.333333333333332,0.0,2.3
Odisha,Jajpur,2017-09-01,20.8522696,86.3385714,9,Monsoon,21.0,0.0,0.3167818471,20.0,302.0933334,21.333333333333332,0.0,-0.36363636363636365
Odisha,Jajpur,2019-04-01,20.8522696,86.3385714,4,Summer,16.0,0.0,0.06346748876,7.0,309.444,23.333333333333332,0.0,-0.23809523809523814
Odisha,Jajpur,2019-11-01,20.8522696,86.3385714,11,Post-Monsoon,202.0,0.0,0.7888433418,18.0,298.7933334,52.5,0.0,2.0583333333333336
Odisha,Jajpur,2021-02-01,20.8522696,86.3385714,2,Winter,35.0,0.0,7.82e-05,5.0,299.9866666,79.0,0.0,-0.7535211267605634
Odisha,Jharsuguda,2014-07-01,21.87705125,84.00905064,7,Monsoon,40.0,0.0,1.712275361,5.0,303.445,20.0,0.0,0.0
Odisha,Jharsuguda,2019-10-01,21.87705125,84.00905064,10,Post-Monsoon,64.0,0.0,0.4706772086,18.666666666666668,299.4264444666667,21.666666666666668,0.0,-0.04101449275362323
Odisha,Jharsuguda,2019-11-01,21.87705125,84.00905064,11,Post-Monsoon,44.0,0.0,2.74e-05,16.0,300.0966666,28.333333333333332,0.0,1.75
Odisha,Kalahandi,2009-07-01,19.75,83.0,7,Monsoon,217.0,5.0,0.4728685269,13.0,303.445,217.0,5.0,0.0
Odisha,Kalahandi,2014-02-01,19.75,83.0,2,Winter,34.0,0.0,0.1591732195,9.0,302.18333340000004,125.5,2.5,-0.8433179723502304
Odisha,Kalahandi,2014-05-01,19.75,83.0,5,Summer,11.0,1.0,0.1956660513,10.0,311.6966666,87.33333333333333,2.0,-0.6764705882352942
Odisha,Kalahandi,2015-07-01,19.75,83.0,7,Monsoon,41.0,0.0,1.813556761,13.0,304.25,28.666666666666668,0.3333333333333333,2.727272727272727
Odisha,Kalahandi,2015-09-01,19.75,83.0,9,Monsoon,25.0,0.0,0.9602309862,27.0,301.83,25.666666666666668,0.3333333333333333,-0.3902439024390244
Odisha,Kalahandi,2016-08-01,19.75,83.0,8,Monsoon,84.0,3.0,0.8491135414333333,7.333333333333333,302.855,22.88888888888889,0.3333333333333333,1.0872222222222223
Odisha,Kalahandi,2016-09-01,19.75,83.0,9,Monsoon,59.0,1.0,1.216044425,9.0,300.25,45.0,1.3333333333333333,-0.032786885245901676
Odisha,Kalahandi,2016-10-01,19.75,83.0,10,Post-Monsoon,40.0,5.0,0.8629282964,22.0,299.90500000000003,39.83333333333333,2.166666666666667,-0.3305084745762712
Odisha,Kalahandi,2018-03-01,19.75,83.0,3,Summer,11.0,0.0,0.0001871476855,8.0,308.4733334,17.0,1.6666666666666667,-0.44999999999999996
Odisha,Kalahandi,2018-07-01,19.75,83.0,7,Monsoon,9.0,1.0,0.9829494613,2.0,303.445,13.333333333333334,1.0,-0.18181818181818177
Odisha,Kalahandi,2019-05-01,19.75,83.0,5,Summer,27.0,0.0,0.001358605569,10.0,314.2966666,15.666666666666666,0.3333333333333333,2.0
Odisha,Kalahandi,2019-09-01,19.75,83.0,9,Monsoon,32.0,1.0,0.8651910099,9.0,302.13,22.666666666666668,0.6666666666666666,0.18518518518518512
Odisha,Kalahandi,2021-03-01,19.75,83.0,3,Summer,12.0,0.0,0.02773092518,8.0,310.964,23.666666666666668,0.3333333333333333,-0.625
Odisha,Kandhamal,2011-03-01,20.13069385,84.07904761,3,Summer,11.0,0.0,0.002666833334,11.0,307.7733334,11.0,0.0,0.0
Odisha,Kandhamal,2013-11-01,20.13069385,84.07904761,11,Post-Monsoon,24.0,0.0,0.01192515143,19.0,298.55,17.5,0.0,1.1818181818181817
Odisha,Kandhamal,2016-01-01,20.13069385,84.07904761,1,Winter,47.0,0.0,0.0001721478881,11.0,300.808,27.333333333333332,0.0,0.9583333333333333
Odisha,Kandhamal,2016-06-01,20.13069385,84.07904761,6,Monsoon,21.0,0.0,0.5988880781,11.0,310.44,30.666666666666668,0.0,-0.5531914893617021
Odisha,Kandhamal,2020-03-01,20.13069385,84.07904761,3,Summer,64.0,0.0,0.06074317802,9.0,301.5,44.0,0.0,2.0476190476190474
Odisha,Kandhamal,2021-04-01,20.13069385,84.07904761,4,Summer,10.0,0.0,0.0009612371809,9.0,309.16400000000004,31.666666666666668,0.0,-0.84375
Odisha,Kandhamal,2022-04-01,20.13069385,84.07904761,4,Summer,11.0,0.0,0.01136203033,10.0,310.692,28.333333333333332,0.0,0.10000000000000009
Odisha,Kendrapara,2013-05-01,20.50040085,86.43170623,5,Summer,15.0,0.0,0.6136865464,4.0,307.59000000000003,15.0,0.0,0.0
Odisha,Kendrapara,2013-09-01,20.50040085,86.43170623,9,Monsoon,13.0,0.0,1.249669696,9.0,302.5733334,14.0,0.0,-0.1333333333333333
Odisha,Kendrapara,2014-01-01,20.50040085,86.43170623,1,Winter,94.0,0.0,0.0009299637002,6.0,299.64,40.666666666666664,0.0,5.0
Odisha,Kendrapara,2014-08-01,20.50040085,86.43170623,8,Monsoon,13.0,0.0,1.347387979,5.0,303.1,40.0,0.0,-0.8617021276595744
Odisha,Kendrapara,2016-07-01,20.50040085,86.43170623,7,Monsoon,16.0,0.0,0.7783846406,9.0,300.32,41.0,0.0,0.23076923076923084
Odisha,Keonjhar,2013-08-01,21.5,85.5,8,Monsoon,18.0,0.0,0.6153822204,19.0,300.735,18.0,0.0,0.0
Odisha,Keonjhar,2014-02-01,21.5,85.5,2,Winter,16.0,1.0,0.008689526715,9.0,299.1633334,17.0,0.5,-0.11111111111111116
Odisha,Keonjhar,2014-05-01,21.5,85.5,5,Summer,34.0,0.0,0.04192293184,12.5,311.6366667,15.666666666666668,0.3333333333333333,0.5125
Odisha,Keonjhar,2016-02-01,21.5,85.5,2,Winter,43.0,0.0,0.01957717927,11.0,302.0766666,25.666666666666668,0.0,0.7916666666666667
Odisha,Keonjhar,2016-09-01,21.5,85.5,9,Monsoon,19.0,0.0,1.110281398,22.0,300.15000000000003,28.666666666666668,0.0,-0.5581395348837209
Odisha,Keonjhar,2018-11-01,21.5,85.5,11,Post-Monsoon,7.0,0.0,0.05571720972,23.0,299.8233334,23.0,0.0,-0.631578947368421
Odisha,Keonjhar,2019-06-01,21.5,85.5,6,Monsoon,13.0,0.0,0.1884896995,6.0,303.79,13.0,0.0,0.8571428571428572
Odisha,Khordha,2014-07-01,20.22564715,85.56059465,7,Monsoon,10.0,0.0,0.8573744618,10.0,303.2,10.0,0.0,0.0
Odisha,Khordha,2015-12-01,20.22564715,85.56059465,12,Winter,29.0,0.0,0.004909242231,11.0,302.00333340000003,19.5,0.0,1.9
Odisha,Khordha,2016-11-01,20.22564715,85.56059465,11,Post-Monsoon,15.0,0.0,0.05690854157,18.0,301.73,18.0,0.0,-0.48275862068965514
Odisha,Khordha,2018-08-01,20.22564715,85.56059465,8,Monsoon,9.0,0.0,1.672595952,9.0,302.45,17.666666666666668,0.0,-0.4
Odisha,Khordha,2019-09-01,20.22564715,85.56059465,9,Monsoon,9.0,1.0,0.4374985599,16.0,301.1733334,11.0,0.3333333333333333,0.0
Odisha,Khordha,2022-06-01,20.22564715,85.56059465,6,Monsoon,7.0,0.0,0.001571475845,9.0,308.04,8.333333333333334,0.3333333333333333,-0.2222222222222222
Odisha,Khurda,2009-07-01,20.1540594,85.7086509,7,Monsoon,21.0,1.0,3.19228112,3.0,300.2,21.0,1.0,0.0
Odisha,Khurda,2010-03-01,20.1540594,85.7086509,3,Summer,57.0,0.0,0.001070282803,9.0,309.7333334,39.0,0.5,1.7142857142857144
Odisha,Khurda,2015-07-01,20.1540594,85.7086509,7,Monsoon,24.0,0.0,0.4721058709,10.0,306.23,34.0,0.3333333333333333,-0.5789473684210527
Odisha,Khurda,2016-05-01,20.1540594,85.7086509,5,Summer,18.0,0.0,0.02004142418,6.0,314.445,33.0,0.0,-0.25
Odisha,Khurda,2016-09-01,20.1540594,85.7086509,9,Monsoon,47.0,0.0,0.7937552955,12.5,299.49649999999997,23.166666666666668,0.0,0.12326388888888884
Odisha,Khurda,2016-10-01,20.1540594,85.7086509,10,Post-Monsoon,74.0,0.0,0.8636868272,20.0,298.695,33.166666666666664,0.0,1.1873015873015875
Odisha,Khurda,2016-11-01,20.1540594,85.7086509,11,Post-Monsoon,30.0,0.0,0.0001036839895,16.0,301.144,21.666666666666668,0.0,0.18181818181818177
Odisha,Khurda,2016-12-01,20.1540594,85.7086509,12,Winter,33.0,0.0,0.0006880132625,9.0,300.785,16.666666666666664,0.0,-0.01666666666666672
Odisha,Khurda,2018-02-01,20.1540594,85.7086509,2,Winter,20.0,0.0,0.0001171678108,7.0,303.48,17.666666666666668,0.0,0.8181818181818181
Odisha,Khurda,2019-08-01,20.1540594,85.7086509,8,Monsoon,16.0,1.0,1.355970819,7.0,300.8,15.666666666666666,0.3333333333333333,-0.19999999999999996
Odisha,Koraput,2010-08-01,18.7232023,82.60811828,8,Monsoon,10.0,2.0,0.5560101106,13.0,300.86,10.0,2.0,0.0
Odisha,Koraput,2012-01-01,18.7232023,82.60811828,1,Winter,6.0,1.0,0.0001387414333,10.0,301.7266666,8.0,1.5,-0.4
Odisha,Koraput,2013-01-01,18.7232023,82.60811828,1,Winter,12.0,0.0,0.0005158167415,11.0,301.948,9.333333333333334,1.0,1.0
Odisha,Koraput,2013-05-01,18.7232023,82.60811828,5,Summer,23.0,0.0,0.02501081263,15.0,308.556,13.666666666666666,0.3333333333333333,0.9166666666666667
Odisha,Koraput,2015-07-01,18.7232023,82.60811828,7,Monsoon,26.0,1.0,0.5358367367,9.0,303.445,20.333333333333332,0.3333333333333333,0.13043478260869557
Odisha,Koraput,2016-02-01,18.7232023,82.60811828,2,Winter,11.0,0.0,0.0001469061965,9.0,305.28000000000003,20.0,0.3333333333333333,-0.5769230769230769
Odisha,Koraput,2016-05-01,18.7232023,82.60811828,5,Summer,30.0,0.0,0.6730653508,9.0,304.5733334,22.333333333333332,0.3333333333333333,1.727272727272727
Odisha,Koraput,2016-07-01,18.7232023,82.60811828,7,Monsoon,14.0,0.0,1.146740569,9.0,303.36,18.333333333333332,0.0,-0.5333333333333333
Odisha,Koraput,2017-01-01,18.7232023,82.60811828,1,Winter,15.0,0.0,0.0003563634079,12.0,300.6866666,19.666666666666668,0.0,0.0714285714285714
Odisha,Koraput,2017-02-01,18.7232023,82.60811828,2,Winter,22.0,1.0,0.02549084525,9.0,303.86,14.5,0.16666666666666666,-0.2761904761904762
Odisha,Koraput,2017-03-01,18.7232023,82.60811828,3,Summer,7.0,0.0,7.1e-05,9.0,308.68,9.666666666666666,0.3333333333333333,5.0
Odisha,Koraput,2017-04-01,18.7232023,82.60811828,4,Summer,40.0,0.0,0.01045263536945,9.5,312.4323333,11.333333333333332,0.16666666666666666,0.9670329670329672
Odisha,Koraput,2017-11-01,18.7232023,82.60811828,11,Post-Monsoon,12.0,0.0,0.2547019761,9.0,297.94,17.333333333333332,0.0,-0.5555555555555556
Odisha,Koraput,2018-05-01,18.7232023,82.60811828,5,Summer,20.0,0.0,0.09129831504,15.0,308.49,19.666666666666668,0.0,0.6666666666666667
Odisha,Koraput,2018-06-01,18.7232023,82.60811828,6,Monsoon,40.0,0.0,0.07753796441,12.0,303.676,24.0,0.0,1.0
Odisha,Koraput,2019-01-01,18.7232023,82.60811828,1,Winter,11.0,0.0,8.11e-05,12.0,299.68,23.666666666666668,0.0,-0.725
Odisha,Koraput,2019-03-01,18.7232023,82.60811828,3,Summer,13.0,0.0,0.005392221548,10.0,306.388,21.333333333333332,0.0,0.18181818181818188
Odisha,Koraput,2020-02-01,18.7232023,82.60811828,2,Winter,20.0,0.0,0.03922885498,12.0,300.85,14.666666666666666,0.0,0.5384615384615385
Odisha,Koraput,2021-05-01,18.7232023,82.60811828,5,Summer,9.0,0.0,0.02873045432,9.0,310.112,14.0,0.0,-0.55
Odisha,Koraput,2021-09-01,18.7232023,82.60811828,9,Monsoon,22.0,2.0,0.6516250059,9.0,299.14,17.0,0.6666666666666666,1.4444444444444446
Odisha,Koraput,2022-02-01,18.7232023,82.60811828,2,Winter,15.0,0.0,0.0004905797777,12.0,300.5566666,15.333333333333334,0.6666666666666666,-0.31818181818181823
Odisha,Koraput,2022-03-01,18.7232023,82.60811828,3,Summer,58.0,0.0,0.0003837535757666667,10.333333333333334,307.5591111333334,22.333333333333332,0.2222222222222222,0.28057813911472446
Odisha,Malkangiri,2009-10-01,18.35835435,81.89823749,10,Post-Monsoon,123.0,0.0,0.07796978112,31.0,300.1966666,123.0,0.0,0.0
Odisha,Malkangiri,2011-03-01,18.35835435,81.89823749,3,Summer,54.0,1.0,0.01032395802405,12.0,306.3716667,66.5,0.16666666666666666,-0.31837398373983744
Odisha,Malkangiri,2011-07-01,18.35835435,81.89823749,7,Monsoon,76.0,0.0,1.351279958,11.0,303.445,43.333333333333336,0.3333333333333333,1.6206896551724137
Odisha,Malkangiri,2015-06-01,18.35835435,81.89823749,6,Monsoon,167.0,0.0,0.5675604978,10.0,300.56,90.66666666666667,0.3333333333333333,1.1973684210526314
Odisha,Mayurbhanj,2010-04-01,21.75,86.5,4,Summer,17.0,0.0,0.2415507583,10.0,309.3333334,17.0,0.0,0.0
Odisha,Mayurbhanj,2011-02-01,21.75,86.5,2,Winter,19.0,0.0,0.0001059390447,10.0,304.1866666,18.0,0.0,0.11764705882352944
Odisha,Mayurbhanj,2012-03-01,21.75,86.5,3,Summer,35.0,0.0,8.55e-05,10.0,306.0866666,23.666666666666668,0.0,0.8421052631578947
Odisha,Mayurbhanj,2012-07-01,21.75,86.5,7,Monsoon,13.0,0.0,0.9934761258,6.0,303.445,22.333333333333332,0.0,-0.6285714285714286
Odisha,Mayurbhanj,2013-12-01,21.75,86.5,12,Winter,19.0,1.0,0.005317007482,12.0,299.2933334,22.333333333333332,0.3333333333333333,0.46153846153846145
Odisha,Mayurbhanj,2014-03-01,21.75,86.5,3,Summer,13.0,1.0,0.1308604665,9.0,303.95,15.0,0.6666666666666666,-0.3157894736842105
Odisha,Mayurbhanj,2014-07-01,21.75,86.5,7,Monsoon,22.0,1.0,1.183433548,9.0,300.205,18.0,1.0,0.6923076923076923
Odisha,Mayurbhanj,2015-08-01,21.75,86.5,8,Monsoon,32.0,0.0,0.8985001324,9.0,300.44,22.333333333333332,0.6666666666666666,0.4545454545454546
Odisha,Mayurbhanj,2015-11-01,21.75,86.5,11,Post-Monsoon,13.0,0.0,5.75e-05,9.0,301.4066666,22.333333333333332,0.3333333333333333,-0.59375
Odisha,Mayurbhanj,2016-04-01,21.75,86.5,4,Summer,23.0,0.0,0.3049264023,14.0,306.24,22.666666666666668,0.0,0.7692307692307692
Odisha,Mayurbhanj,2016-09-01,21.75,86.5,9,Monsoon,28.0,0.0,1.590226785,11.0,303.445,21.333333333333332,0.0,0.21739130434782616
Odisha,Mayurbhanj,2016-11-01,21.75,86.5,11,Post-Monsoon,11.0,0.0,0.2117027874,23.0,300.236,20.666666666666668,0.0,-0.6071428571428572
Odisha,Mayurbhanj,2019-08-01,21.75,86.5,8,Monsoon,29.0,0.0,2.1223141295,7.0,300.6866666,15.333333333333332,0.0,0.20629370629370636
Odisha,Mayurbhanj,2019-09-01,21.75,86.5,9,Monsoon,11.0,0.0,0.8635627956,10.0,300.54,13.333333333333334,0.0,-0.3125
Odisha,Mayurbhanj,2019-11-01,21.75,86.5,11,Post-Monsoon,9.0,0.0,0.0004240180203,18.0,299.768,12.0,0.0,-0.18181818181818177
Odisha,Mayurbhanj,2021-06-01,21.75,86.5,6,Monsoon,18.0,0.0,1.686497547,14.0,303.445,12.666666666666666,0.0,1.0
Odisha,Mayurbhanj,2022-05-01,21.75,86.5,5,Summer,73.0,0.0,0.1835894759,14.0,304.444,33.333333333333336,0.0,3.0555555555555554
Odisha,Nabarangpur,2011-04-01,19.2288319,82.5668344,4,Summer,183.0,0.0,0.0001809514382,8.0,311.44,183.0,0.0,0.0
Odisha,Nawapara,2016-08-01,20.8085208,82.5340241,8,Monsoon,13.0,1.0,0.5937192147,14.0,304.98,13.0,1.0,0.0
Odisha,Nayagarh,2009-10-01,20.1160666,85.11195644,10,Post-Monsoon,30.0,0.0,1.691448537,14.0,301.1,30.0,0.0,0.0
Odisha,Nayagarh,2011-08-01,20.1160666,85.11195644,8,Monsoon,47.0,0.0,0.1573681732,20.0,301.616,38.5,0.0,0.5666666666666667
Odisha,Nayagarh,2011-10-01,20.1160666,85.11195644,10,Post-Monsoon,45.0,0.0,0.1459894622,9.0,302.34000000000003,40.666666666666664,0.0,-0.04255319148936165
Odisha,Nayagarh,2012-01-01,20.1160666,85.11195644,1,Winter,15.0,0.0,0.0003786070689,12.0,300.468,35.666666666666664,0.0,-0.6666666666666667
Odisha,Nayagarh,2012-07-01,20.1160666,85.11195644,7,Monsoon,12.0,0.0,2.113635255,8.0,302.96,24.0,0.0,-0.19999999999999996
Odisha,Nayagarh,2013-11-01,20.1160666,85.11195644,11,Post-Monsoon,13.0,0.0,0.03465340746,15.0,300.54,13.333333333333334,0.0,0.08333333333333326
Odisha,Nayagarh,2015-06-01,20.1160666,85.11195644,6,Monsoon,30.0,0.0,0.3039016719,18.0,305.7666666,18.333333333333332,0.0,1.3076923076923075
Odisha,Nayagarh,2016-07-01,20.1160666,85.11195644,7,Monsoon,37.0,0.0,1.0078808,19.0,298.5,26.666666666666668,0.0,0.2333333333333334
Odisha,Nayagarh,2016-10-01,20.1160666,85.11195644,10,Post-Monsoon,107.0,0.0,1.0997759244999998,19.0,299.634,50.5,0.0,0.324764982373678
Odisha,Nayagarh,2016-11-01,20.1160666,85.11195644,11,Post-Monsoon,72.0,0.0,0.0329903712,21.5,300.8916667,40.83333333333333,0.0,0.9058823529411764
Odisha,Nayagarh,2017-01-01,20.1160666,85.11195644,1,Winter,13.0,0.0,0.005766175295,9.0,300.312,28.333333333333332,0.0,-0.38095238095238093
Odisha,Nayagarh,2018-09-01,20.1160666,85.11195644,9,Monsoon,12.0,0.0,1.339343988,26.0,301.77,15.333333333333334,0.0,-0.07692307692307687
Odisha,Nayagarh,2021-04-01,20.1160666,85.11195644,4,Summer,31.0,1.0,0.01201217272,9.0,312.47,18.666666666666668,0.3333333333333333,1.5833333333333335
Odisha,Nuapada,2012-08-01,20.76909975,82.51862846,8,Monsoon,17.0,1.0,1.16715281,6.0,303.445,17.0,1.0,0.0
Odisha,Puri,2009-09-01,19.8076083,85.8252538,9,Monsoon,79.0,0.0,0.6457313805,14.0,301.556,79.0,0.0,0.0
Odisha,Puri,2009-10-01,19.8076083,85.8252538,10,Post-Monsoon,11.0,0.0,8.24e-05,14.0,301.62,45.0,0.0,-0.8607594936708861
Odisha,Puri,2011-01-01,19.8076083,85.8252538,1,Winter,20.0,0.0,4.94e-05,7.0,297.7766666,36.666666666666664,0.0,0.8181818181818181
Odisha,Puri,2011-02-01,19.8076083,85.8252538,2,Winter,39.0,2.0,0.0031458300355,8.0,301.4123333,17.666666666666668,0.6666666666666666,0.11875000000000002
Odisha,Puri,2011-03-01,19.8076083,85.8252538,3,Summer,57.0,0.0,0.0001176761349,11.0,305.8066667,22.5,0.3333333333333333,0.6290760869565217
Odisha,Puri,2011-04-01,19.8076083,85.8252538,4,Summer,12.0,0.0,0.1703237418,8.0,306.46,23.0,0.0,-0.7073170731707317
Odisha,Puri,2011-06-01,19.8076083,85.8252538,6,Monsoon,26.0,0.0,1.512027125,9.0,307.1066666,17.333333333333332,0.0,0.04166666666666663
Odisha,Puri,2013-11-01,19.8076083,85.8252538,11,Post-Monsoon,22.0,0.0,0.001953338867,14.0,301.1033334,16.0,0.0,0.6923076923076923
Odisha,Puri,2014-01-01,19.8076083,85.8252538,1,Winter,78.0,0.0,0.0062348152615,9.0,299.70799999999997,31.0,0.0,0.42379679144385035
Odisha,Puri,2014-02-01,19.8076083,85.8252538,2,Winter,22.0,0.0,0.0001345098266,9.0,304.97,33.333333333333336,0.0,-0.18518518518518523
Odisha,Puri,2014-05-01,19.8076083,85.8252538,5,Summer,21.0,0.0,0.02652885219,8.0,311.384,23.333333333333332,0.0,-0.045454545454545414
Odisha,Puri,2014-07-01,19.8076083,85.8252538,7,Monsoon,12.0,0.0,1.050874439,5.0,300.90000000000003,18.333333333333332,0.0,-0.4285714285714286
Odisha,Puri,2015-06-01,19.8076083,85.8252538,6,Monsoon,11.0,0.0,0.1981705839,7.0,308.72,14.666666666666666,0.0,-0.08333333333333337
Odisha,Puri,2016-01-01,19.8076083,85.8252538,1,Winter,11.0,0.0,0.000293769061,7.0,296.9966666,11.333333333333334,0.0,0.0
Odisha,Puri,2021-02-01,19.8076083,85.8252538,2,Winter,350.0,0.0,0.003205307448,9.0,301.12,124.0,0.0,5.0
Odisha,Rayagada,2010-08-01,19.17209585,83.33503085,8,Monsoon,784.0,5.0,1.778999966,15.0,303.445,784.0,5.0,0.0
Odisha,Rayagada,2012-09-01,19.17209585,83.33503085,9,Monsoon,37.0,3.0,0.7582775659,13.0,298.74,410.5,4.0,-0.9528061224489796
Odisha,Rayagada,2013-04-01,19.17209585,83.33503085,4,Summer,20.0,0.0,0.8602560748,13.0,305.035,280.3333333333333,2.6666666666666665,-0.45945945945945943
Odisha,Rayagada,2013-07-01,19.17209585,83.33503085,7,Monsoon,22.0,0.0,2.699308366,9.0,303.445,26.333333333333332,1.0,0.10000000000000009
Odisha,Rayagada,2014-09-01,19.17209585,83.33503085,9,Monsoon,129.0,0.0,0.1738938344,30.0,301.7066666,57.0,0.0,4.863636363636363
Odisha,Rayagada,2016-04-01,19.17209585,83.33503085,4,Summer,15.0,0.0,0.3683209718,9.0,313.71,55.333333333333336,0.0,-0.8837209302325582
Odisha,Rayagada,2016-07-01,19.17209585,83.33503085,7,Monsoon,10.0,2.0,0.9703402027,11.0,302.12,51.333333333333336,0.6666666666666666,-0.33333333333333337
Odisha,Rayagada,2016-11-01,19.17209585,83.33503085,11,Post-Monsoon,33.0,0.0,0.02822704287,21.0,298.77,19.333333333333332,0.6666666666666666,2.3
Odisha,Rayagada,2019-08-01,19.17209585,83.33503085,8,Monsoon,13.0,0.0,1.409028237,13.0,300.76,18.666666666666668,0.6666666666666666,-0.6060606060606061
Odisha,Rayagada,2019-09-01,19.17209585,83.33503085,9,Monsoon,28.0,2.0,1.098967228,15.0,303.445,24.666666666666668,0.6666666666666666,1.1538461538461537
Odisha,Rayagada,2020-01-01,19.17209585,83.33503085,1,Winter,31.0,0.0,0.03182859956,16.0,296.4833334,24.0,0.6666666666666666,0.1071428571428572
Odisha,Rayagada,2021-12-01,19.17209585,83.33503085,12,Winter,11.0,0.0,0.2974712639,18.0,297.63,23.333333333333332,0.6666666666666666,-0.6451612903225806
Odisha,Sambalpur,2009-09-01,21.4706422,83.9836858,9,Monsoon,22.0,0.0,0.530519378,20.0,300.21500000000003,22.0,0.0,0.0
Odisha,Sambalpur,2011-10-01,21.4706422,83.9836858,10,Post-Monsoon,22.0,0.0,0.074976828,9.0,301.384,22.0,0.0,0.0
Odisha,Sambalpur,2013-04-01,21.4706422,83.9836858,4,Summer,19.0,0.0,0.05533468677,10.0,308.0866666,21.0,0.0,-0.13636363636363635
Odisha,Sambalpur,2013-08-01,21.4706422,83.9836858,8,Monsoon,12.0,0.0,0.5017319065,11.0,300.4733334,17.666666666666668,0.0,-0.368421052631579
Odisha,Sambalpur,2014-07-01,21.4706422,83.9836858,7,Monsoon,11.0,0.0,1.989194879,5.0,303.445,14.0,0.0,-0.08333333333333337
Odisha,Sonepur,2015-07-01,20.8453864,83.909083,7,Monsoon,39.0,0.0,0.8327500104,4.0,303.12,39.0,0.0,0.0
Odisha,Sonepur,2015-09-01,20.8453864,83.909083,9,Monsoon,7.0,1.0,0.5013204062,9.0,302.38,23.0,0.5,-0.8205128205128205
Odisha,Subarnapur,2012-08-01,19.08143,84.5144503,8,Monsoon,24.0,0.0,1.650992175,13.0,300.34000000000003,24.0,0.0,0.0
Odisha,Subarnapur,2013-08-01,19.08143,84.5144503,8,Monsoon,19.0,0.0,0.708920688,9.0,298.78000000000003,21.5,0.0,-0.20833333333333337
Odisha,Subarnapur,2013-09-01,19.08143,84.5144503,9,Monsoon,17.0,0.0,0.7558107521,9.0,301.485,20.0,0.0,-0.10526315789473684
Odisha,Subarnapur,2013-10-01,19.08143,84.5144503,10,Post-Monsoon,56.0,0.0,0.9336550003666666,22.333333333333332,302.64111106666667,19.0,0.0,-0.029055258467023132
Odisha,Subarnapur,2015-09-01,19.08143,84.5144503,9,Monsoon,8.0,1.0,1.056929921,9.0,305.54,14.666666666666666,0.3333333333333333,-0.4285714285714286
Odisha,Sundargarh,2009-08-01,22.13327195,83.9796528,8,Monsoon,10.0,3.0,0.8983162854,14.0,302.19,10.0,3.0,0.0
Odisha,Sundargarh,2011-07-01,22.13327195,83.9796528,7,Monsoon,12.0,0.0,0.7137109566,9.0,299.93,11.0,1.5,0.19999999999999996
Odisha,Sundargarh,2013-09-01,22.13327195,83.9796528,9,Monsoon,24.0,0.0,0.473316134,9.0,303.445,15.333333333333334,1.0,1.0
Odisha,Sundargarh,2014-02-01,22.13327195,83.9796528,2,Winter,41.0,0.0,6.78e-05,8.0,301.7633334,25.666666666666668,0.0,0.7083333333333333
Odisha,Sundargarh,2021-10-01,22.13327195,83.9796528,10,Post-Monsoon,16.0,0.0,0.3894156537,16.0,301.96,27.0,0.0,-0.6097560975609756
Odisha,Sundergarh,2009-07-01,22.1181799,84.0361994,7,Monsoon,76.0,1.0,1.439698713,4.0,303.445,76.0,1.0,0.0
Puducherry,Karaikal,2016-10-01,10.91571,79.8375761,10,Post-Monsoon,4.0,1.0,0.1481082706,11.0,308.24,4.0,1.0,0.0
Puducherry,Karaikal,2017-07-01,10.91571,79.8375761,7,Monsoon,32.0,0.0,0.01818876568,9.0,311.3,18.0,0.5,5.0
Puducherry,Karaikal,2018-02-01,10.91571,79.8375761,2,Winter,18.0,0.0,0.02075294889,10.0,305.015,18.0,0.3333333333333333,-0.4375
Puducherry,Karaikal,2019-10-01,10.91571,79.8375761,10,Post-Monsoon,78.0,0.0,0.07364809594,9.0,304.36400000000003,42.666666666666664,0.0,3.333333333333333
Puducherry,Karaikal,2022-05-01,10.91571,79.8375761,5,Summer,113.0,0.0,0.03765778924,11.0,306.88,69.66666666666667,0.0,0.4487179487179487
Puducherry,Mahe,2019-06-01,11.7021978,75.5364701,6,Monsoon,4.0,0.0,0.8563175475,19.0,300.71,4.0,0.0,0.0
Puducherry,Pondicherry,2017-09-01,11.9340568,79.8306447,9,Monsoon,55.0,0.0,0.3985309936,11.0,293.86,55.0,0.0,0.0
Puducherry,Pondicherry,2018-08-01,11.9340568,79.8306447,8,Monsoon,27.0,0.0,0.2792371655,8.0,303.445,41.0,0.0,-0.509090909090909
Puducherry,Pondicherry,2019-09-01,11.9340568,79.8306447,9,Monsoon,79.0,1.0,0.4218353432,9.0,302.5466666,53.666666666666664,0.3333333333333333,1.925925925925926
Puducherry,Puducherry,2009-10-01,11.9340568,79.8306447,10,Post-Monsoon,12.0,0.0,0.007798977484,10.0,308.008,12.0,0.0,0.0
Puducherry,Puducherry,2010-01-01,11.9340568,79.8306447,1,Winter,8.0,0.0,0.03498111588,10.0,300.115,10.0,0.0,-0.33333333333333337
Puducherry,Puducherry,2010-02-01,11.9340568,79.8306447,2,Winter,10.0,0.0,0.04779155861,9.0,301.0733334,10.0,0.0,0.25
Puducherry,Puducherry,2010-06-01,11.9340568,79.8306447,6,Monsoon,24.0,0.0,0.20196816455,11.5,308.95000000000005,6.75,0.0,-0.030357142857142888
Puducherry,Puducherry,2010-11-01,11.9340568,79.8306447,11,Post-Monsoon,5.0,0.0,0.545403365,7.0,300.72,6.0,0.0,-0.16666666666666663
Puducherry,Puducherry,2011-10-01,11.9340568,79.8306447,10,Post-Monsoon,194.0,2.0,0.6229287584,11.0,303.40000000000003,30.111111111111114,0.3333333333333333,2.670175438596491
Puducherry,Puducherry,2012-10-01,11.9340568,79.8306447,10,Post-Monsoon,2970.679999999993,0.0,0.037774874995,10.5,307.34000000000003,560.7799999999988,0.25,0.7118896278113928
Puducherry,Puducherry,2014-08-01,11.9340568,79.8306447,8,Monsoon,23.0,0.0,0.1876158662,9.0,302.83,565.3733333333317,0.0,-0.9725064550062159
Puducherry,Puducherry,2016-09-01,11.9340568,79.8306447,9,Monsoon,9.0,2.0,0.062321354555,9.0,308.5941667,149.59333333333296,0.5,-0.6195652173913043
Puducherry,Puducherry,2018-10-01,11.9340568,79.8306447,10,Post-Monsoon,32.0,0.0,0.02062496327,9.0,302.92,13.666666666666666,0.6666666666666666,5.0
Puducherry,Puducherry,2019-01-01,11.9340568,79.8306447,1,Winter,17.0,0.0,0.001047460162,10.0,302.0,17.333333333333332,0.3333333333333333,-0.46875
Puducherry,Puducherry,2019-04-01,11.9340568,79.8306447,4,Summer,7.0,0.0,0.0008623288635,8.0,312.7,18.666666666666668,0.0,-0.5882352941176471
Puducherry,Puducherry,2019-09-01,11.9340568,79.8306447,9,Monsoon,32.0,0.0,0.1442798032,13.0,309.95,18.666666666666668,0.0,3.571428571428571
Puducherry,Puducherry,2020-04-01,11.9340568,79.8306447,4,Summer,2.0,0.0,0.0002428910523,9.0,310.56333340000003,13.666666666666666,0.0,-0.9375
Puducherry,Puducherry,2021-01-01,11.9340568,79.8306447,1,Winter,19.0,0.0,0.46778106494000005,8.5,300.19500000000005,10.166666666666668,0.0,1.5833333333333333
Puducherry,Puducherry,2021-02-01,11.9340568,79.8306447,2,Winter,108.0,0.0,0.1317422113,8.0,303.5733334,42.333333333333336,0.0,5.0
Puducherry,Puducherry,2021-03-01,11.9340568,79.8306447,3,Summer,22.0,0.0,0.00108310766,10.0,306.952,43.66666666666667,0.0,-0.44907407407407407
Puducherry,Puducherry & Karaikal,2018-11-01,10.9850622,79.8443779,11,Post-Monsoon,49.0,0.0,0.7038467396,16.0,299.76,49.0,0.0,0.0
Punjab,Amritsar,2012-09-01,31.6343083,74.8736788,9,Monsoon,20.0,0.0,0.57443161,16.0,297.45,20.0,0.0,0.0
Punjab,Amritsar,2012-11-01,31.6343083,74.8736788,11,Post-Monsoon,17.0,0.0,0.007137847201,9.0,300.93,18.5,0.0,-0.15000000000000002
Punjab,Amritsar,2013-08-01,31.6343083,74.8736788,8,Monsoon,15.0,0.0,0.8243881827,16.0,301.9866666,17.333333333333332,0.0,-0.11764705882352944
Punjab,Amritsar,2016-05-01,31.6343083,74.8736788,5,Summer,43.0,0.0,0.1034610308,4.0,310.492,25.0,0.0,1.8666666666666667
Punjab,Barnala,2009-07-01,30.3704685,75.50401742,7,Monsoon,408.0,0.0,0.4210993467,6.0,306.325,408.0,0.0,0.0
Punjab,Barnala,2010-07-01,30.3704685,75.50401742,7,Monsoon,276.0,0.0,0.2159654165,9.0,304.96,342.0,0.0,-0.32352941176470584
Punjab,Barnala,2011-09-01,30.3704685,75.50401742,9,Monsoon,33.0,0.0,0.4208269424,28.0,303.02,239.0,0.0,-0.8804347826086957
Punjab,Barnala,2016-06-01,30.3704685,75.50401742,6,Monsoon,7.0,1.0,0.05296672756,2.0,310.72,105.33333333333333,0.3333333333333333,-0.7878787878787878
Punjab,Barnala,2016-08-01,30.3704685,75.50401742,8,Monsoon,34.0,1.0,0.4538810617,31.0,302.66,24.666666666666668,0.6666666666666666,3.8571428571428568
Punjab,Barnala,2017-07-01,30.3704685,75.50401742,7,Monsoon,12.0,0.0,1.059996735,11.0,300.94,17.666666666666668,0.6666666666666666,-0.6470588235294117
Punjab,Bathinda,2016-07-01,30.17911535,75.04710156,7,Monsoon,134.0,0.0,0.2584293384,13.0,303.016,67.0,0.0,0.0
Punjab,Bathinda,2017-03-01,30.17911535,75.04710156,3,Summer,12.0,0.0,0.001377837431,9.0,296.02,48.666666666666664,0.0,-0.8208955223880597
Punjab,Fatehgarh Sahib,2009-09-01,30.6466737,76.3887563,9,Monsoon,53.0,0.0,1.028256374,9.0,300.1333334,53.0,0.0,0.0
Punjab,Fatehgarh Sahib,2010-08-01,30.6466737,76.3887563,8,Monsoon,50.0,0.0,0.6150758466,17.0,301.62,51.5,0.0,-0.05660377358490565
Punjab,Fatehgarh Sahib,2016-08-01,30.6466737,76.3887563,8,Monsoon,15.0,1.0,1.258735145,27.0,300.48,39.333333333333336,0.3333333333333333,-0.7
Punjab,Fatehgarh Sahib,2018-08-01,30.6466737,76.3887563,8,Monsoon,52.0,0.0,0.3161535523,24.0,299.3933334,39.0,0.3333333333333333,2.466666666666667
Punjab,Fatehgarh Sahib,2019-08-01,30.6466737,76.3887563,8,Monsoon,43.0,0.0,1.993092932,29.0,299.955,36.666666666666664,0.3333333333333333,-0.17307692307692313
Punjab,Ferozepur,2018-07-01,30.6839733,76.3594033,7,Monsoon,59.0,0.0,0.1580013215,5.0,304.3533334,59.0,0.0,0.0
Punjab,Gurdaspur,2009-08-01,32.166667,75.316667,8,Monsoon,20.0,0.0,0.1441968059,13.0,303.29,20.0,0.0,0.0
Punjab,Gurdaspur,2010-08-01,32.166667,75.316667,8,Monsoon,3.0,2.0,1.161508195,7.0,309.23,11.5,1.0,-0.85
Punjab,Gurdaspur,2011-02-01,32.166667,75.316667,2,Winter,39.0,0.0,0.001985911746,9.0,287.50333340000003,20.666666666666668,0.6666666666666666,5.0
Punjab,Gurdaspur,2012-05-01,32.166667,75.316667,5,Summer,17.0,0.0,0.1940821393,5.0,303.732,19.666666666666668,0.6666666666666666,-0.5641025641025641
Punjab,Gurdaspur,2012-07-01,32.166667,75.316667,7,Monsoon,50.0,0.0,0.04147596146,3.0,310.79,35.333333333333336,0.0,1.9411764705882355
Punjab,Gurdaspur,2012-10-01,32.166667,75.316667,10,Post-Monsoon,383.0,5.0,0.0001070380447,16.0,304.29,150.0,1.6666666666666667,5.0
Punjab,Gurdaspur,2013-09-01,32.166667,75.316667,9,Monsoon,22.0,0.0,0.06276237649,18.0,299.4033334,151.66666666666666,1.6666666666666667,-0.9425587467362925
Punjab,Gurdaspur,2017-04-01,32.166667,75.316667,4,Summer,57.0,0.0,6.85e-05,11.0,299.98,154.0,1.6666666666666667,1.5909090909090908
Punjab,Gurdaspur,2018-10-01,32.166667,75.316667,10,Post-Monsoon,40.0,0.0,0.06629035306,9.0,299.61,39.666666666666664,0.0,-0.29824561403508776
Punjab,Gurdaspur,2019-07-01,32.166667,75.316667,7,Monsoon,2.0,1.0,0.3756475507,9.0,300.1733334,33.0,0.3333333333333333,-0.95
Punjab,Gurdaspur,2019-10-01,32.166667,75.316667,10,Post-Monsoon,10.0,0.0,0.01981044532,9.0,300.488,17.333333333333332,0.3333333333333333,4.0
Punjab,Gurdaspur,2019-12-01,32.166667,75.316667,12,Winter,19.0,0.0,5.62e-05,6.0,292.4233334,10.333333333333334,0.3333333333333333,0.8999999999999999
Punjab,Hoshiarpur,2009-08-01,31.60857425,75.84644247,8,Monsoon,40.0,0.0,0.8512414584,9.0,299.02,40.0,0.0,0.0
Punjab,Hoshiarpur,2011-05-01,31.60857425,75.84644247,5,Summer,37.0,0.0,0.04116704934,8.0,308.2466666,38.5,0.0,-0.07499999999999996
Punjab,Hoshiarpur,2011-10-01,31.60857425,75.84644247,10,Post-Monsoon,15.0,0.0,0.1526427222,15.0,302.5333334,30.666666666666668,0.0,-0.5945945945945945
Punjab,Hoshiarpur,2012-07-01,31.60857425,75.84644247,7,Monsoon,45.0,0.0,0.1160651696,16.0,303.27500000000003,32.333333333333336,0.0,2.0
Punjab,Hoshiarpur,2012-08-01,31.60857425,75.84644247,8,Monsoon,80.0,0.0,1.148769571,20.0,298.8266666,46.666666666666664,0.0,0.7777777777777777
Punjab,Hoshiarpur,2012-10-01,31.60857425,75.84644247,10,Post-Monsoon,40.0,0.0,0.01672340379,13.0,301.7866666,55.0,0.0,-0.5
Punjab,Hoshiarpur,2014-07-01,31.60857425,75.84644247,7,Monsoon,86.0,0.0,0.5101043947,9.0,305.85,68.66666666666667,0.0,1.15
Punjab,Hoshiarpur,2015-08-01,31.60857425,75.84644247,8,Monsoon,18.0,0.0,0.5658128235,21.0,300.4666666,48.0,0.0,-0.7906976744186046
Punjab,Hoshiarpur,2016-09-01,31.60857425,75.84644247,9,Monsoon,34.0,0.0,0.2459495337,23.0,302.15000000000003,46.0,0.0,0.8888888888888888
Punjab,Hoshiarpur,2018-07-01,31.60857425,75.84644247,7,Monsoon,355.0,4.0,1.003500193,12.0,302.785,135.66666666666666,1.3333333333333333,5.0
Punjab,Hoshiarpur,2018-09-01,31.60857425,75.84644247,9,Monsoon,22.0,0.0,3.174566892,9.0,299.93,137.0,1.3333333333333333,-0.9380281690140845
Punjab,Hoshiarpur,2019-03-01,31.60857425,75.84644247,3,Summer,98.0,0.0,0.2177767322,9.0,296.14,158.33333333333334,1.3333333333333333,3.454545454545454
Punjab,Hoshiarpur,2019-07-01,31.60857425,75.84644247,7,Monsoon,11.0,0.0,0.5697781468,8.0,295.94,43.666666666666664,0.0,-0.8877551020408163
Punjab,Hoshiarpur,2019-08-01,31.60857425,75.84644247,8,Monsoon,72.0,0.0,0.1590550786,9.0,303.22,60.333333333333336,0.0,5.0
Punjab,Hoshiarpur,2019-09-01,31.60857425,75.84644247,9,Monsoon,123.0,1.0,0.1801431669,9.0,301.04,68.66666666666667,0.3333333333333333,0.7083333333333333
Punjab,Jalandhar,2009-08-01,31.29201065,75.56805772,8,Monsoon,116.0,0.0,0.1552191933,12.0,302.06,116.0,0.0,0.0
Punjab,Jalandhar,2010-07-01,31.29201065,75.56805772,7,Monsoon,404.0,2.0,1.013256608,8.0,302.964,166.16666666666669,0.5833333333333333,0.3706896551724138
Punjab,Jalandhar,2010-08-01,31.29201065,75.56805772,8,Monsoon,181.0,0.0,0.8519237656,15.0,298.31,133.5,0.5,2.0346534653465347
Punjab,Jalandhar,2011-03-01,31.29201065,75.56805772,3,Summer,96.0,0.0,0.0003064361425,13.0,301.19333340000003,92.33333333333333,0.0,-0.4251497005988024
Punjab,Jalandhar,2011-05-01,31.29201065,75.56805772,5,Summer,35.0,0.0,0.3009952221,4.0,311.09000000000003,99.33333333333333,0.0,-0.6354166666666667
Punjab,Jalandhar,2011-06-01,31.29201065,75.56805772,6,Monsoon,223.0,1.0,0.4916258805,5.0,306.788,67.33333333333333,0.2222222222222222,0.37061145899066394
Punjab,Jalandhar,2011-09-01,31.29201065,75.56805772,9,Monsoon,163.0,0.0,0.05062222581,16.0,300.94333340000003,110.66666666666667,0.3333333333333333,1.7166666666666668
Punjab,Jalandhar,2011-10-01,31.29201065,75.56805772,10,Post-Monsoon,214.0,0.0,0.02711370323,9.0,302.3266666,145.66666666666666,0.0,0.31288343558282206
Punjab,Jalandhar,2013-08-01,31.29201065,75.56805772,8,Monsoon,99.0,0.0,0.3261515992,22.0,302.065,158.66666666666666,0.0,-0.5373831775700935
Punjab,Jalandhar,2015-09-01,31.29201065,75.56805772,9,Monsoon,12.0,0.0,0.01932411427,19.0,303.37333340000004,108.33333333333333,0.0,-0.8787878787878788
Punjab,Jalandhar,2016-06-01,31.29201065,75.56805772,6,Monsoon,20.0,0.0,0.003103500839,4.0,314.46,43.666666666666664,0.0,0.6666666666666667
Punjab,Jalandhar,2016-07-01,31.29201065,75.56805772,7,Monsoon,39.0,0.0,0.1381792998,8.0,304.2733334,23.666666666666668,0.0,0.95
Punjab,Jalandhar,2016-08-01,31.29201065,75.56805772,8,Monsoon,219.0,2.0,0.31355025550500004,16.5,302.4173333,61.83333333333333,0.6666666666666666,1.22008547008547
Punjab,Jalandhar,2017-06-01,31.29201065,75.56805772,6,Monsoon,414.0,1.0,0.4262215264,5.0,308.59000000000003,211.0,1.0,1.5090909090909093
Punjab,Jalandhar,2018-07-01,31.29201065,75.56805772,7,Monsoon,10.0,0.0,0.9107250577,11.0,300.48,196.33333333333334,0.3333333333333333,-0.9758454106280193
Punjab,Jalandhar,2019-07-01,31.29201065,75.56805772,7,Monsoon,6.0,0.0,0.7135613795,4.0,303.445,143.33333333333334,0.3333333333333333,-0.4
Punjab,Jalandhar,2020-01-01,31.29201065,75.56805772,1,Winter,57.0,0.0,0.4007016984,9.0,284.015,24.333333333333332,0.0,5.0
Punjab,Kapurthala,2011-07-01,31.38524095,75.30552274,7,Monsoon,121.0,0.0,0.1477764457,10.0,301.24,121.0,0.0,0.0
Punjab,Kapurthala,2016-05-01,31.38524095,75.30552274,5,Summer,14.0,0.0,0.02889629928,4.0,316.9033334,67.5,0.0,-0.884297520661157
Punjab,Kapurthala,2018-07-01,31.38524095,75.30552274,7,Monsoon,54.0,0.0,0.2033935281,4.0,306.1866666,63.0,0.0,2.857142857142857
Punjab,Kapurthala,2021-10-01,31.38524095,75.30552274,10,Post-Monsoon,120.0,0.0,0.01738471023,8.0,303.676,62.666666666666664,0.0,1.2222222222222223
Punjab,Kapurthala,2022-04-01,31.38524095,75.30552274,4,Summer,11.0,0.0,0.01893975441,5.0,310.79200000000003,61.666666666666664,0.0,-0.9083333333333333
Punjab,Ludhiana,2009-07-01,30.9090157,75.851601,7,Monsoon,50.0,1.0,0.5697198134,12.0,300.64,50.0,1.0,0.0
Punjab,Ludhiana,2010-01-01,30.9090157,75.851601,1,Winter,104.0,0.0,0.1381749207,9.0,285.024,77.0,0.5,1.08
Punjab,Ludhiana,2010-07-01,30.9090157,75.851601,7,Monsoon,4.0,0.0,0.2159989875,7.0,301.4066666,52.666666666666664,0.3333333333333333,-0.9615384615384616
Punjab,Ludhiana,2010-08-01,30.9090157,75.851601,8,Monsoon,94.0,5.0,0.8023753753,20.0,296.3466666,67.33333333333333,1.6666666666666667,5.0
Punjab,Ludhiana,2011-07-01,30.9090157,75.851601,7,Monsoon,7.0,0.0,0.0841842583,12.0,304.45,35.0,1.6666666666666667,-0.925531914893617
Punjab,Ludhiana,2012-09-01,30.9090157,75.851601,9,Monsoon,23.0,0.0,0.3804508208,23.0,301.175,41.333333333333336,1.6666666666666667,2.2857142857142856
Punjab,Ludhiana,2013-09-01,30.9090157,75.851601,9,Monsoon,15.0,0.0,0.08945550733,9.0,300.3566666,15.0,0.0,-0.34782608695652173
Punjab,Ludhiana,2014-05-01,30.9090157,75.851601,5,Summer,11.0,1.0,0.1493703666,5.0,308.82,16.333333333333332,0.3333333333333333,-0.2666666666666667
Punjab,Ludhiana,2014-07-01,30.9090157,75.851601,7,Monsoon,63.0,3.0,0.2257159692,10.0,304.5666666,29.666666666666668,1.3333333333333333,4.7272727272727275
Punjab,Ludhiana,2014-08-01,30.9090157,75.851601,8,Monsoon,10.0,0.0,0.3254602861,17.0,301.436,28.0,1.3333333333333333,-0.8412698412698413
Punjab,Ludhiana,2015-08-01,30.9090157,75.851601,8,Monsoon,414.0,4.0,0.3646139887,16.0,302.02500000000003,162.33333333333334,2.3333333333333335,5.0
Punjab,Ludhiana,2017-06-01,30.9090157,75.851601,6,Monsoon,86.0,0.0,0.4262215264,5.0,308.59000000000003,170.0,1.3333333333333333,-0.7922705314009661
Punjab,Ludhiana,2017-07-01,30.9090157,75.851601,7,Monsoon,277.0,1.0,0.32608641709999997,11.0,302.81,172.33333333333331,1.0,0.30412756697946414
Punjab,Ludhiana,2017-08-01,30.9090157,75.851601,8,Monsoon,459.0,1.0,0.2742482473,19.0,301.36,245.33333333333334,0.6666666666666666,3.330188679245283
Punjab,Ludhiana,2018-06-01,30.9090157,75.851601,6,Monsoon,154.0,3.0,0.1338855775,9.0,310.9466666,208.83333333333334,1.0,-0.39163398692810464
Punjab,Ludhiana,2018-07-01,30.9090157,75.851601,7,Monsoon,141.0,2.0,1.220616067,9.0,302.7966667,73.33333333333333,1.3333333333333333,-0.01409666283083999
Punjab,Ludhiana,2018-08-01,30.9090157,75.851601,8,Monsoon,38.0,0.0,0.1693048074,9.0,299.216,59.666666666666664,0.6666666666666666,-0.4933333333333333
Punjab,Ludhiana,2018-09-01,30.9090157,75.851601,9,Monsoon,12.0,0.0,0.6080944717,20.0,301.94,41.666666666666664,0.3333333333333333,-0.6842105263157895
Punjab,Mansa,2011-10-01,29.8769971,75.48898661,10,Post-Monsoon,60.0,0.0,0.0002398606821,21.0,302.14,60.0,0.0,0.0
Punjab,Mansa,2018-04-01,29.8769971,75.48898661,4,Summer,460.0,0.0,0.01229185383,3.0,310.1766666,260.0,0.0,5.0
Punjab,Moga,2009-08-01,30.7839866,75.16057423,8,Monsoon,20.0,0.0,0.1057811037,18.0,301.228,20.0,0.0,0.0
Punjab,Moga,2011-09-01,30.7839866,75.16057423,9,Monsoon,26.0,0.0,0.5905217242,16.5,300.055,15.416666666666668,0.0,-0.04318181818181821
Punjab,Moga,2012-10-01,30.7839866,75.16057423,10,Post-Monsoon,109.0,1.0,0.000561599295,9.0,303.91,45.0,0.3333333333333333,5.0
Punjab,Moga,2014-10-01,30.7839866,75.16057423,10,Post-Monsoon,13.0,0.0,0.0447774158,6.0,301.81,45.666666666666664,0.3333333333333333,-0.8807339449541285
Punjab,Moga,2016-07-01,30.7839866,75.16057423,7,Monsoon,326.0,0.0,0.1628037717,16.0,302.7066666,149.33333333333334,0.3333333333333333,5.0
Punjab,Moga,2017-07-01,30.7839866,75.16057423,7,Monsoon,21.0,0.0,0.131497755,5.0,302.03200000000004,120.0,0.0,-0.9355828220858896
Punjab,Moga,2018-07-01,30.7839866,75.16057423,7,Monsoon,7.0,0.0,0.3783828603,7.0,304.27500000000003,118.0,0.0,-0.6666666666666667
Punjab,Moga,2019-07-01,30.7839866,75.16057423,7,Monsoon,13.0,0.0,0.0654870152,3.0,308.964,13.666666666666666,0.0,0.8571428571428572
Punjab,Moga,2020-02-01,30.7839866,75.16057423,2,Winter,68.0,0.0,0.1776788307,9.0,289.6733334,29.333333333333332,0.0,4.230769230769231
Punjab,Mohali,2009-06-01,30.7041168,76.7176885,6,Monsoon,485.0,0.0,0.012219545299999999,5.0,313.63333339999997,157.75,0.0,2.3219178082191783
Punjab,Mohali,2013-08-01,30.7041168,76.7176885,8,Monsoon,46.0,0.0,0.1379093667,9.0,300.9966666,177.0,0.0,-0.8883495145631068
Punjab,Muktsar,2016-08-01,30.4692,74.5182,8,Monsoon,15.0,0.0,0.1496760657,23.0,301.644,15.0,0.0,0.0
Punjab,Muktsar,2019-06-01,30.4692,74.5182,6,Monsoon,12.0,0.0,0.09348640128,9.0,308.936,13.5,0.0,-0.19999999999999996
Punjab,Nawanshahr,2020-06-01,31.1268889,76.15768481,6,Monsoon,37.0,0.0,0.3439373856,10.0,306.935,37.0,0.0,0.0
Punjab,Patiala,2011-08-01,30.2090874,76.33987209,8,Monsoon,5.0,3.0,0.5662339261,28.0,302.34000000000003,5.0,3.0,0.0
Punjab,Patiala,2012-05-01,30.2090874,76.33987209,5,Summer,30.0,0.0,0.003398637663,3.0,315.1866666,17.5,1.5,5.0
Punjab,Patiala,2012-07-01,30.2090874,76.33987209,7,Monsoon,35.0,0.0,0.1044610004,11.0,303.21500000000003,23.333333333333332,1.0,0.16666666666666674
Punjab,Patiala,2012-08-01,30.2090874,76.33987209,8,Monsoon,18.0,0.0,0.4128820429,9.0,301.548,27.666666666666668,0.0,-0.48571428571428577
Punjab,Patiala,2012-09-01,30.2090874,76.33987209,9,Monsoon,17.0,1.0,0.3715674042,9.0,296.752,23.333333333333332,0.3333333333333333,-0.05555555555555558
Punjab,Patiala,2013-07-01,30.2090874,76.33987209,7,Monsoon,12.0,0.0,0.2895728397,5.0,305.595,15.666666666666666,0.3333333333333333,-0.2941176470588235
Punjab,Patiala,2014-07-01,30.2090874,76.33987209,7,Monsoon,28.0,0.0,0.1538627421,9.0,304.29,19.0,0.3333333333333333,1.3333333333333335
Punjab,Patiala,2016-06-01,30.2090874,76.33987209,6,Monsoon,480.0,2.0,0.02500362103,3.0,314.3266666,173.33333333333334,0.6666666666666666,5.0
Punjab,Patiala,2016-08-01,30.2090874,76.33987209,8,Monsoon,28.0,0.0,0.6933094487,20.0,302.6266666,178.66666666666666,0.6666666666666666,-0.9416666666666667
Punjab,Patiala,2017-05-01,30.2090874,76.33987209,5,Summer,22.0,0.0,0.01948679743,9.0,311.54400000000004,176.66666666666666,0.6666666666666666,-0.2142857142857143
Punjab,Patiala,2018-07-01,30.2090874,76.33987209,7,Monsoon,71.0,0.0,1.170283469,10.0,303.445,40.333333333333336,0.0,2.227272727272727
Punjab,Patiala,2018-09-01,30.2090874,76.33987209,9,Monsoon,19.0,0.0,0.003788368621,9.0,301.24333340000004,37.333333333333336,0.0,-0.7323943661971831
Punjab,Patiala,2019-06-01,30.2090874,76.33987209,6,Monsoon,141.0,2.0,0.02437384092,3.0,315.21,77.0,0.6666666666666666,5.0
Punjab,Patiala,2021-01-01,30.2090874,76.33987209,1,Winter,41.0,0.0,0.002698492666,16.0,291.34000000000003,67.0,0.6666666666666666,-0.7092198581560284
Punjab,Patiala,2021-06-01,30.2090874,76.33987209,6,Monsoon,20.0,1.0,0.02640826338,4.0,306.4133334,67.33333333333333,1.0,-0.5121951219512195
Punjab,Patiala,2021-11-01,30.2090874,76.33987209,11,Post-Monsoon,49.0,0.0,0.002883805667,4.0,299.76,36.666666666666664,0.3333333333333333,1.4500000000000002
Punjab,Patiala,2022-04-01,30.2090874,76.33987209,4,Summer,218.0,2.0,0.0004382394791,5.0,311.5233334,95.66666666666667,1.0,3.4489795918367347
Punjab,Patiala,2022-06-01,30.2090874,76.33987209,6,Monsoon,283.0,0.0,0.01315846829,3.0,312.0266666,183.33333333333334,0.6666666666666666,0.298165137614679
Punjab,Roopnagar,2009-08-01,30.9688367,76.526088,8,Monsoon,94.0,0.0,0.1790536523,9.0,299.6533334,94.0,0.0,0.0
Punjab,Roopnagar,2016-03-01,30.9688367,76.526088,3,Summer,42.0,0.0,0.01270124195,12.0,299.18333340000004,68.0,0.0,-0.5531914893617021
Punjab,Roopnagar,2018-01-01,30.9688367,76.526088,1,Winter,37.0,0.0,6.4e-05,12.0,291.2933334,57.666666666666664,0.0,-0.11904761904761907
Punjab,Rupnagar,2012-06-01,31.09168085,76.52726739,6,Monsoon,24.0,1.0,0.04968281096,9.0,312.895,24.0,1.0,0.0
Punjab,Rupnagar,2016-07-01,31.09168085,76.52726739,7,Monsoon,70.0,0.0,0.1248681535,9.0,302.93,47.0,0.5,1.9166666666666665
Punjab,Rupnagar,2017-04-01,31.09168085,76.52726739,4,Summer,25.0,0.0,0.1987305729,11.0,301.6333334,39.666666666666664,0.3333333333333333,-0.6428571428571428
Punjab,Rupnagar,2017-06-01,31.09168085,76.52726739,6,Monsoon,61.0,0.0,0.6116129531,12.0,306.6,52.0,0.0,1.44
Punjab,S.A.S Nagar,2010-07-01,30.7041168,76.7176885,7,Monsoon,200.0,0.0,0.4547184123,10.0,301.505,100.0,0.0,0.0
Punjab,S.A.S Nagar,2012-05-01,30.7041168,76.7176885,5,Summer,148.0,0.0,0.00313175938,5.0,310.8166666,77.16666666666667,0.0,2.075
Punjab,S.A.S Nagar,2012-06-01,30.7041168,76.7176885,6,Monsoon,173.0,0.0,0.01710492682,5.0,314.172,107.0,0.0,0.3007518796992481
Punjab,S.A.S Nagar,2012-07-01,30.7041168,76.7176885,7,Monsoon,7.0,0.0,0.1163993226,4.0,311.04,104.33333333333333,0.0,-0.9595375722543352
Punjab,S.A.S Nagar,2015-04-01,30.7041168,76.7176885,4,Summer,40.0,0.0,0.06508126192,9.0,303.476,73.33333333333333,0.0,4.714285714285714
Punjab,S.A.S Nagar,2015-10-01,30.7041168,76.7176885,10,Post-Monsoon,18.0,1.0,0.01927856949,13.0,302.93,21.666666666666668,0.3333333333333333,-0.55
Punjab,S.A.S Nagar,2017-01-01,30.7041168,76.7176885,1,Winter,103.0,0.0,0.1335549893,11.0,286.992,53.666666666666664,0.3333333333333333,4.722222222222222
Punjab,S.A.S Nagar,2017-03-01,30.7041168,76.7176885,3,Summer,135.0,0.0,0.006693405674,16.0,296.8766666,85.33333333333333,0.3333333333333333,0.3106796116504855
Punjab,S.A.S Nagar,2018-07-01,30.7041168,76.7176885,7,Monsoon,18.0,0.0,0.4432133977,9.0,302.77,85.33333333333333,0.0,-0.8666666666666667
Punjab,S.A.S Nagar,2018-08-01,30.7041168,76.7176885,8,Monsoon,15.0,1.0,0.2640002865,18.0,299.876,56.0,0.3333333333333333,-0.16666666666666663
Punjab,S.A.S Nagar,2018-12-01,30.7041168,76.7176885,12,Winter,12.0,0.0,7.52e-05,12.0,290.5233334,15.0,0.3333333333333333,-0.19999999999999996
Punjab,S.A.S Nagar,2019-02-01,30.7041168,76.7176885,2,Winter,8.0,0.0,0.7055489849,12.0,290.188,11.666666666666666,0.3333333333333333,-0.33333333333333337
Punjab,S.A.S Nagar,2019-04-01,30.7041168,76.7176885,4,Summer,18.0,0.0,0.3997254864,8.0,306.5466666,12.666666666666666,0.0,1.25
Punjab,S.A.S Nagar,2019-07-01,30.7041168,76.7176885,7,Monsoon,24.0,0.0,0.2836651093,14.0,304.1333334,16.666666666666668,0.0,0.33333333333333326
Punjab,S.A.S Nagar,2019-08-01,30.7041168,76.7176885,8,Monsoon,10.0,0.0,0.7007146467,14.0,303.85,17.333333333333332,0.0,-0.5833333333333333
Punjab,S.A.S Nagar,2019-09-01,30.7041168,76.7176885,9,Monsoon,129.0,0.0,0.2011654714,22.0,300.184,54.333333333333336,0.0,5.0
Punjab,S.A.S Nagar,2019-10-01,30.7041168,76.7176885,10,Post-Monsoon,143.0,0.0,0.382718801245,16.0,300.7291667,90.0,0.0,-0.44573643410852715
Punjab,S.A.S Nagar,2021-09-01,30.7041168,76.7176885,9,Monsoon,138.0,0.0,0.230550585,9.0,303.05,93.66666666666667,0.0,5.0
Punjab,S.A.S Nagar,2021-10-01,30.7041168,76.7176885,10,Post-Monsoon,41.0,0.0,0.02311760924005,14.0,303.6433333,57.666666666666664,0.0,-0.07898550724637676
Punjab,S.A.S Nagar,2022-04-01,30.7041168,76.7176885,4,Summer,113.0,0.0,0.00900936075,6.0,309.4233334,51.333333333333336,0.0,3.346153846153846
Punjab,S.A.S Nagar,2022-05-01,30.7041168,76.7176885,5,Summer,18.0,0.0,0.03361474363,7.0,307.8933334,52.333333333333336,0.0,-0.8407079646017699
Punjab,SBS Nagar,2021-11-01,30.8260412,75.1989654,11,Post-Monsoon,73.0,0.0,0.0007596994465,9.0,301.37333340000004,73.0,0.0,0.0
Punjab,Sahibzada Ajit Singh Nagar,2021-06-01,30.7041168,76.7176885,6,Monsoon,342.0,0.0,0.1349510589,9.0,307.21,342.0,0.0,0.0
Punjab,Sangrur,2009-07-01,30.2093363,75.81842243,7,Monsoon,15.0,0.0,0.1600339974,9.0,304.81333340000003,15.0,0.0,0.0
Punjab,Sangrur,2014-09-01,30.2093363,75.81842243,9,Monsoon,94.0,0.0,0.01133081453,20.0,302.30333340000004,54.5,0.0,5.0
Punjab,Sangrur,2017-07-01,30.2093363,75.81842243,7,Monsoon,124.0,0.0,0.2316729127,9.0,300.82,77.66666666666667,0.0,0.31914893617021267
Punjab,Sangrur,2021-07-01,30.2093363,75.81842243,7,Monsoon,20.0,0.0,1.065992561,19.0,299.98,79.33333333333333,0.0,-0.8387096774193549
Punjab,Sangrur,2021-08-01,30.2093363,75.81842243,8,Monsoon,68.0,0.0,0.05516396388,9.0,300.0433334,70.66666666666667,0.0,2.4
Punjab,Sangrur,2021-09-01,30.2093363,75.81842243,9,Monsoon,14.0,0.0,1.002353163,33.0,299.8066666,34.0,0.0,-0.7941176470588236
Punjab,Shahid Bhagat Singh Nagar,2013-08-01,31.1239515,76.1201871,8,Monsoon,15.0,0.0,0.9829391138,20.0,299.87333340000004,15.0,0.0,0.0
Punjab,Shahid Bhagat Singh Nagar,2015-01-01,31.1239515,76.1201871,1,Winter,45.0,0.0,0.1243184449,10.0,286.27,30.0,0.0,2.0
Punjab,Shahid Bhagat Singh Nagar,2021-05-01,31.1239515,76.1201871,5,Summer,19.0,0.0,0.2613503669,9.0,307.13,26.333333333333332,0.0,-0.5777777777777777
Punjab,Shahid Bhagat Singh Nagar,2021-10-01,31.1239515,76.1201871,10,Post-Monsoon,25.0,0.0,0.06016452786,23.0,301.12,29.666666666666668,0.0,0.3157894736842106
Punjab,Sri Muktsar Sahib,2011-05-01,30.4692,74.5182,5,Summer,26.0,0.0,0.1699077818,2.0,315.1,26.0,0.0,0.0
Rajasthan,Ajmer,2010-08-01,26.4691,74.639,8,Monsoon,48.0,0.0,0.8916603858,9.0,299.7,48.0,0.0,0.0
Rajasthan,Ajmer,2016-04-01,26.4691,74.639,4,Summer,210.0,0.0,0.0001033584209,9.0,313.824,81.25,0.0,0.59375
Rajasthan,Alwar,2009-08-01,27.5,76.5,8,Monsoon,141.0,0.0,0.003631386624,12.0,305.5366666,141.0,0.0,0.0
Rajasthan,Alwar,2009-12-01,27.5,76.5,12,Winter,48.0,0.0,0.0001994088449,7.0,295.4966666,94.5,0.0,-0.6595744680851063
Rajasthan,Alwar,2010-05-01,27.5,76.5,5,Summer,25.0,0.0,4.88e-05,3.0,319.28000000000003,71.33333333333333,0.0,-0.47916666666666663
Rajasthan,Alwar,2011-07-01,27.5,76.5,7,Monsoon,99.0,0.0,0.09057020661,9.0,307.6866666,57.333333333333336,0.0,2.96
Rajasthan,Alwar,2011-08-01,27.5,76.5,8,Monsoon,112.0,1.0,0.6604013132,9.0,302.08,78.66666666666667,0.3333333333333333,0.13131313131313127
Rajasthan,Alwar,2012-03-01,27.5,76.5,3,Summer,39.0,0.0,0.001286355149,5.0,307.09000000000003,83.33333333333333,0.3333333333333333,-0.6517857142857143
Rajasthan,Alwar,2013-12-01,27.5,76.5,12,Winter,46.0,0.0,7.72e-05,9.0,299.5466666,65.66666666666667,0.3333333333333333,0.17948717948717952
Rajasthan,Alwar,2015-05-01,27.5,76.5,5,Summer,25.0,0.0,0.0007119202353,5.0,314.75,36.666666666666664,0.0,-0.4565217391304348
Rajasthan,Alwar,2015-08-01,27.5,76.5,8,Monsoon,55.0,1.0,0.3633527266,19.0,302.87,42.0,0.3333333333333333,1.2000000000000002
Rajasthan,Alwar,2015-11-01,27.5,76.5,11,Post-Monsoon,39.0,0.0,0.0003933674654,4.0,302.29200000000003,39.666666666666664,0.3333333333333333,-0.2909090909090909
Rajasthan,Alwar,2016-04-01,27.5,76.5,4,Summer,35.0,0.0,3.63e-05,9.0,317.11,43.0,0.3333333333333333,-0.10256410256410253
Rajasthan,Alwar,2016-08-01,27.5,76.5,8,Monsoon,335.0,0.0,0.4360500959,13.0,299.38,93.16666666666666,0.0,1.5993788819875776
Rajasthan,Alwar,2016-09-01,27.5,76.5,9,Monsoon,122.0,0.0,0.5693385276,9.0,300.985,152.33333333333334,0.0,-0.44545454545454544
Rajasthan,Alwar,2018-10-01,27.5,76.5,10,Post-Monsoon,107.0,0.0,0.03519232221,10.0,307.8066666,149.66666666666666,0.0,-0.12295081967213117
Rajasthan,Alwar,2019-10-01,27.5,76.5,10,Post-Monsoon,37.0,0.0,0.01078684374,8.0,304.704,88.66666666666667,0.0,-0.6542056074766356
Rajasthan,Alwar,2019-11-01,27.5,76.5,11,Post-Monsoon,60.0,0.0,3e-05,9.0,305.435,68.0,0.0,0.6216216216216217
Rajasthan,Banswara,2009-07-01,23.4929453,74.34983641,7,Monsoon,60.0,0.0,0.2818631478,9.0,311.40000000000003,60.0,0.0,0.0
Rajasthan,Banswara,2012-08-01,23.4929453,74.34983641,8,Monsoon,125.0,0.0,5.292548855,4.0,303.445,92.5,0.0,1.0833333333333335
Rajasthan,Banswara,2015-05-01,23.4929453,74.34983641,5,Summer,24.0,0.0,0.0004038102313,4.0,316.5133334,69.66666666666667,0.0,-0.808
Rajasthan,Banswara,2016-04-01,23.4929453,74.34983641,4,Summer,45.0,0.0,0.00012561053615,6.5,319.13700000000006,40.16666666666667,0.0,-0.04257246376811591
Rajasthan,Banswara,2016-05-01,23.4929453,74.34983641,5,Summer,64.0,0.0,0.06217404038,4.0,319.1,27.166666666666668,0.0,0.2272727272727273
Rajasthan,Banswara,2016-08-01,23.4929453,74.34983641,8,Monsoon,9.0,2.0,1.74784395,1.0,303.445,24.333333333333332,0.6666666666666666,-0.71875
Rajasthan,Banswara,2017-03-01,23.4929453,74.34983641,3,Summer,100.0,0.0,7.63e-05,6.0,311.0666666,47.0,0.6666666666666666,5.0
Rajasthan,Banswara,2017-04-01,23.4929453,74.34983641,4,Summer,29.0,0.0,0.003079595399,4.0,314.696,46.0,0.6666666666666666,-0.71
Rajasthan,Banswara,2017-08-01,23.4929453,74.34983641,8,Monsoon,8.0,4.0,0.1941433319,10.0,299.7,45.666666666666664,1.3333333333333333,-0.7241379310344828
Rajasthan,Banswara,2018-04-01,23.4929453,74.34983641,4,Summer,52.0,0.0,0.0003921304463,4.0,319.5233334,29.666666666666668,1.3333333333333333,5.0
Rajasthan,Banwara,2009-10-01,26.3843347,75.6883764,10,Post-Monsoon,4.0,1.0,0.1752200023,5.0,305.31,4.0,1.0,0.0
Rajasthan,Baran,2010-07-01,24.91765715,76.69627663,7,Monsoon,156.0,1.0,0.3150708961,9.0,307.5066666,78.0,0.25,0.0
Rajasthan,Baran,2015-05-01,24.91765715,76.69627663,5,Summer,202.0,1.0,0.004020620418,4.0,322.0133334,119.33333333333333,0.6666666666666666,1.5897435897435899
Rajasthan,Baran,2015-08-01,24.91765715,76.69627663,8,Monsoon,87.0,0.0,1.0072307078,8.0,301.7125,100.16666666666666,0.5,-0.06141707920792078
Rajasthan,Baran,2016-07-01,24.91765715,76.69627663,7,Monsoon,132.0,0.0,1.5426182496666667,5.0,302.51,45.444444444444436,0.0,0.551660171002145
Rajasthan,Baran,2016-08-01,24.91765715,76.69627663,8,Monsoon,313.0,0.0,1.9306442916666668,8.666666666666666,295.0233333333333,81.77777777777777,0.0,0.4600854100854101
Rajasthan,Baran,2017-07-01,24.91765715,76.69627663,7,Monsoon,97.0,0.0,0.01665119009,9.0,310.815,100.0,0.0,-0.24806201550387597
Rajasthan,Baran,2019-07-01,24.91765715,76.69627663,7,Monsoon,120.0,0.0,1.01154252455,6.5,310.5333333,83.66666666666666,0.0,-0.178927136117421
Rajasthan,Baran,2019-08-01,24.91765715,76.69627663,8,Monsoon,66.0,0.0,2.8767908527999997,12.5,301.8958333,49.16666666666667,0.0,-0.41905737704918034
Rajasthan,Barmer,2009-08-01,25.5819034,71.61966243,8,Monsoon,30.0,0.0,0.09526770837,2.0,300.6,30.0,0.0,0.0
Rajasthan,Barmer,2009-11-01,25.5819034,71.61966243,11,Post-Monsoon,14.0,0.0,4.52e-05,2.0,317.43333340000004,22.0,0.0,-0.5333333333333333
Rajasthan,Barmer,2010-06-01,25.5819034,71.61966243,6,Monsoon,25.0,0.0,0.11225955299000001,5.0,311.771,16.333333333333336,0.0,-0.130952380952381
Rajasthan,Barmer,2010-09-01,25.5819034,71.61966243,9,Monsoon,63.0,0.0,0.8041934578,5.0,310.6533334,29.333333333333332,0.0,5.0
Rajasthan,Barmer,2011-04-01,25.5819034,71.61966243,4,Summer,18.0,0.0,3.48e-05,2.0,326.5066666,30.333333333333332,0.0,-0.7142857142857143
Rajasthan,Barmer,2016-04-01,25.5819034,71.61966243,4,Summer,40.0,0.0,0.0002168356472,2.0,317.0966666,40.333333333333336,0.0,1.2222222222222223
Rajasthan,Bharatpur,2011-09-01,27.26521245,77.36912555,9,Monsoon,25.0,0.0,0.5832599148,9.0,301.5866666,25.0,0.0,0.0
Rajasthan,Bharatpur,2011-10-01,27.26521245,77.36912555,10,Post-Monsoon,17.0,0.0,0.0006525899866,5.0,312.53000000000003,21.0,0.0,-0.31999999999999995
Rajasthan,Bharatpur,2012-09-01,27.26521245,77.36912555,9,Monsoon,17.0,0.0,0.3723711919,9.0,302.08,19.666666666666668,0.0,0.0
Rajasthan,Bharatpur,2016-04-01,27.26521245,77.36912555,4,Summer,64.0,0.0,6.65e-05,3.0,317.19333340000003,32.666666666666664,0.0,2.764705882352941
Rajasthan,Bharatpur,2016-06-01,27.26521245,77.36912555,6,Monsoon,14.0,0.0,0.1416317695,3.0,310.36,31.666666666666668,0.0,-0.78125
Rajasthan,Bhilwara,2010-08-01,25.48877345,74.69961284,8,Monsoon,129.0,0.0,0.8403567535500001,7.5,303.73249999999996,54.75,0.0,0.43333333333333335
Rajasthan,Bhilwara,2013-05-01,25.48877345,74.69961284,5,Summer,70.0,0.0,2.45e-05,3.0,322.48,66.33333333333333,0.0,-0.16666666666666663
Rajasthan,Bhilwara,2013-07-01,25.48877345,74.69961284,7,Monsoon,36.0,0.0,0.02729033978,5.0,310.9066666,63.333333333333336,0.0,-0.48571428571428577
Rajasthan,Bhilwara,2015-04-01,25.48877345,74.69961284,4,Summer,21.0,0.0,0.1198008524,5.0,310.5333334,42.333333333333336,0.0,-0.41666666666666663
Rajasthan,Bhilwara,2015-06-01,25.48877345,74.69961284,6,Monsoon,155.0,0.0,0.03417028815,5.0,311.8566666,52.5,0.0,1.3975029036004645
Rajasthan,Bhilwara,2016-08-01,25.48877345,74.69961284,8,Monsoon,102.0,0.0,1.655531389,10.0,301.36,85.66666666666667,0.0,0.3972602739726028
Rajasthan,Bhilwara,2022-06-01,25.48877345,74.69961284,6,Monsoon,160.0,0.0,5.06e-05,3.0,316.99333340000004,111.66666666666667,0.0,0.5686274509803921
Rajasthan,Bikaner,2010-07-01,28.0159286,73.3171367,7,Monsoon,245.0,0.0,0.001686712518,2.0,313.644,245.0,0.0,0.0
Rajasthan,Bikaner,2010-08-01,28.0159286,73.3171367,8,Monsoon,883.0,3.0,0.187681377669,9.0,313.40500000000003,323.25,1.0,0.5956356867071153
Rajasthan,Bikaner,2010-11-01,28.0159286,73.3171367,11,Post-Monsoon,844.5599999999977,0.0,0.010095793419,5.5,309.43600000000004,525.1866666666659,0.6666666666666666,-0.2826461118698334
Rajasthan,Bikaner,2011-08-01,28.0159286,73.3171367,8,Monsoon,157.0,1.0,0.10873385878,3.0,319.45000000000005,169.09333333333294,0.3333333333333333,2.3125
Rajasthan,Bikaner,2012-04-01,28.0159286,73.3171367,4,Summer,19.0,0.0,0.007015052341,2.0,322.9833334,58.666666666666664,0.3333333333333333,-0.875
Rajasthan,Bikaner,2012-05-01,28.0159286,73.3171367,5,Summer,132.0,1.0,0.0308141094209,5.5,317.8,73.33333333333333,0.16666666666666666,2.059322033898305
Rajasthan,Bikaner,2012-10-01,28.0159286,73.3171367,10,Post-Monsoon,103.0,1.0,8.15e-05,7.0,318.94333340000003,78.33333333333333,0.6666666666666666,5.0
Rajasthan,Bikaner,2014-07-01,28.0159286,73.3171367,7,Monsoon,186.0,0.0,0.000994530376,2.0,316.6764444,53.0,0.3333333333333333,1.2972551839865756
Rajasthan,Bikaner,2014-12-01,28.0159286,73.3171367,12,Winter,17.0,0.0,4.16e-05,2.0,309.6766666,58.666666666666664,0.0,-0.8802816901408451
Rajasthan,Bikaner,2016-04-01,28.0159286,73.3171367,4,Summer,22.0,0.0,0.001066446264,2.0,317.61333340000004,60.333333333333336,0.0,0.2941176470588236
Rajasthan,Bikaner,2018-10-01,28.0159286,73.3171367,10,Post-Monsoon,9.0,0.0,7.49e-05,5.0,317.8066666,16.0,0.0,-0.5909090909090908
Rajasthan,Bikaner,2022-05-01,28.0159286,73.3171367,5,Summer,27.0,0.0,8.15e-05,2.0,321.53000000000003,19.333333333333332,0.0,2.0
Rajasthan,Bundi,2013-06-01,25.5,75.833333,6,Monsoon,80.0,0.0,0.0009695734422,3.0,319.7033334,80.0,0.0,0.0
Rajasthan,Chittorgarh,2009-07-01,24.71779695,74.47210311,7,Monsoon,46.0,0.0,1.393162419,5.0,306.18,46.0,0.0,0.0
Rajasthan,Chittorgarh,2013-06-01,24.71779695,74.47210311,6,Monsoon,17.0,0.0,1.278073595,6.0,308.03000000000003,31.5,0.0,-0.6304347826086957
Rajasthan,Churu,2009-07-01,28.2061443,74.6919073,7,Monsoon,107.0,0.0,0.006273636726,3.0,317.2866666,107.0,0.0,0.0
Rajasthan,Churu,2017-05-01,28.2061443,74.6919073,5,Summer,30.0,0.0,0.02531387093,2.0,319.168,68.5,0.0,-0.719626168224299
Rajasthan,Dausa,2011-03-01,26.80486585,76.4437457,3,Summer,29.0,0.0,0.01178702713,12.0,297.58,29.0,0.0,0.0
Rajasthan,Dausa,2016-06-01,26.80486585,76.4437457,6,Monsoon,14.0,0.0,0.008378110078,3.0,319.576,21.5,0.0,-0.5172413793103448
Rajasthan,Dausa,2016-09-01,26.80486585,76.4437457,9,Monsoon,39.0,0.0,0.02681781732,10.0,306.81333340000003,27.333333333333332,0.0,1.7857142857142856
Rajasthan,Dholpur,2010-08-01,26.7010642,77.896749,8,Monsoon,79.0,3.0,0.6512077973,10.0,287.93333340000004,79.0,3.0,0.0
Rajasthan,Dholpur,2010-09-01,26.7010642,77.896749,9,Monsoon,15.0,0.0,0.9064866299,10.0,302.58,36.166666666666664,1.25,1.018987341772152
Rajasthan,Dholpur,2010-11-01,26.7010642,77.896749,11,Post-Monsoon,5.0,0.0,0.0001038365434,9.0,305.2966666,6.666666666666667,0.0,-0.5833333333333333
Rajasthan,Dholpur,2011-07-01,26.7010642,77.896749,7,Monsoon,113.0,4.0,0.7531481687,6.0,295.95,43.333333333333336,1.3333333333333333,5.0
Rajasthan,Dholpur,2016-05-01,26.7010642,77.896749,5,Summer,26.0,0.0,0.03467914434,3.0,316.7,48.0,1.3333333333333333,-0.7699115044247787
Rajasthan,Dholpur,2018-07-01,26.7010642,77.896749,7,Monsoon,28.0,0.0,0.0557844815,4.0,312.46,55.666666666666664,1.3333333333333333,0.07692307692307687
Rajasthan,Dungarpur,2010-05-01,23.666667,73.75,5,Summer,41.0,0.0,0.0003296468491,3.0,314.1,41.0,0.0,0.0
Rajasthan,Dungarpur,2012-04-01,23.666667,73.75,4,Summer,322.0,0.0,9.65e-05,5.0,317.0133334,181.5,0.0,5.0
Rajasthan,Dungarpur,2014-05-01,23.666667,73.75,5,Summer,20.0,0.0,0.0003565337076,5.0,320.828,127.66666666666667,0.0,-0.937888198757764
Rajasthan,Dungarpur,2015-10-01,23.666667,73.75,10,Post-Monsoon,52.0,0.0,0.003910761975,16.0,304.6033334,131.33333333333334,0.0,1.6
Rajasthan,Dungarpur,2016-05-01,23.666667,73.75,5,Summer,11.0,0.0,0.0002796120097,9.0,317.952,27.666666666666668,0.0,-0.7884615384615384
Rajasthan,Dungarpur,2016-07-01,23.666667,73.75,7,Monsoon,48.0,1.0,1.29176011365,3.5,304.1225,22.666666666666668,0.16666666666666666,0.8506493506493505
Rajasthan,Dungarpur,2016-08-01,23.666667,73.75,8,Monsoon,25.0,1.0,2.146028616,9.0,303.445,24.333333333333332,0.6666666666666666,-0.2647058823529411
Rajasthan,Dungarpur,2017-07-01,23.666667,73.75,7,Monsoon,10.0,0.0,0.643086119,6.0,283.3,23.0,0.6666666666666666,-0.6
Rajasthan,Dungarpur,2017-10-01,23.666667,73.75,10,Post-Monsoon,191.0,0.0,4.77e-05,11.0,308.4066666,75.33333333333333,0.3333333333333333,5.0
Rajasthan,Dungarpur,2018-05-01,23.666667,73.75,5,Summer,10.0,1.0,0.0001177763051,4.0,319.01,70.33333333333333,0.3333333333333333,-0.9476439790575917
Rajasthan,Ganganagar,2012-05-01,29.9049489,73.87929341,5,Summer,16.0,1.0,0.000709490789,9.0,316.016,16.0,1.0,0.0
Rajasthan,Ganganagar,2015-08-01,29.9049489,73.87929341,8,Monsoon,21.0,0.0,0.8532648468,12.0,303.31,18.5,0.5,0.3125
Rajasthan,Ganganagar,2016-10-01,29.9049489,73.87929341,10,Post-Monsoon,15.0,0.0,3.58e-05,5.0,307.15000000000003,17.333333333333332,0.3333333333333333,-0.2857142857142857
Rajasthan,Ganganagar,2018-10-01,29.9049489,73.87929341,10,Post-Monsoon,126.0,4.0,0.04742286749,7.0,305.8666666,54.0,1.3333333333333333,5.0
Rajasthan,Hanumangarh,2009-06-01,29.5760254,74.3342203,6,Monsoon,43.0,0.0,0.101884322,9.0,313.084,43.0,0.0,0.0
Rajasthan,Hanumangarh,2015-06-01,29.5760254,74.3342203,6,Monsoon,30.0,0.0,0.07898035984,3.0,313.3333334,36.5,0.0,-0.3023255813953488
Rajasthan,Hanumangarh,2016-05-01,29.5760254,74.3342203,5,Summer,52.0,0.0,0.0438418807,2.0,310.18,41.666666666666664,0.0,0.7333333333333334
Rajasthan,Hanumangarh,2016-10-01,29.5760254,74.3342203,10,Post-Monsoon,130.0,0.0,0.03387866188,13.0,306.825,70.66666666666667,0.0,1.5
Rajasthan,Jaipur,2009-06-01,26.9154576,75.8189817,6,Monsoon,152.0,0.0,0.04719422384,3.0,313.7833334,152.0,0.0,0.0
Rajasthan,Jaipur,2009-07-01,26.9154576,75.8189817,7,Monsoon,89.0,1.0,0.24862698090000002,7.0,303.16499999999996,81.91666666666666,0.41666666666666663,1.5160087719298247
Rajasthan,Jaipur,2010-03-01,26.9154576,75.8189817,3,Summer,30.0,0.0,4.38e-05,3.0,317.74333340000004,39.666666666666664,0.3333333333333333,-0.5945945945945945
Rajasthan,Jaipur,2010-06-01,26.9154576,75.8189817,6,Monsoon,20.0,0.0,0.006955662528,3.0,318.98,41.333333333333336,0.0,-0.33333333333333337
Rajasthan,Jaipur,2010-07-01,26.9154576,75.8189817,7,Monsoon,2368.5599999999977,0.0,0.06203419344,4.0,310.33,526.2844444444441,0.0,1.6973716275021749
Rajasthan,Jaipur,2010-08-01,26.9154576,75.8189817,8,Monsoon,190.0,0.0,0.4362499848,9.0,305.94,597.5199999999992,0.0,-0.7728794109209136
Rajasthan,Jaipur,2011-05-01,26.9154576,75.8189817,5,Summer,24.0,0.0,0.0004107214367,3.0,318.7466666,350.1866666666659,0.0,-0.8736842105263158
Rajasthan,Jaipur,2012-04-01,26.9154576,75.8189817,4,Summer,81.0,0.0,0.001570399189,9.0,317.4866666,98.33333333333333,0.0,2.375
Rajasthan,Jaipur,2015-12-01,26.9154576,75.8189817,12,Winter,7.0,0.0,0.0001063621229,5.0,300.6433334,37.333333333333336,0.0,-0.9135802469135803
Rajasthan,Jaipur,2016-04-01,26.9154576,75.8189817,4,Summer,98.0,2.0,0.0011819984046666666,5.0,315.91288893333336,32.44444444444444,0.4444444444444444,1.0430589184826473
Rajasthan,Jaipur,2016-05-01,26.9154576,75.8189817,5,Summer,29.0,0.0,0.02591271182,3.0,312.97,35.666666666666664,0.6666666666666666,0.5263157894736843
Rajasthan,Jaipur,2016-06-01,26.9154576,75.8189817,6,Monsoon,16.0,0.0,0.0001260099311,9.0,321.16,21.333333333333332,0.0,-0.4482758620689655
Rajasthan,Jaipur,2016-08-01,26.9154576,75.8189817,8,Monsoon,546.0,0.0,0.7369537585,7.0,302.0066666,197.0,0.0,5.0
Rajasthan,Jaipur,2019-01-01,26.9154576,75.8189817,1,Winter,100.0,0.0,0.001989509346,6.0,293.448,220.66666666666666,0.0,-0.8168498168498168
Rajasthan,Jaisalmer,2009-07-01,27.02801615,70.77850562,7,Monsoon,26.0,0.0,0.2065965225,1.0,313.75333340000003,26.0,0.0,0.0
Rajasthan,Jaisalmer,2010-09-01,27.02801615,70.77850562,9,Monsoon,1456.5599999999977,0.0,0.4775632144,8.0,309.81,408.5933333333329,0.0,2.6746451612903206
Rajasthan,Jalore,2010-03-01,25.3476006,72.6260916,3,Summer,26.0,0.0,1.97e-05,9.0,322.73,26.0,0.0,0.0
Rajasthan,Jhalawar,2016-05-01,24.31255575,76.52279955,5,Summer,55.0,0.0,0.002341808249,3.0,320.1673333,26.25,0.0,0.09999999999999998
Rajasthan,Jhalawar,2019-07-01,24.31255575,76.52279955,7,Monsoon,25.0,0.0,0.02344851527,6.0,306.40000000000003,26.666666666666668,0.0,-0.16666666666666663
Rajasthan,Jhunjhunu,2010-05-01,28.1287995,75.3992581,5,Summer,110.0,0.0,0.003708860091,2.0,318.65000000000003,110.0,0.0,0.0
Rajasthan,Jhunjhunu,2013-07-01,28.1287995,75.3992581,7,Monsoon,25.0,0.0,0.3915142683,3.0,310.6333334,67.5,0.0,-0.7727272727272727
Rajasthan,Jhunjhunu,2014-04-01,28.1287995,75.3992581,4,Summer,40.0,0.0,0.07788692591,9.0,314.38,58.333333333333336,0.0,0.6000000000000001
Rajasthan,Jhunjhunu,2015-07-01,28.1287995,75.3992581,7,Monsoon,46.0,0.0,0.2515313335,6.0,308.4466666,37.0,0.0,0.1499999999999999
Rajasthan,Jhunjhunu,2016-04-01,28.1287995,75.3992581,4,Summer,38.0,0.0,3.25e-05,2.0,320.67,41.333333333333336,0.0,-0.17391304347826086
Rajasthan,Jhunjhunu,2018-09-01,28.1287995,75.3992581,9,Monsoon,27.0,0.0,0.0582638765,9.0,305.69,37.0,0.0,-0.2894736842105263
Rajasthan,Jodhpur,2016-06-01,26.2967719,73.0351433,6,Monsoon,24.0,0.0,5.13e-05,2.0,326.3,24.0,0.0,0.0
Rajasthan,Karauli,2010-07-01,26.51668105,77.05772977,7,Monsoon,52.0,0.0,0.3437849542,9.0,313.8933334,52.0,0.0,0.0
Rajasthan,Karauli,2011-04-01,26.51668105,77.05772977,4,Summer,10.0,0.0,0.04155761421,9.0,309.4633334,31.0,0.0,-0.8076923076923077
Rajasthan,Kota,2012-09-01,25.1737019,75.8574194,9,Monsoon,836.5599999999977,2.0,0.00108179291,9.0,309.1366666,836.5599999999977,2.0,0.0
Rajasthan,Kota,2015-08-01,25.1737019,75.8574194,8,Monsoon,65.0,0.0,0.7833807502,13.0,301.8,450.77999999999884,1.0,-0.9223008511045231
Rajasthan,Kota,2016-07-01,25.1737019,75.8574194,7,Monsoon,45.0,0.0,0.5350019157,4.0,313.52,315.51999999999924,0.6666666666666666,-0.3076923076923077
Rajasthan,Kota,2016-09-01,25.1737019,75.8574194,9,Monsoon,8.0,1.0,0.6350601277,13.0,301.7266666,39.333333333333336,0.3333333333333333,-0.8222222222222222
Rajasthan,Kota,2017-07-01,25.1737019,75.8574194,7,Monsoon,34.0,1.0,0.8324153053,5.0,313.86,29.0,0.6666666666666666,3.25
Rajasthan,Kota,2017-08-01,25.1737019,75.8574194,8,Monsoon,49.0,0.0,0.8194548876,8.0,291.7,30.333333333333332,0.6666666666666666,0.4411764705882353
Rajasthan,Kotputli,2011-05-01,27.707172,76.1996447,5,Summer,10.0,0.0,0.07403732303,3.0,308.756,10.0,0.0,0.0
Rajasthan,Nagaur,2010-07-01,27.0607859,74.17667538,7,Monsoon,48.0,0.0,0.0285026515,2.0,308.94,48.0,0.0,0.0
Rajasthan,Nagaur,2012-06-01,27.0607859,74.17667538,6,Monsoon,55.0,0.0,0.0001455379887,9.0,313.85,51.5,0.0,0.14583333333333326
Rajasthan,Nagaur,2015-01-01,27.0607859,74.17667538,1,Winter,285.0,0.0,0.000137535981,3.0,301.64,129.33333333333334,0.0,4.181818181818182
Rajasthan,Nagaur,2015-11-01,27.0607859,74.17667538,11,Post-Monsoon,32.0,0.0,0.004505655533,3.0,308.3533334,124.0,0.0,-0.887719298245614
Rajasthan,Nagaur,2017-10-01,27.0607859,74.17667538,10,Post-Monsoon,30.0,0.0,4.4e-05,5.0,319.6533334,115.66666666666667,0.0,-0.0625
Rajasthan,Nagaur (Rajasthan),2016-09-01,27.0607859,74.17667538,9,Monsoon,9.0,0.0,5.28e-05,10.0,310.9566666,9.0,0.0,0.0
Rajasthan,Pali,2009-08-01,25.6040908,73.41560879,8,Monsoon,73.0,0.0,0.04027627979,9.0,306.24,73.0,0.0,0.0
Rajasthan,Pali,2010-06-01,25.6040908,73.41560879,6,Monsoon,331.0,0.0,0.001078489207,2.0,318.6266666,202.0,0.0,3.5342465753424657
Rajasthan,Pali,2010-07-01,25.6040908,73.41560879,7,Monsoon,285.0,0.0,0.08643451456,2.0,309.9733334,188.16666666666669,0.0,-0.02800798248288472
Rajasthan,Pali,2015-03-01,25.6040908,73.41560879,3,Summer,208.0,0.0,0.00253122573,9.0,307.81,164.33333333333334,0.0,0.18181818181818188
Rajasthan,Pali,2018-07-01,25.6040908,73.41560879,7,Monsoon,130.0,0.0,0.08072211146,9.0,310.1266666,171.33333333333334,0.0,-0.375
Rajasthan,Pali,2019-07-01,25.6040908,73.41560879,7,Monsoon,15.0,0.0,1.240952559,5.0,302.81,117.66666666666667,0.0,-0.8846153846153846
Rajasthan,Pratapgarh,2015-09-01,24.0333495,74.7801315,9,Monsoon,38.0,0.0,0.1531067513,16.0,302.34000000000003,38.0,0.0,0.0
Rajasthan,Pratapgarh,2015-11-01,24.0333495,74.7801315,11,Post-Monsoon,65.0,0.0,6.98e-05,9.0,307.6433334,51.5,0.0,0.7105263157894737
Rajasthan,Pratapgarh,2016-05-01,24.0333495,74.7801315,5,Summer,122.0,0.0,5.74e-05,5.0,322.6566666,75.0,0.0,0.8769230769230769
Rajasthan,Pratapgarh,2016-07-01,24.0333495,74.7801315,7,Monsoon,49.0,0.0,1.027283734,5.0,304.27,78.66666666666667,0.0,-0.5983606557377049
Rajasthan,Pratapgarh,2016-09-01,24.0333495,74.7801315,9,Monsoon,291.0,0.0,0.02465310712,9.0,305.528,86.66666666666666,0.0,2.0918367346938775
Rajasthan,Pratapgarh,2018-04-01,24.0333495,74.7801315,4,Summer,91.0,0.0,3.21e-05,9.0,318.06333340000003,127.33333333333333,0.0,-0.677304964539007
Rajasthan,Pratapgarh,2018-06-01,24.0333495,74.7801315,6,Monsoon,7.0,2.0,0.01617544578,5.0,311.34000000000003,126.66666666666667,0.6666666666666666,-0.9230769230769231
Rajasthan,Pratapgarh,2018-08-01,24.0333495,74.7801315,8,Monsoon,114.0,0.0,0.3972550528,9.0,296.74,70.66666666666667,0.6666666666666666,5.0
Rajasthan,Pratapgarh,2019-07-01,24.0333495,74.7801315,7,Monsoon,90.0,0.0,1.640495292,9.0,299.62,70.33333333333333,0.6666666666666666,-0.21052631578947367
Rajasthan,Rajsamand,2013-05-01,25.29131615,73.82449247,5,Summer,76.0,0.0,3.73e-05,9.0,322.2833334,76.0,0.0,0.0
Rajasthan,Sawai Madhopur,2015-10-01,26.22914115,76.30453277,10,Post-Monsoon,8.0,0.0,3.84e-05,7.0,315.0333334,8.0,0.0,0.0
Rajasthan,Sikar,2009-09-01,27.662826,75.02792629,9,Monsoon,50.0,4.0,5.28e-05,6.0,316.92,50.0,4.0,0.0
Rajasthan,Sikar,2009-10-01,27.662826,75.02792629,10,Post-Monsoon,51.0,0.0,0.0028223361405,4.5,314.386,35.58333333333333,1.6666666666666665,-0.22999999999999998
Rajasthan,Sikar,2010-05-01,27.662826,75.02792629,5,Summer,249.0,0.0,0.0021068265382,3.0,317.4313333,93.0,0.0,2.0366379310344827
Rajasthan,Sikar,2015-08-01,27.662826,75.02792629,8,Monsoon,61.0,0.0,0.01534478709,15.0,303.59000000000003,103.33333333333333,0.0,2.588235294117647
Rajasthan,Sikar,2017-06-01,27.662826,75.02792629,6,Monsoon,24.0,0.0,0.1424104959,4.0,310.04400000000004,34.0,0.0,-0.6065573770491803
Rajasthan,Sikar,2018-08-01,27.662826,75.02792629,8,Monsoon,10.0,0.0,0.2688765832,9.0,301.3866666,31.666666666666668,0.0,-0.5833333333333333
Rajasthan,Sirohi,2010-05-01,24.8114047,72.83002573,5,Summer,64.0,0.0,3.27e-05,3.0,321.1,64.0,0.0,0.0
Rajasthan,Sirohi,2018-05-01,24.8114047,72.83002573,5,Summer,61.0,0.0,5.3e-05,6.0,311.5233334,62.5,0.0,-0.046875
Rajasthan,Sri Ganganagar,2018-10-01,29.9270556,73.8761519,10,Post-Monsoon,190.0,5.0,0.001742356455,9.0,306.5,190.0,5.0,0.0
Rajasthan,Tonk,2009-07-01,26.12214725,75.66375374,7,Monsoon,15.0,1.0,0.111645169,6.0,303.98,15.0,1.0,0.0
Rajasthan,Tonk,2010-05-01,26.12214725,75.66375374,5,Summer,100.0,0.0,0.002274422779,2.0,315.656,57.5,0.5,5.0
Rajasthan,Tonk,2010-06-01,26.12214725,75.66375374,6,Monsoon,33.0,0.0,0.06648818451,9.0,313.575,49.333333333333336,0.3333333333333333,-0.6699999999999999
Rajasthan,Tonk,2010-08-01,26.12214725,75.66375374,8,Monsoon,55.0,0.0,0.356582535,9.0,303.94,62.666666666666664,0.0,0.6666666666666667
Rajasthan,Tonk,2011-09-01,26.12214725,75.66375374,9,Monsoon,7.0,2.0,0.1119576456,9.0,303.816,31.666666666666668,0.6666666666666666,-0.8727272727272728
Rajasthan,Tonk,2012-05-01,26.12214725,75.66375374,5,Summer,37.0,0.0,9.88e-05,2.0,319.9733334,33.0,0.6666666666666666,4.285714285714286
Rajasthan,Tonk,2012-06-01,26.12214725,75.66375374,6,Monsoon,102.0,0.0,4.959999999999999e-05,2.0,315.944,31.666666666666668,0.2222222222222222,-0.0153394465894466
Rajasthan,Tonk,2014-04-01,26.12214725,75.66375374,4,Summer,24.0,0.0,0.001898254077,3.0,320.3833334,30.333333333333332,0.0,-0.3142857142857143
Rajasthan,Tonk,2016-05-01,26.12214725,75.66375374,5,Summer,22.0,0.0,0.0006157854564,3.0,322.9733334,27.0,0.0,-0.08333333333333337
Rajasthan,Udaipur,2009-07-01,24.578721,73.6862571,7,Monsoon,39.0,5.0,0.06096480064,5.0,313.468,39.0,5.0,0.0
Rajasthan,Udaipur,2010-04-01,24.578721,73.6862571,4,Summer,22.0,0.0,0.03234873621,3.0,323.5233334,30.5,2.5,-0.4358974358974359
Rajasthan,Udaipur,2010-05-01,24.578721,73.6862571,5,Summer,46.0,0.0,0.003692868597,3.0,322.9233334,35.666666666666664,1.6666666666666667,1.0909090909090908
Rajasthan,Udaipur,2010-07-01,24.578721,73.6862571,7,Monsoon,25.0,0.0,0.5481710268,10.0,303.29,31.0,0.0,-0.4565217391304348
Rajasthan,Udaipur,2010-08-01,24.578721,73.6862571,8,Monsoon,90.0,3.0,1.34947865,17.0,301.81,53.666666666666664,1.0,2.6
Rajasthan,Udaipur,2010-09-01,24.578721,73.6862571,9,Monsoon,21.0,0.0,0.6120103759,7.0,301.16,45.333333333333336,1.0,-0.7666666666666666
Rajasthan,Udaipur,2011-07-01,24.578721,73.6862571,7,Monsoon,3.0,1.0,0.3321386133,7.0,305.83500000000004,22.833333333333332,0.6666666666666666,-0.7023809523809523
Rajasthan,Udaipur,2011-10-01,24.578721,73.6862571,10,Post-Monsoon,23.0,0.0,5.44e-05,9.0,306.776,8.666666666666666,0.3333333333333333,5.0
Rajasthan,Udaipur,2013-03-01,24.578721,73.6862571,3,Summer,29.0,0.0,5.8e-05,9.0,308.66,17.666666666666668,0.3333333333333333,0.26086956521739135
Rajasthan,Udaipur,2013-07-01,24.578721,73.6862571,7,Monsoon,67.0,2.0,0.245422759325,5.5,305.2925,31.333333333333336,0.6666666666666666,0.02715517241379317
Rajasthan,Udaipur,2015-04-01,24.578721,73.6862571,4,Summer,133.0,0.0,0.0195123703,5.0,314.23,66.66666666666667,0.6666666666666666,3.9259259259259256
Rajasthan,Udaipur,2016-06-01,24.578721,73.6862571,6,Monsoon,77.0,0.0,0.0004823618879,9.0,323.464,79.0,0.0,-0.42105263157894735
Rajasthan,Udaipur,2016-07-01,24.578721,73.6862571,7,Monsoon,80.0,3.0,0.6026878176666667,9.333333333333334,300.24,53.111111111111114,0.5555555555555555,-0.45243945243945244
Rajasthan,Udaipur,2016-08-01,24.578721,73.6862571,8,Monsoon,84.0,5.0,0.5920455575,15.0,300.76,42.333333333333336,2.3333333333333335,5.0
Rajasthan,Udaipur,2017-05-01,24.578721,73.6862571,5,Summer,388.0,0.0,0.01242968032,6.0,318.48,159.33333333333334,2.3333333333333335,3.6190476190476186
Sikkim,East Sikkim,2013-05-01,27.2799097,88.67466492,5,Summer,42.0,0.0,0.3717602677,14.0,286.9133334,42.0,0.0,0.0
Sikkim,East Sikkim,2013-08-01,27.2799097,88.67466492,8,Monsoon,257.0,1.0,0.9940663089,21.0,284.892,86.08333333333334,0.16666666666666666,0.9737632917244569
Sikkim,East Sikkim,2018-01-01,27.2799097,88.67466492,1,Winter,42.0,0.0,0.05691643846,10.0,286.2733334,99.66666666666667,0.3333333333333333,-0.7272727272727273
Sikkim,Gangtok,2018-09-01,27.3257569,88.69827695,9,Monsoon,20.0,0.0,1.996362965,34.0,277.8,20.0,0.0,0.0
Sikkim,North Sikkim,2014-09-01,27.666667,88.5,9,Monsoon,48.0,0.0,0.4646315671,9.0,288.98400000000004,24.0,0.0,0.0
Sikkim,Singtam,2017-10-01,27.2319975,88.4970841,10,Post-Monsoon,60.0,0.0,1.200161459,37.0,280.68,60.0,0.0,0.0
Sikkim,Singtam,2020-05-01,27.2319975,88.4970841,5,Summer,71.0,0.0,1.124004168,9.0,286.168,65.5,0.0,0.18333333333333335
Sikkim,South Sikkim,2019-09-01,27.333333,88.416667,9,Monsoon,92.0,0.0,1.009580672,24.0,286.285,92.0,0.0,0.0
Sikkim,West Sikkim,2011-06-01,27.333333,88.25,6,Monsoon,16.0,0.0,1.244188423,9.0,291.47,16.0,0.0,0.0
Sikkim,West Sikkim,2013-03-01,27.333333,88.25,3,Summer,22.0,0.0,0.7446975529,9.0,289.5566666,19.0,0.0,0.375
Tamil Nadu,Ariyalur,2011-12-01,11.07603595,79.11745538,12,Winter,7.0,0.0,0.09005000891,12.0,299.948,7.0,0.0,0.0
Tamil Nadu,Ariyalur,2018-01-01,11.07603595,79.11745538,1,Winter,12.0,0.0,0.0003547658254,10.0,304.928,9.5,0.0,0.7142857142857142
Tamil Nadu,Ariyalur,2018-04-01,11.07603595,79.11745538,4,Summer,6.0,0.0,0.002088762807,5.0,314.408,8.333333333333334,0.0,-0.5
Tamil Nadu,Ariyalur,2018-06-01,11.07603595,79.11745538,6,Monsoon,9.0,0.0,0.08966642706,7.0,312.53000000000003,9.0,0.0,0.5
Tamil Nadu,Ariyalur,2019-02-01,11.07603595,79.11745538,2,Winter,15.0,0.0,0.01820628309,9.0,307.656,10.0,0.0,0.6666666666666667
Tamil Nadu,Ariyalur,2019-04-01,11.07603595,79.11745538,4,Summer,11.0,0.0,0.01383985113,9.0,313.964,11.666666666666666,0.0,-0.2666666666666667
Tamil Nadu,Ariyalur,2021-10-01,11.07603595,79.11745538,10,Post-Monsoon,17.0,0.0,0.826018148,9.0,308.38,14.333333333333334,0.0,0.5454545454545454
Tamil Nadu,Ariyalur,2022-01-01,11.07603595,79.11745538,1,Winter,15.0,0.0,0.08308958667,10.0,300.355,14.333333333333334,0.0,-0.11764705882352944
Tamil Nadu,Ariyalur,2022-02-01,11.07603595,79.11745538,2,Winter,6.0,0.0,0.01250872941,10.0,303.384,12.666666666666666,0.0,-0.6
Tamil Nadu,Ariyalur,2022-03-01,11.07603595,79.11745538,3,Summer,14.0,0.0,0.003166009915,8.0,308.436,11.666666666666666,0.0,1.3333333333333335
Tamil Nadu,Ariyalur,2022-04-01,11.07603595,79.11745538,4,Summer,17.0,0.0,0.03080676776,8.0,310.16,12.333333333333334,0.0,0.2142857142857142
Tamil Nadu,Ariyalur (Perambalur),2009-06-01,11.1489062,79.0686377,6,Monsoon,40.0,0.0,0.09155758183,9.0,313.58,40.0,0.0,0.0
Tamil Nadu,Coimbatore,2009-11-01,11.0600516,77.0679581,11,Post-Monsoon,47.0,0.0,0.2932651034,9.0,301.54,47.0,0.0,0.0
Tamil Nadu,Coimbatore,2009-12-01,11.0600516,77.0679581,12,Winter,99.0,0.0,0.2122926837,7.0,301.56,73.0,0.0,1.106382978723404
Tamil Nadu,Coimbatore,2011-06-01,11.0600516,77.0679581,6,Monsoon,66.0,0.0,1.029452637,7.0,308.40000000000003,70.66666666666667,0.0,-0.33333333333333337
Tamil Nadu,Coimbatore,2011-08-01,11.0600516,77.0679581,8,Monsoon,20.0,0.0,1.285018479,7.0,308.7,61.666666666666664,0.0,-0.696969696969697
Tamil Nadu,Coimbatore,2011-09-01,11.0600516,77.0679581,9,Monsoon,22.0,0.0,0.95056669725,7.0,306.78,23.0,0.0,-0.15000000000000002
Tamil Nadu,Coimbatore,2014-06-01,11.0600516,77.0679581,6,Monsoon,61.0,0.0,0.07168652205500001,7.5,309.9183333,23.166666666666664,0.0,1.0265151515151514
Tamil Nadu,Coimbatore,2014-07-01,11.0600516,77.0679581,7,Monsoon,15.0,0.0,0.5002897111,6.0,311.04,25.333333333333332,0.0,-0.11764705882352944
Tamil Nadu,Coimbatore (Tiruppur),2010-09-01,11.1147893,77.3475668,9,Monsoon,34.0,0.0,0.2260338625,4.0,313.73,34.0,0.0,0.0
Tamil Nadu,Cuddalore,2009-07-01,11.7564329,79.7634644,7,Monsoon,34.0,0.0,0.1377319061,6.0,309.67,34.0,0.0,0.0
Tamil Nadu,Cuddalore,2010-04-01,11.7564329,79.7634644,4,Summer,27.0,0.0,0.001728863208,7.0,309.095,30.5,0.0,-0.20588235294117652
Tamil Nadu,Cuddalore,2010-08-01,11.7564329,79.7634644,8,Monsoon,51.0,0.0,2.003332569,12.0,303.445,37.333333333333336,0.0,0.8888888888888888
Tamil Nadu,Cuddalore,2010-10-01,11.7564329,79.7634644,10,Post-Monsoon,51.0,2.0,0.52260878125,8.5,304.51,32.333333333333336,0.3333333333333333,0.4586834733893557
Tamil Nadu,Cuddalore,2010-12-01,11.7564329,79.7634644,12,Winter,11.0,0.0,1.479400296,9.0,297.26,20.666666666666668,0.6666666666666666,-0.7027027027027026
Tamil Nadu,Cuddalore,2011-05-01,11.7564329,79.7634644,5,Summer,28.0,0.0,0.04302878099,9.0,308.944,25.333333333333332,0.6666666666666666,1.5454545454545454
Tamil Nadu,Cuddalore,2011-06-01,11.7564329,79.7634644,6,Monsoon,31.0,0.0,0.1460372828,9.0,309.02500000000003,23.333333333333332,0.0,0.1071428571428572
Tamil Nadu,Cuddalore,2011-12-01,11.7564329,79.7634644,12,Winter,33.0,0.0,0.1001201888,13.0,299.34000000000003,30.666666666666668,0.0,0.06451612903225801
Tamil Nadu,Cuddalore,2012-01-01,11.7564329,79.7634644,1,Winter,17.0,0.0,0.8230760943,7.0,296.6,27.0,0.0,-0.48484848484848486
Tamil Nadu,Cuddalore,2012-02-01,11.7564329,79.7634644,2,Winter,30.0,0.0,0.01694272744,8.0,303.836,26.666666666666668,0.0,0.7647058823529411
Tamil Nadu,Cuddalore,2012-03-01,11.7564329,79.7634644,3,Summer,32.0,0.0,0.0978887894,7.0,305.27500000000003,26.333333333333332,0.0,0.06666666666666665
Tamil Nadu,Cuddalore,2012-06-01,11.7564329,79.7634644,6,Monsoon,31.0,0.0,0.06080490984,7.0,310.54,31.0,0.0,-0.03125
Tamil Nadu,Cuddalore,2012-08-01,11.7564329,79.7634644,8,Monsoon,15.0,0.0,0.005562222011,9.0,309.755,26.0,0.0,-0.5161290322580645
Tamil Nadu,Cuddalore,2013-06-01,11.7564329,79.7634644,6,Monsoon,33.0,1.0,0.04156357207,9.0,285.48,26.333333333333332,0.3333333333333333,1.2000000000000002
Tamil Nadu,Cuddalore,2013-10-01,11.7564329,79.7634644,10,Post-Monsoon,11.0,0.0,0.1238680207,9.0,306.1333334,19.666666666666668,0.3333333333333333,-0.6666666666666667
Tamil Nadu,Cuddalore,2014-09-01,11.7564329,79.7634644,9,Monsoon,16.0,0.0,0.06392840193,9.0,307.46,20.0,0.3333333333333333,0.4545454545454546
Tamil Nadu,Cuddalore,2014-10-01,11.7564329,79.7634644,10,Post-Monsoon,83.0,0.0,0.8588027256,9.0,300.325,36.666666666666664,0.0,4.1875
Tamil Nadu,Cuddalore,2015-01-01,11.7564329,79.7634644,1,Winter,90.0,0.0,0.1011246013,9.0,301.316,63.0,0.0,0.0843373493975903
Tamil Nadu,Cuddalore,2016-05-01,11.7564329,79.7634644,5,Summer,17.0,1.0,0.00789764028,8.0,311.55,63.333333333333336,0.3333333333333333,-0.8111111111111111
Tamil Nadu,Cuddalore,2017-01-01,11.7564329,79.7634644,1,Winter,32.0,0.0,0.03167776122,11.0,303.1966666,28.0,0.3333333333333333,0.18627450980392163
Tamil Nadu,Cuddalore,2019-10-01,11.7564329,79.7634644,10,Post-Monsoon,49.0,0.0,0.9259456486,8.0,303.445,27.0,0.0,1.4500000000000002
Tamil Nadu,Dharmapuri,2011-07-01,12.09680475,78.19304301,7,Monsoon,118.0,0.0,0.1487190445,5.0,303.445,118.0,0.0,0.0
Tamil Nadu,Dharmapuri,2012-04-01,12.09680475,78.19304301,4,Summer,65.0,0.0,0.0032544759380000003,7.0,312.06666670000004,69.25,0.0,-0.4648419606046724
Tamil Nadu,Dharmapuri,2012-09-01,12.09680475,78.19304301,9,Monsoon,55.0,0.0,0.4888781713,9.0,304.26,40.0,0.0,0.9642857142857142
Tamil Nadu,Dharmapuri,2012-10-01,12.09680475,78.19304301,10,Post-Monsoon,11.0,0.0,0.6249224588,9.0,301.71,31.333333333333332,0.0,-0.8
Tamil Nadu,Dharmapuri,2015-09-01,12.09680475,78.19304301,9,Monsoon,249.0,0.0,0.6949605747,9.0,306.95,105.0,0.0,5.0
Tamil Nadu,Dharmapuri,2018-12-01,12.09680475,78.19304301,12,Winter,22.0,0.0,0.0408257884,9.0,301.35,94.0,0.0,-0.9116465863453815
Tamil Nadu,Dharmapuri,2019-01-01,12.09680475,78.19304301,1,Winter,48.0,0.0,0.02921215626,8.0,303.125,63.0,0.0,-0.010442260442260376
Tamil Nadu,Dharmapuri,2019-06-01,12.09680475,78.19304301,6,Monsoon,154.0,0.0,0.20679703137999997,10.666666666666666,309.2816666666667,43.44444444444445,0.0,1.4342231842231843
Tamil Nadu,Dharmapuri,2022-01-01,12.09680475,78.19304301,1,Winter,17.0,0.0,0.1122425766,15.0,298.36,36.0,0.0,-0.5641025641025641
Tamil Nadu,Dharmapuri,2022-06-01,12.09680475,78.19304301,6,Monsoon,50.0,0.0,0.08874493976,13.0,306.105,24.5,0.0,0.24754901960784315
Tamil Nadu,Dindigul,2009-09-01,10.3303299,78.06739791,9,Monsoon,83.0,0.0,0.9820606935,9.0,306.135,83.0,0.0,0.0
Tamil Nadu,Dindigul,2009-12-01,10.3303299,78.06739791,12,Winter,31.0,0.0,0.05902678926,10.666666666666666,301.56666666666666,31.11111111111111,0.0,-0.38368860055607046
Tamil Nadu,Dindigul,2010-02-01,10.3303299,78.06739791,2,Winter,112.0,2.0,0.0007620685002,10.0,305.6,43.333333333333336,0.6666666666666666,5.0
Tamil Nadu,Dindigul,2010-04-01,10.3303299,78.06739791,4,Summer,19.0,0.0,0.01524021493,9.0,313.04,46.666666666666664,0.6666666666666666,-0.8303571428571428
Tamil Nadu,Dindigul,2010-07-01,10.3303299,78.06739791,7,Monsoon,9.0,0.0,0.348618156,8.0,304.90000000000003,46.666666666666664,0.6666666666666666,-0.5263157894736843
Tamil Nadu,Dindigul,2010-11-01,10.3303299,78.06739791,11,Post-Monsoon,22.0,0.0,1.336285699,4.0,299.68,16.666666666666668,0.0,1.4444444444444446
Tamil Nadu,Dindigul,2011-08-01,10.3303299,78.06739791,8,Monsoon,13.0,0.0,0.3488107081,10.0,310.2,14.666666666666666,0.0,-0.40909090909090906
Tamil Nadu,Dindigul,2011-09-01,10.3303299,78.06739791,9,Monsoon,6.0,1.0,0.5877774472,14.0,304.32,13.666666666666666,0.3333333333333333,-0.5384615384615384
Tamil Nadu,Dindigul,2011-12-01,10.3303299,78.06739791,12,Winter,15.0,0.0,0.1354393511,12.0,300.63,11.333333333333334,0.3333333333333333,1.5
Tamil Nadu,Dindigul,2012-01-01,10.3303299,78.06739791,1,Winter,107.0,0.0,0.06830692305,10.5,299.5604167,26.75,0.08333333333333333,0.6830615942028985
Tamil Nadu,Dindigul,2012-04-01,10.3303299,78.06739791,4,Summer,45.0,0.0,0.11878325540000001,8.333333333333334,312.08888893333335,14.0,0.0,0.17380952380952377
Tamil Nadu,Dindigul,2012-05-01,10.3303299,78.06739791,5,Summer,48.0,0.0,0.2239368782,12.5,305.34400000000005,20.166666666666664,0.0,0.523809523809524
Tamil Nadu,Dindigul,2012-08-01,10.3303299,78.06739791,8,Monsoon,16.0,0.0,0.04182149426,9.0,310.84000000000003,21.333333333333332,0.0,-0.19999999999999996
Tamil Nadu,Dindigul,2012-09-01,10.3303299,78.06739791,9,Monsoon,23.0,0.0,0.2779618353,11.0,310.0933334,19.666666666666668,0.0,0.4375
Tamil Nadu,Dindigul,2012-10-01,10.3303299,78.06739791,10,Post-Monsoon,23.0,0.0,0.176139476,13.0,308.06333340000003,20.666666666666668,0.0,0.0
Tamil Nadu,Dindigul,2012-11-01,10.3303299,78.06739791,11,Post-Monsoon,17.0,0.0,0.06692680828,16.0,304.05,21.0,0.0,-0.26086956521739135
Tamil Nadu,Dindigul,2013-01-01,10.3303299,78.06739791,1,Winter,21.0,0.0,0.0002848368054,9.0,306.5566666,20.333333333333332,0.0,0.23529411764705888
Tamil Nadu,Dindigul,2013-02-01,10.3303299,78.06739791,2,Winter,76.0,0.0,0.02577595032,9.0,308.1733334,26.5,0.0,0.6547619047619047
Tamil Nadu,Dindigul,2013-08-01,10.3303299,78.06739791,8,Monsoon,28.0,0.0,0.05475062244,7.0,311.88,34.666666666666664,0.0,-0.46153846153846156
Tamil Nadu,Dindigul,2014-02-01,10.3303299,78.06739791,2,Winter,17.0,0.0,0.0625999871,9.0,308.95,32.333333333333336,0.0,-0.3928571428571429
Tamil Nadu,Dindigul,2015-07-01,10.3303299,78.06739791,7,Monsoon,38.0,2.0,0.04472962968,12.0,308.43333340000004,27.666666666666668,0.6666666666666666,1.2352941176470589
Tamil Nadu,Dindigul,2016-03-01,10.3303299,78.06739791,3,Summer,25.0,0.0,0.0008165524709,9.0,310.48,26.666666666666668,0.6666666666666666,-0.3421052631578947
Tamil Nadu,Dindigul,2016-06-01,10.3303299,78.06739791,6,Monsoon,92.0,0.0,0.3591558087,12.0,308.392,51.666666666666664,0.6666666666666666,2.68
Tamil Nadu,Dindigul,2017-03-01,10.3303299,78.06739791,3,Summer,34.0,0.0,0.1183955565,9.0,309.41,50.333333333333336,0.0,-0.6304347826086957
Tamil Nadu,Dindigul,2018-02-01,10.3303299,78.06739791,2,Winter,36.0,0.0,0.00111927392,9.0,308.44,54.0,0.0,0.05882352941176472
Tamil Nadu,Dindigul,2018-03-01,10.3303299,78.06739791,3,Summer,49.0,0.0,0.01096789583205,8.5,311.6863333,29.666666666666664,0.0,-0.1153381642512078
Tamil Nadu,Dindigul,2018-04-01,10.3303299,78.06739791,4,Summer,107.0,0.0,0.103385432836,8.5,310.82000000000005,44.5,0.0,0.7640271493212669
Tamil Nadu,Dindigul,2018-06-01,10.3303299,78.06739791,6,Monsoon,17.0,0.0,0.6313222635,12.0,310.72,41.333333333333336,0.0,-0.2272727272727273
Tamil Nadu,Dindigul,2018-07-01,10.3303299,78.06739791,7,Monsoon,56.0,0.0,0.2364849897,9.0,309.66,31.666666666666668,0.0,2.2941176470588234
Tamil Nadu,Dindigul,2021-10-01,10.3303299,78.06739791,10,Post-Monsoon,5.0,0.0,0.6264433056,11.0,302.435,26.0,0.0,-0.9107142857142857
Tamil Nadu,Dindigul - Palani,2019-05-01,10.4485636,77.5314268,5,Summer,19.0,0.0,0.1533088396,9.0,304.925,19.0,0.0,0.0
Tamil Nadu,Dindigul-Palani,2020-06-01,10.4485636,77.5314268,6,Monsoon,57.0,0.0,0.573766176,14.0,305.2,57.0,0.0,0.0
Tamil Nadu,Erode,2010-07-01,11.3692044,77.67662687,7,Monsoon,15.0,0.0,0.3839312901,10.0,302.15000000000003,15.0,0.0,0.0
Tamil Nadu,Erode,2011-01-01,11.3692044,77.67662687,1,Winter,15.0,0.0,0.05608280949,10.0,300.428,15.0,0.0,0.0
Tamil Nadu,Erode,2011-07-01,11.3692044,77.67662687,7,Monsoon,25.0,0.0,0.3980800576,4.0,309.42,18.333333333333332,0.0,0.6666666666666667
Tamil Nadu,Erode,2011-12-01,11.3692044,77.67662687,12,Winter,14.0,1.0,0.01396388131,9.0,302.42,18.0,0.3333333333333333,-0.43999999999999995
Tamil Nadu,Erode,2012-04-01,11.3692044,77.67662687,4,Summer,50.0,0.0,0.005433380723,7.0,313.892,29.666666666666668,0.3333333333333333,2.5714285714285716
Tamil Nadu,Erode,2012-10-01,11.3692044,77.67662687,10,Post-Monsoon,20.0,0.0,0.3620120551,15.0,303.945,28.0,0.3333333333333333,-0.6
Tamil Nadu,Erode,2014-11-01,11.3692044,77.67662687,11,Post-Monsoon,7.0,0.0,0.07031989907,9.0,297.41,25.666666666666668,0.0,-0.65
Tamil Nadu,Erode,2019-02-01,11.3692044,77.67662687,2,Winter,22.0,0.0,0.004181771232,9.0,309.376,16.333333333333332,0.0,2.142857142857143
Tamil Nadu,Erode,2019-03-01,11.3692044,77.67662687,3,Summer,31.0,0.0,0.02002703379,5.0,311.68,20.0,0.0,0.40909090909090917
Tamil Nadu,Erode,2019-07-01,11.3692044,77.67662687,7,Monsoon,19.0,0.0,0.06368053727,8.0,309.90500000000003,24.0,0.0,-0.3870967741935484
Tamil Nadu,Kallakurichi,2020-12-01,11.7406259,78.9637131,12,Winter,21.0,0.0,0.489202687,10.0,299.3,21.0,0.0,0.0
Tamil Nadu,Kallakurichi,2021-11-01,11.7406259,78.9637131,11,Post-Monsoon,19.0,0.0,1.221413876,13.0,299.13,20.0,0.0,-0.09523809523809523
Tamil Nadu,Kallakurichi,2021-12-01,11.7406259,78.9637131,12,Winter,19.0,0.0,0.0474376868,12.0,300.584,19.666666666666668,0.0,0.0
Tamil Nadu,Kallakurichi,2022-04-01,11.7406259,78.9637131,4,Summer,14.0,0.0,0.3512801639,10.0,312.57,17.333333333333332,0.0,-0.26315789473684215
Tamil Nadu,Kallakurichi,2022-05-01,11.7406259,78.9637131,5,Summer,40.0,0.0,0.2016062298,12.0,306.932,24.333333333333332,0.0,1.8571428571428572
Tamil Nadu,Kancheepuram,2010-06-01,12.87960515,79.70427615,6,Monsoon,15.0,0.0,0.3288881967,10.0,308.82,15.0,0.0,0.0
Tamil Nadu,Kancheepuram,2011-03-01,12.87960515,79.70427615,3,Summer,40.0,0.0,0.0006368193414,9.0,308.59200000000004,27.5,0.0,1.6666666666666665
Tamil Nadu,Kancheepuram,2011-05-01,12.87960515,79.70427615,5,Summer,12.0,0.0,0.023009611,9.0,311.176,22.333333333333332,0.0,-0.7
Tamil Nadu,Kancheepuram,2011-10-01,12.87960515,79.70427615,10,Post-Monsoon,56.0,0.0,0.19044006792,13.5,305.808,21.166666666666668,0.0,2.2916666666666665
Tamil Nadu,Kancheepuram,2011-11-01,12.87960515,79.70427615,11,Post-Monsoon,13.0,0.0,0.05622662403,11.0,303.59200000000004,23.0,0.0,-0.7346938775510203
Tamil Nadu,Kancheepuram,2012-05-01,12.87960515,79.70427615,5,Summer,29.0,1.0,0.04848823026,5.0,309.53000000000003,30.333333333333332,0.3333333333333333,1.2307692307692308
Tamil Nadu,Kancheepuram,2013-01-01,12.87960515,79.70427615,1,Winter,17.0,0.0,0.0001887218324,9.0,302.4666666,19.666666666666668,0.3333333333333333,-0.4137931034482759
Tamil Nadu,Kancheepuram,2013-06-01,12.87960515,79.70427615,6,Monsoon,11.0,0.0,0.05041929388,8.0,312.12,19.0,0.3333333333333333,-0.3529411764705882
Tamil Nadu,Kancheepuram,2014-06-01,12.87960515,79.70427615,6,Monsoon,30.0,0.0,0.03716732033,7.0,310.9533334,19.333333333333332,0.0,1.727272727272727
Tamil Nadu,Kancheepuram,2014-08-01,12.87960515,79.70427615,8,Monsoon,69.0,0.0,0.11428523387,7.0,303.445,27.833333333333336,0.0,0.2277777777777778
Tamil Nadu,Kancheepuram,2014-10-01,12.87960515,79.70427615,10,Post-Monsoon,47.0,0.0,0.4526941122,13.0,304.1125,31.5,0.0,-0.3728878648233487
Tamil Nadu,Kancheepuram,2015-07-01,12.87960515,79.70427615,7,Monsoon,9.0,0.0,0.03157146974,10.0,309.11333340000004,18.666666666666668,0.0,-0.4375
Tamil Nadu,Kancheepuram,2015-08-01,12.87960515,79.70427615,8,Monsoon,33.0,1.0,0.1904723822,9.0,306.68,19.333333333333332,0.3333333333333333,2.6666666666666665
Tamil Nadu,Kancheepuram,2015-09-01,12.87960515,79.70427615,9,Monsoon,17.0,0.0,0.7056521456,10.0,308.5,19.666666666666668,0.3333333333333333,-0.48484848484848486
Tamil Nadu,Kancheepuram,2016-08-01,12.87960515,79.70427615,8,Monsoon,38.0,0.0,0.001497096309,9.0,307.25,29.333333333333332,0.3333333333333333,1.2352941176470589
Tamil Nadu,Kanyakumari,2012-05-01,8.079252,77.5499338,5,Summer,80.0,0.0,0.2254894541,9.0,303.445,33.5,0.0,0.4814814814814815
Tamil Nadu,Kanyakumari,2013-12-01,8.079252,77.5499338,12,Winter,17.0,1.0,0.2254894541,9.0,303.445,32.333333333333336,0.3333333333333333,-0.679245283018868
Tamil Nadu,Karur,2009-08-01,10.9301522,78.08485455,8,Monsoon,42.0,0.0,0.01174368439,4.0,309.79,42.0,0.0,0.0
Tamil Nadu,Karur,2009-09-01,10.9301522,78.08485455,9,Monsoon,26.0,0.0,0.5334647889,7.0,306.65000000000003,34.0,0.0,-0.38095238095238093
Tamil Nadu,Karur,2009-11-01,10.9301522,78.08485455,11,Post-Monsoon,17.0,0.0,0.1796470802,5.0,304.52,28.333333333333332,0.0,-0.34615384615384615
Tamil Nadu,Karur,2011-01-01,10.9301522,78.08485455,1,Winter,28.0,0.0,0.06905559809,9.0,300.47200000000004,23.666666666666668,0.0,0.6470588235294117
Tamil Nadu,Karur,2011-04-01,10.9301522,78.08485455,4,Summer,4.0,0.0,1.121350154,6.0,313.2333334,16.333333333333332,0.0,-0.8571428571428572
Tamil Nadu,Karur,2011-10-01,10.9301522,78.08485455,10,Post-Monsoon,13.0,0.0,0.1310474115,10.0,306.16400000000004,15.0,0.0,2.25
Tamil Nadu,Karur,2012-09-01,10.9301522,78.08485455,9,Monsoon,17.0,0.0,0.112516274,9.0,312.62,11.333333333333334,0.0,0.3076923076923077
Tamil Nadu,Karur,2013-01-01,10.9301522,78.08485455,1,Winter,211.0,0.0,0.00019098639253333332,7.333333333333333,307.6766666666667,44.111111111111114,0.0,1.8390004149808068
Tamil Nadu,Karur,2013-02-01,10.9301522,78.08485455,2,Winter,48.0,0.0,0.006638077823,5.0,310.565,67.66666666666667,0.0,-0.625
Tamil Nadu,Karur,2015-01-01,10.9301522,78.08485455,1,Winter,16.0,0.0,0.5549979658,11.0,302.40000000000003,64.0,0.0,-0.6666666666666667
Tamil Nadu,Karur,2019-02-01,10.9301522,78.08485455,2,Winter,12.0,0.0,0.006853667065,5.0,311.98400000000004,25.333333333333332,0.0,-0.25
Tamil Nadu,Krishnagiri,2009-06-01,12.5188835,78.2206536,6,Monsoon,5.0,0.0,0.1711496253,11.0,308.955,5.0,0.0,0.0
Tamil Nadu,Krishnagiri,2010-04-01,12.5188835,78.2206536,4,Summer,35.0,1.0,0.04607911174,7.0,309.46,20.0,0.5,5.0
Tamil Nadu,Krishnagiri,2010-05-01,12.5188835,78.2206536,5,Summer,24.0,0.0,0.1981429391,9.0,309.585,21.333333333333332,0.3333333333333333,-0.3142857142857143
Tamil Nadu,Krishnagiri,2012-04-01,12.5188835,78.2206536,4,Summer,11.0,0.0,0.003494631922,9.0,313.42400000000004,23.333333333333332,0.3333333333333333,-0.5416666666666667
Tamil Nadu,Krishnagiri,2012-05-01,12.5188835,78.2206536,5,Summer,110.0,0.0,0.04517766227,11.0,303.4358333,28.666666666666668,0.0,2.6647727272727275
Tamil Nadu,Krishnagiri,2012-12-01,12.5188835,78.2206536,12,Winter,11.0,0.0,0.07234204857,12.0,301.336,40.333333333333336,0.0,-0.8829787234042553
Tamil Nadu,Krishnagiri,2013-04-01,12.5188835,78.2206536,4,Summer,26.0,0.0,0.003534351908,7.0,312.408,43.666666666666664,0.0,1.3636363636363638
Tamil Nadu,Krishnagiri,2013-09-01,12.5188835,78.2206536,9,Monsoon,13.0,1.0,0.002749145822,9.0,305.732,16.666666666666668,0.3333333333333333,-0.5
Tamil Nadu,Krishnagiri,2013-12-01,12.5188835,78.2206536,12,Winter,19.0,0.0,0.03303856738,12.0,298.52500000000003,19.333333333333332,0.3333333333333333,0.46153846153846145
Tamil Nadu,Krishnagiri,2014-05-01,12.5188835,78.2206536,5,Summer,19.0,0.0,0.1968196772,9.0,306.79200000000003,17.0,0.3333333333333333,0.0
Tamil Nadu,Krishnagiri,2014-08-01,12.5188835,78.2206536,8,Monsoon,11.0,0.0,0.08581389102,6.0,303.445,16.333333333333332,0.0,-0.42105263157894735
Tamil Nadu,Krishnagiri,2014-09-01,12.5188835,78.2206536,9,Monsoon,10.0,0.0,0.01780704353,10.0,308.56,13.333333333333334,0.0,-0.09090909090909094
Tamil Nadu,Krishnagiri,2015-07-01,12.5188835,78.2206536,7,Monsoon,8.0,0.0,0.0661046851,9.0,305.8466666,9.666666666666666,0.0,-0.19999999999999996
Tamil Nadu,Krishnagiri,2015-08-01,12.5188835,78.2206536,8,Monsoon,17.0,0.0,0.2335807501,10.0,310.96,11.666666666666666,0.0,1.125
Tamil Nadu,Krishnagiri,2017-05-01,12.5188835,78.2206536,5,Summer,32.0,0.0,0.01496514999,9.0,312.2866666,19.0,0.0,0.8823529411764706
Tamil Nadu,Madurai,2011-01-01,9.9261153,78.1140983,1,Winter,10.0,0.0,0.007762837172,8.0,302.52500000000003,10.0,0.0,0.0
Tamil Nadu,Madurai,2011-02-01,9.9261153,78.1140983,2,Winter,15.0,1.0,0.002687165159,8.0,305.2133334,12.5,0.5,0.5
Tamil Nadu,Madurai,2011-05-01,9.9261153,78.1140983,5,Summer,9.0,0.0,0.2091158931,9.0,313.58,11.333333333333334,0.3333333333333333,-0.4
Tamil Nadu,Madurai,2012-02-01,9.9261153,78.1140983,2,Winter,12.0,0.0,6.85e-05,9.0,307.90000000000003,12.0,0.3333333333333333,0.33333333333333326
Tamil Nadu,Madurai,2012-07-01,9.9261153,78.1140983,7,Monsoon,61.0,0.0,0.1028386753,9.0,311.04,27.333333333333332,0.0,4.083333333333333
Tamil Nadu,Madurai,2012-09-01,9.9261153,78.1140983,9,Monsoon,79.0,5.0,0.08848779477,7.0,315.5666666,50.666666666666664,1.6666666666666667,0.29508196721311486
Tamil Nadu,Madurai,2013-03-01,9.9261153,78.1140983,3,Summer,11.0,0.0,0.282964712,8.0,307.7266666,50.333333333333336,1.6666666666666667,-0.8607594936708861
Tamil Nadu,Madurai,2013-09-01,9.9261153,78.1140983,9,Monsoon,12.0,0.0,0.006452685803,6.0,314.26,34.0,1.6666666666666667,0.09090909090909083
Tamil Nadu,Madurai,2014-01-01,9.9261153,78.1140983,1,Winter,45.0,0.0,0.011833386264999999,7.0,304.2025,16.166666666666668,0.0,0.5318627450980392
Tamil Nadu,Madurai,2014-07-01,9.9261153,78.1140983,7,Monsoon,20.0,0.0,0.04261313763,5.0,316.39,21.666666666666668,0.0,-0.2857142857142857
Tamil Nadu,Madurai,2014-09-01,9.9261153,78.1140983,9,Monsoon,38.0,0.0,0.0532266498,5.0,314.512,28.666666666666668,0.0,0.8999999999999999
Tamil Nadu,Madurai,2014-10-01,9.9261153,78.1140983,10,Post-Monsoon,22.0,0.0,0.4587254372,8.0,309.7366666,26.666666666666668,0.0,-0.42105263157894735
Tamil Nadu,Madurai,2015-08-01,9.9261153,78.1140983,8,Monsoon,57.0,0.0,0.042167241684999995,8.0,312.26,25.0,0.0,1.3409090909090908
Tamil Nadu,Madurai,2016-10-01,9.9261153,78.1140983,10,Post-Monsoon,35.0,0.0,0.1283348373,7.0,309.5266666,30.666666666666668,0.0,-0.23913043478260865
Tamil Nadu,Madurai,2017-07-01,9.9261153,78.1140983,7,Monsoon,82.0,0.0,0.09416109467,5.0,316.09400000000005,38.5,0.0,0.21385281385281385
Tamil Nadu,Madurai,2017-08-01,9.9261153,78.1140983,8,Monsoon,72.0,0.0,0.3622124981,6.0,303.445,51.333333333333336,0.0,0.4693877551020409
Tamil Nadu,Madurai,2017-09-01,9.9261153,78.1140983,9,Monsoon,77.0,0.0,0.01214871972,8.0,312.515,66.0,0.0,0.06944444444444442
Tamil Nadu,Madurai,2018-03-01,9.9261153,78.1140983,3,Summer,49.0,0.0,0.007711442964,9.0,315.2866666,66.0,0.0,-0.36363636363636365
Tamil Nadu,Madurai,2018-05-01,9.9261153,78.1140983,5,Summer,26.0,0.0,0.2308199901,9.0,314.46,50.666666666666664,0.0,-0.4693877551020408
Tamil Nadu,Madurai,2018-06-01,9.9261153,78.1140983,6,Monsoon,30.0,0.0,0.08342478546,7.0,309.44,35.0,0.0,0.15384615384615374
Tamil Nadu,Madurai,2018-07-01,9.9261153,78.1140983,7,Monsoon,84.0,0.0,0.16882211257000002,6.5,310.754,31.666666666666664,0.0,0.9333333333333333
Tamil Nadu,Madurai,2018-08-01,9.9261153,78.1140983,8,Monsoon,120.0,0.0,0.136954351,5.0,311.7,68.0,0.0,0.875
Tamil Nadu,Madurai,2019-02-01,9.9261153,78.1140983,2,Winter,41.0,0.0,0.1070984761,5.0,307.46500000000003,75.0,0.0,-0.6583333333333333
Tamil Nadu,Madurai,2019-03-01,9.9261153,78.1140983,3,Summer,39.0,0.0,0.006165418869,5.0,316.66400000000004,66.66666666666667,0.0,-0.04878048780487809
Tamil Nadu,Madurai,2019-05-01,9.9261153,78.1140983,5,Summer,79.0,0.0,0.03958777948,5.0,314.96500000000003,53.0,0.0,1.0256410256410255
Tamil Nadu,Madurai,2019-08-01,9.9261153,78.1140983,8,Monsoon,32.0,0.0,0.004243494,4.0,316.54,50.0,0.0,-0.5949367088607596
Tamil Nadu,Madurai,2019-10-01,9.9261153,78.1140983,10,Post-Monsoon,80.0,0.0,0.3511513506,5.0,300.66,63.666666666666664,0.0,1.5
Tamil Nadu,Madurai,2019-11-01,9.9261153,78.1140983,11,Post-Monsoon,115.0,0.0,0.42072783686666665,10.333333333333334,301.99,47.888888888888886,0.0,-0.10614207221350073
Tamil Nadu,Madurai,2021-10-01,9.9261153,78.1140983,10,Post-Monsoon,21.0,0.0,0.2064460402,9.0,310.44,29.0,0.0,-0.475
Tamil Nadu,Nagapattinam,2017-05-01,10.8056276,79.82465978,5,Summer,23.0,0.0,0.1958682632,9.0,313.82,23.0,0.0,0.0
Tamil Nadu,Nagapattinam,2019-03-01,10.8056276,79.82465978,3,Summer,166.0,0.0,0.01486379149,8.0,308.78400000000005,94.5,0.0,5.0
Tamil Nadu,Nagapattinam,2020-04-01,10.8056276,79.82465978,4,Summer,11.0,0.0,0.02148075123,9.0,313.475,66.66666666666667,0.0,-0.9337349397590361
Tamil Nadu,Nagercoil,2015-04-01,8.1880471,77.4290492,4,Summer,14.0,0.0,0.06234778461,8.0,308.112,14.0,0.0,0.0
Tamil Nadu,Nagercoil,2016-12-01,8.1880471,77.4290492,12,Winter,12.0,0.0,0.1764551993,16.0,304.98,13.0,0.0,-0.1428571428571429
Tamil Nadu,Nagercoil,2017-04-01,8.1880471,77.4290492,4,Summer,18.0,0.0,0.008152987262,8.0,314.47200000000004,14.666666666666666,0.0,0.5
Tamil Nadu,Namakkal,2009-06-01,11.28422485,78.16615284,6,Monsoon,120.0,0.0,0.14691937654999998,6.0,312.1613333,66.0,0.0,-0.16666666666666669
Tamil Nadu,Namakkal,2009-09-01,11.28422485,78.16615284,9,Monsoon,32.0,0.0,0.2588042895,7.0,308.22400000000005,50.666666666666664,0.0,-0.33333333333333337
Tamil Nadu,Namakkal,2010-07-01,11.28422485,78.16615284,7,Monsoon,21.0,0.0,0.06997262745,9.0,307.19,33.666666666666664,0.0,-0.34375
Tamil Nadu,Namakkal,2011-02-01,11.28422485,78.16615284,2,Winter,16.0,0.0,0.0005447172178,8.0,305.6366666,23.0,0.0,-0.23809523809523814
Tamil Nadu,Namakkal,2013-01-01,11.28422485,78.16615284,1,Winter,47.0,0.0,4.94e-05,6.0,309.1366666,28.0,0.0,1.9375
Tamil Nadu,Namakkal,2013-10-01,11.28422485,78.16615284,10,Post-Monsoon,34.0,0.0,0.0475826547,9.0,309.264,32.333333333333336,0.0,-0.276595744680851
Tamil Nadu,Namakkal,2014-06-01,11.28422485,78.16615284,6,Monsoon,64.0,0.0,0.02587236356,5.0,311.83,48.333333333333336,0.0,0.8823529411764706
Tamil Nadu,Namakkal,2015-03-01,11.28422485,78.16615284,3,Summer,5.0,0.0,0.100397294,6.0,312.75,34.333333333333336,0.0,-0.921875
Tamil Nadu,Namakkal,2015-09-01,11.28422485,78.16615284,9,Monsoon,11.0,0.0,0.02088359924,6.0,313.495,26.666666666666668,0.0,1.2000000000000002
Tamil Nadu,Namakkal,2016-02-01,11.28422485,78.16615284,2,Winter,16.0,0.0,8.1e-05,7.0,307.796,10.666666666666666,0.0,0.4545454545454546
Tamil Nadu,Perambalur,2009-10-01,11.2287716,78.81825555,10,Post-Monsoon,24.0,0.0,0.01342844467,6.0,307.264,24.0,0.0,0.0
Tamil Nadu,Perambalur,2009-11-01,11.2287716,78.81825555,11,Post-Monsoon,15.0,0.0,0.3929613565,9.0,301.0933334,19.5,0.0,-0.375
Tamil Nadu,Perambalur,2009-12-01,11.2287716,78.81825555,12,Winter,18.0,0.0,0.28373793,9.0,301.755,19.0,0.0,0.19999999999999996
Tamil Nadu,Perambalur,2010-04-01,11.2287716,78.81825555,4,Summer,17.0,0.0,0.02047602677,5.0,313.54,16.666666666666668,0.0,-0.05555555555555558
Tamil Nadu,Perambalur,2010-05-01,11.2287716,78.81825555,5,Summer,25.0,0.0,0.09829214322,9.0,313.14,20.0,0.0,0.47058823529411775
Tamil Nadu,Perambalur,2011-05-01,11.2287716,78.81825555,5,Summer,32.0,0.0,0.1562797557,8.0,310.3433334,24.666666666666668,0.0,0.28
Tamil Nadu,Perambalur,2011-08-01,11.2287716,78.81825555,8,Monsoon,42.0,0.0,0.05254854861,6.0,307.9533334,23.5,0.0,0.7562500000000001
Tamil Nadu,Perambalur,2011-11-01,11.2287716,78.81825555,11,Post-Monsoon,24.0,0.0,0.05385096547,13.0,303.736,22.0,0.0,-0.25
Tamil Nadu,Perambalur,2012-03-01,11.2287716,78.81825555,3,Summer,112.0,0.0,0.03909132243176,7.8,310.80233332,24.133333333333333,0.0,0.32148033126293996
Tamil Nadu,Perambalur,2012-05-01,11.2287716,78.81825555,5,Summer,13.0,0.0,0.1577435245,9.0,309.90500000000003,15.0,0.0,-0.40909090909090906
Tamil Nadu,Perambalur,2013-10-01,11.2287716,78.81825555,10,Post-Monsoon,12.0,0.0,0.38604976,9.0,306.34000000000003,15.666666666666666,0.0,-0.07692307692307687
Tamil Nadu,Perambalur,2014-11-01,11.2287716,78.81825555,11,Post-Monsoon,11.0,0.0,0.1652418715,5.0,300.5933334,12.0,0.0,-0.08333333333333337
Tamil Nadu,Perambalur,2015-01-01,11.2287716,78.81825555,1,Winter,22.0,0.0,0.0263399782,9.0,304.196,15.0,0.0,1.0
Tamil Nadu,Perambalur,2017-11-01,11.2287716,78.81825555,11,Post-Monsoon,4.0,0.0,0.3540646967,9.0,303.48,12.333333333333334,0.0,-0.8181818181818181
Tamil Nadu,Perambalur,2018-04-01,11.2287716,78.81825555,4,Summer,8.0,0.0,0.005058819012,5.0,314.836,11.333333333333334,0.0,1.0
Tamil Nadu,Perambalur,2019-10-01,11.2287716,78.81825555,10,Post-Monsoon,22.0,0.0,0.1930179447,9.0,307.28000000000003,11.333333333333334,0.0,1.75
Tamil Nadu,Perambalur,2021-03-01,11.2287716,78.81825555,3,Summer,28.0,0.0,0.0007425420286,9.0,310.0666666,15.666666666666668,0.0,-0.18181818181818182
Tamil Nadu,Pudukkottai,2009-11-01,10.5,78.833333,11,Post-Monsoon,8.0,0.0,0.7379969291,9.0,305.5,8.0,0.0,0.0
Tamil Nadu,Pudukkottai,2010-07-01,10.5,78.833333,7,Monsoon,32.0,0.0,0.3626294376,9.0,310.21,20.0,0.0,3.0
Tamil Nadu,Pudukkottai,2010-08-01,10.5,78.833333,8,Monsoon,41.0,0.0,0.2143385869,7.0,310.75,27.0,0.0,0.28125
Tamil Nadu,Pudukkottai,2013-02-01,10.5,78.833333,2,Winter,46.0,0.0,0.046527868145,8.0,304.60749999999996,30.666666666666668,0.0,-0.2489837398373984
Tamil Nadu,Pudukkottai,2014-09-01,10.5,78.833333,9,Monsoon,18.0,0.0,0.05216851253,9.0,312.3066666,21.333333333333332,0.0,-0.18181818181818177
Tamil Nadu,Pudukkottai,2015-09-01,10.5,78.833333,9,Monsoon,27.0,0.0,0.1439393646,9.0,309.3066666,22.333333333333332,0.0,0.5
Tamil Nadu,Pudukkottai,2016-09-01,10.5,78.833333,9,Monsoon,15.0,0.0,0.01512466229,9.0,308.6733334,20.0,0.0,-0.4444444444444444
Tamil Nadu,Pudukkottai,2018-07-01,10.5,78.833333,7,Monsoon,73.0,0.0,0.04202111823,9.0,309.38,38.333333333333336,0.0,3.8666666666666663
Tamil Nadu,Pudukkottai,2018-09-01,10.5,78.833333,9,Monsoon,25.0,0.0,0.02749093974,8.0,311.395,37.666666666666664,0.0,-0.6575342465753424
Tamil Nadu,Pudukkottai,2022-03-01,10.5,78.833333,3,Summer,15.0,0.0,0.06721439309,9.0,306.37,37.666666666666664,0.0,-0.4
Tamil Nadu,Pudukottai,2012-03-01,10.3826515,78.8191259,3,Summer,64.0,0.0,0.091436118,8.0,306.005,64.0,0.0,0.0
Tamil Nadu,Pudukottai,2012-05-01,10.3826515,78.8191259,5,Summer,92.0,0.0,0.16955014027499998,8.25,307.41425,31.458333333333336,0.0,-0.10934606481481482
Tamil Nadu,Pudukottai,2012-06-01,10.3826515,78.8191259,6,Monsoon,15.0,1.0,0.2128374253,7.0,315.72,20.0,0.3333333333333333,-0.4444444444444444
Tamil Nadu,Pudukottai,2012-07-01,10.3826515,78.8191259,7,Monsoon,30.0,0.0,0.1325257191,6.0,314.34000000000003,24.0,0.3333333333333333,1.0
Tamil Nadu,Pudukottai,2012-09-01,10.3826515,78.8191259,9,Monsoon,22.0,0.0,0.05871243898,8.0,307.75,22.333333333333332,0.3333333333333333,-0.2666666666666667
Tamil Nadu,Pudukottai,2014-08-01,10.3826515,78.8191259,8,Monsoon,46.0,0.0,0.244373011,7.0,308.06,32.666666666666664,0.0,1.0909090909090908
Tamil Nadu,Pudukottai,2014-09-01,10.3826515,78.8191259,9,Monsoon,38.0,0.0,0.02296332081,9.0,312.9466666,28.166666666666664,0.0,-0.1975703324808184
Tamil Nadu,Pudukottai,2019-02-01,10.3826515,78.8191259,2,Winter,25.0,0.0,0.02520112055,8.0,304.52500000000003,21.0,0.0,0.19047619047619047
Tamil Nadu,Pudukottai,2019-09-01,10.3826515,78.8191259,9,Monsoon,20.0,0.0,0.8883258545,9.0,311.5,22.0,0.0,-0.19999999999999996
Tamil Nadu,Pudukottai,2021-02-01,10.3826515,78.8191259,2,Winter,41.0,0.0,0.07038244234,7.0,302.62,28.666666666666668,0.0,1.0499999999999998
Tamil Nadu,Pudukottai,2021-10-01,10.3826515,78.8191259,10,Post-Monsoon,20.0,0.0,0.3938476267,10.0,304.16,27.0,0.0,-0.5121951219512195
Tamil Nadu,Pudukottai,2022-01-01,10.3826515,78.8191259,1,Winter,16.0,0.0,0.1074129745,12.0,300.7666666,17.5,0.0,-0.3
Tamil Nadu,Ramanathapuram,2009-09-01,9.3895523,78.85907072,9,Monsoon,93.0,0.0,0.2254894541,5.5,311.12,47.75,0.0,-0.05102040816326531
Tamil Nadu,Ramanathapuram,2010-01-01,9.3895523,78.85907072,1,Winter,26.0,1.0,0.2254894541,9.0,301.73,39.666666666666664,0.3333333333333333,-0.40909090909090906
Tamil Nadu,Ramanathapuram,2010-03-01,9.3895523,78.85907072,3,Summer,46.0,0.0,0.2254894541,9.0,307.8833334,38.666666666666664,0.3333333333333333,0.7692307692307692
Tamil Nadu,Ramanathapuram,2010-05-01,9.3895523,78.85907072,5,Summer,38.0,0.0,0.2254894541,5.0,308.265,36.666666666666664,0.3333333333333333,-0.17391304347826086
Tamil Nadu,Ramanathapuram,2010-09-01,9.3895523,78.85907072,9,Monsoon,18.0,0.0,0.2254894541,6.0,312.59000000000003,34.0,0.0,-0.5263157894736843
Tamil Nadu,Ramanathapuram,2011-08-01,9.3895523,78.85907072,8,Monsoon,17.0,0.0,0.2254894541,5.0,311.32,24.333333333333332,0.0,-0.05555555555555558
Tamil Nadu,Ramanathapuram,2011-11-01,9.3895523,78.85907072,11,Post-Monsoon,20.0,0.0,0.2254894541,9.0,304.084,18.333333333333332,0.0,0.17647058823529416
Tamil Nadu,Ramanathapuram,2012-01-01,9.3895523,78.85907072,1,Winter,30.0,0.0,0.2254894541,11.0,299.84000000000003,22.333333333333332,0.0,0.5
Tamil Nadu,Ramanathapuram,2012-02-01,9.3895523,78.85907072,2,Winter,50.0,2.0,0.2254894541,8.0,304.6925,28.333333333333336,0.3333333333333333,-0.20833333333333337
Tamil Nadu,Ramanathapuram,2012-07-01,9.3895523,78.85907072,7,Monsoon,22.0,0.0,0.2254894541,9.0,313.63,24.0,0.6666666666666666,1.2000000000000002
Tamil Nadu,Ramanathapuram,2012-08-01,9.3895523,78.85907072,8,Monsoon,31.0,0.0,0.2254894541,4.0,314.74,21.0,0.6666666666666666,0.40909090909090917
Tamil Nadu,Ramanathapuram,2012-09-01,9.3895523,78.85907072,9,Monsoon,66.0,0.0,0.2254894541,4.5,312.656,33.16666666666667,0.0,-0.036208031599736734
Tamil Nadu,Ramanathapuram,2012-10-01,9.3895523,78.85907072,10,Post-Monsoon,17.0,0.0,0.2254894541,5.0,313.67,27.666666666666668,0.0,0.0
Tamil Nadu,Ramanathapuram,2012-12-01,9.3895523,78.85907072,12,Winter,56.0,0.0,0.2254894541,4.0,301.3872222,16.88888888888889,0.0,0.16946778711484592
Tamil Nadu,Ramanathapuram,2013-01-01,9.3895523,78.85907072,1,Winter,30.0,0.0,0.2254894541,9.0,300.664,18.666666666666664,0.0,-0.2
Tamil Nadu,Ramanathapuram,2013-03-01,9.3895523,78.85907072,3,Summer,41.0,0.0,0.2254894541,9.0,307.0733333,19.5,0.0,0.19462365591397857
Tamil Nadu,Ramanathapuram,2013-11-01,9.3895523,78.85907072,11,Post-Monsoon,12.0,0.0,0.2254894541,6.0,302.42,17.666666666666668,0.0,0.19999999999999996
Tamil Nadu,Ramanathapuram,2014-02-01,9.3895523,78.85907072,2,Winter,15.0,0.0,0.2254894541,7.0,307.436,12.333333333333334,0.0,0.25
Tamil Nadu,Ramanathapuram,2014-03-01,9.3895523,78.85907072,3,Summer,20.0,0.0,0.2254894541,7.5,307.395,11.833333333333332,0.0,-0.08888888888888885
Tamil Nadu,Ramanathapuram,2014-06-01,9.3895523,78.85907072,6,Monsoon,12.0,0.0,0.2254894541,7.0,308.9833334,10.666666666666666,0.0,0.09090909090909083
Tamil Nadu,Ramanathapuram,2014-10-01,9.3895523,78.85907072,10,Post-Monsoon,11.0,0.0,0.2254894541,6.0,306.67,11.333333333333334,0.0,-0.08333333333333337
Tamil Nadu,Ramanathapuram,2015-03-01,9.3895523,78.85907072,3,Summer,12.0,0.0,0.2254894541,9.0,308.208,11.666666666666666,0.0,0.09090909090909083
Tamil Nadu,Ramanathapuram,2015-06-01,9.3895523,78.85907072,6,Monsoon,12.0,0.0,0.2254894541,8.0,312.6733334,11.666666666666666,0.0,0.0
Tamil Nadu,Ramanathapuram,2016-01-01,9.3895523,78.85907072,1,Winter,5.0,0.0,0.2254894541,13.0,301.76,9.666666666666666,0.0,-0.5833333333333333
Tamil Nadu,Ramanathapuram,2016-11-01,9.3895523,78.85907072,11,Post-Monsoon,24.0,0.0,0.2254894541,9.0,301.7933334,13.666666666666666,0.0,3.8
Tamil Nadu,Ramanathapuram,2017-02-01,9.3895523,78.85907072,2,Winter,13.0,0.0,0.2254894541,6.0,307.616,14.0,0.0,-0.45833333333333337
Tamil Nadu,Ramanathapuram,2018-04-01,9.3895523,78.85907072,4,Summer,43.0,0.0,0.2254894541,7.0,310.87,18.833333333333336,0.0,0.34423076923076923
Tamil Nadu,Ramanathapuram,2018-06-01,9.3895523,78.85907072,6,Monsoon,21.0,0.0,0.2254894541,4.5,314.7533333,16.0,0.0,-0.1376811594202899
Tamil Nadu,Ramanathapuram,2018-07-01,9.3895523,78.85907072,7,Monsoon,15.0,0.0,0.2254894541,5.0,315.1,12.0,0.0,0.25
Tamil Nadu,Ramanathapuram,2019-02-01,9.3895523,78.85907072,2,Winter,21.0,0.0,0.2254894541,7.0,306.29,16.0,0.0,0.3999999999999999
Tamil Nadu,Ramanathapuram,2019-03-01,9.3895523,78.85907072,3,Summer,44.0,0.0,0.2254894541,7.5,309.732,20.0,0.0,0.1102756892230577
Tamil Nadu,Ramanathapuram,2021-10-01,9.3895523,78.85907072,10,Post-Monsoon,5.0,0.0,0.2254894541,7.0,307.32,16.333333333333332,0.0,-0.8
Tamil Nadu,Ramanathapuram Paramakudi,2020-10-01,9.4684575,78.7462095,10,Post-Monsoon,21.0,0.0,0.1927879139,9.0,303.445,21.0,0.0,0.0
Tamil Nadu,Ramanathapuram ��������������������������������������������������������������������������������������������������������������������������������������������������������������������������������������������������������������������������������������������������� Paramakudi,2016-09-01,9.4684575,78.7462095,9,Monsoon,99.0,0.0,0.05448286421,5.0,312.96,99.0,0.0,0.0
Tamil Nadu,Ramanathapuram- Paramakudi,2016-02-01,9.4684575,78.7462095,2,Winter,18.0,0.0,0.03950816745,9.0,307.74,18.0,0.0,0.0
Tamil Nadu,Ramanathapuram- Paramakudi,2016-07-01,9.4684575,78.7462095,7,Monsoon,17.0,0.0,0.2001215612,4.0,316.54,17.5,0.0,-0.05555555555555558
Tamil Nadu,Ramanathapuram- Paramakudi,2017-03-01,9.4684575,78.7462095,3,Summer,49.0,1.0,0.2112541014,6.0,309.94,28.0,0.3333333333333333,1.8823529411764706
Tamil Nadu,Ramanathapuram-Paramakudi,2017-01-01,9.4684575,78.7462095,1,Winter,65.0,0.0,0.0001585142489,6.0,308.89,65.0,0.0,0.0
Tamil Nadu,Ramanathapuram-Paramakudi,2017-03-01,9.4684575,78.7462095,3,Summer,14.0,1.0,0.2280513671,5.0,312.12,39.5,0.5,-0.7846153846153846
Tamil Nadu,Saidapet,2011-10-01,13.020817,80.2239536,10,Post-Monsoon,5.0,0.0,0.04185250031,11.0,307.22,5.0,0.0,0.0
Tamil Nadu,Salem,2009-06-01,11.0600516,77.0679581,6,Monsoon,16.0,0.0,0.1693351768,5.0,310.86,16.0,0.0,0.0
Tamil Nadu,Salem,2009-07-01,11.0600516,77.0679581,7,Monsoon,103.0,0.0,0.4026352124333334,6.333333333333333,302.76,21.88888888888889,0.0,0.8472222222222222
Tamil Nadu,Salem,2009-08-01,11.0600516,77.0679581,8,Monsoon,46.0,0.0,0.21783875865,8.5,308.7533333,38.166666666666664,0.0,-0.39343283582089555
Tamil Nadu,Salem,2010-05-01,11.0600516,77.0679581,5,Summer,96.0,0.0,0.24197561725,8.0,310.35333330000003,40.83333333333333,0.0,1.037746806039489
Tamil Nadu,Salem,2010-09-01,11.0600516,77.0679581,9,Monsoon,53.0,0.0,0.29623752975,8.0,305.8425,33.0,0.0,0.5071428571428571
Tamil Nadu,Salem,2011-05-01,11.0600516,77.0679581,5,Summer,13.0,0.0,0.1690344056,10.0,303.44,22.0,0.0,-0.2777777777777778
Tamil Nadu,Salem,2011-06-01,11.0600516,77.0679581,6,Monsoon,60.0,0.0,0.08771809858,10.0,302.875,30.333333333333332,0.0,3.615384615384615
Tamil Nadu,Salem,2011-07-01,11.0600516,77.0679581,7,Monsoon,66.0,0.0,0.49340181525,8.5,306.3733333,34.5,0.0,2.0666666666666664
Tamil Nadu,Salem,2011-12-01,11.0600516,77.0679581,12,Winter,15.0,0.0,0.1249275227,10.0,301.82,27.0,0.0,-0.7413793103448276
Tamil Nadu,Salem,2012-01-01,11.0600516,77.0679581,1,Winter,9.0,0.0,0.01085998228,9.0,302.22400000000005,27.333333333333332,0.0,-0.4
Tamil Nadu,Salem,2012-05-01,11.0600516,77.0679581,5,Summer,36.0,0.0,0.10322987663333333,8.333333333333334,308.20133333333337,11.333333333333334,0.0,0.164983164983165
Tamil Nadu,Salem,2012-06-01,11.0600516,77.0679581,6,Monsoon,16.0,0.0,0.1627695047,8.0,308.545,13.666666666666666,0.0,0.1428571428571428
Tamil Nadu,Salem,2012-08-01,11.0600516,77.0679581,8,Monsoon,173.0,0.0,0.6720222261275,8.5,303.93125,39.58333333333333,0.0,0.5553805986218776
Tamil Nadu,Salem,2012-11-01,11.0600516,77.0679581,11,Post-Monsoon,15.0,0.0,0.3881372966,10.0,303.745,25.0,0.0,-0.5
Tamil Nadu,Salem,2013-12-01,11.0600516,77.0679581,12,Winter,17.0,0.0,0.01032229399,8.0,301.30400000000003,20.666666666666668,0.0,0.1333333333333333
Tamil Nadu,Salem,2014-07-01,11.0600516,77.0679581,7,Monsoon,20.0,0.0,0.0728804288,6.0,302.7133334,17.333333333333332,0.0,0.17647058823529416
Tamil Nadu,Salem,2014-08-01,11.0600516,77.0679581,8,Monsoon,150.0,0.0,0.7223715104,9.0,308.92,62.333333333333336,0.0,5.0
Tamil Nadu,Salem,2015-06-01,11.0600516,77.0679581,6,Monsoon,26.0,0.0,0.21497844515,10.0,304.95166670000003,60.166666666666664,0.0,-0.5833333333333334
Tamil Nadu,Salem,2015-11-01,11.0600516,77.0679581,11,Post-Monsoon,20.0,0.0,0.4925684909,4.0,301.12,15.333333333333334,0.0,0.8181818181818181
Tamil Nadu,Salem,2016-04-01,11.0600516,77.0679581,4,Summer,19.0,0.0,0.06672174128,9.0,309.768,16.666666666666668,0.0,-0.050000000000000044
Tamil Nadu,Salem,2017-02-01,11.0600516,77.0679581,2,Winter,20.0,4.0,0.00044786498854999996,7.0,310.84749999999997,13.666666666666668,1.3333333333333333,1.1052631578947367
Tamil Nadu,Salem,2017-03-01,11.0600516,77.0679581,3,Summer,14.0,0.0,0.02025262231,8.0,314.1,11.333333333333334,1.3333333333333333,-0.125
Tamil Nadu,Salem,2017-04-01,11.0600516,77.0679581,4,Summer,16.0,0.0,0.0191757263,6.0,311.445,15.333333333333334,0.0,0.1428571428571428
Tamil Nadu,Salem,2017-06-01,11.0600516,77.0679581,6,Monsoon,18.0,0.0,0.1453390936,7.0,308.7,16.0,0.0,0.125
Tamil Nadu,Salem,2017-08-01,11.0600516,77.0679581,8,Monsoon,25.0,0.0,0.7634166473,9.0,310.64,19.666666666666668,0.0,0.38888888888888884
Tamil Nadu,Salem,2018-02-01,11.0600516,77.0679581,2,Winter,48.0,0.0,0.3704065416,9.0,305.264,30.333333333333332,0.0,0.9199999999999999
Tamil Nadu,Salem,2018-07-01,11.0600516,77.0679581,7,Monsoon,45.0,0.0,0.372596741,4.0,302.48,39.333333333333336,0.0,-0.0625
Tamil Nadu,Salem,2019-01-01,11.0600516,77.0679581,1,Winter,83.0,0.0,0.07573510553,7.0,301.56,58.666666666666664,0.0,0.8444444444444446
Tamil Nadu,Salem,2021-08-01,11.0600516,77.0679581,8,Monsoon,23.0,0.0,0.6687287045,9.0,305.96,50.333333333333336,0.0,-0.7228915662650602
Tamil Nadu,Salem,2021-10-01,11.0600516,77.0679581,10,Post-Monsoon,36.0,0.0,0.7678714966,9.0,307.8,47.333333333333336,0.0,0.5652173913043479
Tamil Nadu,Salem,2021-11-01,11.0600516,77.0679581,11,Post-Monsoon,13.0,0.0,0.419424465,10.0,299.325,24.0,0.0,-0.6388888888888888
Tamil Nadu,Sivaganga,2010-04-01,9.851231,78.53047155,4,Summer,13.0,0.0,0.09213108734,4.0,317.03000000000003,13.0,0.0,0.0
Tamil Nadu,Sivaganga,2010-10-01,9.851231,78.53047155,10,Post-Monsoon,30.0,0.0,0.616651917,10.0,308.625,21.5,0.0,1.3076923076923075
Tamil Nadu,Sivaganga,2011-05-01,9.851231,78.53047155,5,Summer,22.0,0.0,0.187793751,8.0,311.645,21.666666666666668,0.0,-0.2666666666666667
Tamil Nadu,Sivaganga,2011-11-01,9.851231,78.53047155,11,Post-Monsoon,6.0,0.0,0.2603008803,10.0,304.4533334,19.333333333333332,0.0,-0.7272727272727273
Tamil Nadu,Sivaganga,2013-07-01,9.851231,78.53047155,7,Monsoon,17.0,0.0,0.1589887735,9.0,313.92,15.0,0.0,1.8333333333333335
Tamil Nadu,Sivaganga,2013-11-01,9.851231,78.53047155,11,Post-Monsoon,15.0,0.0,0.07244195142,8.0,308.62,12.666666666666666,0.0,-0.11764705882352944
Tamil Nadu,Sivaganga,2014-12-01,9.851231,78.53047155,12,Winter,25.0,0.0,0.06946399162,5.0,297.7733334,19.0,0.0,0.6666666666666667
Tamil Nadu,Sivaganga,2015-02-01,9.851231,78.53047155,2,Winter,70.0,0.0,0.011110418293000001,8.0,305.5122222666667,23.888888888888886,0.0,-0.044444444444444474
Tamil Nadu,Sivaganga,2015-03-01,9.851231,78.53047155,3,Summer,10.0,0.0,0.07480465741,9.0,310.0866666,16.666666666666668,0.0,-0.5
Tamil Nadu,Sivaganga,2015-09-01,9.851231,78.53047155,9,Monsoon,21.0,0.0,0.2748594806,8.0,303.445,17.0,0.0,1.1
Tamil Nadu,Sivaganga,2016-12-01,9.851231,78.53047155,12,Winter,19.0,0.0,0.02638827419,8.0,306.08,16.666666666666668,0.0,-0.09523809523809523
Tamil Nadu,Sivaganga,2017-04-01,9.851231,78.53047155,4,Summer,23.0,0.0,0.0009406631337,5.0,314.7966666,21.0,0.0,0.21052631578947367
Tamil Nadu,Sivaganga,2017-07-01,9.851231,78.53047155,7,Monsoon,19.0,0.0,0.1272849679,9.0,311.7,20.333333333333332,0.0,-0.17391304347826086
Tamil Nadu,Sivaganga,2018-03-01,9.851231,78.53047155,3,Summer,10.0,0.0,0.01019267569,5.0,315.09200000000004,17.333333333333332,0.0,-0.4736842105263158
Tamil Nadu,Sivaganga,2018-07-01,9.851231,78.53047155,7,Monsoon,20.0,0.0,0.1954551777,7.0,310.38,16.333333333333332,0.0,1.0
Tamil Nadu,Sivaganga,2018-08-01,9.851231,78.53047155,8,Monsoon,11.0,0.0,0.07232866875,9.0,315.25333340000003,13.666666666666666,0.0,-0.44999999999999996
Tamil Nadu,Sivaganga,2018-09-01,9.851231,78.53047155,9,Monsoon,70.0,0.0,0.22861801285,8.0,310.4525,25.5,0.0,1.2172949002217295
Tamil Nadu,Sivaganga,2020-02-01,9.851231,78.53047155,2,Winter,13.0,0.0,0.01681857719,9.0,307.356,27.666666666666668,0.0,-0.5517241379310345
Tamil Nadu,Sivaganga,2021-09-01,9.851231,78.53047155,9,Monsoon,13.0,0.0,0.07165945303,9.0,309.6533334,18.333333333333332,0.0,0.0
Tamil Nadu,Tenkasi,2022-05-01,9.0318958,77.36536125,5,Summer,19.0,0.0,0.4864043787,7.0,314.98,19.0,0.0,0.0
Tamil Nadu,Tenkasi (Tirunelveli),2020-06-01,8.9707606,77.3036864,6,Monsoon,25.0,0.0,0.9300106017,9.0,304.92,25.0,0.0,0.0
Tamil Nadu,Thanjavur,2009-07-01,10.7860267,79.1381497,7,Monsoon,32.0,0.0,0.137618034,9.0,312.97,32.0,0.0,0.0
Tamil Nadu,Thanjavur,2010-12-01,10.7860267,79.1381497,12,Winter,4.0,1.0,1.911279191,7.0,300.36,18.0,0.5,-0.875
Tamil Nadu,Thanjavur,2011-01-01,10.7860267,79.1381497,1,Winter,66.0,2.0,0.009439082476,9.0,303.0133334,34.0,1.0,5.0
Tamil Nadu,Thanjavur,2011-02-01,10.7860267,79.1381497,2,Winter,18.0,0.0,0.01659719939,8.0,305.6433334,29.333333333333332,1.0,-0.7272727272727273
Tamil Nadu,Thanjavur,2011-06-01,10.7860267,79.1381497,6,Monsoon,25.0,0.0,0.09185294468,6.0,310.8666666,36.333333333333336,0.6666666666666666,0.38888888888888884
Tamil Nadu,Thanjavur,2011-10-01,10.7860267,79.1381497,10,Post-Monsoon,20.0,0.0,0.05761341603,12.0,305.0966666,21.0,0.0,-0.19999999999999996
Tamil Nadu,Thanjavur,2011-12-01,10.7860267,79.1381497,12,Winter,32.0,0.0,0.05632934196,9.0,300.37,25.666666666666668,0.0,0.6000000000000001
Tamil Nadu,Thanjavur,2012-03-01,10.7860267,79.1381497,3,Summer,51.0,0.0,0.0003521894186,7.75,310.23483335000003,17.666666666666668,0.0,-0.20550986842105265
Tamil Nadu,Thanjavur,2012-05-01,10.7860267,79.1381497,5,Summer,72.0,0.0,0.1342329424,7.0,311.07,31.333333333333332,0.0,5.0
Tamil Nadu,Thanjavur,2012-09-01,10.7860267,79.1381497,9,Monsoon,67.0,0.0,0.10977229332999999,8.5,309.0475,43.66666666666667,0.0,-0.46875000000000006
Tamil Nadu,Thanjavur,2012-10-01,10.7860267,79.1381497,10,Post-Monsoon,65.0,0.0,0.6264695704,9.0,309.9666666,44.0,0.0,2.4210526315789473
Tamil Nadu,Thanjavur,2013-07-01,10.7860267,79.1381497,7,Monsoon,45.0,2.0,0.08412576544,4.0,303.445,43.0,0.6666666666666666,-0.3076923076923077
Tamil Nadu,Thanjavur,2013-11-01,10.7860267,79.1381497,11,Post-Monsoon,18.0,0.0,0.002248812803,11.0,304.9533334,42.666666666666664,0.6666666666666666,-0.6
Tamil Nadu,Thanjavur,2014-09-01,10.7860267,79.1381497,9,Monsoon,28.0,0.0,0.2006695863,7.0,307.11,30.333333333333332,0.6666666666666666,0.5555555555555556
Tamil Nadu,Thanjavur,2014-10-01,10.7860267,79.1381497,10,Post-Monsoon,86.0,0.0,0.4247855229,8.0,302.4066666,44.0,0.0,2.0714285714285716
Tamil Nadu,Thanjavur,2015-09-01,10.7860267,79.1381497,9,Monsoon,41.0,0.0,0.078665023515,7.5,313.415,43.833333333333336,0.0,-0.4402748414376321
Tamil Nadu,Thanjavur,2016-06-01,10.7860267,79.1381497,6,Monsoon,15.0,0.0,0.4507535239,8.0,313.17,18.666666666666668,0.0,-0.21052631578947367
Tamil Nadu,Thanjavur,2016-09-01,10.7860267,79.1381497,9,Monsoon,56.0,0.0,0.06720439713,8.0,311.56,30.0,0.0,2.7333333333333334
Tamil Nadu,Thanjavur,2018-04-01,10.7860267,79.1381497,4,Summer,68.0,0.0,0.007168373219,6.0,313.145,46.333333333333336,0.0,0.2142857142857142
Tamil Nadu,Thanjavur,2018-07-01,10.7860267,79.1381497,7,Monsoon,10.0,0.0,0.03713612888,9.0,313.2,44.666666666666664,0.0,-0.8529411764705882
Tamil Nadu,Thanjavur,2018-08-01,10.7860267,79.1381497,8,Monsoon,15.0,0.0,0.126728941,6.0,310.33,31.0,0.0,0.5
Tamil Nadu,Thanjavur,2020-02-01,10.7860267,79.1381497,2,Winter,61.0,0.0,0.01945987739,9.0,308.735,28.666666666666668,0.0,3.0666666666666664
Tamil Nadu,Thanjavur,2020-07-01,10.7860267,79.1381497,7,Monsoon,57.0,0.0,0.2544956103,7.0,311.48,44.333333333333336,0.0,-0.06557377049180324
Tamil Nadu,Thanjavur,2022-06-01,10.7860267,79.1381497,6,Monsoon,9.0,0.0,0.1644044216,9.0,310.305,42.333333333333336,0.0,-0.8421052631578947
Tamil Nadu,The Nilgiris,2019-06-01,11.4,76.7,6,Monsoon,16.0,0.0,1.149095645,18.0,301.55333340000004,16.0,0.0,0.0
Tamil Nadu,Theni,2009-07-01,9.9696643,77.47420049,7,Monsoon,60.0,0.0,0.16014008935500001,4.0,315.10333330000003,40.0,0.0,-0.4
Tamil Nadu,Theni,2009-08-01,9.9696643,77.47420049,8,Monsoon,82.0,0.0,0.2169554891,4.0,315.25,47.333333333333336,0.0,5.0
Tamil Nadu,Theni,2009-11-01,9.9696643,77.47420049,11,Post-Monsoon,5.0,0.0,2.362386394,5.0,303.445,32.333333333333336,0.0,-0.9390243902439024
Tamil Nadu,Theni,2010-05-01,9.9696643,77.47420049,5,Summer,57.0,0.0,0.06161970975,6.0,314.80611113333333,23.11111111111111,0.0,1.260200668896321
Tamil Nadu,Theni,2010-06-01,9.9696643,77.47420049,6,Monsoon,25.0,0.0,0.5856858554,9.0,303.445,19.666666666666668,0.0,0.19047619047619047
Tamil Nadu,Theni,2010-07-01,9.9696643,77.47420049,7,Monsoon,28.0,0.0,0.2688121983,5.0,316.6666666,24.666666666666668,0.0,0.1200000000000001
Tamil Nadu,Theni,2011-04-01,9.9696643,77.47420049,4,Summer,11.0,0.0,0.5498600001,9.0,313.6533334,21.333333333333332,0.0,-0.6071428571428572
Tamil Nadu,Theni,2011-05-01,9.9696643,77.47420049,5,Summer,11.0,0.0,0.07313094396,9.0,308.6866666,16.666666666666668,0.0,0.0
Tamil Nadu,Theni,2012-01-01,9.9696643,77.47420049,1,Winter,21.0,0.0,0.4204133468,13.0,300.02500000000003,14.333333333333334,0.0,0.9090909090909092
Tamil Nadu,Theni,2012-05-01,9.9696643,77.47420049,5,Summer,9.0,0.0,0.2895826607,7.0,309.65000000000003,13.666666666666666,0.0,-0.5714285714285714
Tamil Nadu,Theni,2012-08-01,9.9696643,77.47420049,8,Monsoon,56.0,0.0,0.30990392305,5.0,315.87,20.833333333333336,0.0,1.1
Tamil Nadu,Theni,2013-06-01,9.9696643,77.47420049,6,Monsoon,63.0,0.0,0.1166061241,9.0,318.31,39.666666666666664,0.0,1.423076923076923
Tamil Nadu,Theni,2013-10-01,9.9696643,77.47420049,10,Post-Monsoon,36.0,0.0,0.01359488298,9.0,316.8433334,41.666666666666664,0.0,-0.4285714285714286
Tamil Nadu,Theni,2014-06-01,9.9696643,77.47420049,6,Monsoon,66.0,0.0,0.07469071328,7.0,312.1533334,55.0,0.0,0.8333333333333333
Tamil Nadu,Theni,2014-07-01,9.9696643,77.47420049,7,Monsoon,10.0,0.0,0.06728575799,6.0,314.31333340000003,37.333333333333336,0.0,-0.8484848484848485
Tamil Nadu,Theni,2015-05-01,9.9696643,77.47420049,5,Summer,36.0,0.0,0.7331649154,10.0,305.39,37.333333333333336,0.0,2.6
Tamil Nadu,Theni,2015-08-01,9.9696643,77.47420049,8,Monsoon,19.0,0.0,0.01443692172,9.0,313.955,21.666666666666668,0.0,-0.4722222222222222
Tamil Nadu,Theni,2017-05-01,9.9696643,77.47420049,5,Summer,31.0,0.0,0.1821434045,6.0,312.2333334,28.666666666666668,0.0,0.631578947368421
Tamil Nadu,Theni,2018-06-01,9.9696643,77.47420049,6,Monsoon,28.0,0.0,0.06686248441,6.0,311.88,26.0,0.0,-0.09677419354838712
Tamil Nadu,Theni,2019-08-01,9.9696643,77.47420049,8,Monsoon,34.0,0.0,0.2719435978,3.0,303.445,31.0,0.0,0.2142857142857142
Tamil Nadu,Theni,2019-09-01,9.9696643,77.47420049,9,Monsoon,43.0,0.0,0.04284734381,6.0,313.90000000000003,35.0,0.0,0.2647058823529411
Tamil Nadu,Thiruvallur,2010-07-01,13.13014755,79.92435386,7,Monsoon,85.0,0.0,0.2797536479,8.0,304.68,85.0,0.0,0.0
Tamil Nadu,Thiruvallur,2011-02-01,13.13014755,79.92435386,2,Winter,30.0,0.0,0.04554685673,7.0,304.865,57.5,0.0,-0.6470588235294117
Tamil Nadu,Thiruvallur,2011-08-01,13.13014755,79.92435386,8,Monsoon,35.0,0.0,0.161409477,8.0,303.445,50.0,0.0,0.16666666666666674
Tamil Nadu,Thiruvallur,2011-12-01,13.13014755,79.92435386,12,Winter,31.0,2.0,0.03851227113,9.0,303.12,32.0,0.6666666666666666,-0.11428571428571432
Tamil Nadu,Thiruvallur,2014-07-01,13.13014755,79.92435386,7,Monsoon,13.0,0.0,0.02428256253,8.0,308.82,26.333333333333332,0.6666666666666666,-0.5806451612903225
Tamil Nadu,Thiruvallur,2016-07-01,13.13014755,79.92435386,7,Monsoon,32.0,0.0,0.6003986335,11.0,303.445,25.333333333333332,0.6666666666666666,1.4615384615384617
Tamil Nadu,Thiruvallur,2016-08-01,13.13014755,79.92435386,8,Monsoon,59.0,0.0,0.0369367276,9.0,310.6,34.666666666666664,0.0,0.84375
Tamil Nadu,Thiruvallur,2016-11-01,13.13014755,79.92435386,11,Post-Monsoon,60.0,0.0,0.01207404781,9.0,302.2066666,50.333333333333336,0.0,0.016949152542372836
Tamil Nadu,Thiruvallur,2017-08-01,13.13014755,79.92435386,8,Monsoon,20.0,0.0,0.4863094222,6.0,306.34000000000003,46.333333333333336,0.0,-0.6666666666666667
Tamil Nadu,Thiruvallur,2017-09-01,13.13014755,79.92435386,9,Monsoon,36.0,0.0,0.3660471481,10.0,302.5,38.666666666666664,0.0,0.8
Tamil Nadu,Thiruvallur,2017-10-01,13.13014755,79.92435386,10,Post-Monsoon,26.0,0.0,0.7070288885,9.0,308.01,27.333333333333332,0.0,-0.2777777777777778
Tamil Nadu,Thiruvalluvar,2019-07-01,13.1120553,80.0917415,7,Monsoon,43.0,0.0,0.640574405,8.0,308.27,43.0,0.0,0.0
Tamil Nadu,Thiruvannamalai,2009-07-01,9.539867,77.6197904,7,Monsoon,36.0,0.0,0.2663984074,4.0,316.06,36.0,0.0,0.0
Tamil Nadu,Thiruvannamalai,2010-03-01,9.539867,77.6197904,3,Summer,162.0,0.0,0.0004217284325,6.0,314.064,99.0,0.0,3.5
Tamil Nadu,Thiruvannamalai,2011-12-01,9.539867,77.6197904,12,Winter,15.0,0.0,0.1140164655,13.0,302.008,71.0,0.0,-0.9074074074074074
Tamil Nadu,Thiruvannamalai,2012-09-01,9.539867,77.6197904,9,Monsoon,32.0,0.0,0.0590562396,6.0,312.81,69.66666666666667,0.0,1.1333333333333333
Tamil Nadu,Thiruvannamalai,2014-07-01,9.539867,77.6197904,7,Monsoon,12.0,0.0,0.04375064205,4.0,312.5133334,19.666666666666668,0.0,-0.625
Tamil Nadu,Thiruvannamalai,2014-08-01,9.539867,77.6197904,8,Monsoon,10.0,0.0,0.1517497553,4.0,317.54,18.0,0.0,-0.16666666666666663
Tamil Nadu,Thiruvannamalai,2014-09-01,9.539867,77.6197904,9,Monsoon,11.0,0.0,0.09246116795,5.0,315.5333334,11.0,0.0,0.10000000000000009
Tamil Nadu,Thiruvannamalai,2015-09-01,9.539867,77.6197904,9,Monsoon,28.0,0.0,0.2862972577,7.0,304.40000000000003,16.333333333333332,0.0,1.5454545454545454
Tamil Nadu,Thiruvannamalai,2015-10-01,9.539867,77.6197904,10,Post-Monsoon,51.0,0.0,0.32222227529999997,8.5,310.95333330000005,26.666666666666664,0.0,-0.14285714285714285
Tamil Nadu,Thiruvarur,2010-06-01,10.73618605,79.63318659,6,Monsoon,76.0,0.0,0.19092823709999998,9.333333333333334,305.8438888666667,25.944444444444443,0.0,0.18888888888888897
Tamil Nadu,Thiruvarur,2010-08-01,10.73618605,79.63318659,8,Monsoon,22.0,0.0,0.1489311489,9.0,311.02,22.666666666666668,0.0,-0.29032258064516125
Tamil Nadu,Thiruvarur,2010-12-01,10.73618605,79.63318659,12,Winter,54.0,0.0,1.128930165,9.0,299.76,35.666666666666664,0.0,1.4545454545454546
Tamil Nadu,Thiruvarur,2011-01-01,10.73618605,79.63318659,1,Winter,5.0,0.0,0.02959746411,9.0,301.3166666,27.0,0.0,-0.9074074074074074
Tamil Nadu,Thiruvarur,2011-07-01,10.73618605,79.63318659,7,Monsoon,24.0,0.0,0.131480009,9.0,309.84000000000003,27.666666666666668,0.0,3.8
Tamil Nadu,Thiruvarur,2012-01-01,10.73618605,79.63318659,1,Winter,10.0,0.0,0.0001073696507,9.0,301.38,13.0,0.0,-0.5833333333333333
Tamil Nadu,Thiruvarur,2012-06-01,10.73618605,79.63318659,6,Monsoon,112.0,0.0,0.04590510032,8.0,313.3,48.666666666666664,0.0,5.0
Tamil Nadu,Thiruvarur,2016-09-01,10.73618605,79.63318659,9,Monsoon,16.0,0.0,0.01058325331,9.0,311.68,46.0,0.0,-0.8571428571428572
Tamil Nadu,Thiruvarur,2020-03-01,10.73618605,79.63318659,3,Summer,32.0,0.0,0.05966742573,7.0,307.67,53.333333333333336,0.0,1.0
Tamil Nadu,Thoothukudi,2011-11-01,8.8052602,78.1452745,11,Post-Monsoon,20.0,0.0,0.09363320126,9.0,307.66,20.0,0.0,0.0
Tamil Nadu,Thoothukudi,2012-01-01,8.8052602,78.1452745,1,Winter,57.0,0.0,0.108767232785,9.5,301.0858333,28.333333333333336,0.0,0.22857142857142865
Tamil Nadu,Thoothukudi,2012-02-01,8.8052602,78.1452745,2,Winter,33.0,0.0,0.1150612060071,6.5,306.775,20.666666666666664,0.0,0.0017543859649122306
Tamil Nadu,Thoothukudi,2012-03-01,8.8052602,78.1452745,3,Summer,55.0,0.0,0.006415241047,7.0,312.02,29.333333333333332,0.0,2.9285714285714284
Tamil Nadu,Thoothukudi,2012-04-01,8.8052602,78.1452745,4,Summer,12.0,0.0,0.07551768305,5.0,311.975,27.0,0.0,-0.7818181818181819
Tamil Nadu,Thoothukudi,2012-05-01,8.8052602,78.1452745,5,Summer,21.0,0.0,0.07773494995,6.0,314.18,29.333333333333332,0.0,0.75
Tamil Nadu,Thoothukudi,2012-07-01,8.8052602,78.1452745,7,Monsoon,17.0,0.0,0.06364257279,4.0,314.46,16.666666666666668,0.0,-0.19047619047619047
Tamil Nadu,Thoothukudi,2013-08-01,8.8052602,78.1452745,8,Monsoon,12.0,0.0,0.05777245412,4.0,315.25333340000003,16.666666666666668,0.0,-0.2941176470588235
Tamil Nadu,Thoothukudi,2013-09-01,8.8052602,78.1452745,9,Monsoon,20.0,0.0,0.004823381798,9.0,318.776,16.333333333333332,0.0,0.6666666666666667
Tamil Nadu,Thoothukudi,2017-08-01,8.8052602,78.1452745,8,Monsoon,29.0,0.0,0.09788972959,3.0,316.4866666,20.333333333333332,0.0,0.44999999999999996
Tamil Nadu,Thoothukudi,2018-05-01,8.8052602,78.1452745,5,Summer,15.0,0.0,0.06162917279,3.0,314.968,21.333333333333332,0.0,-0.48275862068965514
Tamil Nadu,Thoothukudi,2019-02-01,8.8052602,78.1452745,2,Winter,34.0,0.0,0.2012647131,4.0,308.52500000000003,26.0,0.0,1.2666666666666666
Tamil Nadu,Tiruchirapalli,2010-05-01,10.8219673,78.6830614,5,Summer,29.0,0.0,0.03043903458,7.0,310.54,29.0,0.0,0.0
Tamil Nadu,Tiruchirapalli,2011-10-01,10.8219673,78.6830614,10,Post-Monsoon,16.0,0.0,0.678364012,12.0,304.6733334,22.5,0.0,-0.4482758620689655
Tamil Nadu,Tiruchirapalli,2012-04-01,10.8219673,78.6830614,4,Summer,29.0,0.0,0.01557259856,6.0,316.05,24.666666666666668,0.0,0.8125
Tamil Nadu,Tiruchirapalli,2012-05-01,10.8219673,78.6830614,5,Summer,179.0,1.0,0.2225211699,7.333333333333333,310.0796666666667,40.666666666666664,0.3333333333333333,1.4746450304259635
Tamil Nadu,Tiruchirapalli,2012-06-01,10.8219673,78.6830614,6,Monsoon,27.0,0.0,0.03807349164,7.5,312.1416667,47.83333333333333,0.0,-0.50625
Tamil Nadu,Tiruchirapalli,2012-08-01,10.8219673,78.6830614,8,Monsoon,20.0,0.0,0.1723455923,7.0,307.92,15.666666666666666,0.0,0.6666666666666667
Tamil Nadu,Tiruchirapalli,2012-09-01,10.8219673,78.6830614,9,Monsoon,80.0,0.0,0.10407292364,8.333333333333334,309.19300000000004,20.666666666666668,0.0,0.5348684210526315
Tamil Nadu,Tiruchirapalli,2013-04-01,10.8219673,78.6830614,4,Summer,15.0,0.0,0.01382630121,5.0,315.185,25.333333333333332,0.0,-0.6666666666666667
Tamil Nadu,Tiruchirapalli,2015-01-01,10.8219673,78.6830614,1,Winter,39.0,0.0,0.04471014177,9.0,303.45000000000005,23.333333333333336,0.0,0.1166666666666667
Tamil Nadu,Tiruchirapalli,2015-04-01,10.8219673,78.6830614,4,Summer,56.0,0.0,0.13141247082,5.5,309.648,23.333333333333336,0.0,0.6057692307692308
Tamil Nadu,Tiruchirapalli,2015-06-01,10.8219673,78.6830614,6,Monsoon,11.0,0.0,0.1777859728,10.0,309.8933334,22.333333333333332,0.0,-0.5416666666666667
Tamil Nadu,Tiruchirapalli,2015-09-01,10.8219673,78.6830614,9,Monsoon,18.0,0.0,0.2222987456,7.0,310.745,17.666666666666668,0.0,0.6363636363636365
Tamil Nadu,Tiruchirapalli,2016-09-01,10.8219673,78.6830614,9,Monsoon,11.0,0.0,0.0047640781,7.0,310.944,13.333333333333334,0.0,-0.38888888888888884
Tamil Nadu,Tiruchirapalli,2017-06-01,10.8219673,78.6830614,6,Monsoon,19.0,0.0,0.1358727892,5.0,312.3866666,16.0,0.0,0.7272727272727273
Tamil Nadu,Tiruchirapalli,2018-02-01,10.8219673,78.6830614,2,Winter,23.0,0.0,0.0134968099,9.0,308.73,17.666666666666668,0.0,0.21052631578947367
Tamil Nadu,Tiruchirapalli,2018-05-01,10.8219673,78.6830614,5,Summer,31.0,0.0,0.137969752,8.0,310.38,24.333333333333332,0.0,0.34782608695652173
Tamil Nadu,Tiruchirapalli,2018-06-01,10.8219673,78.6830614,6,Monsoon,17.0,0.0,0.02972300449,9.0,310.38,23.666666666666668,0.0,-0.4516129032258065
Tamil Nadu,Tiruchirappalli,2009-09-01,10.7992254,78.6811423,9,Monsoon,8.0,0.0,0.5714350858,9.0,305.684,8.0,0.0,0.0
Tamil Nadu,Tiruchirappalli,2012-04-01,10.7992254,78.6811423,4,Summer,34.0,0.0,0.01526588756,9.0,313.5,21.0,0.0,3.25
Tamil Nadu,Tiruchirappalli,2013-03-01,10.7992254,78.6811423,3,Summer,27.0,0.0,0.022591156,8.0,314.90999999999997,19.833333333333332,0.0,-0.4209558823529412
Tamil Nadu,Tiruchirappalli,2013-07-01,10.7992254,78.6811423,7,Monsoon,13.0,0.0,0.0353640941,4.0,316.02,13.333333333333334,0.0,0.18181818181818188
Tamil Nadu,Tiruchirappalli,2014-01-01,10.7992254,78.6811423,1,Winter,22.0,0.0,0.02187047771,8.0,304.436,15.333333333333334,0.0,0.6923076923076923
Tamil Nadu,Tiruchirappalli,2014-06-01,10.7992254,78.6811423,6,Monsoon,37.0,0.0,0.1879498449,9.0,309.87,24.0,0.0,0.6818181818181819
Tamil Nadu,Tiruchirappalli,2014-07-01,10.7992254,78.6811423,7,Monsoon,19.0,0.0,0.1672357026,6.0,314.40000000000003,26.0,0.0,-0.4864864864864865
Tamil Nadu,Tiruchirappalli,2022-06-01,10.7992254,78.6811423,6,Monsoon,41.0,0.0,0.058259840089999994,9.0,308.19,16.333333333333332,0.0,0.26566416040100244
Tamil Nadu,Tirunelveli,2009-08-01,8.7284271,77.7112925,8,Monsoon,17.0,0.0,0.09101110964,5.0,312.8,17.0,0.0,0.0
Tamil Nadu,Tirunelveli,2010-06-01,8.7284271,77.7112925,6,Monsoon,36.0,0.0,0.7543232993,9.0,303.445,26.5,0.0,1.1176470588235294
Tamil Nadu,Tirunelveli,2011-03-01,8.7284271,77.7112925,3,Summer,104.0,2.0,0.087986142,11.0,305.67,52.333333333333336,0.6666666666666666,1.8888888888888888
Tamil Nadu,Tirunelveli,2011-04-01,8.7284271,77.7112925,4,Summer,13.0,0.0,0.09876300738,9.0,307.04400000000004,51.0,0.6666666666666666,-0.875
Tamil Nadu,Tirunelveli,2011-05-01,8.7284271,77.7112925,5,Summer,16.0,0.0,0.02563029155,10.0,308.03200000000004,44.333333333333336,0.6666666666666666,0.23076923076923084
Tamil Nadu,Tirunelveli,2012-04-01,8.7284271,77.7112925,4,Summer,1553.0,15.0,0.07157962327,8.0,314.2,249.9333333333333,3.0,1.1844977167535788
Tamil Nadu,Tirunelveli,2012-06-01,8.7284271,77.7112925,6,Monsoon,11.0,0.0,0.03784565483,4.0,308.2133334,213.33333333333334,0.0,-0.9662576687116564
Tamil Nadu,Tirunelveli,2013-01-01,8.7284271,77.7112925,1,Winter,96.0,0.0,0.13779028864850001,12.0,301.9075,81.5,0.0,1.612121212121212
Tamil Nadu,Tirunelveli,2013-02-01,8.7284271,77.7112925,2,Winter,28.0,0.0,0.004292547772,15.0,305.068,41.333333333333336,0.0,-0.4509803921568627
Tamil Nadu,Tirunelveli,2014-02-01,8.7284271,77.7112925,2,Winter,32.0,0.0,0.04096906064,16.0,303.81333340000003,37.0,0.0,0.1428571428571428
Tamil Nadu,Tirunelveli,2015-09-01,8.7284271,77.7112925,9,Monsoon,104.0,3.0,0.05310053076,9.0,309.4066667,35.833333333333336,0.5,1.533717105263158
Tamil Nadu,Tirunelveli,2016-01-01,8.7284271,77.7112925,1,Winter,32.0,1.0,0.0001528329676,18.0,301.7266666,45.333333333333336,1.3333333333333333,-0.6235294117647059
Tamil Nadu,Tirunelveli,2016-02-01,8.7284271,77.7112925,2,Winter,26.0,2.0,0.007543587547,9.0,300.14,31.333333333333336,1.3333333333333335,-0.296875
Tamil Nadu,Tirunelveli,2017-03-01,8.7284271,77.7112925,3,Summer,12.0,0.0,0.01638806454,10.0,312.56,12.666666666666666,0.6666666666666666,-0.07692307692307687
Tamil Nadu,Tirunelveli,2017-07-01,8.7284271,77.7112925,7,Monsoon,74.0,1.0,0.025585724025,3.0,306.5025,24.666666666666668,0.3333333333333333,1.0416666666666667
Tamil Nadu,Tirunelveli,2019-03-01,8.7284271,77.7112925,3,Summer,35.0,0.0,0.02209664155,9.0,311.208,36.333333333333336,0.3333333333333333,-0.05405405405405406
Tamil Nadu,Tirunelveli,2019-12-01,8.7284271,77.7112925,12,Winter,15.0,0.0,1.0093334811499999,10.5,300.20000000000005,22.666666666666668,0.16666666666666666,-0.7642857142857142
Tamil Nadu,Tirunelveli,2020-06-01,8.7284271,77.7112925,6,Monsoon,4.0,0.0,0.1544300263,9.0,312.72,6.333333333333333,0.0,3.0
Tamil Nadu,Tirunelveli Sankarankovil,2015-01-01,8.7352443,77.6864945,1,Winter,16.0,1.0,0.01956942885,17.0,301.0733334,16.0,1.0,0.0
Tamil Nadu,Tirunelveli- Sankarankovil,2016-01-01,8.7352443,77.6864945,1,Winter,28.0,1.0,0.0001528329676,18.0,301.7266666,28.0,1.0,0.0
Tamil Nadu,Tirunelveli- Sankarankovil,2017-01-01,8.7352443,77.6864945,1,Winter,142.0,1.0,0.0006228565076,15.0,305.964,85.0,1.0,4.071428571428571
Tamil Nadu,Tirupattur,2018-04-01,12.490898,78.564709,4,Summer,13.0,0.0,0.02718676381,8.0,310.3666666,13.0,0.0,0.0
Tamil Nadu,Tiruppur,2017-06-01,11.1017815,77.345192,6,Monsoon,25.0,0.0,0.3065164123,4.0,315.93333340000004,25.0,0.0,0.0
Tamil Nadu,Tiruppur,2018-02-01,11.1017815,77.345192,2,Winter,23.0,0.0,4.51e-05,6.0,310.59000000000003,24.0,0.0,-0.07999999999999996
Tamil Nadu,Tiruppur,2018-09-01,11.1017815,77.345192,9,Monsoon,22.0,0.0,0.1093620474,4.0,312.02,23.333333333333332,0.0,-0.04347826086956519
Tamil Nadu,Tiruvallur,2016-05-01,13.1394221,79.9070839,5,Summer,28.0,0.0,0.00443689115,7.0,313.128,28.0,0.0,0.0
Tamil Nadu,Tiruvallur,2017-06-01,13.1394221,79.9070839,6,Monsoon,14.0,0.0,0.2430307088,7.0,309.98,21.0,0.0,-0.5
Tamil Nadu,Tiruvallur,2017-10-01,13.1394221,79.9070839,10,Post-Monsoon,47.0,0.0,0.7070288885,9.0,308.01,29.666666666666668,0.0,2.357142857142857
Tamil Nadu,Tiruvallur,2018-02-01,13.1394221,79.9070839,2,Winter,17.0,0.0,0.004817441641,9.0,305.68,26.0,0.0,-0.6382978723404256
Tamil Nadu,Tiruvallur,2019-07-01,13.1394221,79.9070839,7,Monsoon,11.0,0.0,0.05142898177,5.0,312.88,25.0,0.0,-0.3529411764705882
Tamil Nadu,Tiruvallur,2021-12-01,13.1394221,79.9070839,12,Winter,166.0,0.0,0.38070102756,8.333333333333334,300.7044444666667,56.111111111111114,0.0,1.7358276643990929
Tamil Nadu,Tiruvannamalai,2009-12-01,12.22721295,79.07015555,12,Winter,13.0,0.0,0.2505485455,9.0,296.54,13.0,0.0,0.0
Tamil Nadu,Tiruvannamalai,2010-04-01,12.22721295,79.07015555,4,Summer,29.0,0.0,0.008206570204,7.0,312.01,21.0,0.0,1.2307692307692308
Tamil Nadu,Tiruvannamalai,2010-06-01,12.22721295,79.07015555,6,Monsoon,10.0,0.0,0.5326681065,7.0,303.445,17.333333333333332,0.0,-0.6551724137931034
Tamil Nadu,Tiruvannamalai,2010-07-01,12.22721295,79.07015555,7,Monsoon,47.0,0.0,0.19110280258333331,9.333333333333334,306.8333333333333,15.666666666666666,0.0,0.5074074074074074
Tamil Nadu,Tiruvannamalai,2010-09-01,12.22721295,79.07015555,9,Monsoon,25.0,0.0,0.5170620122,9.0,310.88,18.0,0.0,0.25
Tamil Nadu,Tiruvannamalai,2010-10-01,12.22721295,79.07015555,10,Post-Monsoon,54.0,0.0,0.17291779810000002,12.5,304.1593333,23.833333333333332,0.0,0.30105263157894735
Tamil Nadu,Tiruvannamalai,2011-02-01,12.22721295,79.07015555,2,Winter,22.0,0.0,0.2452633783,9.0,302.415,25.333333333333332,0.0,-0.37142857142857144
Tamil Nadu,Tiruvannamalai,2011-09-01,12.22721295,79.07015555,9,Monsoon,11.0,0.0,0.2335127029,10.0,306.3866666,22.666666666666668,0.0,-0.5
Tamil Nadu,Tiruvannamalai,2011-10-01,12.22721295,79.07015555,10,Post-Monsoon,12.0,0.0,0.6497342933,9.0,306.41,15.0,0.0,0.09090909090909083
Tamil Nadu,Tiruvannamalai,2011-12-01,12.22721295,79.07015555,12,Winter,19.0,0.0,0.05097378067,9.0,301.28499999999997,10.666666666666668,0.0,-0.1333333333333333
Tamil Nadu,Tiruvannamalai,2012-06-01,12.22721295,79.07015555,6,Monsoon,21.0,0.0,0.1398941167,9.0,309.2266666,13.333333333333334,0.0,1.3333333333333335
Tamil Nadu,Tiruvannamalai,2012-10-01,12.22721295,79.07015555,10,Post-Monsoon,35.0,0.0,0.5108825033,15.0,307.01,21.666666666666668,0.0,0.6666666666666667
Tamil Nadu,Tiruvannamalai,2013-08-01,12.22721295,79.07015555,8,Monsoon,13.0,0.0,0.06108949063,9.0,311.08,23.0,0.0,-0.6285714285714286
Tamil Nadu,Tiruvannamalai,2013-09-01,12.22721295,79.07015555,9,Monsoon,15.0,0.0,0.008465507017,9.0,304.48,21.0,0.0,0.15384615384615374
Tamil Nadu,Tiruvannamalai,2013-10-01,12.22721295,79.07015555,10,Post-Monsoon,13.0,0.0,0.1621631192,9.0,302.37333340000004,13.666666666666666,0.0,-0.1333333333333333
Tamil Nadu,Tiruvannamalai,2013-11-01,12.22721295,79.07015555,11,Post-Monsoon,13.0,0.0,0.4448974126,13.0,298.39,13.666666666666666,0.0,0.0
Tamil Nadu,Tiruvannamalai,2014-09-01,12.22721295,79.07015555,9,Monsoon,13.0,0.0,0.3490585958,9.0,311.05,13.0,0.0,0.0
Tamil Nadu,Tiruvannamalai,2014-11-01,12.22721295,79.07015555,11,Post-Monsoon,16.0,0.0,0.1103597661,9.0,297.916,14.0,0.0,0.23076923076923084
Tamil Nadu,Tiruvannamalai,2015-07-01,12.22721295,79.07015555,7,Monsoon,126.0,0.0,0.04925701754,10.5,308.95000000000005,29.833333333333336,0.0,2.25
Tamil Nadu,Tiruvannamalai,2015-08-01,12.22721295,79.07015555,8,Monsoon,12.0,0.0,0.2000845659,15.0,306.82,46.0,0.0,-0.8983050847457628
Tamil Nadu,Tiruvannamalai,2015-09-01,12.22721295,79.07015555,9,Monsoon,21.0,0.0,0.005526542963,11.0,310.0733334,50.333333333333336,0.0,0.75
Tamil Nadu,Tiruvannamalai,2015-12-01,12.22721295,79.07015555,12,Winter,28.0,0.0,0.175830916605,10.0,300.1605,16.0,0.0,-0.16666666666666669
Tamil Nadu,Tiruvannamalai,2017-01-01,12.22721295,79.07015555,1,Winter,21.0,0.0,0.001709245432,8.0,305.58,16.333333333333332,0.0,0.5
Tamil Nadu,Tiruvannamalai,2017-02-01,12.22721295,79.07015555,2,Winter,55.0,0.0,0.01086650283,9.0,305.96,30.0,0.0,1.619047619047619
Tamil Nadu,Tiruvannamalai,2017-03-01,12.22721295,79.07015555,3,Summer,35.0,0.0,0.04302942016,7.0,311.49333340000004,37.0,0.0,-0.36363636363636365
Tamil Nadu,Tiruvannamalai,2017-06-01,12.22721295,79.07015555,6,Monsoon,39.0,0.0,0.187535780665,7.5,308.3825,29.5,0.0,0.18571428571428572
Tamil Nadu,Tiruvannamalai,2017-08-01,12.22721295,79.07015555,8,Monsoon,46.0,0.0,0.3997835747,8.0,301.88,28.333333333333332,0.0,0.7692307692307692
Tamil Nadu,Tiruvannamalai,2019-09-01,12.22721295,79.07015555,9,Monsoon,22.0,0.0,0.4951226494,9.0,305.37,31.333333333333332,0.0,-0.5217391304347826
Tamil Nadu,Tiruvannamalai,2019-12-01,12.22721295,79.07015555,12,Winter,16.0,0.0,0.4837179754,12.0,299.49333340000004,28.0,0.0,-0.2727272727272727
Tamil Nadu,Tiruvannamalai,2020-02-01,12.22721295,79.07015555,2,Winter,31.0,0.0,0.02488543113,10.0,302.396,23.0,0.0,0.9375
Tamil Nadu,Tiruvarur,2013-07-01,10.7760127,79.6199369,7,Monsoon,53.0,0.0,0.09663766654,6.0,297.84000000000003,53.0,0.0,0.0
Tamil Nadu,Tiruvarur,2013-08-01,10.7760127,79.6199369,8,Monsoon,19.0,0.0,0.0555670842,9.0,307.1733334,36.0,0.0,-0.6415094339622642
Tamil Nadu,Tiruvarur,2015-08-01,10.7760127,79.6199369,8,Monsoon,25.0,0.0,0.002387303385,11.0,308.98400000000004,32.333333333333336,0.0,0.3157894736842106
Tamil Nadu,Tiruvarur,2016-01-01,10.7760127,79.6199369,1,Winter,35.0,1.0,0.03216665551,17.0,300.108,26.333333333333332,0.3333333333333333,0.3999999999999999
Tamil Nadu,Tiruvarur,2018-05-01,10.7760127,79.6199369,5,Summer,57.0,0.0,0.01896917175,9.0,310.61333340000004,39.0,0.3333333333333333,0.6285714285714286
Tamil Nadu,Tiruvarur,2018-07-01,10.7760127,79.6199369,7,Monsoon,270.0,0.0,0.09072206866,9.0,309.34000000000003,120.66666666666667,0.3333333333333333,3.7368421052631575
Tamil Nadu,Tiruvarur,2018-12-01,10.7760127,79.6199369,12,Winter,31.0,0.0,0.5308807053,19.0,299.1866666,119.33333333333333,0.0,-0.8851851851851852
Tamil Nadu,Tiruvarur,2019-03-01,10.7760127,79.6199369,3,Summer,263.0,0.0,0.01496587186,8.0,309.768,188.0,0.0,5.0
Tamil Nadu,Trichy,2009-10-01,10.7992254,78.6811423,10,Post-Monsoon,38.0,0.0,0.1131071402,7.0,308.672,38.0,0.0,0.0
Tamil Nadu,Trichy,2009-12-01,10.7992254,78.6811423,12,Winter,28.0,0.0,0.1823243828,15.0,302.42,33.0,0.0,-0.26315789473684215
Tamil Nadu,Trichy,2010-04-01,10.7992254,78.6811423,4,Summer,53.0,0.0,0.02047602677,5.0,313.54,39.666666666666664,0.0,0.8928571428571428
Tamil Nadu,Trichy,2010-06-01,10.7992254,78.6811423,6,Monsoon,114.0,0.0,0.1820403341,5.0,303.445,65.0,0.0,1.150943396226415
Tamil Nadu,Trichy,2012-03-01,10.7992254,78.6811423,3,Summer,78.0,0.0,0.01976844684,7.0,313.72,66.16666666666666,0.0,-0.3070175438596492
Tamil Nadu,Trichy,2012-09-01,10.7992254,78.6811423,9,Monsoon,35.0,0.0,0.2203914603,9.0,310.09000000000003,37.666666666666664,0.0,-0.125
Tamil Nadu,Trichy,2016-02-01,10.7992254,78.6811423,2,Winter,13.0,0.0,0.002555762427,9.0,303.445,29.333333333333332,0.0,-0.6285714285714286
Tamil Nadu,Trichy,2019-03-01,10.7992254,78.6811423,3,Summer,23.0,0.0,0.006489457821,6.0,312.632,23.666666666666668,0.0,0.7692307692307692
Tamil Nadu,Tuticorin,2011-12-01,8.8052602,78.1452745,12,Winter,29.0,0.0,0.2115017909,10.0,302.015,29.0,0.0,0.0
Tamil Nadu,Tuticorin,2014-08-01,8.8052602,78.1452745,8,Monsoon,12.0,0.0,0.2282621062,4.0,314.7066666,20.5,0.0,-0.5862068965517242
Tamil Nadu,Udhagamandalam,2017-05-01,11.471119,76.69065831,5,Summer,18.0,0.0,1.190697949,21.0,302.5733334,18.0,0.0,0.0
Tamil Nadu,Vellore,2009-06-01,12.7948109,79.0006411,6,Monsoon,28.0,0.0,0.5008628407,12.0,306.065,28.0,0.0,0.0
Tamil Nadu,Vellore,2009-11-01,12.7948109,79.0006411,11,Post-Monsoon,15.0,0.0,0.402067569,10.0,303.5,21.5,0.0,-0.4642857142857143
Tamil Nadu,Vellore,2010-03-01,12.7948109,79.0006411,3,Summer,17.0,0.0,0.0002419117117,7.0,311.24,20.0,0.0,0.1333333333333333
Tamil Nadu,Vellore,2010-05-01,12.7948109,79.0006411,5,Summer,12.0,0.0,0.009212822525,7.0,310.415,14.666666666666666,0.0,-0.2941176470588235
Tamil Nadu,Vellore,2010-06-01,12.7948109,79.0006411,6,Monsoon,11.0,1.0,0.2716898918,11.0,301.04,13.333333333333334,0.3333333333333333,-0.08333333333333337
Tamil Nadu,Vellore,2010-07-01,12.7948109,79.0006411,7,Monsoon,8.0,0.0,0.0739963587,12.0,302.18,10.333333333333334,0.3333333333333333,-0.2727272727272727
Tamil Nadu,Vellore,2011-01-01,12.7948109,79.0006411,1,Winter,12.0,0.0,0.02786890543,13.0,299.88,10.333333333333334,0.3333333333333333,0.5
Tamil Nadu,Vellore,2011-06-01,12.7948109,79.0006411,6,Monsoon,18.0,0.0,0.07847968235,11.0,308.992,12.666666666666666,0.0,0.5
Tamil Nadu,Vellore,2013-03-01,12.7948109,79.0006411,3,Summer,24.0,0.0,0.06182826599,9.0,308.57,18.0,0.0,0.33333333333333326
Tamil Nadu,Vellore,2013-06-01,12.7948109,79.0006411,6,Monsoon,109.0,0.0,0.040332459485,9.0,307.61,33.66666666666667,0.0,1.0810185185185186
Tamil Nadu,Vellore,2013-07-01,12.7948109,79.0006411,7,Monsoon,60.0,0.0,0.16835466524999998,4.0,305.9925,44.333333333333336,0.0,0.5914634146341463
Tamil Nadu,Vellore,2014-09-01,12.7948109,79.0006411,9,Monsoon,21.0,0.0,0.292709877,9.0,309.02,27.0,0.0,-0.5333333333333333
Tamil Nadu,Vellore,2015-04-01,12.7948109,79.0006411,4,Summer,62.0,0.0,0.3469043541,11.0,309.53000000000003,42.666666666666664,0.0,1.9523809523809526
Tamil Nadu,Vellore,2015-06-01,12.7948109,79.0006411,6,Monsoon,28.0,0.0,0.01588204335,11.0,305.9375,31.166666666666668,0.0,-0.3870967741935484
Tamil Nadu,Vellore,2015-12-01,12.7948109,79.0006411,12,Winter,11.0,0.0,0.1240609589,9.0,297.1333334,13.0,0.0,-0.2142857142857143
Tamil Nadu,Vellore,2017-07-01,12.7948109,79.0006411,7,Monsoon,13.0,0.0,0.05852103832,9.0,307.48,12.666666666666666,0.0,0.18181818181818188
Tamil Nadu,Vellore,2018-09-01,12.7948109,79.0006411,9,Monsoon,21.0,0.0,0.2668336276,16.0,304.22,15.0,0.0,0.6153846153846154
Tamil Nadu,Vellore,2021-10-01,12.7948109,79.0006411,10,Post-Monsoon,28.0,0.0,0.5468101684,17.0,303.285,20.666666666666668,0.0,0.33333333333333326
Tamil Nadu,Vellore,2021-12-01,12.7948109,79.0006411,12,Winter,5.0,0.0,0.6062372998,8.0,297.32,18.0,0.0,-0.8214285714285714
Tamil Nadu,Vellore,2022-05-01,12.7948109,79.0006411,5,Summer,30.0,0.0,0.11058086685,10.0,307.528,13.833333333333332,0.0,1.0
Tamil Nadu,Vellore-Ranipet,2020-03-01,12.9250412,79.13588254,3,Summer,10.0,0.0,0.002387693989,9.0,309.9366666,10.0,0.0,0.0
Tamil Nadu,Villupuram,2009-11-01,11.9415377,79.4861469,11,Post-Monsoon,40.0,0.0,1.0440577706,5.0,298.775,11.5,0.0,2.5
Tamil Nadu,Villupuram,2010-01-01,11.9415377,79.4861469,1,Winter,11.0,0.0,0.02355016768,9.0,301.18,17.0,0.0,-0.7027027027027026
Tamil Nadu,Villupuram,2010-04-01,11.9415377,79.4861469,4,Summer,50.0,0.0,0.010740190785,8.0,308.79400000000004,24.5,0.0,0.8851674641148326
Tamil Nadu,Villupuram,2010-05-01,11.9415377,79.4861469,5,Summer,14.0,0.0,0.0880913051,9.0,310.5,21.333333333333332,0.0,0.16666666666666674
Tamil Nadu,Villupuram,2010-07-01,11.9415377,79.4861469,7,Monsoon,10.0,0.0,0.2144749053,10.0,309.4733334,12.0,0.0,-0.2857142857142857
Tamil Nadu,Villupuram,2010-08-01,11.9415377,79.4861469,8,Monsoon,172.0,0.0,0.13786193326500001,9.5,306.5025,36.666666666666664,0.0,2.7
Tamil Nadu,Villupuram,2010-10-01,11.9415377,79.4861469,10,Post-Monsoon,68.0,0.0,0.1745568604,8.0,306.4733334,80.0,0.0,-0.5696202531645569
Tamil Nadu,Villupuram,2010-11-01,11.9415377,79.4861469,11,Post-Monsoon,20.0,0.0,0.8495832581,8.0,301.64,54.0,0.0,-0.4264705882352941
Tamil Nadu,Villupuram,2010-12-01,11.9415377,79.4861469,12,Winter,28.0,0.0,0.8613124639199999,11.0,298.338,12.666666666666666,0.0,0.1777777777777778
Tamil Nadu,Villupuram,2011-01-01,11.9415377,79.4861469,1,Winter,28.0,0.0,0.29046726995,8.5,299.0673333,13.666666666666666,0.0,0.17500000000000004
Tamil Nadu,Villupuram,2011-02-01,11.9415377,79.4861469,2,Winter,12.0,0.0,0.01182924502,9.0,301.928,13.333333333333334,0.0,0.0
Tamil Nadu,Villupuram,2011-08-01,11.9415377,79.4861469,8,Monsoon,13.0,0.0,0.08046590516,9.0,303.445,12.333333333333334,0.0,0.08333333333333326
Tamil Nadu,Villupuram,2011-11-01,11.9415377,79.4861469,11,Post-Monsoon,21.0,0.0,0.2480165043,13.0,301.86,15.333333333333334,0.0,0.6153846153846154
Tamil Nadu,Villupuram,2012-03-01,11.9415377,79.4861469,3,Summer,12.0,0.0,0.004706182434,8.0,306.81,15.333333333333334,0.0,-0.4285714285714286
Tamil Nadu,Villupuram,2012-08-01,11.9415377,79.4861469,8,Monsoon,14.0,0.0,0.005562222011,9.0,309.755,15.666666666666666,0.0,0.16666666666666674
Tamil Nadu,Villupuram,2012-09-01,11.9415377,79.4861469,9,Monsoon,28.0,0.0,0.07824471196,9.0,309.29,18.0,0.0,1.0
Tamil Nadu,Villupuram,2013-08-01,11.9415377,79.4861469,8,Monsoon,36.0,0.0,0.03939331949,11.0,306.30400000000003,26.0,0.0,0.2857142857142858
Tamil Nadu,Villupuram,2013-10-01,11.9415377,79.4861469,10,Post-Monsoon,11.0,0.0,0.3594520028,9.0,303.92,25.0,0.0,-0.6944444444444444
Tamil Nadu,Villupuram,2014-07-01,11.9415377,79.4861469,7,Monsoon,13.0,0.0,0.06611503092,10.0,304.91,20.0,0.0,0.18181818181818188
Tamil Nadu,Villupuram,2014-09-01,11.9415377,79.4861469,9,Monsoon,26.0,1.0,0.17582794,9.0,307.74,16.666666666666668,0.3333333333333333,1.0
Tamil Nadu,Villupuram,2017-07-01,11.9415377,79.4861469,7,Monsoon,54.0,0.0,0.06536877034,9.0,311.732,31.0,0.3333333333333333,1.076923076923077
Tamil Nadu,Villupuram,2018-06-01,11.9415377,79.4861469,6,Monsoon,36.0,0.0,0.2189262954,8.0,312.48,38.666666666666664,0.3333333333333333,-0.33333333333333337
Tamil Nadu,Villupuram,2019-02-01,11.9415377,79.4861469,2,Winter,39.0,0.0,0.03007789526,8.0,303.58,43.0,0.0,0.08333333333333326
Tamil Nadu,Villupuram,2020-02-01,11.9415377,79.4861469,2,Winter,5.0,0.0,0.0003017665283,8.0,307.492,26.666666666666668,0.0,-0.8717948717948718
Tamil Nadu,Villupuram  Kallakurichi,2010-06-01,11.629177,78.8599569,6,Monsoon,24.0,0.0,0.3314093963,7.0,303.445,24.0,0.0,0.0
Tamil Nadu,Villupuram - Kallakurichi,2010-07-01,11.629177,78.8599569,7,Monsoon,15.0,1.0,0.2404901144,12.0,308.42,15.0,1.0,0.0
Tamil Nadu,Villupuram - Kallakurichi,2017-02-01,11.629177,78.8599569,2,Winter,16.0,0.0,0.002099677066,8.0,303.78000000000003,15.5,0.5,0.06666666666666665
Tamil Nadu,Villupuram - Kallakurichi,2018-07-01,11.629177,78.8599569,7,Monsoon,22.0,0.0,0.03334587989,7.0,309.475,17.666666666666668,0.3333333333333333,0.375
Tamil Nadu,Villupuram - Kallakurichi,2019-04-01,11.629177,78.8599569,4,Summer,22.0,0.0,0.006734349841,9.0,314.855,20.0,0.0,0.0
Tamil Nadu,Villupuram- Kallakurichi,2016-06-01,11.629177,78.8599569,6,Monsoon,28.0,0.0,0.3961613472,10.0,309.8066666,28.0,0.0,0.0
Tamil Nadu,Villupuram- Kallakurichi,2017-03-01,11.629177,78.8599569,3,Summer,29.0,0.0,0.004245533546,7.0,310.44,28.5,0.0,0.03571428571428581
Tamil Nadu,Viluppuram,2009-08-01,11.9137874,79.50789298,8,Monsoon,11.0,0.0,0.06914162024,9.0,306.32,11.0,0.0,0.0
Tamil Nadu,Viluppuram,2011-05-01,11.9137874,79.50789298,5,Summer,13.0,0.0,0.1192932364,9.0,309.29,12.0,0.0,0.18181818181818188
Tamil Nadu,Viluppuram,2013-09-01,11.9137874,79.50789298,9,Monsoon,12.0,0.0,0.0107975695,9.0,308.28000000000003,12.0,0.0,-0.07692307692307687
Tamil Nadu,Virudhunagar,2009-06-01,9.5208936,77.8784564,6,Monsoon,27.0,0.0,0.08781859786,9.0,315.388,27.0,0.0,0.0
Tamil Nadu,Virudhunagar,2009-07-01,9.5208936,77.8784564,7,Monsoon,20.0,0.0,0.3250132791,4.0,314.2666666,23.5,0.0,-0.2592592592592593
Tamil Nadu,Virudhunagar,2009-08-01,9.5208936,77.8784564,8,Monsoon,41.0,0.0,0.099704962105,9.0,317.24,22.333333333333332,0.0,-0.06153846153846154
Tamil Nadu,Virudhunagar,2010-01-01,9.5208936,77.8784564,1,Winter,38.0,1.0,0.001339757931,9.0,306.376,26.333333333333332,0.3333333333333333,1.5333333333333332
Tamil Nadu,Virudhunagar,2010-02-01,9.5208936,77.8784564,2,Winter,68.0,0.0,0.0001739029875,8.0,306.688,40.333333333333336,0.3333333333333333,0.7894736842105263
Tamil Nadu,Virudhunagar,2010-03-01,9.5208936,77.8784564,3,Summer,12.0,0.0,0.0009794524482,5.0,316.2266666,39.333333333333336,0.3333333333333333,-0.8235294117647058
Tamil Nadu,Virudhunagar,2010-06-01,9.5208936,77.8784564,6,Monsoon,36.0,0.0,0.2630083229,3.0,316.32,38.666666666666664,0.0,2.0
Tamil Nadu,Virudhunagar,2010-07-01,9.5208936,77.8784564,7,Monsoon,12.0,0.0,0.4509067222,4.0,303.445,20.0,0.0,-0.6666666666666667
Tamil Nadu,Virudhunagar,2011-06-01,9.5208936,77.8784564,6,Monsoon,67.0,0.0,0.03158357145,7.0,314.315,21.555555555555554,0.0,0.4113071895424838
Tamil Nadu,Virudhunagar,2012-01-01,9.5208936,77.8784564,1,Winter,26.0,0.0,0.00110089784,10.0,302.10400000000004,22.666666666666668,0.0,0.040000000000000036
Tamil Nadu,Virudhunagar,2012-05-01,9.5208936,77.8784564,5,Summer,21.0,0.0,0.2172936417,6.0,308.295,24.0,0.0,-0.1923076923076923
Tamil Nadu,Virudhunagar,2012-06-01,9.5208936,77.8784564,6,Monsoon,13.0,1.0,0.04795209708,9.0,314.51,20.0,0.3333333333333333,-0.38095238095238093
Tamil Nadu,Virudhunagar,2012-07-01,9.5208936,77.8784564,7,Monsoon,30.0,0.0,0.02502542013,5.0,312.2066666,21.333333333333332,0.3333333333333333,1.3076923076923075
Tamil Nadu,Virudhunagar,2012-09-01,9.5208936,77.8784564,9,Monsoon,72.0,0.0,0.052325398025,7.5,313.3913333,30.666666666666664,0.16666666666666666,0.0730769230769231
Tamil Nadu,Virudhunagar,2013-01-01,9.5208936,77.8784564,1,Winter,31.0,0.0,0.004856145483,7.0,306.872,34.333333333333336,0.0,-0.06060606060606055
Tamil Nadu,Virudhunagar,2013-03-01,9.5208936,77.8784564,3,Summer,29.0,0.0,0.0001981041995,9.0,313.992,31.0,0.0,-0.06451612903225812
Tamil Nadu,Virudhunagar,2013-08-01,9.5208936,77.8784564,8,Monsoon,18.0,0.0,0.03245187607,4.0,315.09000000000003,26.0,0.0,-0.3793103448275862
Tamil Nadu,Virudhunagar,2014-07-01,9.5208936,77.8784564,7,Monsoon,15.0,0.0,0.08271113376,9.0,318.14,20.666666666666668,0.0,-0.16666666666666663
Tamil Nadu,Virudhunagar,2014-09-01,9.5208936,77.8784564,9,Monsoon,18.0,0.0,0.07242752053,6.0,315.04,17.0,0.0,0.19999999999999996
Tamil Nadu,Virudhunagar,2014-12-01,9.5208936,77.8784564,12,Winter,24.0,0.0,0.5706834957,15.0,298.3866666,19.0,0.0,0.33333333333333326
Tamil Nadu,Virudhunagar,2015-05-01,9.5208936,77.8784564,5,Summer,11.0,0.0,0.1365211513,10.0,310.23,17.666666666666668,0.0,-0.5416666666666667
Tamil Nadu,Virudhunagar,2016-02-01,9.5208936,77.8784564,2,Winter,19.0,0.0,0.0004432805844,8.0,305.36400000000003,18.0,0.0,0.7272727272727273
Tamil Nadu,Virudhunagar,2016-07-01,9.5208936,77.8784564,7,Monsoon,77.0,0.0,0.09810245649,5.0,316.6733334,35.666666666666664,0.0,3.052631578947368
Tamil Nadu,Virudhunagar,2017-01-01,9.5208936,77.8784564,1,Winter,27.0,0.0,0.03137469281,12.0,305.335,41.0,0.0,-0.6493506493506493
Tamil Nadu,Virudhunagar,2017-03-01,9.5208936,77.8784564,3,Summer,42.0,0.0,0.0008606096731,7.0,316.94,48.666666666666664,0.0,0.5555555555555556
Tamil Nadu,Virudhunagar,2017-05-01,9.5208936,77.8784564,5,Summer,20.0,1.0,0.1281874512,9.0,312.595,29.666666666666668,0.3333333333333333,-0.5238095238095238
Tamil Nadu,Virudhunagar,2018-02-01,9.5208936,77.8784564,2,Winter,15.0,0.0,0.001063323669,9.0,307.91,25.666666666666668,0.3333333333333333,-0.25
Tamil Nadu,Virudhunagar,2018-07-01,9.5208936,77.8784564,7,Monsoon,19.0,0.0,0.1895831553,6.0,311.1666666,18.0,0.3333333333333333,0.2666666666666666
Tamil Nadu,Virudhunagar,2018-09-01,9.5208936,77.8784564,9,Monsoon,45.0,0.0,0.546553799,9.0,312.2733334,26.333333333333332,0.0,1.3684210526315788
Tamil Nadu,Virudhunagar,2020-11-01,9.5208936,77.8784564,11,Post-Monsoon,15.0,0.0,0.2187206529,12.0,302.26,26.333333333333332,0.0,-0.6666666666666667
Tamil Nadu,Virudhunagar,2022-02-01,9.5208936,77.8784564,2,Winter,17.0,0.0,0.3079754379,7.0,306.0,25.666666666666668,0.0,0.1333333333333333
Tamil Nadu,Virudhunagar (Sivakasi),2011-08-01,9.4477045,77.8000434,8,Monsoon,11.0,0.0,0.1531222646,5.0,317.78000000000003,11.0,0.0,0.0
Tamil Nadu,Virudhunagar - Sivakasi,2021-08-01,9.4477045,77.8000434,8,Monsoon,17.0,0.0,0.3986938278,6.0,297.09000000000003,17.0,0.0,0.0
Tamil Nadu,Virudhunagar Sivakasi,2019-11-01,9.4477045,77.8000434,11,Post-Monsoon,27.0,0.0,0.1080855292,16.0,303.635,27.0,0.0,0.0
Tamil Nadu,Virudhunagar Sivakasi,2020-12-01,9.4477045,77.8000434,12,Winter,8.0,0.0,0.2942502005,12.0,300.48,17.5,0.0,-0.7037037037037037
Tamil Nadu,Virudhunagar Sivakasi,2021-01-01,9.4477045,77.8000434,1,Winter,7.0,0.0,0.08665667543,9.0,301.34000000000003,14.0,0.0,-0.125
Tamil Nadu,Virudhunagar- Sivakasi,2015-06-01,9.4477045,77.8000434,6,Monsoon,60.0,0.0,0.05028336116,8.5,311.4,38.5,0.0,-0.36170212765957444
Tamil Nadu,Virudhunagar- Sivakasi,2018-08-01,9.4477045,77.8000434,8,Monsoon,44.0,0.0,0.04841057558,4.0,314.5,34.666666666666664,0.0,2.3846153846153846
Tamil Nadu,Virudhunagar- Sivakasi,2019-08-01,9.4477045,77.8000434,8,Monsoon,14.0,0.0,0.2505011478,4.0,317.42,23.666666666666668,0.0,-0.6818181818181819
Telangana,Adilabad,2009-06-01,19.5,78.5,6,Monsoon,33.0,0.0,0.002598334048,4.0,318.28000000000003,33.0,0.0,0.0
Telangana,Adilabad,2009-07-01,19.5,78.5,7,Monsoon,45.0,0.0,0.8993081510500001,5.5,301.9225,27.5,0.0,-0.2212121212121212
Telangana,Adilabad,2009-08-01,19.5,78.5,8,Monsoon,43.0,0.0,0.6972662844,9.5,304.91499999999996,21.0,0.0,0.14444444444444443
Telangana,Adilabad,2009-09-01,19.5,78.5,9,Monsoon,24.0,1.0,0.54346229055,19.0,297.555,17.333333333333332,0.3333333333333333,-0.26
Telangana,Adilabad,2010-06-01,19.5,78.5,6,Monsoon,67.0,0.0,0.008853658437,3.0,321.2233334,30.333333333333332,0.3333333333333333,4.583333333333333
Telangana,Adilabad,2010-07-01,19.5,78.5,7,Monsoon,60.0,0.0,0.1208336402,7.0,300.42,39.333333333333336,0.0,-0.27611940298507465
Telangana,Adilabad,2010-08-01,19.5,78.5,8,Monsoon,17.0,0.0,0.7283672143,5.0,303.445,25.666666666666668,0.0,-0.43333333333333335
Telangana,Adilabad,2011-05-01,19.5,78.5,5,Summer,32.0,0.0,0.0181271038,4.0,317.78000000000003,26.333333333333332,0.0,0.8823529411764706
Telangana,Adilabad,2016-07-01,19.5,78.5,7,Monsoon,126.0,0.0,3.456844338,9.0,303.445,58.333333333333336,0.0,2.9375
Telangana,Adilabad,2017-05-01,19.5,78.5,5,Summer,18.0,0.0,0.05207400162,4.0,321.0333334,58.666666666666664,0.0,-0.8571428571428572
Telangana,Adilabad,2018-07-01,19.5,78.5,7,Monsoon,17.0,2.0,0.3123038618,9.0,307.51,53.666666666666664,0.6666666666666666,-0.05555555555555558
Telangana,Adilabad,2018-08-01,19.5,78.5,8,Monsoon,12.0,1.0,1.383005458,7.0,303.445,15.666666666666666,1.0,-0.2941176470588235
Telangana,Adilabad,2019-08-01,19.5,78.5,8,Monsoon,51.0,0.0,1.224324813,9.0,304.52,26.666666666666668,1.0,3.25
Telangana,Adilabad,2020-06-01,19.5,78.5,6,Monsoon,40.0,0.0,0.1657612636,4.0,315.264,34.333333333333336,0.3333333333333333,-0.21568627450980393
Telangana,Hyderabad,2011-04-01,17.360589,78.4740613,4,Summer,168.0,0.0,6.04e-05,6.0,315.7733334,168.0,0.0,0.0
Telangana,Hyderabad,2015-07-01,17.360589,78.4740613,7,Monsoon,55.0,0.0,0.02201896554,7.0,308.18,111.5,0.0,-0.6726190476190477
Telangana,Hyderabad,2016-07-01,17.360589,78.4740613,7,Monsoon,100.0,0.0,1.164418437,3.0,303.445,107.66666666666667,0.0,0.8181818181818181
Telangana,Hyderabad,2022-04-01,17.360589,78.4740613,4,Summer,95.0,0.0,0.0008799355934,6.0,312.86400000000003,83.33333333333333,0.0,-0.050000000000000044
Telangana,Jogulamba Gadwal,2018-04-01,16.0999202,77.73415835,4,Summer,56.0,0.0,0.004504152605,9.0,315.848,56.0,0.0,0.0
Telangana,Kamareddy,2017-06-01,18.316551,78.05393808,6,Monsoon,196.0,0.0,0.23529794464999998,7.0,303.4183333,141.5,0.0,-0.47027027027027024
Telangana,Kamareddy,2017-08-01,18.316551,78.05393808,8,Monsoon,39.0,0.0,0.1346873564,11.0,301.12,78.33333333333333,0.0,2.5454545454545454
Telangana,Karimnagar,2012-07-01,18.4348122,79.1328042,7,Monsoon,28.0,0.0,0.8460837891,3.0,303.445,28.0,0.0,0.0
Telangana,Karimnagar,2012-08-01,18.4348122,79.1328042,8,Monsoon,30.0,0.0,0.1208673306,12.0,300.38,29.0,0.0,0.0714285714285714
Telangana,Karimnagar,2016-06-01,18.4348122,79.1328042,6,Monsoon,14.0,0.0,0.09335516652,4.0,312.56333340000003,24.0,0.0,-0.5333333333333333
Telangana,Karimnagar,2018-07-01,18.4348122,79.1328042,7,Monsoon,31.0,0.0,0.3415092275,9.0,303.445,25.0,0.0,1.2142857142857144
Telangana,Karimnagar,2018-08-01,18.4348122,79.1328042,8,Monsoon,23.0,0.0,0.46820256429999996,6.0,302.0125,19.333333333333336,0.0,-0.5493358633776091
Telangana,Khammam,2009-12-01,17.5,80.333333,12,Winter,51.0,0.0,0.0002191727025,13.0,303.512,51.0,0.0,0.0
Telangana,Khammam,2010-02-01,17.5,80.333333,2,Winter,45.0,0.0,0.02373097727,12.0,307.365,48.0,0.0,-0.11764705882352944
Telangana,Khammam,2010-06-01,17.5,80.333333,6,Monsoon,15.0,0.0,0.521019932,5.0,303.445,37.0,0.0,-0.6666666666666667
Telangana,Khammam,2011-02-01,17.5,80.333333,2,Winter,127.0,0.0,5.96e-05,11.0,302.8433334,62.333333333333336,0.0,5.0
Telangana,Khammam,2011-06-01,17.5,80.333333,6,Monsoon,23.0,0.0,0.2141278393,7.0,312.58,55.0,0.0,-0.8188976377952756
Telangana,Khammam,2012-06-01,17.5,80.333333,6,Monsoon,15.0,0.0,0.1640880779,9.0,314.43,55.0,0.0,-0.34782608695652173
Telangana,Khammam,2013-11-01,17.5,80.333333,11,Post-Monsoon,10.0,0.0,0.001717888786,20.0,301.656,16.0,0.0,-0.33333333333333337
Telangana,Khammam,2014-06-01,17.5,80.333333,6,Monsoon,456.0,0.0,0.3336585644,8.0,311.24,160.33333333333334,0.0,5.0
Telangana,Khammam,2014-07-01,17.5,80.333333,7,Monsoon,17.0,0.0,0.3368025453,8.0,314.12,161.0,0.0,-0.9627192982456141
Telangana,Khammam,2016-07-01,17.5,80.333333,7,Monsoon,14.0,2.0,0.5223220101,9.0,303.445,85.16666666666667,0.5,-0.29411764705882354
Telangana,Khammam,2016-09-01,17.5,80.333333,9,Monsoon,72.0,0.0,0.8862206365333334,9.0,301.7633333333333,19.0,0.3333333333333333,0.719633307868602
Telangana,Khammam,2016-10-01,17.5,80.333333,10,Post-Monsoon,40.0,2.0,0.275052199366,13.666666666666666,302.46000000000004,16.11111111111111,0.2222222222222222,-0.036858974358974374
Telangana,Khammam,2017-07-01,17.5,80.333333,7,Monsoon,26.0,0.0,0.8386162575,10.0,300.27,17.666666666666668,0.6666666666666666,0.8571428571428572
Telangana,Khammam,2017-08-01,17.5,80.333333,8,Monsoon,42.0,0.0,0.5414964367,11.0,305.23,27.333333333333332,0.6666666666666666,0.6153846153846154
Telangana,Khammam,2017-09-01,17.5,80.333333,9,Monsoon,16.0,0.0,0.1018610045,15.0,301.76,28.0,0.0,-0.6190476190476191
Telangana,Khammam,2018-07-01,17.5,80.333333,7,Monsoon,40.0,0.0,0.4959143679,8.0,303.445,32.666666666666664,0.0,1.5
Telangana,Mahaboobnagar,2016-04-01,17.720535,79.627202,4,Summer,26.0,0.0,0.004185301086,5.0,318.628,26.0,0.0,0.0
Telangana,Mahaboobnagar,2017-08-01,17.720535,79.627202,8,Monsoon,39.0,0.0,0.3855423934,13.0,304.48,32.5,0.0,0.5
Telangana,Mahaboobnagar,2019-08-01,17.720535,79.627202,8,Monsoon,32.0,0.0,0.4098800068,9.0,303.2133334,32.333333333333336,0.0,-0.17948717948717952
Telangana,Mahabubabad,2017-07-01,17.7138983,80.04134253,7,Monsoon,53.0,0.0,0.30931891135,7.0,302.6825,17.75,0.0,1.9444444444444446
Telangana,Mahabubnagar,2010-03-01,16.69656855,77.95911462,3,Summer,16.0,0.0,4.61e-05,9.0,314.308,16.0,0.0,0.0
Telangana,Mahabubnagar,2011-01-01,16.69656855,77.95911462,1,Winter,5.0,0.0,0.0007232686035,7.0,305.312,10.5,0.0,-0.6875
Telangana,Mahabubnagar,2011-10-01,16.69656855,77.95911462,10,Post-Monsoon,12.0,0.0,0.09391132625,12.0,307.612,11.0,0.0,1.4
Telangana,Mahabubnagar,2012-04-01,16.69656855,77.95911462,4,Summer,24.0,0.0,0.04230192465,4.0,316.9266666,13.666666666666666,0.0,1.0
Telangana,Mahabubnagar,2012-05-01,16.69656855,77.95911462,5,Summer,168.0,0.0,0.0001060085564,6.5,317.4235,33.41666666666667,0.0,0.31699139676113364
Telangana,Mahabubnagar,2012-06-01,16.69656855,77.95911462,6,Monsoon,17.0,0.0,0.03516551716,9.0,310.02,42.333333333333336,0.0,-0.679245283018868
Telangana,Mahabubnagar,2012-07-01,16.69656855,77.95911462,7,Monsoon,167.0,0.0,0.351652183625,7.0,309.655,40.91666666666667,0.0,0.2731293397640746
Telangana,Mahabubnagar,2012-08-01,16.69656855,77.95911462,8,Monsoon,183.0,1.0,0.184857491888,7.6,306.70766668,37.2,0.2,0.548132253711201
Telangana,Mahabubnagar,2012-09-01,16.69656855,77.95911462,9,Monsoon,144.0,0.0,0.7002614944400001,7.8,303.739,28.2,0.0,0.1568693676835701
Telangana,Mahabubnagar,2013-01-01,16.69656855,77.95911462,1,Winter,31.0,0.0,0.0009094189528,9.0,307.736,33.0,0.0,0.06896551724137923
Telangana,Mahabubnagar,2013-03-01,16.69656855,77.95911462,3,Summer,13.0,0.0,3.17e-05,5.0,315.632,24.333333333333332,0.0,-0.5806451612903225
Telangana,Mahabubnagar,2013-04-01,16.69656855,77.95911462,4,Summer,41.0,0.0,0.0012623978790000001,5.0,318.14,20.166666666666664,0.0,0.27591973244147155
Telangana,Mahabubnagar,2013-05-01,16.69656855,77.95911462,5,Summer,37.0,0.0,0.1126142587,9.0,317.66400000000004,26.0,0.0,1.0555555555555554
Telangana,Mahabubnagar,2013-08-01,16.69656855,77.95911462,8,Monsoon,16.0,0.0,0.2247113055,6.0,307.32,23.666666666666668,0.0,-0.5675675675675675
Telangana,Mahabubnagar,2013-09-01,16.69656855,77.95911462,9,Monsoon,40.0,2.0,0.2215723677,12.0,304.77,31.0,0.6666666666666666,1.5
Telangana,Mahabubnagar,2013-11-01,16.69656855,77.95911462,11,Post-Monsoon,88.0,2.0,0.042699701825,12.0,304.09833330000004,41.0,1.0,-0.015322580645161232
Telangana,Mahabubnagar,2014-06-01,16.69656855,77.95911462,6,Monsoon,49.0,1.0,0.098157712845,4.0,313.7333333,31.833333333333332,0.8333333333333333,-0.08653846153846156
Telangana,Mahabubnagar,2015-02-01,16.69656855,77.95911462,2,Winter,31.0,0.0,4.45e-05,5.0,313.768,26.666666666666668,0.3333333333333333,0.4761904761904763
Telangana,Mahabubnagar,2015-03-01,16.69656855,77.95911462,3,Summer,67.0,0.0,0.0041849523024999995,7.0,314.294,30.833333333333332,0.16666666666666666,0.021658986175115247
Telangana,Mahabubnagar,2015-07-01,16.69656855,77.95911462,7,Monsoon,25.0,0.0,0.1679268557,4.0,302.14,30.666666666666668,0.0,-0.21875
Telangana,Mahabubnagar,2015-08-01,16.69656855,77.95911462,8,Monsoon,40.0,0.0,0.06186586537,6.0,310.23,32.333333333333336,0.0,0.6000000000000001
Telangana,Mahabubnagar,2016-07-01,16.69656855,77.95911462,7,Monsoon,54.0,0.0,0.5367393483,5.5,303.445,28.666666666666664,0.0,0.7394230769230768
Telangana,Mahabubnagar,2016-09-01,16.69656855,77.95911462,9,Monsoon,30.0,0.0,1.477629048,4.0,303.445,28.0,0.0,-0.2682926829268293
Telangana,Mahabubnagar,2019-03-01,16.69656855,77.95911462,3,Summer,46.0,0.0,0.000115105571,9.0,318.008,39.0,0.0,0.5333333333333334
Telangana,Mahabubnagar,2019-07-01,16.69656855,77.95911462,7,Monsoon,26.0,0.0,0.4700085241,9.0,303.445,34.0,0.0,-0.4347826086956522
Telangana,Mahabubnagar,2019-08-01,16.69656855,77.95911462,8,Monsoon,32.0,0.0,0.1482366824,9.0,304.16,34.666666666666664,0.0,0.23076923076923084
Telangana,Mahbubnagar,2010-03-01,16.7434538,77.9923191,3,Summer,11.0,0.0,8.07e-05,6.0,312.74,11.0,0.0,0.0
Telangana,Mahbubnagar,2010-04-01,16.7434538,77.9923191,4,Summer,21.0,1.0,0.005087815953,9.0,315.46,16.0,0.5,0.9090909090909092
Telangana,Mahbubnagar,2011-04-01,16.7434538,77.9923191,4,Summer,96.0,0.0,0.03769683834,9.0,314.94,32.333333333333336,0.3333333333333333,0.638095238095238
Telangana,Mahbubnagar,2011-08-01,16.7434538,77.9923191,8,Monsoon,42.0,0.0,0.09568464298,8.0,303.78000000000003,46.0,0.0,-0.17647058823529416
Telangana,Mahbubnagar,2011-09-01,16.7434538,77.9923191,9,Monsoon,72.0,0.0,0.09478223202,11.0,303.88,55.0,0.0,0.7142857142857142
Telangana,Mahbubnagar,2013-04-01,16.7434538,77.9923191,4,Summer,32.0,0.0,0.0001378212273,5.0,319.5133334,48.666666666666664,0.0,-0.5555555555555556
Telangana,Mahbubnagar,2013-11-01,16.7434538,77.9923191,11,Post-Monsoon,39.0,0.0,0.03351575273,9.0,303.256,47.666666666666664,0.0,0.21875
Telangana,Mahbubnagar,2014-07-01,16.7434538,77.9923191,7,Monsoon,51.0,0.0,0.5930059149,4.0,303.445,40.666666666666664,0.0,0.3076923076923077
Telangana,Mahbubnagar,2015-09-01,16.7434538,77.9923191,9,Monsoon,172.0,1.0,0.1218917038,13.0,308.672,87.33333333333333,0.3333333333333333,2.372549019607843
Telangana,Medak,2009-08-01,17.9375095,78.21174499,8,Monsoon,10.0,0.0,0.04898724345,9.0,308.75333340000003,10.0,0.0,0.0
Telangana,Medak,2010-05-01,17.9375095,78.21174499,5,Summer,138.0,0.0,0.0007175172885,4.0,315.3453333,29.666666666666668,0.0,2.5
Telangana,Medak,2010-06-01,17.9375095,78.21174499,6,Monsoon,10.0,0.0,0.01181214154,4.0,316.372,49.333333333333336,0.0,-0.921875
Telangana,Medak,2010-07-01,17.9375095,78.21174499,7,Monsoon,62.0,0.0,0.8967460869,9.0,303.445,40.16666666666667,0.0,1.05
Telangana,Medak,2010-10-01,17.9375095,78.21174499,10,Post-Monsoon,10.0,0.0,0.2200512556,12.0,301.07,24.0,0.0,-0.6774193548387097
Telangana,Medak,2011-06-01,17.9375095,78.21174499,6,Monsoon,38.0,0.0,0.1468096966,4.666666666666667,310.02755559999997,14.111111111111109,0.0,0.17142857142857137
Telangana,Medak,2011-08-01,17.9375095,78.21174499,8,Monsoon,10.0,0.0,0.1016172701,8.0,291.03000000000003,11.333333333333334,0.0,-0.2857142857142857
Telangana,Medak,2012-03-01,17.9375095,78.21174499,3,Summer,39.0,0.0,8.48e-05,9.0,316.6333334,21.0,0.0,2.9
Telangana,Medak,2012-08-01,17.9375095,78.21174499,8,Monsoon,34.0,0.0,0.4892417684,13.0,302.41,27.666666666666668,0.0,-0.1282051282051282
Telangana,Medak,2013-08-01,17.9375095,78.21174499,8,Monsoon,294.0,6.0,0.3012551828,5.0,303.445,82.33333333333333,1.5,1.448292220113852
Telangana,Medak,2013-09-01,17.9375095,78.21174499,9,Monsoon,51.0,2.0,0.041202777335,11.0,301.54333330000003,97.66666666666666,1.8333333333333335,-0.762997512437811
Telangana,Medak,2013-12-01,17.9375095,78.21174499,12,Winter,20.0,0.0,0.007756390548,9.0,300.69,23.666666666666668,0.6666666666666666,0.8181818181818181
Telangana,Medak,2014-09-01,17.9375095,78.21174499,9,Monsoon,14.0,0.0,0.2963973753,10.0,304.22,15.0,0.6666666666666666,-0.30000000000000004
Telangana,Medak,2015-08-01,17.9375095,78.21174499,8,Monsoon,13.0,0.0,0.02797983728,9.0,306.62,15.666666666666666,0.0,-0.0714285714285714
Telangana,Medak,2015-11-01,17.9375095,78.21174499,11,Post-Monsoon,14.0,0.0,0.01483482862,9.0,305.185,13.666666666666666,0.0,0.07692307692307687
Telangana,Medak,2016-07-01,17.9375095,78.21174499,7,Monsoon,452.0,2.0,0.4383765199,9.0,307.62,115.83333333333334,0.5,2.618811881188119
Telangana,Medak,2016-08-01,17.9375095,78.21174499,8,Monsoon,10.0,0.0,0.3950823454,10.0,297.1866666,154.0,0.6666666666666666,-0.96
Telangana,Medak,2016-09-01,17.9375095,78.21174499,9,Monsoon,179.0,3.0,1.30437354252,8.8,301.679,45.86666666666667,0.5333333333333333,0.501391884951207
Telangana,Medak,2016-10-01,17.9375095,78.21174499,10,Post-Monsoon,160.0,0.0,0.3022158507,12.666666666666666,301.67311109999997,27.88888888888889,0.1111111111111111,0.25592790537178806
Telangana,Medak,2018-02-01,17.9375095,78.21174499,2,Winter,172.0,0.0,4.17e-05,5.0,306.81333340000003,80.66666666666667,0.0,5.0
Telangana,Medchal,2019-07-01,17.6339929,78.4843146,7,Monsoon,13.0,0.0,0.5488513022,9.0,307.28000000000003,13.0,0.0,0.0
Telangana,Nalgonda,2010-05-01,16.8579636,79.21749353,5,Summer,52.0,0.0,0.01125191925,9.0,311.344,52.0,0.0,0.0
Telangana,Nalgonda,2012-06-01,16.8579636,79.21749353,6,Monsoon,27.0,0.0,0.06025808794,9.0,311.46,39.5,0.0,-0.4807692307692307
Telangana,Nalgonda,2012-07-01,16.8579636,79.21749353,7,Monsoon,40.0,0.0,0.9452091085,6.0,305.47,26.666666666666664,0.0,0.18783068783068785
Telangana,Nalgonda,2012-08-01,16.8579636,79.21749353,8,Monsoon,102.0,1.0,0.230689427395,8.0,305.82166670000004,32.0,0.16666666666666666,1.0865384615384617
Telangana,Nalgonda,2013-04-01,16.8579636,79.21749353,4,Summer,39.0,0.0,0.001363379965,4.0,314.2966666,47.0,0.3333333333333333,-0.5
Telangana,Nalgonda,2014-02-01,16.8579636,79.21749353,2,Winter,31.0,0.0,0.0001085946434,7.0,303.616,49.333333333333336,0.3333333333333333,-0.20512820512820518
Telangana,Nalgonda,2014-09-01,16.8579636,79.21749353,9,Monsoon,31.0,0.0,0.7103140646,9.0,301.69,33.666666666666664,0.0,0.0
Telangana,Nalgonda,2015-08-01,16.8579636,79.21749353,8,Monsoon,15.0,1.0,0.4315755021,10.0,304.16,25.666666666666668,0.3333333333333333,-0.5161290322580645
Telangana,Nalgonda,2016-08-01,16.8579636,79.21749353,8,Monsoon,18.0,0.0,0.03716008922,6.0,312.81,21.333333333333332,0.3333333333333333,0.19999999999999996
Telangana,Nalgonda,2019-02-01,16.8579636,79.21749353,2,Winter,59.0,0.0,0.0002344754334,9.0,312.188,30.666666666666668,0.3333333333333333,2.2777777777777777
Telangana,Nalgonda,2021-11-01,16.8579636,79.21749353,11,Post-Monsoon,9.0,0.0,0.4669624216,5.0,299.08,28.666666666666668,0.0,-0.847457627118644
Telangana,Nalgonda,2021-12-01,16.8579636,79.21749353,12,Winter,8.0,0.0,0.003025986003,12.0,300.728,25.333333333333332,0.0,-0.11111111111111116
Telangana,Nalgonda,2022-03-01,16.8579636,79.21749353,3,Summer,6.0,0.0,0.0001335467262,8.0,309.556,7.666666666666667,0.0,-0.25
Telangana,Nizamabad,2009-07-01,18.75,78.25,7,Monsoon,23.0,1.0,0.8527514312,7.0,302.27,23.0,1.0,0.0
Telangana,Nizamabad,2009-10-01,18.75,78.25,10,Post-Monsoon,245.0,0.0,0.01806527296,15.0,305.396,134.0,0.5,5.0
Telangana,Nizamabad,2012-03-01,18.75,78.25,3,Summer,13.0,0.0,2.62e-05,7.0,311.2066666,93.66666666666667,0.3333333333333333,-0.9469387755102041
Telangana,Nizamabad,2013-04-01,18.75,78.25,4,Summer,17.0,0.0,0.02781673759,7.0,313.588,91.66666666666667,0.0,0.3076923076923077
Telangana,Nizamabad,2013-05-01,18.75,78.25,5,Summer,97.0,0.0,0.002620412488,4.0,316.3433334,42.333333333333336,0.0,4.705882352941177
Telangana,Nizamabad,2013-06-01,18.75,78.25,6,Monsoon,147.0,0.0,0.5803716173333333,4.333333333333333,308.9216666666667,60.55555555555555,0.0,0.24111582777440868
Telangana,Nizamabad,2013-07-01,18.75,78.25,7,Monsoon,12.0,0.0,0.4735748811,6.0,303.6,24.666666666666668,0.0,-0.7333333333333334
Telangana,Nizamabad,2014-06-01,18.75,78.25,6,Monsoon,27.0,0.0,0.005093628783,9.0,313.68,28.0,0.0,1.25
Telangana,Nizamabad,2016-08-01,18.75,78.25,8,Monsoon,54.0,0.0,0.551274374,9.0,297.34000000000003,31.0,0.0,1.0
Telangana,Nizamabad,2016-11-01,18.75,78.25,11,Post-Monsoon,80.0,0.0,3.46e-05,9.0,304.66,53.666666666666664,0.0,0.4814814814814814
Telangana,Nizamabad,2017-06-01,18.75,78.25,6,Monsoon,18.0,0.0,0.4665800098,9.0,315.83,50.666666666666664,0.0,-0.775
Telangana,Nizamabad,2018-03-01,18.75,78.25,3,Summer,158.0,0.0,0.05867749867,9.0,307.24,85.33333333333333,0.0,5.0
Telangana,Nizamabad,2018-10-01,18.75,78.25,10,Post-Monsoon,27.0,0.0,0.008511625856,11.0,305.4866666,67.66666666666667,0.0,-0.8291139240506329
Telangana,Nizamabad,2018-11-01,18.75,78.25,11,Post-Monsoon,618.0,2.0,0.008457472944999999,9.5,305.97400000000005,142.83333333333334,0.3333333333333333,2.5
Telangana,RAJANNA SIRCILLA,2017-07-01,18.452116,78.76455837,7,Monsoon,135.0,0.0,0.2563134841,9.0,303.445,135.0,0.0,0.0
Telangana,Rajanna Sircilla,2017-06-01,18.452116,78.76455837,6,Monsoon,29.0,0.0,0.3004186749,6.0,302.14,29.0,0.0,0.0
Telangana,RangaReddy,2013-08-01,17.1333954,78.39709787,8,Monsoon,147.0,1.0,1.10395918,9.0,303.445,82.25,0.75,-0.1923076923076923
Telangana,Rangareddy,2010-05-01,17.1333954,78.39709787,5,Summer,242.0,0.0,0.04867560953,9.0,313.955,242.0,0.0,0.0
Telangana,Rangareddy,2018-10-01,17.1333954,78.39709787,10,Post-Monsoon,27.0,0.0,0.01133198841,10.0,307.045,134.5,0.0,-0.8884297520661157
Telangana,Sangareddy,2017-08-01,17.86859205,77.82281995,8,Monsoon,27.0,0.0,0.5456919244,9.0,300.36,27.0,0.0,0.0
Telangana,Sangareddy,2018-02-01,17.86859205,77.82281995,2,Winter,19.0,0.0,0.02473361358,5.0,305.855,23.0,0.0,-0.2962962962962963
Telangana,Sangareddy,2018-09-01,17.86859205,77.82281995,9,Monsoon,18.0,0.0,0.1445507564,13.0,305.6033334,21.333333333333332,0.0,-0.052631578947368474
Telangana,Sangareddy,2019-09-01,17.86859205,77.82281995,9,Monsoon,142.0,0.0,0.7059804630333333,9.333333333333334,300.45,38.55555555555556,0.0,0.8555555555555556
Telangana,Sangareddy,2019-10-01,17.86859205,77.82281995,10,Post-Monsoon,68.0,0.0,0.3207304375,16.0,298.86400000000003,39.33333333333333,0.0,-0.17307692307692307
Telangana,Suryapet,2018-07-01,17.08001385,79.79253297,7,Monsoon,14.0,0.0,0.4034975547,4.0,303.445,14.0,0.0,0.0
Telangana,Wanaparthy,2019-07-01,16.2852944,77.98644727,7,Monsoon,19.0,0.0,0.4771254742,3.0,308.82,19.0,0.0,0.0
Telangana,Wanaparthy,2020-04-01,16.2852944,77.98644727,4,Summer,73.0,0.0,0.0001341205911,9.0,315.388,46.0,0.0,2.8421052631578947
Telangana,Warangal,2010-04-01,17.9820644,79.5970954,4,Summer,30.0,0.0,0.01763627921,4.0,316.37333340000004,30.0,0.0,0.0
Telangana,Warangal,2010-06-01,17.9820644,79.5970954,6,Monsoon,70.0,0.0,0.14932886894333333,4.333333333333333,310.7955556,31.11111111111111,0.0,-0.04444444444444443
Telangana,Warangal,2010-07-01,17.9820644,79.5970954,7,Monsoon,30.0,2.0,1.182017417,7.0,303.445,16.666666666666668,0.6666666666666666,2.0
Telangana,Warangal,2010-08-01,17.9820644,79.5970954,8,Monsoon,75.0,0.0,0.8338772429,9.0,303.9966667,32.5,0.6666666666666666,0.08333333333333337
Telangana,Warangal,2010-09-01,17.9820644,79.5970954,9,Monsoon,51.0,0.0,1.656995705,9.0,298.96,42.0,0.0,1.04
Telangana,Warangal,2010-10-01,17.9820644,79.5970954,10,Post-Monsoon,13.0,0.0,0.684105454,14.0,301.07,29.666666666666668,0.0,-0.7450980392156863
Telangana,Warangal,2011-04-01,17.9820644,79.5970954,4,Summer,8.0,0.0,0.1189280815,7.0,310.945,24.0,0.0,-0.3846153846153846
Telangana,Warangal,2011-08-01,17.9820644,79.5970954,8,Monsoon,74.0,0.0,0.36711440989,7.0,305.21333330000004,20.5,0.0,1.6
Telangana,Warangal,2011-09-01,17.9820644,79.5970954,9,Monsoon,17.0,0.0,0.7258221073,9.0,302.38,30.333333333333332,0.0,-0.6851851851851851
Telangana,Warangal,2012-07-01,17.9820644,79.5970954,7,Monsoon,92.0,0.0,1.712991938,5.0,303.445,54.333333333333336,0.0,4.411764705882353
Telangana,Warangal,2013-04-01,17.9820644,79.5970954,4,Summer,43.0,0.0,0.03655789313,6.0,313.8666666,50.666666666666664,0.0,-0.5326086956521738
Telangana,Warangal,2015-05-01,17.9820644,79.5970954,5,Summer,24.0,1.0,0.0001530263857,4.0,316.86,53.0,0.3333333333333333,-0.4418604651162791
Telangana,Warangal,2017-07-01,17.9820644,79.5970954,7,Monsoon,22.0,0.0,0.1567977445,6.0,305.54,29.666666666666668,0.3333333333333333,-0.08333333333333337
Telangana,Warangal Urban,2017-12-01,18.00441,79.56838,12,Winter,44.0,0.0,5.4e-05,8.0,305.216,44.0,0.0,0.0
Telangana,Warangal Urban,2020-02-01,18.00441,79.56838,2,Winter,55.0,0.0,5.29e-05,10.0,306.11333340000004,49.5,0.0,0.25
Tripura,Agartala,2018-12-01,23.8312377,91.2823821,12,Winter,102.0,0.0,3.43e-05,14.0,298.192,102.0,0.0,0.0
Tripura,Dhalai,2011-02-01,23.8253158,91.97322267,2,Winter,13.0,5.0,0.00235266067,35.0,295.5666666,13.0,5.0,0.0
Tripura,Dhalai,2011-04-01,23.8253158,91.97322267,4,Summer,57.0,1.0,0.06001272779,9.0,303.34000000000003,35.0,3.0,3.384615384615385
Tripura,Dhalai,2014-05-01,23.8253158,91.97322267,5,Summer,2509.679999999993,15.0,0.1338603606,9.0,301.385,571.8177777777762,4.111111111111111,1.6666666666666667
Tripura,Dhalai,2017-03-01,23.8253158,91.97322267,3,Summer,6.0,1.0,0.06434863246,34.0,299.44,559.7066666666651,3.6666666666666665,-0.9928277708711868
Tripura,Dhalai,2017-05-01,23.8253158,91.97322267,5,Summer,39.0,0.0,0.09305463564,41.0,299.7033334,293.85333333333256,2.0,5.0
Tripura,Dhalai District,2014-05-01,23.9551603,91.8252174,5,Summer,828.0,5.0,0.07230890149,9.0,301.135,828.0,5.0,0.0
Tripura,Gomati,2019-06-01,23.4613369,91.60718004,6,Monsoon,190.0,0.0,0.3864496424,9.0,301.72,190.0,0.0,0.0
Tripura,Gomati,2019-08-01,23.4613369,91.60718004,8,Monsoon,22.0,0.0,0.4134095106,28.0,303.445,106.0,0.0,-0.8842105263157894
Tripura,Khowai,2015-04-01,24.04673835,91.62320954,4,Summer,151.0,1.0,0.8868027999,18.0,298.78400000000005,151.0,1.0,0.0
Tripura,Khowai,2018-11-01,24.04673835,91.62320954,11,Post-Monsoon,15.0,1.0,0.002108316505,9.0,299.096,83.0,1.0,-0.9006622516556292
Tripura,North Tripura,2014-02-01,24.0921476,92.24512135,2,Winter,62.0,0.0,0.3112377587,34.0,295.56,62.0,0.0,0.0
Tripura,North Tripura,2017-02-01,24.0921476,92.24512135,2,Winter,23.0,0.0,8.98e-05,36.0,297.7,42.5,0.0,-0.6290322580645161
Tripura,North Tripura,2018-02-01,24.0921476,92.24512135,2,Winter,105.0,0.0,0.024959503305,35.5,297.804,51.5,0.0,1.1338315217391304
Tripura,Sepahijala,2017-01-01,23.53074455,91.30156539,1,Winter,19.0,0.0,6.23e-05,19.0,295.4833334,19.0,0.0,0.0
Tripura,South Tripura,2010-12-01,23.5,91.666667,12,Winter,29.0,3.0,0.0001007299876,9.0,295.4366666,29.0,3.0,0.0
Tripura,South Tripura,2014-02-01,23.5,91.666667,2,Winter,18.0,0.0,0.02572835827,12.0,298.832,23.5,1.5,-0.3793103448275862
Tripura,South Tripura,2014-12-01,23.5,91.666667,12,Winter,12.0,1.0,8.77e-05,12.0,294.18,19.666666666666668,1.3333333333333333,-0.33333333333333337
Tripura,South Tripura,2015-04-01,23.5,91.666667,4,Summer,30.0,1.0,1.017967427,21.0,299.975,20.0,0.6666666666666666,1.5
Tripura,Unakoti,2014-02-01,24.3167458,92.06650224,2,Winter,30.0,0.0,8.72e-05,29.0,294.8166666,30.0,0.0,0.0
Tripura,West Tripura,2011-01-01,23.916667,91.5,1,Winter,11.0,1.0,0.1111277588,6.0,291.748,11.0,1.0,0.0
Tripura,West Tripura,2016-12-01,23.916667,91.5,12,Winter,236.0,1.0,0.01185782413,9.0,297.46,123.5,1.0,5.0
Tripura,West Tripura,2017-04-01,23.916667,91.5,4,Summer,131.0,0.0,0.1045395675,17.0,300.585,126.0,0.6666666666666666,-0.44491525423728817
Uttar Pradesh,Agra,2013-10-01,27.1752554,78.0098161,10,Post-Monsoon,53.0,0.0,0.04681567132,6.5,305.14,20.25,0.0,0.8928571428571428
Uttar Pradesh,Agra,2015-09-01,27.1752554,78.0098161,9,Monsoon,45.0,0.0,0.3932036085,9.0,306.40000000000003,32.666666666666664,0.0,0.15384615384615374
Uttar Pradesh,Agra,2021-09-01,27.1752554,78.0098161,9,Monsoon,43.0,1.0,0.2492950753,8.0,301.05333340000004,42.333333333333336,0.3333333333333333,-0.0444444444444444
Uttar Pradesh,Aligarh,2010-05-01,27.833333,78.166667,5,Summer,14.0,2.0,0.0007197108288,4.0,316.39,14.0,2.0,0.0
Uttar Pradesh,Aligarh,2016-07-01,27.833333,78.166667,7,Monsoon,36.0,2.0,0.4506540532,9.0,302.8666666,25.0,2.0,1.5714285714285716
Uttar Pradesh,Aligarh,2019-07-01,27.833333,78.166667,7,Monsoon,75.0,2.0,0.1384236479,4.0,299.86,41.666666666666664,2.0,1.0833333333333335
Uttar Pradesh,Allahabad,2009-08-01,25.4381302,81.8338005,8,Monsoon,80.0,0.0,0.51315924915,10.0,307.4133333,45.5,0.0,-0.21568627450980393
Uttar Pradesh,Allahabad,2010-05-01,25.4381302,81.8338005,5,Summer,9.0,1.0,0.009275116486,4.0,312.2366666,29.666666666666668,0.3333333333333333,-0.6896551724137931
Uttar Pradesh,Allahabad,2010-07-01,25.4381302,81.8338005,7,Monsoon,8.0,1.0,0.9722630211,5.0,303.445,15.333333333333334,0.6666666666666666,-0.11111111111111116
Uttar Pradesh,Allahabad,2011-07-01,25.4381302,81.8338005,7,Monsoon,16.0,0.0,0.4000203478,8.0,305.24,11.0,0.6666666666666666,1.0
Uttar Pradesh,Allahabad,2011-08-01,25.4381302,81.8338005,8,Monsoon,16.0,0.0,1.052934161,5.0,303.445,13.333333333333334,0.3333333333333333,0.0
Uttar Pradesh,Ambedkar Nagar,2009-09-01,26.40349795,82.60728149,9,Monsoon,15.0,1.0,1.288642508,16.0,301.0,15.0,1.0,0.0
Uttar Pradesh,Ambedkar Nagar,2009-10-01,26.40349795,82.60728149,10,Post-Monsoon,29.0,3.0,0.02880228527,13.0,301.86333340000004,22.0,2.0,0.9333333333333333
Uttar Pradesh,Amethi,2017-05-01,26.34738315,81.62387832,5,Summer,6.0,1.0,0.05352101694,4.0,313.908,6.0,1.0,0.0
Uttar Pradesh,Amethi,2017-09-01,26.34738315,81.62387832,9,Monsoon,47.0,1.0,0.6776805605,20.0,299.55,26.5,1.0,5.0
Uttar Pradesh,Auraiya,2010-05-01,26.65573395,79.51504701,5,Summer,14.0,1.0,0.09098014692,3.0,312.188,14.0,1.0,0.0
Uttar Pradesh,Auraiya,2011-10-01,26.65573395,79.51504701,10,Post-Monsoon,39.0,0.0,4.49e-05,9.0,307.2966666,26.5,0.5,1.7857142857142856
Uttar Pradesh,Auraiya,2013-06-01,26.65573395,79.51504701,6,Monsoon,16.0,0.0,1.421101916,4.0,303.445,23.0,0.3333333333333333,-0.5897435897435898
Uttar Pradesh,Auraiya,2013-07-01,26.65573395,79.51504701,7,Monsoon,67.0,0.0,0.84888709715,9.0,302.44,26.333333333333336,0.0,0.8
Uttar Pradesh,Auraiya,2018-10-01,26.65573395,79.51504701,10,Post-Monsoon,103.0,3.0,0.0012251311,8.0,304.74333340000004,56.666666666666664,1.0,1.1914893617021276
Uttar Pradesh,Auraiya,2019-06-01,26.65573395,79.51504701,6,Monsoon,70.0,0.0,0.001052918649,5.0,312.86400000000003,73.33333333333333,1.0,-0.3203883495145631
Uttar Pradesh,Auraiya,2019-10-01,26.65573395,79.51504701,10,Post-Monsoon,209.0,0.0,1.52e-05,8.0,303.85,127.33333333333333,1.0,1.9857142857142858
Uttar Pradesh,Auraiya,2021-09-01,26.65573395,79.51504701,9,Monsoon,34.0,0.0,0.6104519708,17.0,302.57,104.33333333333333,0.0,-0.8373205741626795
Uttar Pradesh,Auraiya,2021-11-01,26.65573395,79.51504701,11,Post-Monsoon,43.0,0.0,8e-05,6.0,300.43333340000004,95.33333333333333,0.0,0.2647058823529411
Uttar Pradesh,Azamgarh,2013-05-01,26.02269675,83.02887343,5,Summer,33.0,1.0,0.02195376676,4.0,311.96,33.0,1.0,0.0
Uttar Pradesh,Azamgarh,2013-08-01,26.02269675,83.02887343,8,Monsoon,369.0,2.0,0.6334850485,12.0,301.90000000000003,201.0,1.5,5.0
Uttar Pradesh,Azamgarh,2016-07-01,26.02269675,83.02887343,7,Monsoon,30.0,1.0,0.8561954561,3.5,300.5825,136.66666666666669,1.0,-0.6847810583368992
Uttar Pradesh,Azamgarh,2016-08-01,26.02269675,83.02887343,8,Monsoon,23.0,0.0,0.5988926578,9.0,298.79,17.666666666666668,0.3333333333333333,1.0909090909090908
Uttar Pradesh,Azamgarh,2017-07-01,26.02269675,83.02887343,7,Monsoon,11.0,0.0,1.465155439,9.0,303.44,15.0,0.3333333333333333,-0.5217391304347826
Uttar Pradesh,Azamgarh,2021-09-01,26.02269675,83.02887343,9,Monsoon,575.0,3.0,0.3132791294,15.0,300.825,203.0,1.0,5.0
Uttar Pradesh,Badaun,2015-08-01,28.116667,78.983333,8,Monsoon,141.0,5.0,0.3726159013,8.0,304.96500000000003,72.25,3.75,-0.047297297297297314
Uttar Pradesh,Badaun,2015-09-01,28.116667,78.983333,9,Monsoon,91.0,4.0,0.00512631228,14.0,305.11,56.33333333333333,1.8333333333333335,-0.04228855721393038
Uttar Pradesh,Badaun,2016-08-01,28.116667,78.983333,8,Monsoon,16.0,0.0,0.4679969753,9.0,300.6,35.666666666666664,1.3333333333333333,-0.6923076923076923
Uttar Pradesh,Badaun,2016-09-01,28.116667,78.983333,9,Monsoon,18.0,0.0,0.5388081754,15.0,302.12,28.666666666666668,0.6666666666666666,0.125
Uttar Pradesh,Ballia,2021-10-01,25.87793255,84.11995931,10,Post-Monsoon,14.0,0.0,0.01048046614,11.0,301.336,14.0,0.0,0.0
Uttar Pradesh,Balrampur,2011-06-01,27.4504805,82.39541774,6,Monsoon,9.0,1.0,0.3563857428,4.0,304.92,14.666666666666666,2.0,2.0
Uttar Pradesh,Banda,2010-05-01,25.6240669,80.44804739,5,Summer,19.0,0.0,0.0002656154313,3.0,308.865,19.0,0.0,0.0
Uttar Pradesh,Bara Banki,2016-11-01,26.9013312,81.2151601,11,Post-Monsoon,24.0,0.0,9.49e-05,7.0,303.11,24.0,0.0,0.0
Uttar Pradesh,Bara-Banki,2016-04-01,26.9013312,81.2151601,4,Summer,67.0,0.0,5.71e-05,4.0,313.3866666,67.0,0.0,0.0
Uttar Pradesh,Bara-Banki,2016-08-01,26.9013312,81.2151601,8,Monsoon,9.0,1.0,0.7966329457,9.0,300.5733334,38.0,0.5,-0.8656716417910448
Uttar Pradesh,Bara-Banki,2017-09-01,26.9013312,81.2151601,9,Monsoon,15.0,1.0,0.06115148311,20.0,301.15000000000003,30.333333333333332,0.6666666666666666,0.6666666666666667
Uttar Pradesh,Bareilly,2009-12-01,28.416667,79.383333,12,Winter,11.0,5.0,7.38e-05,6.0,294.8833334,11.0,5.0,0.0
Uttar Pradesh,Bareilly,2010-08-01,28.416667,79.383333,8,Monsoon,69.0,4.0,1.4022808905000002,6.5,303.445,20.833333333333336,3.5,1.1794258373205744
Uttar Pradesh,Bareilly,2010-10-01,28.416667,79.383333,10,Post-Monsoon,15.0,1.0,0.00367616289,13.0,303.3366666,28.0,1.6666666666666667,-0.7
Uttar Pradesh,Bareilly,2014-06-01,28.416667,79.383333,6,Monsoon,11.0,0.0,0.1027656192,6.0,306.64,25.333333333333332,0.6666666666666666,-0.2666666666666667
Uttar Pradesh,Bareilly,2015-08-01,28.416667,79.383333,8,Monsoon,64.0,0.0,0.8535924188,11.0,302.57,30.0,0.3333333333333333,4.818181818181818
Uttar Pradesh,Bareilly,2018-09-01,28.416667,79.383333,9,Monsoon,836.5599999999977,0.0,0.7864838707,8.0,302.48,303.85333333333256,0.0,5.0
Uttar Pradesh,Bareilly,2019-01-01,28.416667,79.383333,1,Winter,836.5599999999977,0.0,0.3676343825,12.0,291.52,579.0399999999985,0.0,0.0
Uttar Pradesh,Bareilly,2019-08-01,28.416667,79.383333,8,Monsoon,16.0,0.0,0.4327190655,9.0,304.08,563.0399999999985,0.0,-0.980874055656498
Uttar Pradesh,Bareilly,2021-09-01,28.416667,79.383333,9,Monsoon,158.0,5.0,0.6523132363,19.0,300.48400000000004,336.85333333333256,1.6666666666666667,5.0
Uttar Pradesh,Budaun,2010-09-01,28.06831165,79.04607312,9,Monsoon,7.0,1.0,0.9623278501,8.0,299.74,7.0,1.0,0.0
Uttar Pradesh,Budaun,2011-08-01,28.06831165,79.04607312,8,Monsoon,53.0,3.0,0.740874916,6.0,303.445,30.0,2.0,5.0
Uttar Pradesh,Budaun,2016-07-01,28.06831165,79.04607312,7,Monsoon,8.0,1.0,0.2508885451,6.0,299.88,22.666666666666668,1.6666666666666667,-0.8490566037735849
Uttar Pradesh,Budaun,2016-08-01,28.06831165,79.04607312,8,Monsoon,57.0,0.0,0.29998248065,8.0,303.045,27.5,0.8333333333333333,1.6682692307692308
Uttar Pradesh,Budaun,2016-09-01,28.06831165,79.04607312,9,Monsoon,74.0,1.0,0.08362142712333333,14.0,303.9511111333333,28.88888888888889,0.2222222222222222,0.23749999999999993
Uttar Pradesh,Budaun,2016-10-01,28.06831165,79.04607312,10,Post-Monsoon,29.0,0.0,2.78e-05,7.0,305.74333340000004,18.333333333333332,0.3333333333333333,1.6363636363636362
Uttar Pradesh,Budaun,2017-08-01,28.06831165,79.04607312,8,Monsoon,160.0,3.0,0.05634271209,10.0,300.6,66.66666666666667,1.0,4.517241379310345
Uttar Pradesh,Budaun,2019-08-01,28.06831165,79.04607312,8,Monsoon,360.0,0.0,0.8708419923,15.0,301.665,183.0,1.0,1.25
Uttar Pradesh,Bulandshahar,2010-04-01,28.5246712,77.5996529,4,Summer,518.0,4.0,0.01219871481,3.0,315.86,518.0,4.0,0.0
Uttar Pradesh,Bulandshahar,2011-09-01,28.5246712,77.5996529,9,Monsoon,49.0,0.0,0.3030659847,17.0,301.036,283.5,2.0,-0.9054054054054054
Uttar Pradesh,Chandauli,2012-06-01,25.1265777,83.24965577,6,Monsoon,15.0,0.0,5.87e-05,9.0,313.34000000000003,15.0,0.0,0.0
Uttar Pradesh,Chandauli,2013-09-01,25.1265777,83.24965577,9,Monsoon,42.0,0.0,0.26988376669999997,12.0,301.5833334,19.0,0.0,0.17971014492753629
Uttar Pradesh,Chandauli,2013-10-01,25.1265777,83.24965577,10,Post-Monsoon,20.0,0.0,1.245188512,9.0,299.552,20.666666666666668,0.0,0.05263157894736836
Uttar Pradesh,Chandauli,2014-09-01,25.1265777,83.24965577,9,Monsoon,17.0,1.0,0.2721729072,17.0,302.844,18.666666666666668,0.3333333333333333,-0.15000000000000002
Uttar Pradesh,Chandauli,2015-06-01,25.1265777,83.24965577,6,Monsoon,45.0,0.0,0.2952944687,6.0,314.788,27.333333333333332,0.3333333333333333,1.6470588235294117
Uttar Pradesh,Chandauli,2015-07-01,25.1265777,83.24965577,7,Monsoon,37.0,0.0,0.4928741399,9.0,302.51,33.0,0.3333333333333333,-0.1777777777777778
Uttar Pradesh,Chandauli,2015-08-01,25.1265777,83.24965577,8,Monsoon,33.0,1.0,0.40521043045,14.5,301.923,28.333333333333336,0.16666666666666666,-0.34009009009009006
Uttar Pradesh,Chandauli,2015-09-01,25.1265777,83.24965577,9,Monsoon,128.0,3.0,0.38298548503,16.0,302.2035555333334,41.55555555555555,1.111111111111111,1.369350811485643
Uttar Pradesh,Chandauli,2016-05-01,25.1265777,83.24965577,5,Summer,36.0,0.0,0.04507422306,5.0,315.82,25.0,0.3333333333333333,0.894736842105263
Uttar Pradesh,Chandauli,2016-07-01,25.1265777,83.24965577,7,Monsoon,12.0,1.0,0.839618801,12.0,303.445,22.333333333333332,0.3333333333333333,-0.6666666666666667
Uttar Pradesh,Chandauli,2016-08-01,25.1265777,83.24965577,8,Monsoon,272.0,5.0,0.7012221567,10.0,303.445,106.66666666666667,2.0,5.0
Uttar Pradesh,Chandauli,2016-09-01,25.1265777,83.24965577,9,Monsoon,144.0,4.0,1.1024480952,11.4,301.82399999999996,61.8,1.4666666666666668,0.15474789915966386
Uttar Pradesh,Chandauli,2016-10-01,25.1265777,83.24965577,10,Post-Monsoon,71.0,0.0,0.47334107989999996,26.0,301.89700000000005,31.166666666666668,0.16666666666666666,1.260839160839161
Uttar Pradesh,Chandauli,2017-05-01,25.1265777,83.24965577,5,Summer,13.0,1.0,0.06106084845,6.0,315.43,28.0,0.3333333333333333,-0.1875
Uttar Pradesh,Chandauli,2017-07-01,25.1265777,83.24965577,7,Monsoon,64.0,3.0,2.3890794963333337,4.666666666666667,303.5566666666667,19.444444444444443,1.222222222222222,0.3663817663817664
Uttar Pradesh,Chandauli,2017-08-01,25.1265777,83.24965577,8,Monsoon,12.0,0.0,0.7534587358,6.0,303.445,16.333333333333332,0.0,-0.4545454545454546
Uttar Pradesh,Chandauli,2017-09-01,25.1265777,83.24965577,9,Monsoon,11.0,0.0,0.3127235689,17.0,303.37,15.0,0.0,-0.08333333333333337
Uttar Pradesh,Chandauli,2018-05-01,25.1265777,83.24965577,5,Summer,17.0,0.0,0.04421720051,6.0,311.496,13.333333333333334,0.0,0.5454545454545454
Uttar Pradesh,Chandauli,2019-08-01,25.1265777,83.24965577,8,Monsoon,20.0,1.0,0.5828444825000001,12.5,300.29200000000003,13.333333333333334,0.16666666666666666,-0.3921568627450981
Uttar Pradesh,Chandauli,2019-09-01,25.1265777,83.24965577,9,Monsoon,76.0,1.0,0.7071716531,16.333333333333332,301.10999999999996,17.11111111111111,0.3333333333333333,1.0034188034188034
Uttar Pradesh,Chandauli,2021-10-01,25.1265777,83.24965577,10,Post-Monsoon,38.0,0.0,0.5887707151,19.0,301.548,33.666666666666664,0.3333333333333333,0.05555555555555558
Uttar Pradesh,Chandauli,2021-11-01,25.1265777,83.24965577,11,Post-Monsoon,24.0,1.0,8.66e-05,14.0,301.456,32.666666666666664,0.6666666666666666,-0.368421052631579
Uttar Pradesh,Deoria,2019-10-01,26.42384715,83.76273169,10,Post-Monsoon,14.0,1.0,0.03316729229,9.0,301.6666666,14.0,1.0,0.0
Uttar Pradesh,Etawah,2016-07-01,26.71832435,79.09025375,7,Monsoon,20.0,0.0,0.408398283,5.0,310.41,20.0,0.0,0.0
Uttar Pradesh,Farrukhabad,2010-07-01,27.43719385,79.48912947,7,Monsoon,12.0,0.0,0.8445044952,9.0,303.28000000000003,12.0,0.0,0.0
Uttar Pradesh,Farrukhabad,2019-09-01,27.43719385,79.48912947,9,Monsoon,29.0,0.0,0.3975436355,6.0,286.88,20.5,0.0,1.4166666666666665
Uttar Pradesh,Farrukhabad,2019-11-01,27.43719385,79.48912947,11,Post-Monsoon,12.0,0.0,7.3e-05,5.0,304.156,17.666666666666668,0.0,-0.5862068965517242
Uttar Pradesh,Farrukhabad,2021-06-01,27.43719385,79.48912947,6,Monsoon,7.0,0.0,0.07073094221,9.0,306.42,16.0,0.0,-0.41666666666666663
Uttar Pradesh,Farrukhabad,2021-08-01,27.43719385,79.48912947,8,Monsoon,86.0,0.0,0.2052839351,9.0,300.81,35.0,0.0,5.0
Uttar Pradesh,Farrukhabad,2021-10-01,27.43719385,79.48912947,10,Post-Monsoon,13.0,0.0,0.0489604129,9.0,302.764,35.333333333333336,0.0,-0.8488372093023255
Uttar Pradesh,Fatehpur,2015-09-01,25.8435395,80.91800397,9,Monsoon,69.0,1.0,0.096756231675,12.5,305.6,45.75,0.75,-0.39473684210526316
Uttar Pradesh,Fatehpur,2016-06-01,25.8435395,80.91800397,6,Monsoon,18.0,1.0,0.1599538863,9.0,310.48,29.0,0.6666666666666666,0.5
Uttar Pradesh,Fatehpur,2016-08-01,25.8435395,80.91800397,8,Monsoon,65.0,1.0,0.7442011591,7.0,301.36,31.666666666666668,0.6666666666666666,2.611111111111111
Uttar Pradesh,Fatehpur,2017-05-01,25.8435395,80.91800397,5,Summer,15.0,2.0,0.02290172493,9.0,315.43,32.666666666666664,1.3333333333333333,-0.7692307692307692
Uttar Pradesh,Fatehpur,2019-09-01,25.8435395,80.91800397,9,Monsoon,6.0,0.0,0.9107555011,9.0,295.27,28.666666666666668,1.0,-0.6
Uttar Pradesh,Fatehpur,2019-10-01,25.8435395,80.91800397,10,Post-Monsoon,6.0,0.0,0.007440193699,15.0,303.6166666,9.0,0.6666666666666666,0.0
Uttar Pradesh,Fatehpur,2019-11-01,25.8435395,80.91800397,11,Post-Monsoon,8.0,0.0,2.74e-05,5.0,301.57,6.666666666666667,0.0,0.33333333333333326
Uttar Pradesh,Fatehpur,2020-08-01,25.8435395,80.91800397,8,Monsoon,25.0,1.0,0.5896636661000001,10.0,304.04,9.0,0.16666666666666666,0.7232142857142858
Uttar Pradesh,Fatehpur,2020-10-01,25.8435395,80.91800397,10,Post-Monsoon,5.0,0.0,0.002515332414,9.0,305.3533334,10.0,0.3333333333333333,-0.7222222222222222
Uttar Pradesh,Fatehpur,2022-01-01,25.8435395,80.91800397,1,Winter,1.0,0.0,0.09903011933,9.0,290.18,8.0,0.3333333333333333,-0.8
Uttar Pradesh,Firozabad,2013-06-01,27.17736635,78.38991198,6,Monsoon,35.0,0.0,0.019687122647,7.0,310.46000000000004,18.75,0.0,-0.125
Uttar Pradesh,Firozabad,2014-09-01,27.17736635,78.38991198,9,Monsoon,30.0,0.0,0.5255959994,12.5,299.27750000000003,16.166666666666664,0.0,-0.050980392156862786
Uttar Pradesh,Firozabad,2019-07-01,27.17736635,78.38991198,7,Monsoon,32.0,3.0,1.205940721,6.0,311.51,20.666666666666668,1.0,1.4615384615384617
Uttar Pradesh,Firozabad,2021-09-01,27.17736635,78.38991198,9,Monsoon,836.5599999999977,5.0,0.7518674339,10.0,304.5,293.85333333333256,2.6666666666666665,5.0
Uttar Pradesh,Gautam Buddha Nagar,2015-08-01,28.6292302,77.38416795,8,Monsoon,48.0,0.0,0.4748045819,12.0,300.04,48.0,0.0,0.0
Uttar Pradesh,Gautam Buddha Nagar,2016-02-01,28.6292302,77.38416795,2,Winter,39.0,0.0,0.0559048986,15.0,293.5166666,43.5,0.0,-0.1875
Uttar Pradesh,Ghaziabad,2010-07-01,28.6711527,77.4120356,7,Monsoon,13.0,0.0,1.624889875,7.0,310.38,13.0,0.0,0.0
Uttar Pradesh,Ghaziabad,2010-08-01,28.6711527,77.4120356,8,Monsoon,18.0,0.0,0.8559485539,8.0,301.74,15.5,0.0,0.3846153846153846
Uttar Pradesh,Ghaziabad,2010-09-01,28.6711527,77.4120356,9,Monsoon,11.0,0.0,0.03179926932,9.0,301.3833334,14.0,0.0,-0.38888888888888884
Uttar Pradesh,Ghaziabad,2021-08-01,28.6711527,77.4120356,8,Monsoon,388.0,0.0,0.06308053572,14.0,299.81333340000003,139.0,0.0,5.0
Uttar Pradesh,Ghazipur,2009-08-01,25.6035084,83.50745405,8,Monsoon,36.0,2.0,0.4423700934,7.5,304.16,15.5,1.5,0.3846153846153846
Uttar Pradesh,Ghazipur,2010-06-01,25.6035084,83.50745405,6,Monsoon,15.0,0.0,0.002565244546,3.0,311.688,17.0,0.6666666666666666,-0.34782608695652173
Uttar Pradesh,Ghazipur,2010-07-01,25.6035084,83.50745405,7,Monsoon,7.0,1.0,0.4952042744,4.0,303.445,15.0,0.3333333333333333,-0.5333333333333333
Uttar Pradesh,Ghazipur,2011-08-01,25.6035084,83.50745405,8,Monsoon,12.0,0.0,1.199552044,4.0,261.5,11.333333333333334,0.3333333333333333,0.7142857142857142
Uttar Pradesh,Ghazipur,2011-09-01,25.6035084,83.50745405,9,Monsoon,30.0,0.0,0.406454022,9.0,300.38,16.333333333333332,0.3333333333333333,1.5
Uttar Pradesh,Ghazipur,2017-08-01,25.6035084,83.50745405,8,Monsoon,32.0,0.0,0.5683334984,10.5,303.3375,20.333333333333336,0.0,-0.3111111111111111
Uttar Pradesh,Ghazipur,2019-07-01,25.6035084,83.50745405,7,Monsoon,12.0,0.0,1.071848138,6.0,308.97,14.666666666666666,0.0,-0.1428571428571429
Uttar Pradesh,Ghazipur,2021-09-01,25.6035084,83.50745405,9,Monsoon,21.0,0.0,1.419633441,11.0,299.34000000000003,11.333333333333332,0.0,0.04166666666666663
Uttar Pradesh,Ghazipur,2021-10-01,25.6035084,83.50745405,10,Post-Monsoon,65.0,0.0,0.5284590758533333,14.333333333333334,301.6401111333334,21.555555555555557,0.0,0.6719638242894058
Uttar Pradesh,Ghazipur,2021-11-01,25.6035084,83.50745405,11,Post-Monsoon,9.0,1.0,0.0001084777241,9.0,301.172,10.333333333333334,0.3333333333333333,-0.25
Uttar Pradesh,Gonda,2010-04-01,27.1096669,81.91832912,4,Summer,20.0,0.0,0.03583704675,4.0,310.02,20.0,0.0,0.0
Uttar Pradesh,Gonda,2010-08-01,27.1096669,81.91832912,8,Monsoon,21.0,2.0,1.205974333,7.0,303.445,20.5,1.0,0.050000000000000044
Uttar Pradesh,Gonda,2010-09-01,27.1096669,81.91832912,9,Monsoon,12.0,0.0,0.4842939321,6.0,302.03000000000003,17.666666666666668,0.6666666666666666,-0.4285714285714286
Uttar Pradesh,Gonda,2019-07-01,27.1096669,81.91832912,7,Monsoon,19.0,2.0,0.5614854338,9.0,303.47,17.333333333333332,1.3333333333333333,0.5833333333333333
Uttar Pradesh,Gonda,2019-08-01,27.1096669,81.91832912,8,Monsoon,29.0,0.0,0.6635734505499999,9.5,302.56666670000004,15.166666666666668,0.6666666666666666,0.02412280701754388
Uttar Pradesh,Gorakhpur,2009-11-01,26.6711433,83.36457244,11,Post-Monsoon,13.0,2.0,3.72e-05,4.0,299.17,13.0,2.0,0.0
Uttar Pradesh,Gorakhpur,2012-07-01,26.6711433,83.36457244,7,Monsoon,16.0,2.0,1.121683594,9.0,299.56,14.5,2.0,0.23076923076923084
Uttar Pradesh,Hardoi,2010-05-01,27.33857665,80.09752646,5,Summer,22.0,0.0,0.004001136077,5.0,311.7133334,22.0,0.0,0.0
Uttar Pradesh,Hardoi,2010-08-01,27.33857665,80.09752646,8,Monsoon,10.0,0.0,0.7603290878,6.0,306.40000000000003,16.0,0.0,-0.5454545454545454
Uttar Pradesh,Hardoi,2012-08-01,27.33857665,80.09752646,8,Monsoon,31.0,1.0,0.48282909765000004,8.5,281.81,14.5,0.3333333333333333,0.30714285714285705
Uttar Pradesh,Hardoi,2013-06-01,27.33857665,80.09752646,6,Monsoon,12.0,0.0,0.6728428037,4.0,303.445,14.333333333333334,0.3333333333333333,-0.2941176470588235
Uttar Pradesh,Hardoi,2015-08-01,27.33857665,80.09752646,8,Monsoon,50.0,0.0,0.5873462079,11.0,303.445,26.333333333333332,0.0,3.166666666666667
Uttar Pradesh,Hardoi,2015-09-01,27.33857665,80.09752646,9,Monsoon,159.0,1.0,0.044436126445,14.5,304.2066667,59.16666666666667,0.16666666666666666,0.2864285714285714
Uttar Pradesh,Hardoi,2016-05-01,27.33857665,80.09752646,5,Summer,52.0,0.0,0.2888336044,4.0,305.195,50.66666666666667,0.3333333333333333,0.06444444444444442
Uttar Pradesh,Hardoi,2016-06-01,27.33857665,80.09752646,6,Monsoon,12.0,0.0,0.01785300023,5.0,309.012,21.333333333333332,0.0,-0.6470588235294117
Uttar Pradesh,Hardoi,2016-07-01,27.33857665,80.09752646,7,Monsoon,836.5599999999977,0.0,0.7078000626,9.0,307.7,294.1866666666659,0.0,5.0
Uttar Pradesh,Hardoi,2017-05-01,27.33857665,80.09752646,5,Summer,127.0,3.0,0.03936572711,9.0,312.2683334,322.1866666666659,1.0,-0.9028866345213808
Uttar Pradesh,Hardoi,2021-09-01,27.33857665,80.09752646,9,Monsoon,150.0,0.0,0.4999214549,9.0,302.1,92.33333333333333,1.0,5.0
Uttar Pradesh,Jalaun,2011-07-01,26.105546,79.42765265,7,Monsoon,16.0,1.0,1.09924818,7.0,305.52,16.0,1.0,0.0
Uttar Pradesh,Jalaun,2011-08-01,26.105546,79.42765265,8,Monsoon,34.0,0.0,0.8479031731,2.0,303.445,25.0,0.5,1.125
Uttar Pradesh,Jalaun,2012-07-01,26.105546,79.42765265,7,Monsoon,41.0,1.0,0.08876741346,4.0,309.23,30.333333333333332,0.6666666666666666,0.2058823529411764
Uttar Pradesh,Jalaun,2012-08-01,26.105546,79.42765265,8,Monsoon,29.0,0.0,0.2546054365,9.0,301.86,34.666666666666664,0.3333333333333333,-0.29268292682926833
Uttar Pradesh,Jalaun,2013-07-01,26.105546,79.42765265,7,Monsoon,30.0,0.0,0.9081972174,9.0,303.39,33.333333333333336,0.3333333333333333,0.034482758620689724
Uttar Pradesh,Jalaun,2015-10-01,26.105546,79.42765265,10,Post-Monsoon,68.0,0.0,0.01230069884,5.0,309.89,42.333333333333336,0.0,1.2666666666666666
Uttar Pradesh,Jalaun,2019-07-01,26.105546,79.42765265,7,Monsoon,47.0,3.0,0.08099650702,9.0,313.168,48.333333333333336,1.0,-0.3088235294117647
Uttar Pradesh,Jalaun,2019-08-01,26.105546,79.42765265,8,Monsoon,5.0,0.0,0.7243944379,16.0,302.43,40.0,1.0,-0.8936170212765957
Uttar Pradesh,Jalaun,2019-10-01,26.105546,79.42765265,10,Post-Monsoon,15.0,0.0,0.001466828363,9.0,305.3833334,22.333333333333332,1.0,2.0
Uttar Pradesh,Jalaun,2021-09-01,26.105546,79.42765265,9,Monsoon,23.0,1.0,0.2619904802,13.0,302.2,14.333333333333334,0.3333333333333333,0.5333333333333334
Uttar Pradesh,Jalaun,2021-10-01,26.105546,79.42765265,10,Post-Monsoon,7.0,0.0,0.1089528815,14.0,303.08,15.0,0.3333333333333333,-0.6956521739130435
Uttar Pradesh,Jaunpur,2017-08-01,25.7955927,82.48834098,8,Monsoon,25.0,2.0,0.3332824536,17.0,300.96,25.0,2.0,0.0
Uttar Pradesh,Jaunpur,2018-08-01,25.7955927,82.48834098,8,Monsoon,69.0,0.0,0.62629386645,8.0,300.05,33.166666666666664,0.8333333333333333,0.16666666666666669
Uttar Pradesh,Jhansi,2009-09-01,25.5301308,78.65242146,9,Monsoon,19.0,3.0,0.04468250718,8.0,308.00333340000003,19.0,3.0,0.0
Uttar Pradesh,Jhansi,2015-08-01,25.5301308,78.65242146,8,Monsoon,16.0,0.0,0.05373441695,14.0,302.2666666,17.5,1.5,-0.1578947368421053
Uttar Pradesh,Jhansi,2015-09-01,25.5301308,78.65242146,9,Monsoon,51.0,0.0,0.24077569565,10.0,308.25466670000003,21.666666666666664,0.5,0.2857142857142857
Uttar Pradesh,Jhansi,2015-10-01,25.5301308,78.65242146,10,Post-Monsoon,26.0,0.0,0.0009302723369,7.0,312.25333340000003,25.666666666666668,0.0,0.13043478260869557
Uttar Pradesh,Jhansi,2021-09-01,25.5301308,78.65242146,9,Monsoon,40.0,0.0,0.1756067177,13.0,303.2266666,29.666666666666668,0.0,0.5384615384615385
Uttar Pradesh,Kannauj,2016-05-01,26.9996974,79.68861213,5,Summer,77.0,0.0,0.03151930732,6.5,311.5633333,33.25,0.0,0.375
Uttar Pradesh,Kannauj,2016-06-01,26.9996974,79.68861213,6,Monsoon,73.0,2.0,0.1768429674,5.0,305.61,50.0,0.6666666666666666,0.48979591836734704
Uttar Pradesh,Kannauj,2018-09-01,26.9996974,79.68861213,9,Monsoon,39.0,0.0,0.1795235948,16.0,303.945,53.666666666666664,0.6666666666666666,-0.4657534246575342
Uttar Pradesh,Kannauj,2018-10-01,26.9996974,79.68861213,10,Post-Monsoon,111.0,0.0,0.002815972306,13.0,305.55333340000004,74.33333333333333,0.6666666666666666,1.8461538461538463
Uttar Pradesh,Kannauj,2019-08-01,26.9996974,79.68861213,8,Monsoon,75.0,0.0,0.8697516112,9.0,300.21,75.0,0.0,-0.32432432432432434
Uttar Pradesh,Kannauj,2021-08-01,26.9996974,79.68861213,8,Monsoon,20.0,0.0,0.1708038105,16.0,303.46,48.333333333333336,0.0,-0.32888888888888884
Uttar Pradesh,Kannauj,2021-09-01,26.9996974,79.68861213,9,Monsoon,125.0,0.0,0.19687095345,14.0,301.6433333,33.0,0.0,1.8971861471861473
Uttar Pradesh,Kanpur,2015-08-01,26.4609135,80.3217588,8,Monsoon,38.0,1.0,0.06079837925,8.0,304.975,38.0,1.0,0.0
Uttar Pradesh,Kanpur (Dehat),2019-07-01,26.4600465,79.85551,7,Monsoon,153.0,2.0,1.010539474,2.0,311.90000000000003,153.0,2.0,0.0
Uttar Pradesh,Kanpur Nagar,2012-09-01,26.4402119,80.26930513,9,Monsoon,742.0,0.0,0.05374530317,15.0,302.716,359.5,0.0,0.06609195402298851
Uttar Pradesh,Kaushambi,2012-06-01,25.53609455,81.44672839,6,Monsoon,23.0,0.0,0.0001772749073,3.0,313.6566666,23.0,0.0,0.0
Uttar Pradesh,Kaushambi,2015-06-01,25.53609455,81.44672839,6,Monsoon,42.0,0.0,5.03e-05,9.0,314.99,32.5,0.0,0.826086956521739
Uttar Pradesh,Kaushambi,2016-05-01,25.53609455,81.44672839,5,Summer,71.0,0.0,0.006137379379,4.0,316.3,45.333333333333336,0.0,0.6904761904761905
Uttar Pradesh,Kaushambi,2016-08-01,25.53609455,81.44672839,8,Monsoon,189.0,1.0,0.8086427352,8.0,302.92,100.66666666666667,0.3333333333333333,1.6619718309859155
Uttar Pradesh,Kaushambi,2017-05-01,25.53609455,81.44672839,5,Summer,39.0,0.0,0.03315191897,5.0,313.25,99.66666666666667,0.3333333333333333,-0.7936507936507937
Uttar Pradesh,Kaushambi,2021-08-01,25.53609455,81.44672839,8,Monsoon,10.0,0.0,1.055170653,14.0,300.74,79.33333333333333,0.3333333333333333,-0.7435897435897436
Uttar Pradesh,Kaushambi,2021-09-01,25.53609455,81.44672839,9,Monsoon,10.0,0.0,0.8086172793,17.0,299.67,19.666666666666668,0.0,0.0
Uttar Pradesh,Kaushambi,2022-06-01,25.53609455,81.44672839,6,Monsoon,8.0,2.0,0.01293798244,5.0,311.985,9.333333333333334,0.6666666666666666,-0.19999999999999996
Uttar Pradesh,Kushinagar,2016-08-01,26.7438272,83.9162322,8,Monsoon,44.0,1.0,0.4079508719,20.0,301.856,44.0,1.0,0.0
Uttar Pradesh,Kushinagar,2019-08-01,26.7438272,83.9162322,8,Monsoon,25.0,1.0,1.473709979,19.0,300.704,34.5,1.0,-0.43181818181818177
Uttar Pradesh,Lakhimpur Kheri,2011-08-01,27.98506015,80.75384538,8,Monsoon,48.0,0.0,1.245870313,12.0,288.9533334,48.0,0.0,0.0
Uttar Pradesh,Lakhimpur Kheri,2012-07-01,27.98506015,80.75384538,7,Monsoon,33.0,0.0,0.1495115982,8.0,305.95,40.5,0.0,-0.3125
Uttar Pradesh,Lakhimpur Kheri,2012-09-01,27.98506015,80.75384538,9,Monsoon,24.0,1.0,2.675316422,18.0,301.06,35.0,0.3333333333333333,-0.2727272727272727
Uttar Pradesh,Lakhimpur Kheri,2016-08-01,27.98506015,80.75384538,8,Monsoon,27.0,2.0,1.095861544,13.0,301.56,28.0,1.0,0.125
Uttar Pradesh,Lakhimpur kheri,2014-08-01,27.98506015,80.75384538,8,Monsoon,3.0,0.0,0.08111239529,9.0,301.85,3.0,0.0,0.0
Uttar Pradesh,Lalitpur,2019-10-01,24.70038485,78.51866759,10,Post-Monsoon,26.0,0.0,0.0199100931,14.0,303.3,26.0,0.0,0.0
Uttar Pradesh,Lucknow,2009-10-01,26.8420098,80.94785711,10,Post-Monsoon,47.0,0.0,2.62e-05,9.0,303.588,47.0,0.0,0.0
Uttar Pradesh,Lucknow,2010-04-01,26.8420098,80.94785711,4,Summer,43.0,1.0,0.0001121594501,4.0,311.7333334,45.0,0.5,-0.08510638297872342
Uttar Pradesh,Lucknow,2012-07-01,26.8420098,80.94785711,7,Monsoon,76.0,3.0,1.1495150925333333,8.333333333333334,304.0316666666667,32.333333333333336,1.0,-0.191612005565494
Uttar Pradesh,Lucknow,2012-08-01,26.8420098,80.94785711,8,Monsoon,29.0,0.0,1.132204714,9.0,303.08,26.333333333333332,0.6666666666666666,0.44999999999999996
Uttar Pradesh,Lucknow,2013-04-01,26.8420098,80.94785711,4,Summer,12.0,0.0,0.001357264057,6.0,309.94,20.333333333333332,0.0,-0.5862068965517242
Uttar Pradesh,Lucknow,2014-04-01,26.8420098,80.94785711,4,Summer,11.0,0.0,0.0005369273635,7.0,305.3666666,17.333333333333332,0.0,-0.08333333333333337
Uttar Pradesh,Lucknow,2014-12-01,26.8420098,80.94785711,12,Winter,17.0,0.0,0.0004688717545,6.0,290.86,13.333333333333334,0.0,0.5454545454545454
Uttar Pradesh,Lucknow,2015-07-01,26.8420098,80.94785711,7,Monsoon,17.0,0.0,1.010651082,9.0,303.445,15.0,0.0,0.0
Uttar Pradesh,Lucknow,2015-09-01,26.8420098,80.94785711,9,Monsoon,31.0,0.0,0.12084465335,13.0,304.3325,15.666666666666668,0.0,0.1446078431372549
Uttar Pradesh,Lucknow,2015-10-01,26.8420098,80.94785711,10,Post-Monsoon,10.0,0.0,5.44e-05,12.0,307.16,13.666666666666666,0.0,-0.4736842105263158
Uttar Pradesh,Lucknow,2016-06-01,26.8420098,80.94785711,6,Monsoon,10.0,0.0,0.8302538979,9.0,314.64,13.0,0.0,0.0
Uttar Pradesh,Lucknow,2021-08-01,26.8420098,80.94785711,8,Monsoon,211.0,1.0,0.25610150535,8.5,303.27250000000004,63.16666666666667,0.3333333333333333,2.2644927536231885
Uttar Pradesh,Lucknow,2021-10-01,26.8420098,80.94785711,10,Post-Monsoon,45.0,0.0,0.11386825658833334,14.0,302.25288886666664,40.77777777777778,0.1111111111111111,-0.0773914061585294
Uttar Pradesh,Maharajganj,2011-01-01,26.46876745,81.17995234,1,Winter,321.0,5.0,0.1612736045,4.0,295.312,321.0,5.0,0.0
Uttar Pradesh,Mahoba,2020-02-01,25.36176885,79.70499475,2,Winter,40.0,0.0,0.0001586055263,18.0,293.52,40.0,0.0,0.0
Uttar Pradesh,Mainpuri,2021-08-01,27.2098219,79.04813701,8,Monsoon,32.0,0.0,0.2972599919,11.0,303.41,32.0,0.0,0.0
Uttar Pradesh,Mathura,2015-10-01,27.633333,77.583333,10,Post-Monsoon,40.0,0.0,0.01922118528,4.0,311.5733334,40.0,0.0,0.0
Uttar Pradesh,Mathura,2016-05-01,27.633333,77.583333,5,Summer,173.0,3.0,0.04562310327,3.0,321.7366666,106.5,1.5,3.325
Uttar Pradesh,Mathura,2016-11-01,27.633333,77.583333,11,Post-Monsoon,282.0,0.0,9.49e-05,3.0,307.1566666,165.0,1.0,0.630057803468208
Uttar Pradesh,Mathura,2019-06-01,27.633333,77.583333,6,Monsoon,194.0,0.0,0.03729180815,3.0,314.3433334,216.33333333333334,1.0,-0.3120567375886525
Uttar Pradesh,Mathura,2021-08-01,27.633333,77.583333,8,Monsoon,182.0,5.0,0.1655406454,9.0,306.056,219.33333333333334,1.6666666666666667,-0.061855670103092786
Uttar Pradesh,Mau,2016-05-01,26.0376878,83.49793418,5,Summer,20.0,0.0,0.2601296122,4.0,308.24,20.0,0.0,0.0
Uttar Pradesh,Mau,2017-06-01,26.0376878,83.49793418,6,Monsoon,11.0,0.0,0.1246368736,5.0,308.865,15.5,0.0,-0.44999999999999996
Uttar Pradesh,Mau,2017-08-01,26.0376878,83.49793418,8,Monsoon,10.0,0.0,0.6229923477,16.0,301.3066666,13.666666666666666,0.0,-0.09090909090909094
Uttar Pradesh,Mirzapur,2011-08-01,25.1010477,82.62574936,8,Monsoon,51.0,2.0,1.392780375,4.0,301.96,51.0,2.0,0.0
Uttar Pradesh,Mirzapur,2014-07-01,25.1010477,82.62574936,7,Monsoon,12.0,0.0,0.5395933643,6.0,304.0733334,31.5,1.0,-0.7647058823529411
Uttar Pradesh,Mirzapur,2016-07-01,25.1010477,82.62574936,7,Monsoon,43.0,0.0,0.7607275653,9.0,303.445,35.333333333333336,0.6666666666666666,2.5833333333333335
Uttar Pradesh,Mirzapur,2016-08-01,25.1010477,82.62574936,8,Monsoon,49.0,2.0,1.9978306763,6.0,303.1325,26.0,0.6666666666666666,1.32687338501292
Uttar Pradesh,Mirzapur,2016-10-01,25.1010477,82.62574936,10,Post-Monsoon,56.0,0.0,0.6320282972,22.0,302.0875,31.166666666666664,0.3333333333333333,-0.30833333333333335
Uttar Pradesh,Mirzapur,2017-05-01,25.1010477,82.62574936,5,Summer,69.0,2.0,0.001518857119,9.0,318.1066666,41.666666666666664,0.6666666666666666,3.928571428571429
Uttar Pradesh,Mirzapur,2017-06-01,25.1010477,82.62574936,6,Monsoon,41.0,2.0,0.15458415209999998,7.0,313.31600000000003,36.33333333333333,1.1666666666666665,-0.4988405797101449
Uttar Pradesh,Mirzapur,2017-10-01,25.1010477,82.62574936,10,Post-Monsoon,85.0,0.0,0.2245114684,16.0,304.195,42.0,0.6666666666666666,4.3125
Uttar Pradesh,Mirzapur,2022-05-01,25.1010477,82.62574936,5,Summer,12.0,0.0,0.0004174087149,4.0,313.0,37.666666666666664,0.3333333333333333,-0.8588235294117648
Uttar Pradesh,Muzaffarnagar,2019-09-01,29.44800635,77.74068503,9,Monsoon,8.0,0.0,0.5270895123,20.0,301.356,8.0,0.0,0.0
Uttar Pradesh,Muzaffarnagar,2021-08-01,29.44800635,77.74068503,8,Monsoon,140.0,0.0,0.0667314591,13.0,298.66,74.0,0.0,5.0
Uttar Pradesh,Panchsheel Nagar,2021-08-01,28.573908,77.38394602,8,Monsoon,3.0,0.0,0.005460305864,14.0,300.96,3.0,0.0,0.0
Uttar Pradesh,Pilibhit,2009-08-01,28.6908066,79.83107249,8,Monsoon,157.0,0.0,0.5070418247,15.0,300.50333340000003,157.0,0.0,0.0
Uttar Pradesh,Pratapgarh,2010-08-01,25.75,81.75,8,Monsoon,9.0,3.0,1.329514999,11.0,303.445,71.0,1.0,-0.9
Uttar Pradesh,Pratapgarh,2010-09-01,25.75,81.75,9,Monsoon,40.0,0.0,0.3507650031,13.0,301.4066666,46.333333333333336,1.0,3.4444444444444446
Uttar Pradesh,Pratapgarh,2012-08-01,25.75,81.75,8,Monsoon,19.0,0.0,0.8976307268,9.0,298.2,22.666666666666668,1.0,-0.525
Uttar Pradesh,Rae-Bareilly,2016-07-01,26.25019525,81.38095671,7,Monsoon,32.0,4.0,0.6483412614,5.0,303.445,19.0,2.0,-0.2727272727272727
Uttar Pradesh,Rae-Bareilly,2017-04-01,26.25019525,81.38095671,4,Summer,15.0,0.0,0.03456115924,4.0,312.32,15.666666666666666,1.3333333333333333,0.5
Uttar Pradesh,Raebareli,2013-09-01,26.25252795,81.17502109,9,Monsoon,39.0,3.0,0.02699545983,17.0,301.752,39.0,3.0,0.0
Uttar Pradesh,Saharanpur,2011-08-01,29.9880774,77.50812995,8,Monsoon,13.0,0.0,0.3720825074,19.0,293.6866666,13.0,0.0,0.0
Uttar Pradesh,Saharanpur,2015-08-01,29.9880774,77.50812995,8,Monsoon,113.0,0.0,0.7003341687,21.0,298.92,63.0,0.0,5.0
Uttar Pradesh,Saharanpur,2016-09-01,29.9880774,77.50812995,9,Monsoon,58.0,0.0,0.49064107489000003,21.0,301.92499999999995,51.83333333333333,0.0,0.6333754740834386
Uttar Pradesh,Saharanpur,2019-10-01,29.9880774,77.50812995,10,Post-Monsoon,21.0,0.0,0.5449565275,19.0,300.49,26.333333333333332,0.0,-0.5227272727272727
Uttar Pradesh,Saharanpur,2021-09-01,29.9880774,77.50812995,9,Monsoon,5.0,0.0,0.433826222,17.0,299.995,23.333333333333332,0.0,-0.7619047619047619
Uttar Pradesh,Sant Kabir Nagar,2019-09-01,26.7882737,82.9600798,9,Monsoon,18.0,0.0,0.6775651825,9.0,300.42,18.0,0.0,0.0
Uttar Pradesh,Sant Ravidas Nagar,2021-09-01,25.3560294,82.50057725,9,Monsoon,7.0,1.0,0.5724666311,18.0,302.53000000000003,7.0,1.0,0.0
Uttar Pradesh,Sant Ravidas Nagar,2022-05-01,25.3560294,82.50057725,5,Summer,21.0,1.0,0.03582953885,4.0,311.22400000000005,14.0,1.0,2.0
Uttar Pradesh,Shahjahanpur,2009-08-01,27.91263315,79.74656295,8,Monsoon,12.0,4.0,1.747453525,9.0,298.96,12.0,4.0,0.0
Uttar Pradesh,Shamli,2019-10-01,29.5008816,77.34838259,10,Post-Monsoon,5.0,0.0,0.002175384014,14.0,298.23,5.0,0.0,0.0
Uttar Pradesh,Shravasti,2013-09-01,27.5083429,82.0263569,9,Monsoon,25.0,2.0,0.11739406,14.0,300.376,25.0,2.0,0.0
Uttar Pradesh,Shravasti,2014-10-01,27.5083429,82.0263569,10,Post-Monsoon,17.0,2.0,0.01535263721,13.0,302.64,21.0,2.0,-0.31999999999999995
Uttar Pradesh,Shravasti,2018-07-01,27.5083429,82.0263569,7,Monsoon,35.0,5.0,0.6959592285,11.0,303.445,25.666666666666668,3.0,1.0588235294117645
Uttar Pradesh,Siddharth Nagar,2009-07-01,27.25264095,82.86964796,7,Monsoon,9.0,3.0,0.4175227936,9.0,304.02500000000003,9.0,3.0,0.0
Uttar Pradesh,Siddharth Nagar,2014-09-01,27.25264095,82.86964796,9,Monsoon,16.0,1.0,0.270232543,15.0,300.976,12.5,2.0,0.7777777777777777
Uttar Pradesh,Siddharth Nagar,2014-10-01,27.25264095,82.86964796,10,Post-Monsoon,17.0,2.0,0.01986413341,9.0,301.53000000000003,14.0,2.0,0.0625
Uttar Pradesh,Siddharth Nagar,2015-07-01,27.25264095,82.86964796,7,Monsoon,37.0,0.0,0.2366803124,8.0,303.445,23.333333333333332,1.0,1.176470588235294
Uttar Pradesh,Siddharth Nagar,2016-07-01,27.25264095,82.86964796,7,Monsoon,3.0,2.0,0.2673979473,4.0,303.445,19.0,1.3333333333333333,-0.9189189189189189
Uttar Pradesh,Siddharth Nagar,2016-08-01,27.25264095,82.86964796,8,Monsoon,7.0,1.0,0.6261146988,13.0,303.3666666,15.666666666666666,1.0,1.3333333333333335
Uttar Pradesh,Siddharth Nagar,2017-02-01,27.25264095,82.86964796,2,Winter,15.0,1.0,0.01254942549,9.0,294.652,8.333333333333334,1.3333333333333333,1.1428571428571428
Uttar Pradesh,Siddharth Nagar,2017-03-01,27.25264095,82.86964796,3,Summer,16.0,0.0,0.004839875014,8.0,303.5166666,12.666666666666666,0.6666666666666666,0.06666666666666665
Uttar Pradesh,Siddharth Nagar,2018-08-01,27.25264095,82.86964796,8,Monsoon,42.0,3.0,1.37451965895,9.5,286.20500000000004,20.166666666666664,0.8333333333333333,0.15625
Uttar Pradesh,Siddharth Nagar,2018-09-01,27.25264095,82.86964796,9,Monsoon,33.0,1.0,0.7210717794,20.0,301.38,25.0,1.3333333333333333,2.3
Uttar Pradesh,Siddharth Nagar,2019-08-01,27.25264095,82.86964796,8,Monsoon,9.0,1.0,0.7824356537,9.0,300.79,17.333333333333332,1.3333333333333333,-0.7272727272727273
Uttar Pradesh,Siddharth Nagar,2021-09-01,27.25264095,82.86964796,9,Monsoon,60.0,2.0,0.2459655701,20.0,300.81333340000003,34.0,1.3333333333333333,5.0
Uttar Pradesh,Siddharth Nagar,2021-10-01,27.25264095,82.86964796,10,Post-Monsoon,24.0,0.0,0.1597301369,9.0,300.395,31.0,1.0,-0.6
Uttar Pradesh,Siddharth Nagar,2022-05-01,27.25264095,82.86964796,5,Summer,30.0,1.0,0.05871040047,5.0,308.695,38.0,1.0,0.25
Uttar Pradesh,Sitapur,2019-07-01,27.5046392,80.82946583,7,Monsoon,344.0,0.0,0.9672363146,7.0,303.445,344.0,0.0,0.0
Uttar Pradesh,Sonbhadra,2021-11-01,24.38657525,83.07863061,11,Post-Monsoon,119.0,0.0,6.28e-05,12.0,299.768,119.0,0.0,0.0
Uttar Pradesh,Unnao,2010-08-01,26.57550365,80.61376178,8,Monsoon,63.0,0.0,1.685035722,9.0,302.24,63.0,0.0,0.0
Uttar Pradesh,Unnao,2012-04-01,26.57550365,80.61376178,4,Summer,75.0,0.0,0.02286046324,5.0,308.5266666,69.0,0.0,0.19047619047619047
Uttar Pradesh,Unnao,2012-05-01,26.57550365,80.61376178,5,Summer,15.0,2.0,0.005721131603,5.0,310.81,51.0,0.6666666666666666,-0.8
Uttar Pradesh,Unnao,2012-08-01,26.57550365,80.61376178,8,Monsoon,186.0,0.0,0.5652478263,9.0,303.445,92.0,0.6666666666666666,5.0
Uttar Pradesh,Unnao,2013-08-01,26.57550365,80.61376178,8,Monsoon,34.0,1.0,0.4352456376,4.0,306.02,78.33333333333333,1.0,-0.8172043010752688
Uttar Pradesh,Unnao,2014-05-01,26.57550365,80.61376178,5,Summer,133.0,2.0,0.0151070055065,5.0,314.1193333,66.83333333333333,1.0,2.2058823529411766
Uttar Pradesh,Unnao,2016-05-01,26.57550365,80.61376178,5,Summer,17.0,0.0,6.43e-05,4.0,314.86,50.0,0.6666666666666666,-0.8571428571428572
Uttar Pradesh,Uttar Pradesh,2010-05-01,26.8420098,80.94785711,5,Summer,18.0,0.0,0.007380153207,5.0,308.78000000000003,18.0,0.0,0.0
Uttar Pradesh,Varanasi,2010-07-01,25.3356491,83.0076292,7,Monsoon,34.0,0.0,0.9219296621,9.0,303.445,17.0,0.0,0.0
Uttar Pradesh,Varanasi,2016-08-01,25.3356491,83.0076292,8,Monsoon,2.0,1.0,0.9202396928,6.0,303.445,12.0,0.3333333333333333,-0.8823529411764706
Uttar Pradesh,Varanasi,2017-06-01,25.3356491,83.0076292,6,Monsoon,16.0,2.0,0.3044072988,5.0,310.89,11.666666666666666,1.0,5.0
Uttarakhand,Almora,2009-06-01,29.703095,79.43317023,6,Monsoon,135.0,1.0,0.2477682567335,9.0,302.5466667,41.75,0.75,2.5
Uttarakhand,Almora,2009-07-01,29.703095,79.43317023,7,Monsoon,24.0,2.0,0.2137620211,23.0,298.6633334,53.0,1.0,-0.7983193277310925
Uttarakhand,Almora,2012-08-01,29.703095,79.43317023,8,Monsoon,17.0,0.0,2.146771585,20.0,272.095,53.333333333333336,0.6666666666666666,-0.29166666666666663
Uttarakhand,Almora,2015-04-01,29.703095,79.43317023,4,Summer,16.0,0.0,0.09138773066,9.0,295.8933334,19.0,0.6666666666666666,-0.05882352941176472
Uttarakhand,Almora,2016-06-01,29.703095,79.43317023,6,Monsoon,46.0,0.0,0.7497734966,9.0,295.9966666,26.333333333333332,0.0,1.875
Uttarakhand,Almora,2019-03-01,29.703095,79.43317023,3,Summer,28.0,0.0,0.1610176345,21.0,294.936,30.0,0.0,-0.3913043478260869
Uttarakhand,Bageshwar,2011-07-01,30.0084975,79.93004575,7,Monsoon,19.0,0.0,1.19183345,25.0,274.116,19.0,0.0,0.0
Uttarakhand,Chamoli,2010-06-01,30.5,79.5,6,Monsoon,32.0,0.0,0.2640573566,11.0,284.8766666,32.0,0.0,0.0
Uttarakhand,Chamoli,2013-07-01,30.5,79.5,7,Monsoon,58.0,0.0,0.9531846172,5.0,280.6266666,45.0,0.0,0.8125
Uttarakhand,Champawat,2011-03-01,29.23631315,80.10172077,3,Summer,66.0,0.0,0.05943331965,9.0,297.74333340000004,66.0,0.0,0.0
Uttarakhand,Champawat,2011-07-01,29.23631315,80.10172077,7,Monsoon,1.0,1.0,2.027111,9.0,299.90000000000003,33.5,0.5,-0.9848484848484849
Uttarakhand,Champawat,2021-09-01,29.23631315,80.10172077,9,Monsoon,3.0,1.0,0.400900506,9.0,297.488,23.333333333333332,0.6666666666666666,2.0
Uttarakhand,Dehradun,2009-08-01,30.3255646,78.0436813,8,Monsoon,143.0,0.0,0.2474946798,34.0,298.62,143.0,0.0,0.0
Uttarakhand,Dehradun,2009-12-01,30.3255646,78.0436813,12,Winter,4.0,0.0,0.0006261171766,12.0,288.96,73.5,0.0,-0.972027972027972
Uttarakhand,Dehradun,2010-09-01,30.3255646,78.0436813,9,Monsoon,19.0,0.0,2.604377781,9.0,283.42400000000004,55.333333333333336,0.0,3.75
Uttarakhand,Dehradun,2013-04-01,30.3255646,78.0436813,4,Summer,29.0,0.0,0.1573451136,20.0,302.5366666,17.333333333333332,0.0,0.5263157894736843
Uttarakhand,Dehradun,2013-06-01,30.3255646,78.0436813,6,Monsoon,15.0,0.0,0.623198409,13.0,299.955,21.0,0.0,-0.48275862068965514
Uttarakhand,Dehradun,2013-07-01,30.3255646,78.0436813,7,Monsoon,45.0,2.0,0.9771555092,21.0,295.99,29.666666666666668,0.6666666666666666,2.0
Uttarakhand,Dehradun,2016-07-01,30.3255646,78.0436813,7,Monsoon,41.0,0.0,3.39884712,9.0,292.36,33.666666666666664,0.6666666666666666,-0.0888888888888889
Uttarakhand,Dehradun,2019-07-01,30.3255646,78.0436813,7,Monsoon,29.0,0.0,1.157722778,16.0,295.97,38.333333333333336,0.6666666666666666,-0.29268292682926833
Uttarakhand,Dehradun,2021-09-01,30.3255646,78.0436813,9,Monsoon,35.0,1.0,0.47665783165,9.0,297.034,24.0,0.3333333333333333,0.4224137931034483
Uttarakhand,Haridwar,2009-06-01,29.91235135,78.00871782,6,Monsoon,134.0,1.0,6.96e-05,9.0,314.1466666,134.0,1.0,0.0
Uttarakhand,Haridwar,2011-06-01,29.91235135,78.00871782,6,Monsoon,27.0,0.0,0.2152802117,9.0,302.51,80.5,0.5,-0.7985074626865671
Uttarakhand,Haridwar,2011-09-01,29.91235135,78.00871782,9,Monsoon,10.0,0.0,0.2491719523,9.0,300.54400000000004,57.0,0.3333333333333333,-0.6296296296296297
Uttarakhand,Haridwar,2012-10-01,29.91235135,78.00871782,10,Post-Monsoon,126.0,1.0,0.02495645839,30.0,302.14,54.333333333333336,0.3333333333333333,5.0
Uttarakhand,Haridwar,2013-06-01,29.91235135,78.00871782,6,Monsoon,51.0,0.0,2.501123016,20.0,300.28000000000003,62.333333333333336,0.3333333333333333,-0.5952380952380952
Uttarakhand,Haridwar,2013-09-01,29.91235135,78.00871782,9,Monsoon,50.0,1.0,0.4037716843,29.0,298.908,75.66666666666667,0.6666666666666666,-0.019607843137254943
Uttarakhand,Haridwar,2016-06-01,29.91235135,78.00871782,6,Monsoon,67.0,0.0,0.1251127343,17.0,302.0,56.0,0.3333333333333333,0.3400000000000001
Uttarakhand,Haridwar,2018-08-01,29.91235135,78.00871782,8,Monsoon,50.0,0.0,1.067449565,8.0,301.87,55.666666666666664,0.3333333333333333,-0.25373134328358204
Uttarakhand,Haridwar,2019-09-01,29.91235135,78.00871782,9,Monsoon,80.0,0.0,0.1369732541,9.0,299.875,65.66666666666667,0.0,0.6000000000000001
Uttarakhand,Haridwar,2021-09-01,29.91235135,78.00871782,9,Monsoon,5.0,3.0,0.33613461915,16.5,300.5633333,36.5,0.8333333333333333,-0.85
Uttarakhand,Haridwar,2021-10-01,29.91235135,78.00871782,10,Post-Monsoon,172.0,0.0,6.86e-05,9.0,302.0233334,59.0,1.0,5.0
Uttarakhand,Nainital,2009-06-01,29.29478295,79.41548094,6,Monsoon,77.0,0.0,0.001155309137,23.0,308.0966666,77.0,0.0,0.0
Uttarakhand,Nainital,2010-04-01,29.29478295,79.41548094,4,Summer,23.0,0.0,0.000198828127,20.0,305.8366666,50.0,0.0,-0.7012987012987013
Uttarakhand,Nainital,2010-05-01,29.29478295,79.41548094,5,Summer,34.0,2.0,0.05917055359,9.0,306.44,44.666666666666664,0.6666666666666666,0.4782608695652173
Uttarakhand,Nainital,2010-08-01,29.29478295,79.41548094,8,Monsoon,3.0,0.0,1.53304402,9.0,287.34000000000003,20.0,0.6666666666666666,-0.9117647058823529
Uttarakhand,Nainital,2010-09-01,29.29478295,79.41548094,9,Monsoon,643.0,0.0,0.8191441814,9.0,298.5133334,198.5,0.3333333333333333,2.1328740157480315
Uttarakhand,Nainital,2011-05-01,29.29478295,79.41548094,5,Summer,71.0,0.0,0.14320113836666667,13.333333333333334,303.5544444,100.44444444444444,0.0,0.10902184235517572
Uttarakhand,Nainital,2013-05-01,29.29478295,79.41548094,5,Summer,11.0,0.0,0.005238654671,22.0,305.1333334,23.0,0.0,-0.6206896551724138
Uttarakhand,Nainital,2018-12-01,29.29478295,79.41548094,12,Winter,9.0,0.0,0.0203542968,17.0,288.716,16.333333333333332,0.0,-0.18181818181818177
Uttarakhand,Nainital,2019-08-01,29.29478295,79.41548094,8,Monsoon,492.0,0.0,0.4806696712,22.0,303.34000000000003,170.66666666666666,0.0,5.0
Uttarakhand,Pauri,2012-05-01,30.1479882,78.7759518,5,Summer,42.0,0.0,0.4081425836,18.0,302.1533334,42.0,0.0,0.0
Uttarakhand,Pauri Garhwal,2012-08-01,29.84591115,78.70766746,8,Monsoon,58.0,0.0,1.962977678,23.0,290.67,58.0,0.0,0.0
Uttarakhand,Pauri Garhwal,2019-10-01,29.84591115,78.70766746,10,Post-Monsoon,8.0,0.0,0.1611135297,34.0,295.2,33.0,0.0,-0.8620689655172413
Uttarakhand,Pithoragarh,2009-06-01,29.585871,80.215167,6,Monsoon,16.0,0.0,0.109107781,9.0,298.13,16.0,0.0,0.0
Uttarakhand,Pithoragarh,2012-06-01,29.585871,80.215167,6,Monsoon,101.0,1.0,0.5690513164,23.0,293.156,58.5,0.5,5.0
Uttarakhand,Pithoragarh,2014-06-01,29.585871,80.215167,6,Monsoon,45.0,0.0,1.768520064,26.0,294.4866666,54.0,0.3333333333333333,-0.5544554455445545
Uttarakhand,Pithoragarh,2014-07-01,29.585871,80.215167,7,Monsoon,60.0,0.0,0.3711660687,26.0,296.05,68.66666666666667,0.3333333333333333,0.33333333333333326
Uttarakhand,Pratap Nagar,2010-07-01,29.2175566,79.5024268,7,Monsoon,25.0,1.0,4.752676189,18.0,300.29,25.0,1.0,0.0
Uttarakhand,Rudraprayag,2013-07-01,30.3009965,79.06287965,7,Monsoon,41.0,1.0,1.492103608,18.0,282.325,41.0,1.0,0.0
Uttarakhand,Rudraprayag,2016-05-01,30.3009965,79.06287965,5,Summer,48.0,0.0,0.1755433531,9.0,300.12333340000004,44.5,0.5,0.1707317073170731
Uttarakhand,Rudraprayag,2016-06-01,30.3009965,79.06287965,6,Monsoon,46.0,0.0,0.5716554241,25.0,299.46,45.0,0.3333333333333333,-0.04166666666666663
Uttarakhand,Rudraprayag,2017-07-01,30.3009965,79.06287965,7,Monsoon,13.0,0.0,1.602749148,11.0,284.49333340000004,35.666666666666664,0.0,-0.7173913043478262
Uttarakhand,Rudraprayag,2018-04-01,30.3009965,79.06287965,4,Summer,9.0,0.0,0.1631998365,22.0,296.4066666,22.666666666666668,0.0,-0.3076923076923077
Uttarakhand,Rudraprayag,2019-08-01,30.3009965,79.06287965,8,Monsoon,20.0,0.0,2.366893812,9.0,280.18,14.0,0.0,1.2222222222222223
Uttarakhand,Tehri,2011-07-01,30.40260205,78.38835789,7,Monsoon,8.0,0.0,0.7451201882,10.0,297.27,8.0,0.0,0.0
Uttarakhand,Tehri,2012-07-01,30.40260205,78.38835789,7,Monsoon,18.0,0.0,0.267498839,16.0,305.9033334,13.0,0.0,1.25
Uttarakhand,Tehri,2013-07-01,30.40260205,78.38835789,7,Monsoon,12.0,2.0,1.119331194,29.0,294.75,12.666666666666666,0.6666666666666666,-0.33333333333333337
Uttarakhand,Tehri,2013-12-01,30.40260205,78.38835789,12,Winter,13.0,1.0,0.001210797981,12.0,289.56,14.333333333333334,1.0,0.08333333333333326
Uttarakhand,Tehri,2018-09-01,30.40260205,78.38835789,9,Monsoon,21.0,1.0,1.449797307,9.0,287.5066666,15.333333333333334,1.3333333333333333,0.6153846153846154
Uttarakhand,Tehri Garhwal,2015-04-01,30.5,78.666667,4,Summer,68.0,0.0,0.2523844608,24.0,293.45,68.0,0.0,0.0
Uttarakhand,Tehri Garhwal,2017-09-01,30.5,78.666667,9,Monsoon,7.0,0.0,1.526703808,9.0,288.02,37.5,0.0,-0.8970588235294118
Uttarakhand,Tehri Garhwal,2019-08-01,30.5,78.666667,8,Monsoon,5.0,1.0,1.486027581,23.0,286.252,26.666666666666668,0.3333333333333333,-0.2857142857142857
Uttarakhand,Udham Singh Nagar,2017-10-01,29.0480988,79.43131332,10,Post-Monsoon,9.0,0.0,0.01370921104,35.0,298.8566666,9.0,0.0,0.0
Uttarakhand,Udham Singh Nagar,2022-05-01,29.0480988,79.43131332,5,Summer,39.0,0.0,0.1078197664,28.0,300.28000000000003,24.0,0.0,3.333333333333333
Uttarakhand,Uttarkashi,2009-07-01,30.7291049,78.4403495,7,Monsoon,11.0,2.0,0.9592088222,24.0,298.168,11.0,2.0,0.0
Uttarakhand,Uttarkashi,2013-06-01,30.7291049,78.4403495,6,Monsoon,17.0,0.0,0.3719316922,9.0,298.76,14.0,1.0,0.5454545454545454
Uttarakhand,Uttarkashi,2013-07-01,30.7291049,78.4403495,7,Monsoon,11.0,1.0,0.9771555092,21.0,295.99,13.0,1.0,-0.3529411764705882
Uttarakhand,Uttarkashi,2013-09-01,30.7291049,78.4403495,9,Monsoon,26.0,0.0,0.5605079031,30.0,294.81333340000003,18.0,0.3333333333333333,1.3636363636363638
Uttarakhand,Uttarkashi,2014-07-01,30.7291049,78.4403495,7,Monsoon,3.0,0.0,0.3212381182,9.0,301.77,13.333333333333334,0.3333333333333333,-0.8846153846153846
West Bengal,24 North Parganas,2011-07-01,22.5998923,88.40887363,7,Monsoon,76.0,0.0,0.4891034868,5.0,301.11333340000004,76.0,0.0,0.0
West Bengal,Balurghat,2014-06-01,25.2634866,88.78900294,6,Monsoon,17.0,1.0,1.055040469,6.0,293.772,17.0,1.0,0.0
West Bengal,Bankura,2009-09-01,23.13195425,87.2073972,9,Monsoon,82.0,0.0,0.4479642155,9.0,301.32,38.5,0.0,0.13888888888888884
West Bengal,Bankura,2010-10-01,23.13195425,87.2073972,10,Post-Monsoon,10.0,0.0,0.04128890433,14.0,303.48,30.666666666666668,0.0,-0.782608695652174
West Bengal,Bankura,2010-11-01,23.13195425,87.2073972,11,Post-Monsoon,123.0,0.0,0.0231250024676,7.8,302.5212,21.333333333333336,0.0,1.5152380952380953
West Bengal,Bankura,2011-02-01,23.13195425,87.2073972,2,Winter,74.0,0.0,8.326666666666667e-05,5.0,304.0011110666667,33.77777777777778,0.0,-0.21934225195094761
West Bengal,Bankura,2011-03-01,23.13195425,87.2073972,3,Summer,77.0,1.0,0.13420260973333334,8.0,308.772,24.333333333333332,0.3333333333333333,0.7324472798157009
West Bengal,Bankura,2011-06-01,23.13195425,87.2073972,6,Monsoon,194.0,1.0,1.71177642496,7.4,302.723,34.8,0.13333333333333333,0.491618526401135
West Bengal,Bankura,2011-07-01,23.13195425,87.2073972,7,Monsoon,24.0,0.0,1.000746546,5.0,303.445,23.5,0.16666666666666666,-0.33333333333333337
West Bengal,Bankura,2011-08-01,23.13195425,87.2073972,8,Monsoon,1143.0,1.0,1.3199007196928572,7.142857142857143,301.5884523857143,78.26190476190477,0.07142857142857142,0.6619135280779356
West Bengal,Bankura,2011-09-01,23.13195425,87.2073972,9,Monsoon,592.0,0.0,0.8468137573857143,9.285714285714286,301.5138095142857,79.38095238095238,0.0,1.2261167228265175
West Bengal,Bankura,2011-10-01,23.13195425,87.2073972,10,Post-Monsoon,144.0,1.0,0.05755053315,9.0,302.255,83.5,0.16666666666666666,-0.21023454157782517
West Bengal,Bankura,2011-11-01,23.13195425,87.2073972,11,Post-Monsoon,25.0,0.0,8.05e-05,8.0,301.935,56.333333333333336,0.3333333333333333,-0.6621621621621622
West Bengal,Bankura,2012-05-01,23.13195425,87.2073972,5,Summer,153.0,1.0,0.16680593745,8.5,308.0866666,62.33333333333333,0.5,1.2286597938144328
West Bengal,Bankura,2012-07-01,23.13195425,87.2073972,7,Monsoon,166.0,1.0,0.7012629788,8.333333333333334,301.96166666666664,58.44444444444445,0.2222222222222222,0.10264982354023448
West Bengal,Bankura,2012-09-01,23.13195425,87.2073972,9,Monsoon,157.0,0.0,0.8540369965000001,13.0,303.4325,71.33333333333333,0.3333333333333333,0.2055555555555556
West Bengal,Bankura,2012-11-01,23.13195425,87.2073972,11,Post-Monsoon,61.0,0.0,0.2224849364,8.0,301.61333340000004,72.66666666666667,0.0,-0.08955223880597019
West Bengal,Bankura,2013-05-01,23.13195425,87.2073972,5,Summer,107.0,0.0,0.358715609,8.5,308.3636667,55.5,0.0,0.2492246344705361
West Bengal,Bankura,2013-07-01,23.13195425,87.2073972,7,Monsoon,105.0,0.0,0.1753418573,9.0,301.69,50.833333333333336,0.0,0.9468944099378881
West Bengal,Bankura,2013-08-01,23.13195425,87.2073972,8,Monsoon,308.0,0.0,1.4532635395,10.5,301.3316667,76.83333333333334,0.0,0.02125495027468821
West Bengal,Bankura,2013-09-01,23.13195425,87.2073972,9,Monsoon,273.0,1.0,0.7798006372999999,16.75,300.60666664999997,58.75,0.08333333333333333,1.1521197552447553
West Bengal,Bankura,2013-10-01,23.13195425,87.2073972,10,Post-Monsoon,611.0,0.0,0.5792075722083333,12.666666666666666,300.06183333333337,50.833333333333336,0.05555555555555555,0.22285997792198353
West Bengal,Bankura,2013-11-01,23.13195425,87.2073972,11,Post-Monsoon,108.0,0.0,0.004194095635333334,9.333333333333334,299.6437778,60.0,0.0,-0.3397194450902891
West Bengal,Bankura,2014-05-01,23.13195425,87.2073972,5,Summer,29.0,0.0,0.7871395027,10.0,306.0866666,30.333333333333332,0.0,0.03571428571428581
West Bengal,Bankura,2014-07-01,23.13195425,87.2073972,7,Monsoon,76.0,0.0,2.2422429323333333,9.333333333333334,303.445,26.444444444444443,0.0,-0.045294019656838214
West Bengal,Bankura,2015-07-01,23.13195425,87.2073972,7,Monsoon,50.0,0.0,2.398600255,9.0,300.12,34.333333333333336,0.0,1.1739130434782608
West Bengal,Bankura,2015-08-01,23.13195425,87.2073972,8,Monsoon,200.0,1.0,0.7449695821800001,9.4,302.43866668,38.4,0.06666666666666667,0.3195473418439407
West Bengal,Bankura,2015-09-01,23.13195425,87.2073972,9,Monsoon,253.0,0.0,0.6735439485,11.0,300.95,78.66666666666667,0.3333333333333333,0.837589605734767
West Bengal,Bankura,2016-03-01,23.13195425,87.2073972,3,Summer,50.0,0.0,0.002279863416,6.0,311.01,101.0,0.0,-0.7237569060773481
West Bengal,Bankura,2016-04-01,23.13195425,87.2073972,4,Summer,30.0,0.0,0.06224836321,6.0,311.04400000000004,87.0,0.0,-0.4
West Bengal,Bankura,2016-05-01,23.13195425,87.2073972,5,Summer,387.0,0.0,0.205275310652,7.6,311.1558,76.33333333333333,0.0,0.5563785394932935
West Bengal,Bankura,2016-06-01,23.13195425,87.2073972,6,Monsoon,296.0,0.0,0.44756307165000003,10.0,303.2038889,47.0,0.0,0.3731861306395469
West Bengal,Bankura,2016-09-01,23.13195425,87.2073972,9,Monsoon,49.0,0.0,0.3177472798,13.0,303.12,53.666666666666664,0.0,-0.125
West Bengal,Bankura,2016-10-01,23.13195425,87.2073972,10,Post-Monsoon,270.0,0.0,0.18479503855,14.0,300.34950000000003,90.83333333333333,0.0,0.8503963568898633
West Bengal,Bankura,2017-11-01,23.13195425,87.2073972,11,Post-Monsoon,101.0,1.0,2.9e-05,10.0,300.0066666,123.66666666666667,0.3333333333333333,-0.3221476510067114
West Bengal,Bankura,2019-04-01,23.13195425,87.2073972,4,Summer,83.0,0.0,0.09626971162,7.0,309.34000000000003,111.0,0.3333333333333333,-0.17821782178217827
West Bengal,Bardhaman,2011-10-01,23.41146995,87.84499445,10,Post-Monsoon,150.0,0.0,0.2890344527,24.0,300.91,150.0,0.0,0.0
West Bengal,Bardhaman,2015-07-01,23.41146995,87.84499445,7,Monsoon,12.0,0.0,1.938187705,5.0,301.51,81.0,0.0,-0.92
West Bengal,Bardhaman,2015-08-01,23.41146995,87.84499445,8,Monsoon,37.0,0.0,1.7479547785,5.5,303.445,37.833333333333336,0.0,0.32291666666666663
West Bengal,Bardhaman,2015-12-01,23.41146995,87.84499445,12,Winter,59.0,0.0,0.0709529131,5.0,300.9866666,32.0,0.0,1.8095238095238093
West Bengal,Bardhaman,2018-06-01,23.41146995,87.84499445,6,Monsoon,67.0,0.0,0.6528929526,9.0,306.69,49.0,0.0,0.13559322033898313
West Bengal,Bardhaman,2021-04-01,23.41146995,87.84499445,4,Summer,41.0,0.0,0.02559297015,9.0,306.36,55.666666666666664,0.0,-0.3880597014925373
West Bengal,Bardhaman,2021-06-01,23.41146995,87.84499445,6,Monsoon,29.0,0.0,0.9575893962,9.0,300.72,45.666666666666664,0.0,-0.29268292682926833
West Bengal,Bardhaman,2022-02-01,23.41146995,87.84499445,2,Winter,89.0,0.0,0.003711025774,9.0,296.68,53.0,0.0,2.0689655172413794
West Bengal,Bardhaman,2022-04-01,23.41146995,87.84499445,4,Summer,91.0,0.0,0.1065287191,11.0,306.0133334,69.66666666666667,0.0,0.022471910112359605
West Bengal,Basirhat,2019-06-01,22.642931,88.8930579,6,Monsoon,27.0,0.0,1.666489829,9.0,300.668,27.0,0.0,0.0
West Bengal,Basirhat,2021-08-01,22.642931,88.8930579,8,Monsoon,37.0,0.0,0.7029735752,4.0,303.445,32.0,0.0,0.37037037037037046
West Bengal,Birbhum,2010-07-01,24.0,87.583333,7,Monsoon,70.0,0.0,1.0460999174666668,8.333333333333334,304.00666666666666,19.944444444444443,0.0,0.4987179487179487
West Bengal,Birbhum,2010-08-01,24.0,87.583333,8,Monsoon,32.0,0.0,0.5289607512,6.0,303.445,27.333333333333332,0.0,-0.1351351351351351
West Bengal,Birbhum,2010-09-01,24.0,87.583333,9,Monsoon,33.0,0.0,0.3474999999,14.0,301.56,34.0,0.0,0.03125
West Bengal,Birbhum,2010-11-01,24.0,87.583333,11,Post-Monsoon,46.0,0.0,0.04555250344,9.0,303.165,27.833333333333332,0.0,-0.1515151515151515
West Bengal,Birbhum,2011-03-01,24.0,87.583333,3,Summer,16.0,1.0,0.001634080366,6.0,302.85,20.666666666666668,0.3333333333333333,-0.30434782608695654
West Bengal,Birbhum,2011-07-01,24.0,87.583333,7,Monsoon,55.0,0.0,1.554170713,2.0,303.445,31.333333333333332,0.3333333333333333,2.4375
West Bengal,Birbhum,2011-08-01,24.0,87.583333,8,Monsoon,675.0,0.0,1.2652538795000001,8.166666666666666,302.81,104.05555555555556,0.05555555555555555,0.5952110210431264
West Bengal,Birbhum,2011-09-01,24.0,87.583333,9,Monsoon,41.0,0.0,1.492180517,9.0,300.24,94.33333333333333,0.0,0.13888888888888884
West Bengal,Birbhum,2011-11-01,24.0,87.583333,11,Post-Monsoon,34.0,0.0,0.02658370427,8.0,303.108,37.0,0.0,-0.1707317073170732
West Bengal,Birbhum,2012-07-01,24.0,87.583333,7,Monsoon,74.0,0.0,0.6296381912,5.0,302.57,39.33333333333333,0.0,-0.022475027746947818
West Bengal,Birbhum,2012-08-01,24.0,87.583333,8,Monsoon,19.0,0.0,0.5199324555,6.0,301.74,31.0,0.0,-0.09523809523809523
West Bengal,Birbhum,2013-06-01,24.0,87.583333,6,Monsoon,126.0,0.0,0.7894428198,9.0,305.21,55.333333333333336,0.0,5.0
West Bengal,Birbhum,2013-07-01,24.0,87.583333,7,Monsoon,436.0,2.0,0.28191885226,7.6,303.554,96.2,0.3333333333333333,0.15465679965679968
West Bengal,Birbhum,2013-08-01,24.0,87.583333,8,Monsoon,214.0,0.0,0.7537140390333334,5.666666666666667,302.31166666666667,69.55555555555556,0.1111111111111111,0.10356963298139765
West Bengal,Birbhum,2013-09-01,24.0,87.583333,9,Monsoon,330.0,2.0,0.52100184475,13.0,301.9666667,91.83333333333333,0.3333333333333333,1.7127329192546583
West Bengal,Birbhum,2013-10-01,24.0,87.583333,10,Post-Monsoon,50.0,0.0,0.2975842725,13.0,299.59833330000004,111.16666666666667,0.6666666666666666,-0.4886531093427645
West Bengal,Birbhum,2013-11-01,24.0,87.583333,11,Post-Monsoon,47.0,0.0,0.029727045645000002,9.0,300.5603333,23.0,0.0,0.23651960784313725
West Bengal,Birbhum,2013-12-01,24.0,87.583333,12,Winter,122.0,0.0,8.27e-05,5.0,297.804,38.33333333333333,0.0,0.9844086021505377
West Bengal,Birbhum,2014-04-01,24.0,87.583333,4,Summer,61.0,0.0,0.019179322685,8.5,310.898,50.83333333333333,0.0,-0.34579936192839417
West Bengal,Birbhum,2014-07-01,24.0,87.583333,7,Monsoon,143.0,0.0,0.77887777805,6.5,304.2425,58.166666666666664,0.0,1.0384057971014493
West Bengal,Birbhum,2014-08-01,24.0,87.583333,8,Monsoon,32.0,0.0,0.7284770323,9.0,302.16,58.333333333333336,0.0,0.1428571428571428
West Bengal,Birbhum,2014-09-01,24.0,87.583333,9,Monsoon,152.0,0.0,0.1947968649,9.0,301.01,70.66666666666667,0.0,3.75
West Bengal,Birbhum,2014-10-01,24.0,87.583333,10,Post-Monsoon,82.0,0.0,0.07103023029,9.0,300.79200000000003,88.66666666666667,0.0,-0.4605263157894737
West Bengal,Birbhum,2015-05-01,24.0,87.583333,5,Summer,77.0,0.0,0.1001214283,8.0,304.34000000000003,103.66666666666667,0.0,-0.060975609756097615
West Bengal,Birbhum,2015-07-01,24.0,87.583333,7,Monsoon,31.0,0.0,0.979236586,6.0,306.68,63.333333333333336,0.0,-0.5974025974025974
West Bengal,Birbhum,2015-08-01,24.0,87.583333,8,Monsoon,19.0,0.0,0.6843670933,9.0,303.17,42.333333333333336,0.0,-0.3870967741935484
West Bengal,Birbhum,2015-09-01,24.0,87.583333,9,Monsoon,138.0,0.0,1.382785148,24.0,302.28000000000003,38.833333333333336,0.0,1.8380566801619431
West Bengal,Birbhum,2015-10-01,24.0,87.583333,10,Post-Monsoon,570.0,0.0,0.0597272682,26.0,302.76,184.33333333333334,0.0,0.7732892107892106
West Bengal,Birbhum,2016-03-01,24.0,87.583333,3,Summer,33.0,0.0,0.05428874424,9.0,306.71500000000003,201.0,0.0,-0.8838028169014085
West Bengal,Birbhum,2016-07-01,24.0,87.583333,7,Monsoon,100.0,0.0,1.17826725015,4.0,303.445,81.83333333333333,0.0,0.3407243163340724
West Bengal,Birbhum,2017-07-01,24.0,87.583333,7,Monsoon,1106.0,0.0,0.5813826903,4.0,306.40000000000003,258.6666666666667,0.0,1.6297274842140244
West Bengal,Birbhum,2017-09-01,24.0,87.583333,9,Monsoon,97.0,0.0,0.8089144552,18.0,296.27,287.6666666666667,0.0,-0.7467362924281984
West Bengal,Birbhum,2018-10-01,24.0,87.583333,10,Post-Monsoon,49.0,0.0,0.001771063983,17.0,302.8333334,176.33333333333334,0.0,-0.4948453608247423
West Bengal,Birbhum,2018-11-01,24.0,87.583333,11,Post-Monsoon,117.0,0.0,0.01147096072,14.0,301.736,87.66666666666667,0.0,1.3877551020408165
West Bengal,Birbhum,2019-01-01,24.0,87.583333,1,Winter,51.0,0.0,6.93e-05,6.0,297.82,72.33333333333333,0.0,-0.5641025641025641
West Bengal,Birbhum,2021-06-01,24.0,87.583333,6,Monsoon,137.0,0.0,1.0359566472,9.0,298.76666666666665,54.77777777777777,0.0,0.047805788982259546
West Bengal,Birbhum,2021-07-01,24.0,87.583333,7,Monsoon,27.0,0.0,0.9184439755,7.0,302.72,37.666666666666664,0.0,-0.47058823529411764
West Bengal,Birbhum,2021-10-01,24.0,87.583333,10,Post-Monsoon,38.0,0.0,0.6824351099,24.0,304.15000000000003,38.666666666666664,0.0,0.40740740740740744
West Bengal,Bishnupur,2019-04-01,23.0758821,87.3146517,4,Summer,83.0,0.0,0.09626971162,7.0,309.34000000000003,83.0,0.0,0.0
West Bengal,Burdwan,2010-07-01,23.2495714,87.8681751,7,Monsoon,97.0,1.0,0.508871035,5.0,303.445,97.0,1.0,0.0
West Bengal,Burdwan,2010-12-01,23.2495714,87.8681751,12,Winter,111.0,1.0,0.08212493820000001,7.0,297.6075,74.16666666666666,0.5833333333333333,-0.27573094473550785
West Bengal,Burdwan,2011-03-01,23.2495714,87.8681751,3,Summer,40.0,0.0,9.79e-05,5.0,308.132,50.333333333333336,0.3333333333333333,-0.19999999999999996
West Bengal,Burdwan,2011-04-01,23.2495714,87.8681751,4,Summer,270.0,1.0,0.07242597966,10.5,306.8566667,86.33333333333333,0.5,1.1190677966101696
West Bengal,Burdwan,2011-06-01,23.2495714,87.8681751,6,Monsoon,388.0,0.0,1.4804779159571428,7.714285714285714,306.59980951428577,64.38095238095238,0.047619047619047616,0.5593912214994415
West Bengal,Burdwan,2011-07-01,23.2495714,87.8681751,7,Monsoon,42.0,0.0,0.65990774725,7.5,300.53,49.666666666666664,0.0,-0.4365436543654366
West Bengal,Burdwan,2011-08-01,23.2495714,87.8681751,8,Monsoon,80.0,0.0,1.7339868752499998,8.5,302.7925,29.0,0.0,0.55
West Bengal,Burdwan,2011-10-01,23.2495714,87.8681751,10,Post-Monsoon,135.0,0.0,0.1459516279235,18.5,301.89750000000004,53.83333333333333,0.0,0.25
West Bengal,Burdwan,2011-11-01,23.2495714,87.8681751,11,Post-Monsoon,46.0,0.0,8.236707545e-05,11.0,301.95000000000005,47.66666666666667,0.0,-0.5333333333333333
West Bengal,Burdwan,2013-05-01,23.2495714,87.8681751,5,Summer,43.0,0.0,0.02006135743,9.0,309.048,29.666666666666668,0.0,1.6875
West Bengal,Burdwan,2013-06-01,23.2495714,87.8681751,6,Monsoon,944.0,1.0,0.6558589236200001,8.2,308.49,125.66666666666666,0.06666666666666667,0.9266115579072837
West Bengal,Burdwan,2013-07-01,23.2495714,87.8681751,7,Monsoon,269.0,1.0,0.5357669516333333,8.0,303.445,184.66666666666666,0.5555555555555555,-0.3836293522785459
West Bengal,Burdwan,2013-08-01,23.2495714,87.8681751,8,Monsoon,194.0,0.0,0.83362907664,7.4,304.086,39.13333333333334,0.0,0.6231187319732211
West Bengal,Burdwan,2013-09-01,23.2495714,87.8681751,9,Monsoon,35.0,0.0,0.675687971,9.0,303.12,46.0,0.0,-0.5930232558139534
West Bengal,Burdwan,2013-10-01,23.2495714,87.8681751,10,Post-Monsoon,105.0,0.0,0.2118755592,20.0,298.86,75.33333333333333,0.0,2.0
West Bengal,Burdwan,2014-05-01,23.2495714,87.8681751,5,Summer,26.0,0.0,0.271653495,9.0,308.1,55.333333333333336,0.0,-0.7523809523809524
West Bengal,Burdwan,2014-06-01,23.2495714,87.8681751,6,Monsoon,38.0,0.0,2.021732673,3.0,309.88,56.333333333333336,0.0,0.46153846153846145
West Bengal,Burdwan,2014-08-01,23.2495714,87.8681751,8,Monsoon,190.0,0.0,0.88954701425,7.5,304.03999999999996,42.91666666666667,0.0,0.1670521693741508
West Bengal,Burdwan,2014-09-01,23.2495714,87.8681751,9,Monsoon,20.0,0.0,0.6415584593,13.0,297.2,39.0,0.0,-0.6666666666666667
West Bengal,Burdwan,2014-11-01,23.2495714,87.8681751,11,Post-Monsoon,37.0,0.0,0.005422309301,18.0,301.84000000000003,39.0,0.0,0.8500000000000001
West Bengal,Burdwan,2015-03-01,23.2495714,87.8681751,3,Summer,46.0,0.0,0.0003333427365,7.0,304.812,34.333333333333336,0.0,0.2432432432432432
West Bengal,Burdwan,2015-04-01,23.2495714,87.8681751,4,Summer,108.0,0.0,0.29143604235,9.25,306.225,33.0,0.0,-0.13487318840579712
West Bengal,Burdwan,2015-05-01,23.2495714,87.8681751,5,Summer,287.0,0.0,0.24333910311666665,11.666666666666666,305.0421666666667,43.666666666666664,0.0,0.8817150635208711
West Bengal,Burdwan,2015-06-01,23.2495714,87.8681751,6,Monsoon,14.0,0.0,0.9555868208,9.0,303.445,34.0,0.0,-0.6818181818181819
West Bengal,Burdwan,2015-07-01,23.2495714,87.8681751,7,Monsoon,36.0,0.0,1.751969541,9.0,303.445,31.333333333333332,0.0,1.5714285714285716
West Bengal,Burdwan,2015-08-01,23.2495714,87.8681751,8,Monsoon,76.0,0.0,0.7444905027,9.0,300.4866666,33.333333333333336,0.0,0.02777777777777779
West Bengal,Burdwan,2015-09-01,23.2495714,87.8681751,9,Monsoon,109.0,0.0,0.22512204449999998,21.0,303.47111113333335,36.88888888888889,0.0,-0.01729360939887259
West Bengal,Burdwan,2015-10-01,23.2495714,87.8681751,10,Post-Monsoon,166.0,0.0,0.16090082083,24.0,302.328,50.5,0.0,1.8531746031746033
West Bengal,Burdwan,2016-03-01,23.2495714,87.8681751,3,Summer,47.0,0.0,0.01095217981,8.0,304.7333334,71.0,0.0,-0.6594202898550725
West Bengal,Burdwan,2016-04-01,23.2495714,87.8681751,4,Summer,24.0,0.0,0.1317388752,8.0,305.212,69.66666666666667,0.0,-0.4893617021276596
West Bengal,Burdwan,2016-05-01,23.2495714,87.8681751,5,Summer,78.0,0.0,0.2793775176,6.5,306.8235,33.16666666666667,0.0,0.5416666666666666
West Bengal,Burdwan,2016-06-01,23.2495714,87.8681751,6,Monsoon,12.0,0.0,0.2689992205,8.0,308.74,30.0,0.0,-0.7692307692307692
West Bengal,Burdwan,2016-07-01,23.2495714,87.8681751,7,Monsoon,59.0,0.0,0.8754437899,9.0,303.445,41.0,0.0,3.916666666666667
West Bengal,Burdwan,2016-08-01,23.2495714,87.8681751,8,Monsoon,114.0,0.0,0.7249962112,14.0,298.3,61.666666666666664,0.0,0.9322033898305084
West Bengal,Burdwan,2017-03-01,23.2495714,87.8681751,3,Summer,27.0,0.0,0.02462458392,10.0,305.116,66.66666666666667,0.0,-0.7631578947368421
West Bengal,Burdwan,2017-06-01,23.2495714,87.8681751,6,Monsoon,71.0,0.0,0.6980844596,11.0,307.1866666,70.66666666666667,0.0,1.6296296296296298
West Bengal,Burdwan,2017-07-01,23.2495714,87.8681751,7,Monsoon,154.0,0.0,1.387436199,5.0,303.445,84.0,0.0,1.1690140845070425
West Bengal,Burdwan,2017-08-01,23.2495714,87.8681751,8,Monsoon,23.0,0.0,0.8085990065,4.0,303.445,82.66666666666667,0.0,-0.8506493506493507
West Bengal,Burdwan,2019-06-01,23.2495714,87.8681751,6,Monsoon,40.0,0.0,1.396773262,9.0,307.445,72.33333333333333,0.0,0.7391304347826086
West Bengal,Burdwan,2019-10-01,23.2495714,87.8681751,10,Post-Monsoon,23.0,0.0,0.7170284008,27.0,300.115,28.666666666666668,0.0,-0.42500000000000004
West Bengal,Burdwan,2021-12-01,23.2495714,87.8681751,12,Winter,89.0,0.0,1.914023558,8.0,297.16,50.666666666666664,0.0,2.869565217391304
West Bengal,Chapra,2010-08-01,23.55917085,88.57108716,8,Monsoon,24.0,1.0,0.574056877,12.0,300.12,24.0,1.0,0.0
West Bengal,Cooch Bihar,2011-07-01,26.3223696,89.4592445,7,Monsoon,3.0,0.0,0.8626475887,4.0,300.96,3.0,0.0,0.0
West Bengal,Dakshin Dinajpur,2009-09-01,25.38703085,88.50471505,9,Monsoon,112.0,4.0,0.42477818555,25.0,298.76750000000004,49.5,2.0,0.3023255813953488
West Bengal,Dakshin Dinajpur,2009-10-01,25.38703085,88.50471505,10,Post-Monsoon,83.0,0.0,1.1780743972,24.0,299.7633333,49.33333333333333,1.0,0.028759057971014523
West Bengal,Dakshin Dinajpur,2011-04-01,25.38703085,88.50471505,4,Summer,151.0,0.0,0.465613352,19.0,298.9666666,78.0,0.0,1.9607843137254903
West Bengal,Dakshin Dinajpur,2011-05-01,25.38703085,88.50471505,5,Summer,15.0,0.0,0.6051147217,11.0,300.7133334,72.33333333333333,0.0,-0.9006622516556292
West Bengal,Dakshin Dinajpur,2011-08-01,25.38703085,88.50471505,8,Monsoon,22.0,0.0,0.5057740247,15.0,288.56,62.666666666666664,0.0,0.46666666666666656
West Bengal,Dakshin Dinajpur,2011-10-01,25.38703085,88.50471505,10,Post-Monsoon,30.0,0.0,0.1342358017,17.0,300.66,22.333333333333332,0.0,0.36363636363636354
West Bengal,Dakshin Dinajpur,2012-04-01,25.38703085,88.50471505,4,Summer,80.0,0.0,0.03266755462,19.0,301.3566666,44.0,0.0,1.6666666666666665
West Bengal,Dakshin Dinajpur,2013-10-01,25.38703085,88.50471505,10,Post-Monsoon,166.0,2.0,0.66965317015,28.0,299.27500000000003,67.33333333333333,0.5,0.5291666666666668
West Bengal,Dakshin Dinajpur,2014-06-01,25.38703085,88.50471505,6,Monsoon,72.0,5.0,1.010059671,5.0,305.98,46.22222222222222,1.3333333333333333,-0.03813559322033899
West Bengal,Dakshin Dinajpur,2014-09-01,25.38703085,88.50471505,9,Monsoon,23.0,0.0,0.1735476764,9.0,298.3566666,26.333333333333332,1.3333333333333333,-0.1785714285714286
West Bengal,Dakshin Dinajpur,2015-11-01,25.38703085,88.50471505,11,Post-Monsoon,100.0,0.0,0.03306367674,14.0,300.9133334,50.333333333333336,0.6666666666666666,3.3478260869565215
West Bengal,Dakshin Dinajpur,2016-07-01,25.38703085,88.50471505,7,Monsoon,42.0,0.0,1.567592651,4.0,303.445,55.0,0.0,-0.5800000000000001
West Bengal,Dakshin Dinajpur,2016-08-01,25.38703085,88.50471505,8,Monsoon,114.0,0.0,0.5268346398,19.0,303.6,56.66666666666667,0.0,0.3571428571428571
West Bengal,Dakshin Dinajpur,2017-07-01,25.38703085,88.50471505,7,Monsoon,72.0,0.0,0.5189521535,4.0,300.96,62.0,0.0,0.0
West Bengal,Darjeeling,2011-06-01,26.8700325,88.3608759,6,Monsoon,366.0,0.0,0.7972522722,9.0,302.212,183.0,0.0,0.0
West Bengal,Darjeeling,2013-06-01,26.8700325,88.3608759,6,Monsoon,179.0,0.0,2.876126342,9.0,302.62,181.66666666666666,0.0,-0.021857923497267784
West Bengal,"Darjeeling, Jalpaiguri",2013-08-01,26.8735351,88.6131918,8,Monsoon,530.0,0.0,1.789624224,7.0,300.0933334,530.0,0.0,0.0
West Bengal,Dinajpur,2010-04-01,25.8707958,87.96259728,4,Summer,27.0,0.0,0.0001169802441,6.0,308.95,27.0,0.0,0.0
West Bengal,Hooghly,2009-07-01,22.9052114,88.3760639,7,Monsoon,44.0,0.0,0.6681143026,7.0,303.34000000000003,44.0,0.0,0.0
West Bengal,Hooghly,2010-04-01,22.9052114,88.3760639,4,Summer,148.0,0.0,0.00181662063,11.0,303.908,96.0,0.0,2.3636363636363638
West Bengal,Hooghly,2010-07-01,22.9052114,88.3760639,7,Monsoon,65.0,0.0,0.4111894395,9.0,301.44,85.66666666666667,0.0,-0.5608108108108107
West Bengal,Hooghly,2010-08-01,22.9052114,88.3760639,8,Monsoon,11.0,0.0,0.6375606769,10.0,299.40000000000003,74.66666666666667,0.0,-0.8307692307692307
West Bengal,Hooghly,2010-09-01,22.9052114,88.3760639,9,Monsoon,59.0,0.0,0.7749973804,18.0,298.8333334,28.833333333333336,0.0,0.8198653198653199
West Bengal,Hooghly,2010-10-01,22.9052114,88.3760639,10,Post-Monsoon,100.0,0.0,0.1825438571,9.0,302.585,53.0,0.0,2.125
West Bengal,Hooghly,2011-03-01,22.9052114,88.3760639,3,Summer,169.0,0.0,0.16075951728666668,15.0,301.85,59.55555555555555,0.0,0.08956043956043958
West Bengal,Hooghly,2011-04-01,22.9052114,88.3760639,4,Summer,98.0,0.0,0.2048474260666667,11.0,301.44666666666666,43.22222222222222,0.0,-0.06554284261378081
West Bengal,Hooghly,2011-10-01,22.9052114,88.3760639,10,Post-Monsoon,136.0,0.0,0.08795907942,19.0,303.084,47.66666666666667,0.0,0.719047619047619
West Bengal,Hooghly,2012-05-01,22.9052114,88.3760639,5,Summer,46.0,0.0,0.5080524104499999,11.0,305.124,49.666666666666664,0.0,-0.3375241779497099
West Bengal,Hooghly,2012-07-01,22.9052114,88.3760639,7,Monsoon,143.0,0.0,0.947074592875,9.75,300.80416665,31.416666666666668,0.0,0.3006244881244881
West Bengal,Hooghly,2012-08-01,22.9052114,88.3760639,8,Monsoon,263.0,0.0,0.6891255085,9.333333333333334,301.3222222,72.0,0.0,1.1831454042804337
West Bengal,Hooghly,2012-09-01,22.9052114,88.3760639,9,Monsoon,65.0,2.0,1.354658172,10.0,297.26,102.0,0.6666666666666666,1.9545454545454546
West Bengal,Hooghly,2013-05-01,22.9052114,88.3760639,5,Summer,67.0,0.0,0.226061102265,9.0,303.26,43.0,0.6666666666666666,-0.34102564102564104
West Bengal,Hooghly,2013-06-01,22.9052114,88.3760639,6,Monsoon,181.0,0.0,0.7297451686833334,11.666666666666666,301.7632777666667,32.38888888888889,0.0,0.007516876482393742
West Bengal,Hooghly,2013-07-01,22.9052114,88.3760639,7,Monsoon,58.0,0.0,0.71268582765,9.5,300.82,22.833333333333336,0.0,0.6314102564102565
West Bengal,Hooghly,2013-08-01,22.9052114,88.3760639,8,Monsoon,68.0,3.0,1.3487211839999997,10.666666666666666,300.33888886666665,23.444444444444443,0.7777777777777777,0.22567175018155416
West Bengal,Hooghly,2013-10-01,22.9052114,88.3760639,10,Post-Monsoon,169.0,0.0,1.5058321539666668,17.333333333333332,300.69666666666666,47.55555555555555,0.2222222222222222,0.29493849566444846
West Bengal,Hooghly,2013-11-01,22.9052114,88.3760639,11,Post-Monsoon,13.0,0.0,6.04e-05,9.0,298.81333340000003,41.666666666666664,0.0,-0.75
West Bengal,Hooghly,2013-12-01,22.9052114,88.3760639,12,Winter,69.0,0.0,5.11e-05,10.0,297.692,44.666666666666664,0.0,4.3076923076923075
West Bengal,Hooghly,2014-08-01,22.9052114,88.3760639,8,Monsoon,478.0,0.0,0.8223158398285715,9.714285714285714,301.3992857142857,57.04761904761905,0.0,0.40767638491373476
West Bengal,Hooghly,2014-09-01,22.9052114,88.3760639,9,Monsoon,958.0,0.0,0.9803978433,21.0,300.3,239.44444444444443,0.0,0.3365164655000931
West Bengal,Hooghly,2014-11-01,22.9052114,88.3760639,11,Post-Monsoon,91.0,0.0,8.486666666666667e-05,11.0,302.0922222,140.0,0.0,0.4359663633857182
West Bengal,Hooghly,2015-04-01,22.9052114,88.3760639,4,Summer,10.0,0.0,0.7278883779,15.0,304.02500000000003,29.666666666666668,0.0,-0.75
West Bengal,Hooghly,2015-05-01,22.9052114,88.3760639,5,Summer,61.0,0.0,0.1988079739,12.0,304.8575,25.5,0.0,1.053125
West Bengal,Hooghly,2015-08-01,22.9052114,88.3760639,8,Monsoon,30.0,0.0,0.6829723977,8.0,303.06,30.333333333333332,0.0,0.034482758620689724
West Bengal,Hooghly,2016-03-01,22.9052114,88.3760639,3,Summer,35.0,0.0,0.3501829609,9.0,299.54,31.333333333333332,0.0,0.16666666666666674
West Bengal,Hooghly,2016-05-01,22.9052114,88.3760639,5,Summer,14.0,0.0,0.5737764719,13.0,306.085,26.333333333333332,0.0,-0.6
West Bengal,Hooghly,2016-07-01,22.9052114,88.3760639,7,Monsoon,3803.2399999999907,0.0,0.7027602741,9.0,295.2,597.5359999999986,0.0,1.166109409190371
West Bengal,Hooghly,2016-08-01,22.9052114,88.3760639,8,Monsoon,960.5599999999977,0.0,1.7835332634999999,13.0,302.5425,717.7999999999981,0.0,-0.4258869656689297
West Bengal,Hooghly,2019-11-01,22.9052114,88.3760639,11,Post-Monsoon,301.0,0.0,0.7525065351,15.0,300.7266666,420.51999999999924,0.0,1.4274193548387095
West Bengal,Hooghly,2020-03-01,22.9052114,88.3760639,3,Summer,43.0,0.0,0.2020248538,12.0,298.785,156.0,0.0,-0.8571428571428572
West Bengal,Hooghly,2021-03-01,22.9052114,88.3760639,3,Summer,58.0,0.0,6.9e-05,9.0,303.87,79.0,0.0,-0.16279069767441862
West Bengal,Hooghly,2021-04-01,22.9052114,88.3760639,4,Summer,314.0,0.0,0.07614544717499999,11.0,305.7933333,71.0,0.0,2.4310344827586206
West Bengal,Hooghly,2022-04-01,22.9052114,88.3760639,4,Summer,90.0,0.0,0.029162605245,10.5,302.209,123.83333333333333,0.0,-0.5134948096885813
West Bengal,Howrah,2009-10-01,22.5736296,88.3251045,10,Post-Monsoon,803.0,0.0,0.05016815469,17.0,303.16400000000004,175.58333333333334,0.0,0.1883232548543694
West Bengal,Howrah,2010-04-01,22.5736296,88.3251045,4,Summer,121.0,0.0,0.0001091301774,12.0,304.8966666,210.0,0.0,-0.5451127819548872
West Bengal,Howrah,2010-05-01,22.5736296,88.3251045,5,Summer,180.0,3.0,0.1501845099,10.0,303.645,129.66666666666666,0.5,-0.12809917355371903
West Bengal,Howrah,2010-06-01,22.5736296,88.3251045,6,Monsoon,24.0,0.0,0.8787628304,11.0,303.445,68.0,1.0,-0.7333333333333334
West Bengal,Howrah,2011-06-01,22.5736296,88.3251045,6,Monsoon,327.0,3.0,0.3472671727,13.0,303.756,76.0,1.0,1.1535285285285286
West Bengal,Howrah,2011-09-01,22.5736296,88.3251045,9,Monsoon,1639.0,0.0,1.178799367,10.75,300.05,393.83333333333337,0.25,0.40461016003393485
West Bengal,Howrah,2011-10-01,22.5736296,88.3251045,10,Post-Monsoon,84.0,0.0,0.1589969597,12.0,303.865,230.66666666666666,0.0,3.666666666666667
West Bengal,Howrah,2012-02-01,22.5736296,88.3251045,2,Winter,76.0,0.0,0.03647180793,9.0,298.91200000000003,59.333333333333336,0.0,-0.09523809523809523
West Bengal,Howrah,2013-07-01,22.5736296,88.3251045,7,Monsoon,32.0,3.0,0.3236214334,13.0,302.5066666,64.0,1.0,-0.5789473684210527
West Bengal,Howrah,2013-09-01,22.5736296,88.3251045,9,Monsoon,164.0,0.0,0.9759187793,10.0,299.935,90.66666666666667,1.0,4.125
West Bengal,Howrah,2014-09-01,22.5736296,88.3251045,9,Monsoon,17.0,0.0,0.742394535,20.0,299.32,71.0,1.0,-0.8963414634146342
West Bengal,Howrah,2016-04-01,22.5736296,88.3251045,4,Summer,35.0,0.0,0.0009789672656,10.0,307.0866666,72.0,0.0,1.0588235294117645
West Bengal,Howrah,2016-11-01,22.5736296,88.3251045,11,Post-Monsoon,70.0,0.0,0.1587350213,17.0,300.87,40.666666666666664,0.0,1.0
West Bengal,Howrah,2018-03-01,22.5736296,88.3251045,3,Summer,6.0,0.0,0.0450272739,12.0,305.452,37.0,0.0,-0.9142857142857143
West Bengal,Howrah,2019-05-01,22.5736296,88.3251045,5,Summer,108.0,2.0,0.6215048781,9.0,305.0933334,61.333333333333336,0.6666666666666666,5.0
West Bengal,Howrah,2021-04-01,22.5736296,88.3251045,4,Summer,31.0,0.0,0.04199322725,11.0,305.7633334,48.333333333333336,0.6666666666666666,-0.712962962962963
West Bengal,Howrah,2021-09-01,22.5736296,88.3251045,9,Monsoon,42.0,0.0,0.4185922657,10.0,298.47200000000004,60.333333333333336,0.6666666666666666,0.35483870967741926
West Bengal,Howrah,2021-10-01,22.5736296,88.3251045,10,Post-Monsoon,290.0,0.0,0.293379319,17.0,300.7066666,121.0,0.0,5.0
West Bengal,Howrah,2022-04-01,22.5736296,88.3251045,4,Summer,53.0,0.0,0.002075951935,10.0,305.268,128.33333333333334,0.0,-0.8172413793103448
West Bengal,Jalpaiguri,2010-04-01,26.4733048,88.67886686,4,Summer,226.0,0.0,0.18323003037500002,9.0,296.339,50.91666666666667,0.0,0.12683150183150182
West Bengal,Jalpaiguri,2010-08-01,26.4733048,88.67886686,8,Monsoon,100.0,8.0,0.5701580535,21.0,298.2433333,55.333333333333336,2.0,0.2281639928698752
West Bengal,Jalpaiguri,2010-09-01,26.4733048,88.67886686,9,Monsoon,120.0,3.0,2.045599452,18.0,289.685,43.666666666666664,2.0,-0.04520817935452078
West Bengal,Jalpaiguri,2010-10-01,26.4733048,88.67886686,10,Post-Monsoon,94.0,0.0,0.11217965498,9.0,300.5366666666667,38.333333333333336,0.3333333333333333,-0.13575977162933692
West Bengal,Jalpaiguri,2011-02-01,26.4733048,88.67886686,2,Winter,164.0,0.0,0.004832064648,23.0,292.6033334,42.666666666666664,0.0,0.41303613644039167
West Bengal,Jalpaiguri,2011-04-01,26.4733048,88.67886686,4,Summer,64.0,0.0,0.2846339955,9.0,296.2266666,60.333333333333336,0.0,0.049180327868852514
West Bengal,Jalpaiguri,2011-05-01,26.4733048,88.67886686,5,Summer,395.0,2.0,0.869569099725,20.5,296.85833335,51.25,0.16666666666666666,0.3099537037037037
West Bengal,Jalpaiguri,2011-06-01,26.4733048,88.67886686,6,Monsoon,33.0,2.0,0.6625597915,24.0,300.9966666,23.333333333333332,0.5555555555555555,-0.2654320987654321
West Bengal,Jalpaiguri,2011-11-01,26.4733048,88.67886686,11,Post-Monsoon,801.0,0.0,0.01132713893,34.0,298.056,142.5,0.5,2.9545454545454546
West Bengal,Jalpaiguri,2012-05-01,26.4733048,88.67886686,5,Summer,186.0,0.0,0.27125931756666666,27.0,296.24666666666667,217.33333333333334,0.0,-0.08073153469193073
West Bengal,Jalpaiguri,2012-06-01,26.4733048,88.67886686,6,Monsoon,281.0,0.0,1.492751894,15.0,294.9666666,141.0,0.0,5.0
West Bengal,Jalpaiguri,2012-08-01,26.4733048,88.67886686,8,Monsoon,42.0,0.0,1.2303929462,17.5,298.27666669999996,110.66666666666667,0.0,-0.3609290129237685
West Bengal,Jalpaiguri,2012-10-01,26.4733048,88.67886686,10,Post-Monsoon,105.0,3.0,0.3266533401,32.0,298.6116666666667,24.88888888888889,0.3333333333333333,0.7718670076726343
West Bengal,Jalpaiguri,2013-08-01,26.4733048,88.67886686,8,Monsoon,189.0,1.0,1.191221325,15.0,297.04,92.33333333333333,1.3333333333333333,1.7794117647058822
West Bengal,Jalpaiguri,2013-10-01,26.4733048,88.67886686,10,Post-Monsoon,91.0,0.0,0.27587741219,20.5,299.24,92.0,0.8333333333333333,1.5730158730158728
West Bengal,Jalpaiguri,2014-06-01,26.4733048,88.67886686,6,Monsoon,87.0,0.0,4.066443031,9.0,287.64,59.333333333333336,0.0,0.14473684210526305
West Bengal,Jalpaiguri,2015-06-01,26.4733048,88.67886686,6,Monsoon,137.0,0.0,1.502784551,12.0,290.88,73.5,0.0,0.0788633461047254
West Bengal,Jalpaiguri,2015-10-01,26.4733048,88.67886686,10,Post-Monsoon,64.0,0.0,0.15979680147,18.333333333333332,299.3955556,36.44444444444444,0.0,0.25682730923694774
West Bengal,Jalpaiguri,2016-05-01,26.4733048,88.67886686,5,Summer,142.0,0.0,0.487725339,9.0,300.4733334,49.5,0.0,0.6833333333333333
West Bengal,Jalpaiguri,2016-10-01,26.4733048,88.67886686,10,Post-Monsoon,778.0,0.0,2.7307069379999995,36.0,291.32,195.33333333333334,0.0,0.8643155227662271
West Bengal,Jalpaiguri,2017-05-01,26.4733048,88.67886686,5,Summer,533.0,0.0,0.3568819471,27.0,300.256,353.0,0.0,1.0266159695817492
West Bengal,Jalpaiguri,2021-09-01,26.4733048,88.67886686,9,Monsoon,119.0,1.0,0.8274690328,37.0,296.148,305.0,0.3333333333333333,-0.776735459662289
West Bengal,Jalpaiguri,2022-05-01,26.4733048,88.67886686,5,Summer,272.0,0.0,0.2161416423,9.0,304.6,308.0,0.3333333333333333,1.2857142857142856
West Bengal,Jhargram,2020-02-01,22.3770636,87.04867177,2,Winter,62.0,0.0,0.05328491101,8.0,296.54400000000004,62.0,0.0,0.0
West Bengal,Kolkata,2011-07-01,22.5666449,88.3544854,7,Monsoon,78.0,0.0,0.4891034868,5.0,301.11333340000004,78.0,0.0,0.0
West Bengal,Malda,2009-11-01,25.0057449,88.1398483,11,Post-Monsoon,50.0,0.0,7.61e-05,12.0,301.608,50.0,0.0,0.0
West Bengal,Malda,2011-07-01,25.0057449,88.1398483,7,Monsoon,618.0,0.0,1.7958235369999997,9.0,300.38,149.66666666666666,0.0,0.8498760298760298
West Bengal,Malda,2011-09-01,25.0057449,88.1398483,9,Monsoon,36.0,0.0,0.3558414286,15.0,301.2566666,168.66666666666666,0.0,-0.847457627118644
West Bengal,Malda,2011-12-01,25.0057449,88.1398483,12,Winter,40.0,2.0,0.004872643105,6.0,300.408,104.0,0.6666666666666666,0.11111111111111116
West Bengal,Malda,2012-07-01,25.0057449,88.1398483,7,Monsoon,45.0,0.0,0.1151740729,8.0,302.36,40.333333333333336,0.6666666666666666,0.125
West Bengal,Malda,2012-09-01,25.0057449,88.1398483,9,Monsoon,87.0,0.0,0.9318668218,8.0,296.08,57.333333333333336,0.6666666666666666,0.9333333333333333
West Bengal,Malda,2013-05-01,25.0057449,88.1398483,5,Summer,55.0,1.0,0.4143181729,6.0,307.579,49.66666666666667,0.16666666666666666,-0.216235632183908
West Bengal,Malda,2013-09-01,25.0057449,88.1398483,9,Monsoon,251.0,0.0,0.8015506819,9.0,298.46,102.0,0.3333333333333333,5.0
West Bengal,Malda,2013-11-01,25.0057449,88.1398483,11,Post-Monsoon,22.0,0.0,0.008647886468,12.0,300.548,101.33333333333333,0.3333333333333333,-0.9123505976095617
West Bengal,Malda,2014-01-01,25.0057449,88.1398483,1,Winter,61.0,0.0,0.0006860751964,8.0,295.552,111.33333333333333,0.0,1.772727272727273
West Bengal,Malda,2014-04-01,25.0057449,88.1398483,4,Summer,47.0,0.0,2.95e-05,8.0,313.94,43.333333333333336,0.0,-0.2295081967213115
West Bengal,Malda,2014-06-01,25.0057449,88.1398483,6,Monsoon,211.0,15.0,0.42971348979999996,9.0,302.812,63.666666666666664,3.3333333333333335,0.1753520402919108
West Bengal,Malda,2014-07-01,25.0057449,88.1398483,7,Monsoon,22.0,0.0,0.6358668522,10.0,299.64,54.666666666666664,3.3333333333333335,-0.6986301369863014
West Bengal,Malda,2014-08-01,25.0057449,88.1398483,8,Monsoon,243.0,1.0,1.35079462,2.0,300.72,75.33333333333333,1.0,1.9115612648221343
West Bengal,Malda,2014-10-01,25.0057449,88.1398483,10,Post-Monsoon,193.0,6.0,0.05474470437,16.0,301.48,80.77777777777777,1.5555555555555556,0.23511386081096783
West Bengal,Malda,2014-11-01,25.0057449,88.1398483,11,Post-Monsoon,55.0,0.0,8.9e-05,7.0,299.82,38.666666666666664,0.6666666666666666,-0.07722473604826545
West Bengal,Malda,2014-12-01,25.0057449,88.1398483,12,Winter,37.0,0.0,0.02914822248,9.0,294.98,26.333333333333332,0.0,0.7619047619047619
West Bengal,Malda,2015-07-01,25.0057449,88.1398483,7,Monsoon,53.0,1.0,1.114236037,7.0,302.08,37.0,0.3333333333333333,0.43243243243243246
West Bengal,Malda,2016-05-01,25.0057449,88.1398483,5,Summer,113.0,0.0,0.2632656319,8.0,308.629,44.66666666666667,0.3333333333333333,2.1132075471698113
West Bengal,Malda,2017-07-01,25.0057449,88.1398483,7,Monsoon,1228.0,0.0,1.295882154,4.0,303.445,322.5,0.0,2.186030164882614
West Bengal,Malda,2017-09-01,25.0057449,88.1398483,9,Monsoon,402.0,0.0,0.4726291382,17.5,301.15999999999997,414.83333333333337,0.0,0.2053214834320824
West Bengal,Malda,2018-04-01,25.0057449,88.1398483,4,Summer,61.0,0.0,0.04142471576,10.0,304.6,154.33333333333334,0.0,-0.7805755395683454
West Bengal,Medinipur,2019-11-01,22.4221814,87.3221281,11,Post-Monsoon,28.0,0.0,0.6049356307,16.0,297.28000000000003,28.0,0.0,0.0
West Bengal,Medinipur West,2013-06-01,22.4221814,87.3221281,6,Monsoon,87.0,0.0,0.5479036541,13.0,304.7266666,87.0,0.0,0.0
West Bengal,Medinipur West,2014-01-01,22.4221814,87.3221281,1,Winter,31.0,0.0,0.0008298155457,6.0,296.16,59.0,0.0,-0.6436781609195402
West Bengal,Medinipur West,2014-09-01,22.4221814,87.3221281,9,Monsoon,148.0,0.0,0.7540796909,20.0,301.72,88.66666666666667,0.0,3.774193548387097
West Bengal,Medinipur West,2019-09-01,22.4221814,87.3221281,9,Monsoon,53.0,1.0,0.5158848629,9.0,302.3,77.33333333333333,0.3333333333333333,-0.6418918918918919
West Bengal,Midnapore,2015-04-01,22.4671958,87.17500551,4,Summer,92.0,0.0,0.1335085865,7.0,307.27500000000003,92.0,0.0,0.0
West Bengal,Midnapore East,2019-07-01,22.05211075,88.07124658,7,Monsoon,22.0,0.0,0.8999829591,7.0,299.78000000000003,22.0,0.0,0.0
West Bengal,Midnapore West,2015-02-01,22.4671958,87.17500551,2,Winter,400.0,0.0,0.002337955336,7.0,298.428,400.0,0.0,0.0
West Bengal,Midnapur West,2015-06-01,22.4205314,87.3219109,6,Monsoon,200.0,0.0,0.07864023381,9.0,311.7266666,200.0,0.0,0.0
West Bengal,Murshidabad,2010-04-01,24.1745993,88.2721335,4,Summer,145.0,0.0,0.0753457464,8.0,307.2033334,145.0,0.0,0.0
West Bengal,Murshidabad,2010-07-01,24.1745993,88.2721335,7,Monsoon,34.0,1.0,1.071846974,8.0,300.62,89.5,0.5,-0.7655172413793103
West Bengal,Murshidabad,2010-08-01,24.1745993,88.2721335,8,Monsoon,106.0,0.0,0.6515505131,9.0,298.1,56.16666666666667,0.3333333333333333,1.7091503267973858
West Bengal,Murshidabad,2010-11-01,24.1745993,88.2721335,11,Post-Monsoon,72.0,0.0,0.05698276869,9.0,302.5,50.333333333333336,0.0,-0.2954545454545454
West Bengal,Murshidabad,2011-07-01,24.1745993,88.2721335,7,Monsoon,27.0,2.0,1.323108293,7.0,287.72,24.666666666666664,0.5,-0.280982905982906
West Bengal,Murshidabad,2011-08-01,24.1745993,88.2721335,8,Monsoon,23.0,0.0,0.475402698,14.0,300.504,16.666666666666668,0.6666666666666666,0.6428571428571428
West Bengal,Murshidabad,2011-09-01,24.1745993,88.2721335,9,Monsoon,21.0,0.0,0.5222860714,11.0,300.88,19.333333333333332,0.3333333333333333,-0.08695652173913049
West Bengal,Murshidabad,2011-11-01,24.1745993,88.2721335,11,Post-Monsoon,29.0,0.0,4.34e-05,7.0,302.0666666,24.333333333333332,0.0,0.38095238095238093
West Bengal,Murshidabad,2012-06-01,24.1745993,88.2721335,6,Monsoon,41.0,0.0,0.1757088485,7.0,305.685,30.333333333333332,0.0,0.4137931034482758
West Bengal,Murshidabad,2013-08-01,24.1745993,88.2721335,8,Monsoon,68.0,0.0,0.7899448616,10.0,300.475,35.16666666666667,0.0,-0.047256097560975596
West Bengal,Murshidabad,2013-09-01,24.1745993,88.2721335,9,Monsoon,59.0,0.0,0.7656059518,14.0,301.16,42.333333333333336,0.0,0.6388888888888888
West Bengal,Murshidabad,2013-10-01,24.1745993,88.2721335,10,Post-Monsoon,27.0,0.0,0.9734056509,6.0,300.40000000000003,40.666666666666664,0.0,-0.5423728813559322
West Bengal,Murshidabad,2014-10-01,24.1745993,88.2721335,10,Post-Monsoon,77.0,0.0,0.05176576577,9.0,301.815,54.333333333333336,0.0,1.8518518518518516
West Bengal,Murshidabad,2015-11-01,24.1745993,88.2721335,11,Post-Monsoon,82.0,0.0,0.0058353210661,11.0,301.3153333,48.83333333333333,0.0,0.06147186147186151
West Bengal,Murshidabad,2016-03-01,24.1745993,88.2721335,3,Summer,43.0,0.0,0.03540201986,11.0,302.668,41.666666666666664,0.0,-0.17307692307692313
West Bengal,Murshidabad,2016-07-01,24.1745993,88.2721335,7,Monsoon,58.0,0.0,0.5094029031,10.0,301.0133334,51.0,0.0,0.34883720930232553
West Bengal,Murshidabad,2016-08-01,24.1745993,88.2721335,8,Monsoon,562.0,0.0,0.7605017521,6.0,301.05,116.75,0.0,0.3221800116890707
West Bengal,Murshidabad,2016-09-01,24.1745993,88.2721335,9,Monsoon,47.0,0.0,0.7345677473,10.0,302.26,114.33333333333333,0.0,-0.6824324324324325
West Bengal,Murshidabad,2018-07-01,24.1745993,88.2721335,7,Monsoon,241.0,0.0,0.3702091536,10.0,300.0333334,145.33333333333334,0.0,4.127659574468085
West Bengal,Murshidabad,2018-08-01,24.1745993,88.2721335,8,Monsoon,1918.0,0.0,0.9536736194750001,5.5,303.51375,370.75,0.0,0.28707795509023265
West Bengal,Murshidabad,2019-08-01,24.1745993,88.2721335,8,Monsoon,497.0,0.0,0.7416281037,8.0,304.38,391.33333333333337,0.0,2.0130568356374807
West Bengal,Nadia,2009-06-01,23.48454125,88.55676307,6,Monsoon,24.0,0.0,0.1380151688,8.0,303.8866666,24.0,0.0,0.0
West Bengal,Nadia,2010-05-01,23.48454125,88.55676307,5,Summer,115.0,0.0,0.215320033375,9.0,305.84850000000006,48.16666666666667,0.0,0.8399122807017543
West Bengal,Nadia,2010-06-01,23.48454125,88.55676307,6,Monsoon,338.0,0.0,0.6455403109,10.0,300.53499999999997,90.5,0.0,2.4675716440422324
West Bengal,Nadia,2010-08-01,23.48454125,88.55676307,8,Monsoon,2473.1199999999953,0.0,0.3522695191,7.0,300.22,614.9644444444436,0.0,0.6110521486643429
West Bengal,Nadia,2010-09-01,23.48454125,88.55676307,9,Monsoon,361.0,0.0,0.68733040515,9.75,300.11,275.5566666666661,0.0,0.6996788299955965
West Bengal,Nadia,2010-10-01,23.48454125,88.55676307,10,Post-Monsoon,301.0,0.0,0.2277246495,14.0,301.30333340000004,152.0,0.0,1.2977099236641223
West Bengal,Nadia,2011-06-01,23.48454125,88.55676307,6,Monsoon,71.0,0.0,0.1904720442,11.0,303.572,167.66666666666666,0.0,-0.7641196013289037
West Bengal,Nadia,2011-10-01,23.48454125,88.55676307,10,Post-Monsoon,38.0,0.0,0.07887107351,16.0,303.346,83.0,0.0,-0.2626346313173156
West Bengal,Nadia,2012-03-01,23.48454125,88.55676307,3,Summer,41.0,0.0,0.0001090914192,9.0,305.7666666,26.333333333333332,0.0,0.9523809523809523
West Bengal,Nadia,2012-07-01,23.48454125,88.55676307,7,Monsoon,38.0,0.0,0.6467231556,8.0,299.65000000000003,33.333333333333336,0.0,-0.07317073170731703
West Bengal,Nadia,2012-08-01,23.48454125,88.55676307,8,Monsoon,89.0,0.0,0.64511015165,9.5,300.57375,26.916666666666668,0.0,-0.051445814008200585
West Bengal,Nadia,2012-09-01,23.48454125,88.55676307,9,Monsoon,137.0,0.0,0.37146934935,12.75,300.04625,33.0,0.0,0.46317919460990253
West Bengal,Nadia,2012-10-01,23.48454125,88.55676307,10,Post-Monsoon,127.0,0.0,0.374469681671,13.25,303.60566665,32.33333333333333,0.0,0.025641157945305387
West Bengal,Nadia,2013-08-01,23.48454125,88.55676307,8,Monsoon,87.0,0.0,0.8911238649333333,9.666666666666666,301.1666666666667,28.0,0.0,0.7476190476190476
West Bengal,Nadia,2013-10-01,23.48454125,88.55676307,10,Post-Monsoon,51.0,0.0,0.2488551425,9.0,301.28000000000003,34.333333333333336,0.0,0.9615384615384615
West Bengal,Nadia,2014-07-01,23.48454125,88.55676307,7,Monsoon,194.0,0.0,1.0621523906333332,9.0,299.99,57.333333333333336,0.0,0.1322260788373321
West Bengal,Nadia,2015-04-01,23.48454125,88.55676307,4,Summer,59.0,0.0,0.2479846539,9.0,302.016,61.333333333333336,0.0,-0.14492753623188404
West Bengal,Nadia,2015-06-01,23.48454125,88.55676307,6,Monsoon,59.0,0.0,0.9757700111,9.0,300.85,62.333333333333336,0.0,0.0
West Bengal,Nadia,2015-07-01,23.48454125,88.55676307,7,Monsoon,28.0,0.0,1.839021019,10.0,302.39,48.666666666666664,0.0,-0.5254237288135593
West Bengal,Nadia,2015-08-01,23.48454125,88.55676307,8,Monsoon,440.0,0.0,0.665427952525,8.0,300.35125,87.16666666666667,0.0,0.5888820119404201
West Bengal,Nadia,2016-08-01,23.48454125,88.55676307,8,Monsoon,268.0,0.0,1.3481775269666667,9.666666666666666,302.78000000000003,102.77777777777777,0.0,0.2607535026711901
West Bengal,Nadia,2017-08-01,23.48454125,88.55676307,8,Monsoon,978.0,0.0,0.9129071531,9.0,301.19,195.5,0.0,0.6592468689189306
West Bengal,Nadia,2018-07-01,23.48454125,88.55676307,7,Monsoon,419.0,0.0,0.3733149412,11.0,300.355,329.6666666666667,0.0,0.465034965034965
West Bengal,Nadia,2018-08-01,23.48454125,88.55676307,8,Monsoon,465.0,0.0,0.3576269969,9.0,296.90000000000003,390.0,0.0,0.10978520286396187
West Bengal,Nadia,2018-09-01,23.48454125,88.55676307,9,Monsoon,1771.0,0.0,0.5010591874,9.75,300.00625,440.4166666666667,0.0,0.13112459610850732
West Bengal,Nadia,2019-04-01,23.48454125,88.55676307,4,Summer,332.0,0.0,0.215991275,9.0,303.2233334,410.0,0.0,-0.3068893528183716
West Bengal,Nadia,2019-08-01,23.48454125,88.55676307,8,Monsoon,27.0,0.0,0.6856440832,9.0,301.33,279.3333333333333,0.0,-0.9186746987951807
West Bengal,Nayabasti,2018-01-01,26.1090303,88.070742,1,Winter,39.0,0.0,4.34e-05,6.5,297.49,39.0,0.0,0.0
West Bengal,North 24 Parganas,2010-09-01,22.642931,88.8930579,9,Monsoon,1021.5599999999977,0.0,0.7923914175999999,11.0,303.445,545.7866666666653,0.0,-0.23240261327188738
West Bengal,North 24 Parganas,2010-10-01,22.642931,88.8930579,10,Post-Monsoon,279.0,0.0,0.01066506888,17.0,301.445,154.66666666666666,0.0,1.7623762376237622
West Bengal,North 24 Parganas,2011-04-01,22.642931,88.8930579,4,Summer,25.0,1.0,0.1518664035,9.0,303.17,135.0,0.3333333333333333,-0.910394265232975
West Bengal,North 24 Parganas,2011-05-01,22.642931,88.8930579,5,Summer,21.0,0.0,0.536171301,13.0,302.996,108.33333333333333,0.3333333333333333,-0.16000000000000003
West Bengal,North 24 Parganas,2011-07-01,22.642931,88.8930579,7,Monsoon,78.0,0.0,0.5312132695,9.0,299.40000000000003,41.333333333333336,0.3333333333333333,2.7142857142857144
West Bengal,North 24 Parganas,2012-02-01,22.642931,88.8930579,2,Winter,125.0,0.0,0.05165978424,9.0,296.132,55.333333333333336,0.0,0.7756410256410255
West Bengal,North 24 Parganas,2012-10-01,22.642931,88.8930579,10,Post-Monsoon,573.0,2.0,0.69160053185,22.0,300.42333340000005,194.83333333333331,0.3333333333333333,1.2409154535274356
West Bengal,North 24 Parganas,2013-05-01,22.642931,88.8930579,5,Summer,179.0,1.0,0.490482427145,9.5,300.355,164.0,1.0,1.1459753444525016
West Bengal,North 24 Parganas,2013-07-01,22.642931,88.8930579,7,Monsoon,123.0,0.0,0.68060406,10.0,301.495,63.555555555555564,0.1111111111111111,-0.2599206349206349
West Bengal,North 24 Parganas,2013-08-01,22.642931,88.8930579,8,Monsoon,240.0,0.0,0.8083050353333334,10.333333333333334,301.74,73.22222222222223,0.0,0.8624543510039694
West Bengal,North 24 Parganas,2013-09-01,22.642931,88.8930579,9,Monsoon,606.0,2.0,0.47410398887999994,12.6,301.27840000000003,111.4,0.3333333333333333,0.9387518351746593
West Bengal,North 24 Parganas,2013-10-01,22.642931,88.8930579,10,Post-Monsoon,1501.0,1.0,1.225737338,22.0,298.76,421.16666666666663,0.3333333333333333,2.575214899713467
West Bengal,North 24 Parganas,2014-07-01,22.642931,88.8930579,7,Monsoon,1680.0,0.0,0.6738098861714287,8.714285714285714,302.0864285714286,299.0952380952381,0.09523809523809523,0.5711624664643787
West Bengal,North 24 Parganas,2014-08-01,22.642931,88.8930579,8,Monsoon,1531.5599999999977,1.0,0.8215743203,9.0,301.42,370.83999999999975,0.2222222222222222,1.464537309757337
West Bengal,North 24 Parganas,2014-09-01,22.642931,88.8930579,9,Monsoon,225.0,0.0,0.788186879,9.0,301.89,569.5199999999992,0.3333333333333333,-0.7310414076695029
West Bengal,North 24 Parganas,2016-02-01,22.642931,88.8930579,2,Winter,299.0,0.0,0.3064307018,17.0,303.445,453.51999999999924,0.0,0.3288888888888888
West Bengal,North 24 Parganas,2016-03-01,22.642931,88.8930579,3,Summer,2063.5599999999977,1.0,0.11406297643999999,16.4,302.01533331999997,393.84533333333286,0.2,1.1300082470759136
West Bengal,North 24 Parganas,2016-06-01,22.642931,88.8930579,6,Monsoon,598.0,0.0,0.5447739172,13.0,299.152,398.3333333333333,0.0,0.1748526522593321
West Bengal,North 24 Parganas,2016-07-01,22.642931,88.8930579,7,Monsoon,269.0,0.0,0.6789268466,7.666666666666667,298.27111113333336,255.33333333333334,0.0,-0.2553131687946033
West Bengal,North 24 Parganas,2016-08-01,22.642931,88.8930579,8,Monsoon,808.0,3.0,0.8922636225000001,8.0,300.42,199.66666666666666,0.6666666666666666,0.7188529008946004
West Bengal,North 24 Parganas,2017-03-01,22.642931,88.8930579,3,Summer,96.0,0.0,0.4075908985,18.0,300.40500000000003,164.16666666666666,0.5,-0.41459074733096085
West Bengal,North 24 Parganas,2017-07-01,22.642931,88.8930579,7,Monsoon,193.0,0.0,0.675513068,9.0,295.96,96.33333333333333,0.0,3.020833333333333
West Bengal,North 24 Parganas,2017-08-01,22.642931,88.8930579,8,Monsoon,4276.0,0.0,0.7340631387000001,7.285714285714286,297.0014285714286,514.2857142857143,0.0,0.7521638513780902
West Bengal,North 24 Parganas,2017-09-01,22.642931,88.8930579,9,Monsoon,1673.1199999999953,0.0,1.668240644,9.0,301.12,828.6133333333321,0.0,0.0015347721822528415
West Bengal,North 24 Parganas,2018-06-01,22.642931,88.8930579,6,Monsoon,112.0,0.0,0.6208200145,14.0,302.135,595.0399999999985,0.0,-0.8661183895954859
West Bengal,North 24 Parganas,2018-08-01,22.642931,88.8930579,8,Monsoon,506.0,0.0,0.313504992,9.0,300.6233333,303.25999999999965,0.0,0.6294642857142858
West Bengal,North 24 Parganas,2021-01-01,22.642931,88.8930579,1,Winter,62.0,0.0,7.19e-05,6.0,293.5066666,189.33333333333334,0.0,-0.7549407114624506
West Bengal,North 24 Parganas,2021-03-01,22.642931,88.8930579,3,Summer,93.0,0.0,0.09780574633,20.0,301.7566666,136.0,0.0,0.5
West Bengal,North 24 Parganas,2021-09-01,22.642931,88.8930579,9,Monsoon,1767.1199999999953,2.0,0.3785768589,17.0,301.31,337.74222222222147,0.3333333333333333,1.6702508960573477
West Bengal,North 24 Parganas,2022-03-01,22.642931,88.8930579,3,Summer,1274.0,0.0,0.0127255705,9.0,299.72,540.0755555555548,0.3333333333333333,-0.007371701895608022
West Bengal,North 24 Parganas,2022-04-01,22.642931,88.8930579,4,Summer,132.0,0.0,0.1245795666,16.0,302.7066666,349.0,0.0,-0.762589928057554
West Bengal,Paschim Medinipur,2010-05-01,22.3599134,87.41331448,5,Summer,50.0,0.0,0.054106763296666666,7.0,305.155,15.555555555555557,0.0,0.09523809523809527
West Bengal,Paschim Medinipur,2010-07-01,22.3599134,87.41331448,7,Monsoon,5.0,2.0,0.5332420299,10.0,303.85,13.666666666666666,0.6666666666666666,-0.7222222222222222
West Bengal,Paschim Medinipur,2010-08-01,22.3599134,87.41331448,8,Monsoon,14.0,1.0,0.4367004405,11.0,303.68,8.166666666666666,0.8333333333333333,0.19999999999999996
West Bengal,Paschim Medinipur,2011-03-01,22.3599134,87.41331448,3,Summer,80.0,0.0,9.92e-05,14.0,304.296,31.333333333333332,0.3333333333333333,5.0
West Bengal,Paschim Medinipur,2013-06-01,22.3599134,87.41331448,6,Monsoon,729.0,0.0,0.6717876459,14.333333333333334,303.21666666666664,204.22222222222226,0.1111111111111111,0.7065250965250965
West Bengal,Paschim Medinipur,2013-07-01,22.3599134,87.41331448,7,Monsoon,92.0,0.0,0.4794822168,8.0,303.78000000000003,175.0,0.0,0.10843373493975905
West Bengal,Paschim Medinipur,2013-08-01,22.3599134,87.41331448,8,Monsoon,82.0,1.0,0.93984409295,9.0,303.48249999999996,60.0,0.3333333333333333,2.0597826086956523
West Bengal,Paschim Medinipur,2013-09-01,22.3599134,87.41331448,9,Monsoon,44.0,1.0,0.79531451905,11.0,300.45000000000005,36.333333333333336,0.3333333333333333,-0.30449362843729033
West Bengal,Paschim Medinipur,2015-06-01,22.3599134,87.41331448,6,Monsoon,362.0,0.0,0.5903385431466667,7.666666666666667,305.11,101.0,0.2222222222222222,1.670926795339941
West Bengal,Paschim Medinipur,2015-07-01,22.3599134,87.41331448,7,Monsoon,40.0,0.0,1.4982132975,4.5,303.445,50.66666666666667,0.0,-0.39473684210526316
West Bengal,Paschim Medinipur,2015-09-01,22.3599134,87.41331448,9,Monsoon,22.0,0.0,0.2086396692,9.0,301.3,20.666666666666668,0.0,0.10000000000000009
West Bengal,Paschim Medinipur,2015-10-01,22.3599134,87.41331448,10,Post-Monsoon,174.0,0.0,0.04006380641,9.0,302.952,54.166666666666664,0.0,1.4772727272727273
West Bengal,Paschim Medinipur,2016-05-01,22.3599134,87.41331448,5,Summer,148.0,0.0,0.41929966350000003,11.0,302.31666670000004,87.0,0.0,-0.19570745600650996
West Bengal,Paschim Medinipur,2016-07-01,22.3599134,87.41331448,7,Monsoon,1673.1199999999953,4.0,0.3408034743,4.0,303.445,448.77999999999884,1.0,2.5
West Bengal,Paschim Medinipur,2016-12-01,22.3599134,87.41331448,12,Winter,20.0,0.0,0.002038949924,7.0,299.5233334,564.3733333333317,1.3333333333333333,-0.9760925695706225
West Bengal,Paschim Medinipur,2018-05-01,22.3599134,87.41331448,5,Summer,836.5599999999977,0.0,0.3585401131,13.0,303.08,564.3733333333317,0.6666666666666666,5.0
West Bengal,Paschim Medinipur,2018-08-01,22.3599134,87.41331448,8,Monsoon,2170.1199999999953,0.0,0.7441723480999999,6.666666666666667,301.815,632.6444444444431,0.0,0.09243965402179959
West Bengal,Paschim Medinipur,2018-09-01,22.3599134,87.41331448,9,Monsoon,836.5599999999977,0.0,0.6796600413,10.0,301.56,836.5599999999977,0.0,0.0
West Bengal,Paschim Medinipur,2022-04-01,22.3599134,87.41331448,4,Summer,105.0,0.0,0.001576650271,17.0,303.61,592.7066666666651,0.0,-0.874485990245768
West Bengal,Purba Bardhaman,2021-03-01,23.391717,87.90621212,3,Summer,126.0,0.0,0.004923739049,14.0,305.7766666,126.0,0.0,0.0
West Bengal,Purba Bardhaman,2021-05-01,23.391717,87.90621212,5,Summer,29.0,0.0,0.8991830033,5.0,302.24,77.5,0.0,-0.7698412698412699
West Bengal,Purba Medinipur,2009-05-01,22.06217445,87.83672383,5,Summer,836.5599999999977,0.0,0.0312300409,7.0,307.135,836.5599999999977,0.0,0.0
West Bengal,Purba Medinipur,2010-04-01,22.06217445,87.83672383,4,Summer,112.0,0.0,0.01595741024,13.0,305.748,381.2333333333323,0.0,-0.46652959739887145
West Bengal,Purba Medinipur,2012-03-01,22.06217445,87.83672383,3,Summer,20.0,0.0,0.00127212215,16.0,305.5666666,44.0,0.0,-0.6428571428571428
West Bengal,Purba Medinipur,2012-04-01,22.06217445,87.83672383,4,Summer,288.0,0.0,0.07721241987,12.0,307.3866666,121.33333333333333,0.0,5.0
West Bengal,Purba Medinipur,2012-05-01,22.06217445,87.83672383,5,Summer,61.0,0.0,0.3057073361,12.0,305.83,123.0,0.0,-0.7881944444444444
West Bengal,Purba Medinipur,2013-05-01,22.06217445,87.83672383,5,Summer,15.0,1.0,0.2743950832,11.0,306.02,121.33333333333333,0.3333333333333333,-0.7540983606557377
West Bengal,Purba Medinipur,2013-06-01,22.06217445,87.83672383,6,Monsoon,28.0,0.0,1.013651826,13.0,303.9666666,34.666666666666664,0.3333333333333333,0.8666666666666667
West Bengal,Purba Medinipur,2013-07-01,22.06217445,87.83672383,7,Monsoon,133.0,0.0,0.8392125134,9.0,303.445,58.666666666666664,0.3333333333333333,3.75
West Bengal,Purba Medinipur,2015-08-01,22.06217445,87.83672383,8,Monsoon,82.0,0.0,2.00167827655,4.0,302.77750000000003,69.5,0.0,-0.3458646616541353
West Bengal,Purba Medinipur,2015-09-01,22.06217445,87.83672383,9,Monsoon,40.0,0.0,0.6741331972,9.0,302.2,40.666666666666664,0.0,-0.024390243902439046
West Bengal,Purba Medinipur,2016-02-01,22.06217445,87.83672383,2,Winter,27.0,0.0,0.04543780319,9.0,298.51,36.0,0.0,-0.32499999999999996
West Bengal,Purba Medinipur,2017-07-01,22.06217445,87.83672383,7,Monsoon,423.0,0.0,1.5981315700000003,5.0,303.445,110.77777777777777,0.0,1.3978738448784533
West Bengal,Purba Medinipur,2017-08-01,22.06217445,87.83672383,8,Monsoon,169.0,0.0,0.6258037772,5.0,303.445,100.0,0.0,0.16111111111111115
West Bengal,Purba Medinipur,2019-08-01,22.06217445,87.83672383,8,Monsoon,892.0,0.0,0.6876565804,9.0,304.09000000000003,265.5,0.0,1.5997483824586625
West Bengal,Purulia,2009-06-01,23.3291882,86.3672378,6,Monsoon,125.0,0.0,0.105475161,9.0,308.2466666,83.75,0.0,-0.40476190476190477
West Bengal,Purulia,2010-06-01,23.3291882,86.3672378,6,Monsoon,67.0,1.0,0.5502031647,8.0,306.17,64.0,0.3333333333333333,2.35
West Bengal,Purulia,2010-07-01,23.3291882,86.3672378,7,Monsoon,10.0,0.0,0.184327081,8.0,305.72,32.333333333333336,0.3333333333333333,-0.8507462686567164
West Bengal,Purulia,2011-02-01,23.3291882,86.3672378,2,Winter,99.0,0.0,0.0039387503585,7.0,300.805,33.5,0.16666666666666666,2.55
West Bengal,Purulia,2011-05-01,23.3291882,86.3672378,5,Summer,156.0,0.0,0.2634705017666667,7.333333333333333,308.02633333333335,57.444444444444436,0.0,-0.15919701213818857
West Bengal,Purulia,2011-08-01,23.3291882,86.3672378,8,Monsoon,154.0,0.0,1.5332545905000001,6.333333333333333,301.7633333333333,52.88888888888889,0.0,-0.06080528284244976
West Bengal,Purulia,2011-09-01,23.3291882,86.3672378,9,Monsoon,52.0,0.0,1.30074146,14.0,299.46,48.0,0.0,0.8571428571428572
West Bengal,Purulia,2012-07-01,23.3291882,86.3672378,7,Monsoon,24.0,0.0,0.764212161,5.0,298.68,34.666666666666664,0.0,-0.5384615384615384
West Bengal,Purulia,2013-01-01,23.3291882,86.3672378,1,Winter,195.0,0.0,0.0005306157107,5.0,293.28400000000005,90.33333333333333,0.0,5.0
West Bengal,Purulia,2013-05-01,23.3291882,86.3672378,5,Summer,82.0,1.0,0.041657517907,7.5,311.14,92.66666666666666,0.3333333333333333,-0.6628205128205128
West Bengal,Purulia,2013-07-01,23.3291882,86.3672378,7,Monsoon,172.0,2.0,0.9186675707833333,7.833333333333333,300.68,26.277777777777782,0.27777777777777773,0.7018484783190666
West Bengal,Purulia,2013-08-01,23.3291882,86.3672378,8,Monsoon,139.0,2.0,0.50725106502,6.0,301.254,33.66666666666667,0.5333333333333333,-0.1637666044382499
West Bengal,Purulia,2013-09-01,23.3291882,86.3672378,9,Monsoon,74.0,0.0,0.5723350720666667,11.666666666666666,301.94944446666665,20.444444444444446,0.0,0.4009803921568628
West Bengal,Purulia,2013-10-01,23.3291882,86.3672378,10,Post-Monsoon,281.0,0.0,0.6902321815714286,11.428571428571429,300.7761904571429,39.19047619047619,0.0,0.32931213961475414
West Bengal,Purulia,2013-11-01,23.3291882,86.3672378,11,Post-Monsoon,128.0,0.0,0.0015114980026666666,8.666666666666666,299.478,43.55555555555555,0.0,-7.655240213377823e-05
West Bengal,Purulia,2014-03-01,23.3291882,86.3672378,3,Summer,85.0,0.0,0.04697146231,7.0,306.6266666,53.666666666666664,0.0,1.5757575757575757
West Bengal,Purulia,2014-05-01,23.3291882,86.3672378,5,Summer,21.0,0.0,0.08476274688,6.0,312.1966666,46.333333333333336,0.0,-0.7529411764705882
West Bengal,Purulia,2014-08-01,23.3291882,86.3672378,8,Monsoon,67.0,0.0,1.201280507,8.0,303.445,57.666666666666664,0.0,2.1904761904761907
West Bengal,Purulia,2014-09-01,23.3291882,86.3672378,9,Monsoon,108.0,0.0,0.4035063195,15.0,300.0733334,50.0,0.0,0.23557886244453408
West Bengal,Purulia,2015-05-01,23.3291882,86.3672378,5,Summer,42.0,0.0,0.07051245872,8.0,309.99,40.0,0.0,-0.2609340252038547
West Bengal,Purulia,2015-06-01,23.3291882,86.3672378,6,Monsoon,51.0,0.0,0.3922971656,9.0,303.3933334,22.833333333333336,0.0,0.17080745341614906
West Bengal,Purulia,2015-09-01,23.3291882,86.3672378,9,Monsoon,15.0,0.0,0.7917855506,13.0,300.86,22.0,0.0,-0.5
West Bengal,Purulia,2015-11-01,23.3291882,86.3672378,11,Post-Monsoon,31.0,0.0,7.87e-05,5.0,303.04,25.333333333333332,0.0,1.0666666666666669
West Bengal,Purulia,2016-01-01,23.3291882,86.3672378,1,Winter,19.0,0.0,1.74e-06,4.0,298.148,21.666666666666668,0.0,-0.3870967741935484
West Bengal,Purulia,2016-03-01,23.3291882,86.3672378,3,Summer,24.0,0.0,0.006067224981,5.0,310.3066666,24.666666666666668,0.0,0.26315789473684204
West Bengal,Purulia,2016-05-01,23.3291882,86.3672378,5,Summer,170.0,2.0,0.2404158461,7.0,307.4841667,48.333333333333336,0.3333333333333333,1.2079402515723272
West Bengal,Purulia,2016-06-01,23.3291882,86.3672378,6,Monsoon,156.0,0.0,0.39458404766666666,7.666666666666667,308.83433333333335,66.55555555555556,0.4444444444444444,0.25630341880341884
West Bengal,Purulia,2016-07-01,23.3291882,86.3672378,7,Monsoon,344.0,0.0,0.679460657,6.25,303.1225,43.041666666666664,0.0,0.19635051425899955
West Bengal,Purulia,2016-08-01,23.3291882,86.3672378,8,Monsoon,255.0,1.0,1.104072466,13.0,300.6911110666667,82.8888888888889,0.1111111111111111,0.24464428457234222
West Bengal,Purulia,2017-07-01,23.3291882,86.3672378,7,Monsoon,115.0,0.0,1.356479216,1.0,303.445,77.0,0.3333333333333333,0.9827586206896552
West Bengal,Purulia,2018-04-01,23.3291882,86.3672378,4,Summer,83.0,0.0,0.0309011268685,8.0,309.35333330000003,68.66666666666666,0.16666666666666666,-0.3095440084835631
West Bengal,Purulia,2018-07-01,23.3291882,86.3672378,7,Monsoon,724.0,0.0,0.6876034650666666,3.6666666666666665,303.43,104.22222222222223,0.0,2.314484126984127
West Bengal,Purulia,2019-06-01,23.3291882,86.3672378,6,Monsoon,25.0,0.0,0.130734667,9.0,309.42,244.33333333333334,0.0,-0.9615975422427036
West Bengal,Purulia,2019-07-01,23.3291882,86.3672378,7,Monsoon,31.0,0.0,0.7925198686,9.0,303.445,235.66666666666666,0.0,0.24
West Bengal,Purulia,2019-08-01,23.3291882,86.3672378,8,Monsoon,35.0,0.0,0.5817800031,7.0,302.21,30.333333333333332,0.0,0.12903225806451624
West Bengal,Purulia,2019-10-01,23.3291882,86.3672378,10,Post-Monsoon,30.0,0.0,0.4544244418,20.0,301.0,32.0,0.0,-0.1428571428571429
West Bengal,Purulia,2020-02-01,23.3291882,86.3672378,2,Winter,68.0,0.0,0.1675449555,6.0,299.18,44.333333333333336,0.0,1.2666666666666666
West Bengal,Purulia,2021-02-01,23.3291882,86.3672378,2,Winter,25.0,0.0,0.02399720849,4.0,299.0,41.0,0.0,-0.6323529411764706
West Bengal,Purulia,2021-07-01,23.3291882,86.3672378,7,Monsoon,37.0,0.0,0.4780475287,9.0,303.445,43.333333333333336,0.0,0.48
West Bengal,Purulia,2021-08-01,23.3291882,86.3672378,8,Monsoon,22.0,0.0,0.6639760347,8.0,303.445,28.0,0.0,-0.4054054054054054
West Bengal,Purulia,2021-10-01,23.3291882,86.3672378,10,Post-Monsoon,50.0,0.0,1.0944818159799998,20.5,299.8333333,26.5,0.0,0.029220779220779203
West Bengal,Purulia,2021-11-01,23.3291882,86.3672378,11,Post-Monsoon,25.0,0.0,0.0103289685,14.0,300.77,25.0,0.0,0.13636363636363646
West Bengal,Puruliya,2021-03-01,23.19989585,86.3209473,3,Summer,255.0,0.0,0.219921134,6.0,307.012,255.0,0.0,0.0
West Bengal,Rampurhat,2018-10-01,24.1763069,87.7859569,10,Post-Monsoon,102.0,0.0,0.001800650255,17.0,302.42400000000004,102.0,0.0,0.0
West Bengal,Rampurhat,2019-04-01,24.1763069,87.7859569,4,Summer,72.0,0.0,0.1243603352,11.0,307.2633334,87.0,0.0,-0.2941176470588235
West Bengal,South 24 Parganas,2009-05-01,22.5760669,88.42006758,5,Summer,836.5599999999977,5.0,0.4886619113,9.0,302.92,836.5599999999977,5.0,0.0
West Bengal,South 24 Parganas,2009-07-01,22.5760669,88.42006758,7,Monsoon,112.0,0.0,0.4744473145,9.0,302.75,474.27999999999884,2.5,-0.8661183895954859
West Bengal,South 24 Parganas,2009-09-01,22.5760669,88.42006758,9,Monsoon,836.5599999999977,0.0,0.7405739352,14.0,299.768,595.0399999999985,1.6666666666666667,5.0
West Bengal,South 24 Parganas,2010-09-01,22.5760669,88.42006758,9,Monsoon,78.0,0.0,0.5877028879,14.0,299.236,342.1866666666659,0.0,-0.9067610213254277
West Bengal,South 24 Parganas,2011-05-01,22.5760669,88.42006758,5,Summer,21.0,0.0,0.5945047607,12.0,304.392,311.85333333333256,0.0,-0.7307692307692308
West Bengal,South 24 Parganas,2011-12-01,22.5760669,88.42006758,12,Winter,48.0,0.0,0.006126871217,7.0,296.9666666,32.16666666666667,0.0,0.05523809523809525
West Bengal,South 24 Parganas,2013-04-01,22.5760669,88.42006758,4,Summer,70.0,0.0,0.06509398581,9.0,304.7733334,39.333333333333336,0.0,2.0434782608695654
West Bengal,South 24 Parganas,2013-06-01,22.5760669,88.42006758,6,Monsoon,59.0,1.0,0.37388254055000003,15.0,301.41,40.83333333333333,0.3333333333333333,-0.053105590062111796
West Bengal,South 24 Parganas,2014-07-01,22.5760669,88.42006758,7,Monsoon,388.0,0.0,0.70476234346,7.0,296.899,67.06666666666666,0.06666666666666667,0.5935318412094527
West Bengal,South 24 Parganas,2015-05-01,22.5760669,88.42006758,5,Summer,18.0,0.0,0.01330339936,10.0,305.052,67.0,0.0,-0.7428571428571429
West Bengal,South 24 Parganas,2015-07-01,22.5760669,88.42006758,7,Monsoon,19.0,0.0,1.642966621,9.0,303.445,35.666666666666664,0.0,0.05555555555555558
West Bengal,South 24 Parganas,2015-08-01,22.5760669,88.42006758,8,Monsoon,590.0,0.0,0.48131282995,7.0,302.01750000000004,203.5,0.0,2.0130434782608697
West Bengal,South 24 Parganas,2016-02-01,22.5760669,88.42006758,2,Winter,39.0,0.0,0.02198617318,9.0,301.6533334,209.66666666666666,0.0,1.6
West Bengal,South 24 Parganas,2016-03-01,22.5760669,88.42006758,3,Summer,776.0,0.0,0.03823733197,13.0,303.9766666,276.6666666666667,0.0,5.0
West Bengal,South 24 Parganas,2016-05-01,22.5760669,88.42006758,5,Summer,406.0,0.0,0.40349735063000003,10.4,306.03740002000006,91.73333333333333,0.0,0.036430589101658514
West Bengal,South 24 Parganas,2016-06-01,22.5760669,88.42006758,6,Monsoon,143.0,0.0,0.498444110375,10.5,302.98975,27.416666666666668,0.0,0.4693150916331131
West Bengal,South 24 Parganas,2016-08-01,22.5760669,88.42006758,8,Monsoon,79.0,0.0,1.476226079,9.0,300.7266666,59.666666666666664,0.0,0.38596491228070184
West Bengal,South 24 Parganas,2016-09-01,22.5760669,88.42006758,9,Monsoon,284.0,0.0,0.59300570765,16.0,299.2186667,109.33333333333334,0.0,0.398129484802064
West Bengal,South 24 Parganas,2016-10-01,22.5760669,88.42006758,10,Post-Monsoon,83.0,0.0,0.1254093123,16.0,301.764,122.33333333333333,0.0,-0.3464566929133859
West Bengal,South 24 Parganas,2018-09-01,22.5760669,88.42006758,9,Monsoon,728.0,0.0,0.5798968279,9.0,302.67,312.6666666666667,0.0,5.0
West Bengal,South 24 Parganas,2019-09-01,22.5760669,88.42006758,9,Monsoon,59.0,0.0,0.2094489234,19.0,302.6666666,290.0,0.0,-0.9189560439560439
West Bengal,South 24 Parganas,2021-03-01,22.5760669,88.42006758,3,Summer,211.0,0.0,0.007444875335866667,9.333333333333334,304.40333333333336,150.88888888888889,0.0,0.032137744565173154
West Bengal,South 24 Parganas,2021-04-01,22.5760669,88.42006758,4,Summer,321.0,1.0,0.03627290555,10.666666666666666,306.18,81.8888888888889,0.3333333333333333,1.2876262626262627
West Bengal,South 24 Parganas,2021-07-01,22.5760669,88.42006758,7,Monsoon,51.0,0.0,0.518780131,9.0,301.89,84.0,0.0,-0.6506849315068493
West Bengal,South 24 Parganas,2022-02-01,22.5760669,88.42006758,2,Winter,21.0,0.0,0.1333235523,10.0,299.22,72.66666666666667,0.0,-0.5882352941176471
West Bengal,South 24 Parganas,2022-04-01,22.5760669,88.42006758,4,Summer,71.0,0.0,0.001930660318,10.0,304.93333340000004,47.666666666666664,0.0,2.380952380952381
West Bengal,South 24 parganas,2015-06-01,22.5760669,88.42006758,6,Monsoon,18.0,0.0,0.9995718671,4.0,303.445,18.0,0.0,0.0
West Bengal,South 24 parganas,2022-02-01,22.5760669,88.42006758,2,Winter,42.0,0.0,0.1333235523,10.0,299.22,19.75,0.0,0.08333333333333337
West Bengal,South 24 parganas,2022-03-01,22.5760669,88.42006758,3,Summer,35.0,0.0,0.01326398044,13.0,304.952,25.666666666666668,0.0,0.6666666666666667
West Bengal,South Parganas,2014-09-01,22.5760669,88.42006758,9,Monsoon,230.0,0.0,0.1911812722,12.0,301.536,115.0,0.0,0.0
West Bengal,Uttar Dinajpur,2016-02-01,25.8707958,87.96259728,2,Winter,140.0,0.0,0.001412002241,9.0,298.97,140.0,0.0,0.0
West Bengal,Uttar Dinajpur,2016-03-01,25.8707958,87.96259728,3,Summer,836.5599999999977,0.0,0.01384412423,8.0,304.48,488.27999999999884,0.0,4.975428571428555
West Bengal,West Medinipur,2010-04-01,22.2788943,87.92227864,4,Summer,13.0,1.0,0.04071258185,7.0,305.7133334,13.0,1.0,0.0
West Bengal,West Medinipur,2012-07-01,22.2788943,87.92227864,7,Monsoon,65.0,0.0,0.6640967487,16.0,301.90000000000003,39.0,0.5,4.0
West Bengal,West Medinipur,2013-07-01,22.2788943,87.92227864,7,Monsoon,59.0,0.0,2.50305217,6.0,303.445,45.666666666666664,0.3333333333333333,-0.09230769230769231
West Bengal,West Medinipur,2013-10-01,22.2788943,87.92227864,10,Post-Monsoon,264.0,3.0,1.1478248806666667,22.0,301.415,92.44444444444446,0.8888888888888888,0.12181037046151326
West Bengal,West Medinipur,2013-12-01,22.2788943,87.92227864,12,Winter,39.0,0.0,0.002176742252,6.0,296.808,52.666666666666664,0.3333333333333333,0.625
West Bengal,West Medinipur,2014-01-01,22.2788943,87.92227864,1,Winter,145.0,0.0,6.3e-05,6.0,296.165,69.33333333333333,0.0,2.717948717948718
West Bengal,West Medinipur,2014-07-01,22.2788943,87.92227864,7,Monsoon,193.0,0.0,0.4398133653333334,3.6666666666666665,303.445,78.66666666666667,0.0,0.5071945508727117
West Bengal,West Medinipur,2018-06-01,22.2788943,87.92227864,6,Monsoon,43.0,0.0,0.151667724,9.0,304.16,51.666666666666664,0.0,-0.5113636363636364
West Bengal,West Medinipur,2019-09-01,22.2788943,87.92227864,9,Monsoon,47.0,0.0,0.4316577618,5.0,302.62,59.333333333333336,0.0,0.09302325581395343
West Bengal,West Midnapore,2015-06-01,22.05211075,88.07124658,6,Monsoon,70.0,0.0,0.03668623146,10.0,305.115,70.0,0.0,0.0
West Bengal,West Midnapore,2015-08-01,22.05211075,88.07124658,8,Monsoon,26.0,0.0,0.2878018505,9.0,295.88,48.0,0.0,-0.6285714285714286
