state_ut,district,year_month,Latitude,Longitude,Cases,Deaths,preci,LAI,Temp,Cases_MA_3,Deaths_MA_3,Case_Growth_Rate,Month,Season
Andaman and Nicobar Islands,Andaman,2019-06,13.51111965,92.91738842,8.0,0.0,0.77260494,33.0,301.72,8.0,0.0,0.0,6,Monsoon
Andaman and Nicobar Islands,Andaman,2019-10,13.51111965,92.91738842,30.0,0.0,0.1498575146,42.0,298.9066666,19.0,0.0,2.75,10,Post-Monsoon
Andaman and Nicobar Islands,North and Middle Andaman,2013-12,12.61123865,92.83165406,86.0,0.0,0.1881493739,53.0,298.2,86.0,0.0,0.0,12,Winter
Andhra Pradesh,Anantapur,2010-06,14.6546235,77.55625984,68.0,0.0,0.2540483378,0.0,311.175,68.0,0.0,0.0,6,Monsoon
Andhra Pradesh,Anantapur,2011-06,14.6546235,77.55625984,232382.0,0.0,0.027714734020000003,0.0,307.82,116225.0,0.0,3416.3823529411766,6,Monsoon
Andhra Pradesh,Anantapur,2011-09,14.6546235,77.55625984,25.0,0.0,0.2521427967,7.0,0.0,77491.66666666667,0.0,-0.9998924185177853,9,Monsoon
Andhra Pradesh,Anantapur,2012-05,14.6546235,77.55625984,25.0,0.0,0.08289797767,3.0,312.8,77477.33333333333,0.0,0.0,5,Summer
Andhra Pradesh,Anantapur,2012-12,14.6546235,77.55625984,23.0,0.0,9.79e-05,6.0,306.06,24.333333333333332,0.0,-0.07999999999999996,12,Winter
Andhra Pradesh,Anantapur,2013-06,14.6546235,77.55625984,59.0,0.0,0.1960967701,2.0,0.0,35.666666666666664,0.0,1.5652173913043477,6,Monsoon
Andhra Pradesh,Anantapur,2013-08,14.6546235,77.55625984,34.0,2.0,0.03424359017,0.0,308.62,38.666666666666664,0.6666666666666666,-0.423728813559322,8,Monsoon
Andhra Pradesh,Anantapur,2014-06,14.6546235,77.55625984,12.0,0.0,0.00685651061,3.0,307.90500000000003,35.0,0.6666666666666666,-0.6470588235294117,6,Monsoon
Andhra Pradesh,Anantapur,2015-06,14.6546235,77.55625984,71.0,0.0,0.1592405045,5.0,313.15000000000003,39.0,0.6666666666666666,4.916666666666667,6,Monsoon
Andhra Pradesh,Anantapur,2016-06,14.6546235,77.55625984,11.0,0.0,0.09720540554,4.0,312.5,31.333333333333332,0.0,-0.8450704225352113,6,Monsoon
Andhra Pradesh,Anantapur,2021-03,14.6546235,77.55625984,3030.0,0.0,3.87e-05,0.0,313.216,1037.3333333333333,0.0,274.45454545454544,3,Summer
Andhra Pradesh,Chittoor,2010-04,13.1601048,79.15555062,1430.0,0.0,0.029148697520500002,7.0,310.362,1430.0,0.0,0.0,4,Summer
Andhra Pradesh,Chittoor,2010-05,13.1601048,79.15555062,3744.0,0.0,0.01809973349,5.5,310.2905,2587.0,0.0,1.6181818181818182,5,Summer
Andhra Pradesh,Chittoor,2010-06,13.1601048,79.15555062,187.0,3.0,0.41110525789999997,5.5,152.42000000000002,1787.0,1.0,-0.9500534188034188,6,Monsoon
Andhra Pradesh,Chittoor,2010-07,13.1601048,79.15555062,9.0,0.0,0.0265531894,0.0,301.38,1313.3333333333333,1.0,-0.9518716577540107,7,Monsoon
Andhra Pradesh,Chittoor,2010-11,13.1601048,79.15555062,1212.0,0.0,0.6433415455,13.0,299.14250000000004,469.3333333333333,1.0,133.66666666666666,11,Post-Monsoon
Andhra Pradesh,Chittoor,2011-06,13.1601048,79.15555062,51.0,0.0,0.02659007207,0.0,307.488,424.0,0.0,-0.9579207920792079,6,Monsoon
Andhra Pradesh,Chittoor,2011-11,13.1601048,79.15555062,4543.0,0.0,0.382623757075,8.5,149.95000000000002,1935.3333333333333,0.0,88.07843137254902,11,Post-Monsoon
Andhra Pradesh,Chittoor,2012-06,13.1601048,79.15555062,2124.0,1.0,0.104824311325,5.5,310.1613333,2239.3333333333335,0.3333333333333333,-0.5324675324675325,6,Monsoon
Andhra Pradesh,Chittoor,2012-09,13.1601048,79.15555062,70.0,1.0,0.1577177859,10.0,304.78000000000003,2245.6666666666665,0.6666666666666666,-0.9670433145009416,9,Monsoon
Andhra Pradesh,Chittoor,2013-01,13.1601048,79.15555062,29.0,0.0,0.0006336637921,9.0,303.3566666,741.0,0.6666666666666666,-0.5857142857142856,1,Winter
Andhra Pradesh,Chittoor,2013-02,13.1601048,79.15555062,82.0,0.0,0.005553353091,8.0,304.9666666,60.333333333333336,0.3333333333333333,1.8275862068965516,2,Winter
Andhra Pradesh,Chittoor,2013-03,13.1601048,79.15555062,1221.0,0.0,0.00054861344955,5.0,308.07,444.0,0.0,13.890243902439025,3,Summer
Andhra Pradesh,Chittoor,2013-04,13.1601048,79.15555062,16.0,0.0,0.007145038897,8.0,313.072,439.6666666666667,0.0,-0.9868959868959869,4,Summer
Andhra Pradesh,Chittoor,2013-05,13.1601048,79.15555062,44.0,0.0,0.002548878307,7.0,311.956,427.0,0.0,1.75,5,Summer
Andhra Pradesh,Chittoor,2013-11,13.1601048,79.15555062,15.0,0.0,0.294202793,15.0,300.62,25.0,0.0,-0.6590909090909092,11,Post-Monsoon
Andhra Pradesh,Chittoor,2014-06,13.1601048,79.15555062,19.0,0.0,0.1034736358,13.0,309.17,26.0,0.0,0.2666666666666666,6,Monsoon
Andhra Pradesh,Chittoor,2014-07,13.1601048,79.15555062,14.0,0.0,0.03713151105,8.0,304.98,16.0,0.0,-0.26315789473684215,7,Monsoon
Andhra Pradesh,Chittoor,2014-11,13.1601048,79.15555062,22.0,2.0,0.001506591047,14.0,297.495,18.333333333333332,0.6666666666666666,0.5714285714285714,11,Post-Monsoon
Andhra Pradesh,Chittoor,2015-03,13.1601048,79.15555062,82.0,0.0,0.001338915891,0.0,313.108,39.333333333333336,0.6666666666666666,2.727272727272727,3,Summer
Andhra Pradesh,Chittoor,2015-04,13.1601048,79.15555062,18.0,0.0,0.008543948554,7.0,310.95,40.666666666666664,0.6666666666666666,-0.7804878048780488,4,Summer
Andhra Pradesh,Chittoor,2015-05,13.1601048,79.15555062,231616.0,0.0,0.07903718634333334,10.666666666666666,309.30333333333334,77238.66666666667,0.0,12866.555555555555,5,Summer
Andhra Pradesh,Chittoor,2015-06,13.1601048,79.15555062,55.0,1.0,0.48945949,14.0,306.42,77229.66666666667,0.3333333333333333,-0.999762537993921,6,Monsoon
Andhra Pradesh,Chittoor,2016-01,13.1601048,79.15555062,52.0,0.0,0.05755587459,11.0,302.264,77241.0,0.3333333333333333,-0.054545454545454564,1,Winter
Andhra Pradesh,Chittoor,2016-06,13.1601048,79.15555062,75.0,1.0,0.4517175858,13.0,302.2,60.666666666666664,0.6666666666666666,0.4423076923076923,6,Monsoon
Andhra Pradesh,Chittoor,2016-07,13.1601048,79.15555062,11.0,0.0,0.8138324845,15.0,304.45,46.0,0.3333333333333333,-0.8533333333333333,7,Monsoon
Andhra Pradesh,Chittoor,2016-08,13.1601048,79.15555062,32.0,0.0,0.001476693637,17.0,299.2466666,39.333333333333336,0.3333333333333333,1.9090909090909092,8,Monsoon
Andhra Pradesh,Chittoor,2016-09,13.1601048,79.15555062,12.0,0.0,0.2775444993,0.0,302.16,18.333333333333332,0.0,-0.625,9,Monsoon
Andhra Pradesh,Chittoor,2017-03,13.1601048,79.15555062,63.0,0.0,0.0002700199809,8.0,306.12,35.666666666666664,0.0,4.25,3,Summer
Andhra Pradesh,Chittoor,2018-02,13.1601048,79.15555062,42.0,0.0,0.09335975988,11.0,304.23,39.0,0.0,-0.33333333333333337,2,Winter
Andhra Pradesh,Chittoor,2019-06,13.1601048,79.15555062,35.0,0.0,0.01858787331,8.0,310.12,46.666666666666664,0.0,-0.16666666666666663,6,Monsoon
Andhra Pradesh,Chittor,2011-08,13.2178147,79.0929361,29.0,0.0,0.06253562373,9.0,296.94,29.0,0.0,0.0,8,Monsoon
Andhra Pradesh,Cuddapah,2012-05,14.4956602,78.8349278,29.0,0.0,0.1016562317,0.0,314.0666666,29.0,0.0,0.0,5,Summer
Andhra Pradesh,Cuddapah,2016-06,14.4956602,78.8349278,14.0,0.0,0.296688057,6.0,309.54,21.5,0.0,-0.5172413793103448,6,Monsoon
Andhra Pradesh,Cuddapah,2016-07,14.4956602,78.8349278,42.0,0.0,0.1040768561,9.0,301.12,28.333333333333332,0.0,2.0,7,Monsoon
Andhra Pradesh,Cuddapah,2017-07,14.4956602,78.8349278,51.0,0.0,0.08707381249,6.0,308.0466666,35.666666666666664,0.0,0.2142857142857142,7,Monsoon
Andhra Pradesh,Cuddapah,2018-03,14.4956602,78.8349278,25.0,0.0,0.004435096183,8.0,310.12333340000004,39.333333333333336,0.0,-0.5098039215686274,3,Summer
Andhra Pradesh,East Godavari,2010-01,16.99842865,81.71561488,25.0,0.0,0.008943070151,13.0,300.535,25.0,0.0,0.0,1,Winter
Andhra Pradesh,East Godavari,2011-10,16.99842865,81.71561488,55.0,0.0,0.01923500463,18.0,304.14,40.0,0.0,1.2000000000000002,10,Post-Monsoon
Andhra Pradesh,East Godavari,2012-07,16.99842865,81.71561488,41.0,0.0,0.8395909477,13.0,305.8,40.333333333333336,0.0,-0.2545454545454545,7,Monsoon
Andhra Pradesh,East Godavari,2012-11,16.99842865,81.71561488,224.0,0.0,1.285813591,19.0,299.28000000000003,106.66666666666667,0.0,4.463414634146342,11,Post-Monsoon
Andhra Pradesh,East Godavari,2013-04,16.99842865,81.71561488,30.0,0.0,0.0006611923121,10.0,307.216,98.33333333333333,0.0,-0.8660714285714286,4,Summer
Andhra Pradesh,East Godavari,2014-07,16.99842865,81.71561488,110.0,0.0,1.741450456,7.0,300.55,121.33333333333333,0.0,2.6666666666666665,7,Monsoon
Andhra Pradesh,East Godavari,2015-07,16.99842865,81.71561488,29.0,0.0,0.1025574804,16.0,302.88,56.333333333333336,0.0,-0.7363636363636363,7,Monsoon
Andhra Pradesh,East Godavari,2015-10,16.99842865,81.71561488,182.0,0.0,0.7861790594,0.0,301.65500000000003,107.0,0.0,5.275862068965517,10,Post-Monsoon
Andhra Pradesh,East Godavari,2016-03,16.99842865,81.71561488,10.0,0.0,0.03940526049,12.0,301.7333334,73.66666666666667,0.0,-0.945054945054945,3,Summer
Andhra Pradesh,East Godavari,2016-08,16.99842865,81.71561488,14.0,0.0,1.40035154,0.0,0.0,68.66666666666667,0.0,0.3999999999999999,8,Monsoon
Andhra Pradesh,East Godavari,2017-01,16.99842865,81.71561488,15.0,0.0,0.0002294354551,25.0,300.392,13.0,0.0,0.0714285714285714,1,Winter
Andhra Pradesh,East Godavari,2017-09,16.99842865,81.71561488,24.0,0.0,0.3244615379,20.0,300.93,17.666666666666668,0.0,0.6000000000000001,9,Monsoon
Andhra Pradesh,East Godavari,2017-10,16.99842865,81.71561488,67.0,0.0,0.5780676133,17.0,298.09000000000003,35.333333333333336,0.0,1.7916666666666665,10,Post-Monsoon
Andhra Pradesh,East Godavari,2018-02,16.99842865,81.71561488,9.0,0.0,3.28e-05,16.0,302.7833334,33.333333333333336,0.0,-0.8656716417910448,2,Winter
Andhra Pradesh,Godavari,2011-03,16.99842865,81.71561488,19.0,0.0,0.001156009842,13.0,305.74,19.0,0.0,0.0,3,Summer
Andhra Pradesh,Guntur,2010-05,16.2915189,80.4541588,45.0,0.0,0.008228921511,0.0,310.272,45.0,0.0,0.0,5,Summer
Andhra Pradesh,Guntur,2018-01,16.2915189,80.4541588,7.0,2.0,0.004933707398,9.0,304.376,26.0,1.0,-0.8444444444444444,1,Winter
Andhra Pradesh,Guntur,2018-03,16.2915189,80.4541588,168198721.0,4.0,0.0032135801930000003,5.666666666666667,311.836,56066257.666666664,2.0,24028387.714285713,3,Summer
Andhra Pradesh,Guntur,2018-04,16.2915189,80.4541588,19.0,0.0,0.01110698313,7.0,311.4833334,56066249.0,2.0,-0.99999988703838,4,Summer
Andhra Pradesh,Guntur,2018-06,16.2915189,80.4541588,3553.0,0.0,0.07889784523000001,2.5,309.9166667,56067431.0,1.3333333333333333,186.0,6,Monsoon
Andhra Pradesh,Guntur,2019-05,16.2915189,80.4541588,23.0,2.0,0.006561507979,5.0,315.024,1198.3333333333333,0.6666666666666666,-0.9935265972417675,5,Summer
Andhra Pradesh,Guntur,2019-09,16.2915189,80.4541588,38.0,0.0,1.075276598,9.0,303.1266666,1204.6666666666667,0.6666666666666666,0.6521739130434783,9,Monsoon
Andhra Pradesh,Kadapa,2009-06,14.4752936,78.8216861,39.0,0.0,0.05305104678,8.0,310.14,39.0,0.0,0.0,6,Monsoon
Andhra Pradesh,Kadapa,2009-07,14.4752936,78.8216861,1850.0,0.0,0.1727718164,0.0,309.48,944.5,0.0,46.43589743589744,7,Monsoon
Andhra Pradesh,Kadapa,2009-12,14.4752936,78.8216861,65.0,0.0,0.007220750371,9.0,302.14,651.3333333333334,0.0,-0.9648648648648649,12,Winter
Andhra Pradesh,Kadapa,2010-05,14.4752936,78.8216861,171842.0,0.0,0.015683737776666668,5.333333333333333,314.9817778,57919.0,0.0,2642.723076923077,5,Summer
Andhra Pradesh,Kadapa,2010-06,14.4752936,78.8216861,391153820.0,0.0,0.5494302793575,3.25,232.53333335000002,130441909.0,0.0,2275.241081924093,6,Monsoon
Andhra Pradesh,Kadapa,2010-07,14.4752936,78.8216861,1417713753.0,0.0,0.27308281993399997,7.6,185.04000000000002,603013138.3333334,0.0,2.6244405154984807,7,Monsoon
Andhra Pradesh,Kadapa,2011-05,14.4752936,78.8216861,32.0,0.0,0.03010703838,8.0,312.096,602955868.3333334,0.0,-0.9999999774284478,5,Summer
Andhra Pradesh,Kadapa,2011-06,14.4752936,78.8216861,42.0,0.0,0.2414661965,7.0,310.4533334,472571275.6666667,0.0,0.3125,6,Monsoon
Andhra Pradesh,Kadapa,2011-07,14.4752936,78.8216861,1010.0,0.0,0.1299988478,5.0,308.85,361.3333333333333,0.0,23.047619047619047,7,Monsoon
Andhra Pradesh,Kadapa,2011-10,14.4752936,78.8216861,1333.0,0.0,0.0062061692815,8.0,306.505,795.0,0.0,0.31980198019801986,10,Post-Monsoon
Andhra Pradesh,Kadapa,2012-05,14.4752936,78.8216861,42.0,1.0,0.1016562317,0.0,314.0666666,795.0,0.3333333333333333,-0.9684921230307577,5,Summer
Andhra Pradesh,Kadapa,2012-12,14.4752936,78.8216861,3125.0,0.0,0.43309792785,7.0,303.5416667,1500.0,0.3333333333333333,73.4047619047619,12,Winter
Andhra Pradesh,Kadapa,2013-06,14.4752936,78.8216861,48.0,2.0,0.08256184296,6.0,309.6,1071.6666666666667,1.0,-0.98464,6,Monsoon
Andhra Pradesh,Kadapa,2014-05,14.4752936,78.8216861,15.0,0.0,0.0001169490468,0.0,316.036,1062.6666666666667,0.6666666666666666,-0.6875,5,Summer
Andhra Pradesh,Kadapa,2015-03,14.4752936,78.8216861,42.0,0.0,0.04333554596,6.0,311.19,35.0,0.6666666666666666,1.7999999999999998,3,Summer
Andhra Pradesh,Kadapa,2015-07,14.4752936,78.8216861,101.0,0.0,0.009533108693,7.0,307.27,52.666666666666664,0.0,1.4047619047619047,7,Monsoon
Andhra Pradesh,Kadapa,2015-08,14.4752936,78.8216861,3523.0,0.0,0.21687108065,4.0,308.87,1222.0,0.0,33.881188118811885,8,Monsoon
Andhra Pradesh,Kadapa,2016-06,14.4752936,78.8216861,14.0,0.0,0.296688057,6.0,309.54,1212.6666666666667,0.0,-0.9960261141072949,6,Monsoon
Andhra Pradesh,Kadapa,2016-07,14.4752936,78.8216861,42.0,0.0,0.1040768561,9.0,301.12,1193.0,0.0,2.0,7,Monsoon
Andhra Pradesh,Kadapa,2017-03,14.4752936,78.8216861,32.0,0.0,0.01313335307,7.0,312.212,29.333333333333332,0.0,-0.23809523809523814,3,Summer
Andhra Pradesh,Kadapa,2017-04,14.4752936,78.8216861,48.0,0.0,0.001862683483,0.0,313.704,40.666666666666664,0.0,0.5,4,Summer
Andhra Pradesh,Kadapa,2017-05,14.4752936,78.8216861,62.0,0.0,0.03940527194,6.0,315.5733334,47.333333333333336,0.0,0.29166666666666674,5,Summer
Andhra Pradesh,Kadapa,2017-07,14.4752936,78.8216861,7.0,0.0,0.1471605754,7.0,310.02,39.0,0.0,-0.8870967741935484,7,Monsoon
Andhra Pradesh,Kadapa,2019-06,14.4752936,78.8216861,282.0,0.0,0.2276109761,3.0,313.94,117.0,0.0,39.285714285714285,6,Monsoon
Andhra Pradesh,Kadapa,2019-07,14.4752936,78.8216861,6.0,0.0,0.2835273569,3.0,313.94,98.33333333333333,0.0,-0.9787234042553191,7,Monsoon
Andhra Pradesh,Krishna,2010-04,16.21399145,81.02572814,19.0,0.0,0.000686087432,11.0,305.53200000000004,19.0,0.0,0.0,4,Summer
Andhra Pradesh,Krishna,2011-02,16.21399145,81.02572814,132.0,0.0,0.2278476707,15.0,300.628,75.5,0.0,5.947368421052632,2,Winter
Andhra Pradesh,Krishna,2011-04,16.21399145,81.02572814,106.0,3.0,0.5415081107,7.0,307.94,85.66666666666667,1.0,-0.19696969696969702,4,Summer
Andhra Pradesh,Krishna,2011-08,16.21399145,81.02572814,45.0,0.0,0.5729812104,9.0,300.82,94.33333333333333,1.0,-0.5754716981132075,8,Monsoon
Andhra Pradesh,Krishna,2011-09,16.21399145,81.02572814,30.0,0.0,0.02856716243,14.0,304.56,60.333333333333336,1.0,-0.33333333333333337,9,Monsoon
Andhra Pradesh,Krishna,2011-12,16.21399145,81.02572814,48.0,0.0,0.03798657977,9.0,302.336,41.0,0.0,0.6000000000000001,12,Winter
Andhra Pradesh,Krishna,2013-04,16.21399145,81.02572814,102.0,0.0,0.009029195966,7.0,310.368,60.0,0.0,1.125,4,Summer
Andhra Pradesh,Krishna,2014-03,16.21399145,81.02572814,31.0,0.0,7.47e-05,15.0,306.15000000000003,60.333333333333336,0.0,-0.696078431372549,3,Summer
Andhra Pradesh,Krishna,2014-12,16.21399145,81.02572814,25.0,0.0,0.0003007048705,14.0,300.37,52.666666666666664,0.0,-0.19354838709677424,12,Winter
Andhra Pradesh,Krishna,2015-07,16.21399145,81.02572814,140.0,0.0,0.09276153657,5.0,305.325,65.33333333333333,0.0,4.6,7,Monsoon
Andhra Pradesh,Krishna,2015-11,16.21399145,81.02572814,25.0,0.0,0.08084867334,0.0,301.012,63.333333333333336,0.0,-0.8214285714285714,11,Post-Monsoon
Andhra Pradesh,Krishna,2018-04,16.21399145,81.02572814,28.0,0.0,0.01054846624,0.0,305.64,64.33333333333333,0.0,0.1200000000000001,4,Summer
Andhra Pradesh,Krishna,2018-05,16.21399145,81.02572814,35.0,0.0,0.007031868493,4.0,305.4966666,29.333333333333332,0.0,0.25,5,Summer
Andhra Pradesh,Krishna,2022-04,16.21399145,81.02572814,30.0,0.0,0.001602218663,7.0,308.756,31.0,0.0,-0.1428571428571429,4,Summer
Andhra Pradesh,Kurnool,2010-06,15.8309251,78.0425373,22.0,0.0,0.04048025423,0.0,314.225,22.0,0.0,0.0,6,Monsoon
Andhra Pradesh,Kurnool,2011-04,15.8309251,78.0425373,71.0,0.0,0.0430614165,7.0,312.96,46.5,0.0,2.227272727272727,4,Summer
Andhra Pradesh,Kurnool,2011-05,15.8309251,78.0425373,55128.0,0.0,0.08862595967,6.0,314.135,18407.0,0.0,775.4507042253521,5,Summer
Andhra Pradesh,Kurnool,2011-06,15.8309251,78.0425373,2225252828.0,0.0,0.074249696364,3.2,309.008,741769342.3333334,0.0,40364.20149470324,6,Monsoon
Andhra Pradesh,Kurnool,2011-07,15.8309251,78.0425373,1212140.0,0.0,0.8024906864666667,4.666666666666667,304.18666666666667,742173365.3333334,0.0,-0.999455279874382,7,Monsoon
Andhra Pradesh,Kurnool,2012-08,15.8309251,78.0425373,28.0,0.0,0.4921974488,6.0,299.64,742154998.6666666,0.0,-0.9999769003580444,8,Monsoon
Andhra Pradesh,Kurnool,2012-09,15.8309251,78.0425373,18.0,0.0,0.008389028539,15.0,307.41,404062.0,0.0,-0.3571428571428571,9,Monsoon
Andhra Pradesh,Kurnool,2012-10,15.8309251,78.0425373,22.0,2.0,0.1665819417,16.0,301.935,22.666666666666668,0.6666666666666666,0.22222222222222232,10,Post-Monsoon
Andhra Pradesh,Kurnool,2013-07,15.8309251,78.0425373,5099.0,1.0,0.63268416055,2.0,0.0,1713.0,1.0,230.77272727272728,7,Monsoon
Andhra Pradesh,Kurnool,2013-11,15.8309251,78.0425373,2419.0,3.0,0.0549546173951,12.5,302.8473333,2513.3333333333335,2.0,-0.5255932535791332,11,Post-Monsoon
Andhra Pradesh,Kurnool,2015-02,15.8309251,78.0425373,22.0,0.0,0.0001869740084,0.0,311.44,2513.3333333333335,1.3333333333333333,-0.9909053327821414,2,Winter
Andhra Pradesh,Kurnool,2015-05,15.8309251,78.0425373,34.0,0.0,0.0271350511,6.0,310.176,825.0,1.0,0.5454545454545454,5,Summer
Andhra Pradesh,Kurnool,2016-02,15.8309251,78.0425373,11.0,0.0,8.36e-05,0.0,311.1766666,22.333333333333332,0.0,-0.6764705882352942,2,Winter
Andhra Pradesh,Kurnool,2016-06,15.8309251,78.0425373,34.0,0.0,0.61201615,5.0,0.0,26.333333333333332,0.0,2.090909090909091,6,Monsoon
Andhra Pradesh,Kurnool,2017-05,15.8309251,78.0425373,2843.0,0.0,0.023689140091,2.0,317.84000000000003,962.6666666666666,0.0,82.61764705882354,5,Summer
Andhra Pradesh,Kurnool,2018-02,15.8309251,78.0425373,27.0,0.0,7.8e-05,6.0,309.112,968.0,0.0,-0.9905029897995076,2,Winter
Andhra Pradesh,Kurnool,2019-04,15.8309251,78.0425373,42.0,0.0,0.02615758416,0.0,317.156,970.6666666666666,0.0,0.5555555555555556,4,Summer
Andhra Pradesh,Kurnool,2019-09,15.8309251,78.0425373,26.0,0.0,0.2637816643,0.0,301.37333340000004,31.666666666666668,0.0,-0.38095238095238093,9,Monsoon
Andhra Pradesh,Kurnool,2019-10,15.8309251,78.0425373,65.0,0.0,0.1314620815,16.0,302.46,44.333333333333336,0.0,1.5,10,Post-Monsoon
Andhra Pradesh,Kurnool,2019-12,15.8309251,78.0425373,60.0,0.0,0.009241834235,12.0,301.62,50.333333333333336,0.0,-0.07692307692307687,12,Winter
Andhra Pradesh,Kurnool,2021-02,15.8309251,78.0425373,24.0,1.0,0.007255567001,8.0,306.6,49.666666666666664,0.3333333333333333,-0.6,2,Winter
Andhra Pradesh,Kurnool,2021-07,15.8309251,78.0425373,41.0,3.0,1.222079249,6.0,300.2,41.666666666666664,1.3333333333333333,0.7083333333333333,7,Monsoon
Andhra Pradesh,Nandyal,2022-05,15.52481495,78.41517104,2110.0,1.0,0.24558094854020002,8.0,305.358,2110.0,1.0,0.0,5,Summer
Andhra Pradesh,Nellore,2009-06,13.4923257,79.202539,43.0,0.0,0.1331302201,10.0,309.73,43.0,0.0,0.0,6,Monsoon
Andhra Pradesh,Nellore,2010-09,13.4923257,79.202539,27.0,1.0,0.09589897066,16.0,303.94,35.0,0.5,-0.37209302325581395,9,Monsoon
Andhra Pradesh,Nellore,2010-11,13.4923257,79.202539,38.0,0.0,0.6782579387,15.0,299.22,36.0,0.3333333333333333,0.40740740740740744,11,Post-Monsoon
Andhra Pradesh,Nellore,2011-06,13.4923257,79.202539,81.0,1.0,0.09398346726,9.0,0.0,48.666666666666664,0.6666666666666666,1.1315789473684212,6,Monsoon
Andhra Pradesh,Nellore,2011-07,13.4923257,79.202539,1531.0,1.0,0.191673801645,8.0,309.0633333,550.0,0.6666666666666666,17.901234567901234,7,Monsoon
Andhra Pradesh,Nellore,2012-01,13.4923257,79.202539,10.0,0.0,0.1145493093,13.0,300.96500000000003,540.6666666666666,0.6666666666666666,-0.9934683213585892,1,Winter
Andhra Pradesh,Nellore,2013-08,13.4923257,79.202539,27.0,0.0,0.1091315018,9.0,306.68,522.6666666666666,0.3333333333333333,1.7000000000000002,8,Monsoon
Andhra Pradesh,Nellore,2014-01,13.4923257,79.202539,32.0,0.0,0.005329409554,11.0,303.54,23.0,0.0,0.18518518518518512,1,Winter
Andhra Pradesh,Nellore,2015-05,13.4923257,79.202539,32.0,0.0,0.02226700101,5.0,309.90000000000003,30.333333333333332,0.0,0.0,5,Summer
Andhra Pradesh,Nellore,2015-08,13.4923257,79.202539,1113.0,0.0,0.21630574725,5.0,308.9766667,392.3333333333333,0.0,33.78125,8,Monsoon
Andhra Pradesh,Nellore,2015-10,13.4923257,79.202539,48.0,0.0,0.5927571458,0.0,304.05,397.6666666666667,0.0,-0.9568733153638814,10,Post-Monsoon
Andhra Pradesh,Nellore,2015-12,13.4923257,79.202539,1414.0,0.0,0.9864755403,13.0,299.46,858.3333333333334,0.0,28.458333333333332,12,Winter
Andhra Pradesh,Nellore,2016-05,13.4923257,79.202539,16.0,0.0,0.002134173655,10.0,307.7366666,492.6666666666667,0.0,-0.9886845827439887,5,Summer
Andhra Pradesh,Prakasam,2009-06,15.6589741,79.47164373,3912.0,1.0,0.09723388067,2.5,314.0066667,3912.0,1.0,0.0,6,Monsoon
Andhra Pradesh,Prakasam,2010-02,15.6589741,79.47164373,1131.0,0.0,0.0046923213825,4.0,308.216,2521.5,0.5,-0.7108895705521472,2,Winter
Andhra Pradesh,Prakasam,2010-04,15.6589741,79.47164373,26.0,0.0,0.01063122106,6.0,315.796,1689.6666666666667,0.3333333333333333,-0.9770114942528736,4,Summer
Andhra Pradesh,Prakasam,2010-05,15.6589741,79.47164373,13.0,0.0,0.01731948379,0.0,312.48,390.0,0.0,-0.5,5,Summer
Andhra Pradesh,Prakasam,2010-06,15.6589741,79.47164373,37.0,0.0,0.1133148257,9.0,310.56,25.333333333333332,0.0,1.8461538461538463,6,Monsoon
Andhra Pradesh,Prakasam,2010-07,15.6589741,79.47164373,444430.0,1.0,0.26400308792666666,9.666666666666666,202.59111106666668,148160.0,0.3333333333333333,12010.621621621622,7,Monsoon
Andhra Pradesh,Prakasam,2010-10,15.6589741,79.47164373,22.0,0.0,0.288185725,7.0,301.48,148163.0,0.3333333333333333,-0.9999504983911978,10,Post-Monsoon
Andhra Pradesh,Prakasam,2011-06,15.6589741,79.47164373,282828.0,0.0,0.003870045437,6.0,312.76,242426.66666666666,0.3333333333333333,12854.818181818182,6,Monsoon
Andhra Pradesh,Prakasam,2011-11,15.6589741,79.47164373,20.0,0.0,8.42e-05,11.0,306.996,94290.0,0.0,-0.9999292856435713,11,Post-Monsoon
Andhra Pradesh,Prakasam,2012-04,15.6589741,79.47164373,6035.0,0.0,0.0080503828275,5.0,315.8333334,96294.33333333333,0.0,300.75,4,Summer
Andhra Pradesh,Prakasam,2013-03,15.6589741,79.47164373,27.0,0.0,0.01582499826,7.0,311.6,2027.3333333333333,0.0,-0.9955260977630489,3,Summer
Andhra Pradesh,Prakasam,2013-05,15.6589741,79.47164373,22.0,0.0,0.04070217453,0.0,317.0933334,2028.0,0.0,-0.18518518518518523,5,Summer
Andhra Pradesh,Prakasam,2014-01,15.6589741,79.47164373,50.0,0.0,0.05612538856,7.0,300.536,33.0,0.0,1.272727272727273,1,Winter
Andhra Pradesh,Prakasam,2015-02,15.6589741,79.47164373,22.0,0.0,0.001088607416,0.0,309.5366666,31.333333333333332,0.0,-0.56,2,Winter
Andhra Pradesh,Prakasam,2016-06,15.6589741,79.47164373,14.0,0.0,0.02424316593,0.0,312.02,28.666666666666668,0.0,-0.36363636363636365,6,Monsoon
Andhra Pradesh,Prakasam,2016-09,15.6589741,79.47164373,50.0,0.0,0.4254672712,5.0,302.76,28.666666666666668,0.0,2.5714285714285716,9,Monsoon
Andhra Pradesh,Prakasam,2017-05,15.6589741,79.47164373,28.0,0.0,0.06040740703,5.0,315.196,30.666666666666668,0.0,-0.43999999999999995,5,Summer
Andhra Pradesh,Prakasam,2018-06,15.6589741,79.47164373,30.0,1.0,0.09974351478,0.0,311.824,36.0,0.3333333333333333,0.0714285714285714,6,Monsoon
Andhra Pradesh,Prakasam,2018-08,15.6589741,79.47164373,35.0,0.0,0.04604273553,0.0,310.05,31.0,0.3333333333333333,0.16666666666666674,8,Monsoon
Andhra Pradesh,Prakasam,2022-05,15.6589741,79.47164373,29.0,0.0,0.9649838386,6.0,308.2466666,31.333333333333332,0.3333333333333333,-0.17142857142857137,5,Summer
Andhra Pradesh,Ranga Reddy,2013-09,13.1006135,79.1260283,135116.0,0.0,0.6728311561,4.0,302.2,135116.0,0.0,0.0,9,Monsoon
Andhra Pradesh,Srikakulam,2013-08,18.32002205,83.9160772,16.0,0.0,0.5241072051,17.0,301.72,16.0,0.0,0.0,8,Monsoon
Andhra Pradesh,Srikakulam,2016-07,18.32002205,83.9160772,1222.0,2.0,0.4084829108,14.0,303.62,619.0,1.0,75.375,7,Monsoon
Andhra Pradesh,Srikakulam,2017-06,18.32002205,83.9160772,16.0,0.0,0.8792437884,0.0,300.82,418.0,0.6666666666666666,-0.9869067103109657,6,Monsoon
Andhra Pradesh,Srikakulam,2018-11,18.32002205,83.9160772,36.0,0.0,0.03246801788,13.0,302.2833334,424.6666666666667,0.6666666666666666,1.25,11,Post-Monsoon
Andhra Pradesh,Srikakulam,2018-12,18.32002205,83.9160772,39.0,0.0,0.000117000311,9.0,301.392,30.333333333333332,0.0,0.08333333333333326,12,Winter
Andhra Pradesh,Visakhapatnam,2009-08,17.7222517,83.32670984,26.0,0.0,0.337273926,0.0,301.7466666,26.0,0.0,0.0,8,Monsoon
Andhra Pradesh,Visakhapatnam,2010-03,17.7222517,83.32670984,36.0,0.0,0.0389688862,7.0,305.515,31.0,0.0,0.3846153846153846,3,Summer
Andhra Pradesh,Visakhapatnam,2010-10,17.7222517,83.32670984,2756.0,0.0,0.82819945315,6.5,301.43,939.3333333333334,0.0,75.55555555555556,10,Post-Monsoon
Andhra Pradesh,Visakhapatnam,2010-11,17.7222517,83.32670984,20.0,0.0,2.694219773,11.0,299.53000000000003,937.3333333333334,0.0,-0.9927431059506531,11,Post-Monsoon
Andhra Pradesh,Visakhapatnam,2011-09,17.7222517,83.32670984,15.0,0.0,0.6172075623,0.0,0.0,930.3333333333334,0.0,-0.25,9,Monsoon
Andhra Pradesh,Visakhapatnam,2011-12,17.7222517,83.32670984,12.0,0.0,0.005255753106,9.0,302.38,15.666666666666666,0.0,-0.19999999999999996,12,Winter
Andhra Pradesh,Visakhapatnam,2012-06,17.7222517,83.32670984,55.0,1.0,0.01893911243,6.0,311.15000000000003,27.333333333333332,0.3333333333333333,3.583333333333333,6,Monsoon
Andhra Pradesh,Visakhapatnam,2012-09,17.7222517,83.32670984,11.0,0.0,0.426829247,10.0,0.0,26.0,0.3333333333333333,-0.8,9,Monsoon
Andhra Pradesh,Visakhapatnam,2012-11,17.7222517,83.32670984,55541410.0,0.0,0.5130807354175,15.0,302.2158333,18513825.333333332,0.3333333333333333,5049218.090909091,11,Post-Monsoon
Andhra Pradesh,Visakhapatnam,2012-12,17.7222517,83.32670984,36.0,0.0,0.0004330389402,13.0,301.572,18513819.0,0.0,-0.9999993518349642,12,Winter
Andhra Pradesh,Visakhapatnam,2013-06,17.7222517,83.32670984,15.0,0.0,0.03342050246,9.0,309.4066666,18513820.333333332,0.0,-0.5833333333333333,6,Monsoon
Andhra Pradesh,Visakhapatnam,2013-10,17.7222517,83.32670984,1110.0,0.0,2.5620023535,15.0,0.0,387.0,0.0,73.0,10,Post-Monsoon
Andhra Pradesh,Visakhapatnam,2013-11,17.7222517,83.32670984,30.0,0.0,0.0005585707952,0.0,302.2633334,385.0,0.0,-0.972972972972973,11,Post-Monsoon
Andhra Pradesh,Visakhapatnam,2014-04,17.7222517,83.32670984,14.0,2.0,0.003455332578,10.0,309.0733334,384.6666666666667,0.6666666666666666,-0.5333333333333333,4,Summer
Andhra Pradesh,Visakhapatnam,2014-08,17.7222517,83.32670984,23.0,0.0,0.2358781122,17.0,305.2466666,22.333333333333332,0.6666666666666666,0.6428571428571428,8,Monsoon
Andhra Pradesh,Visakhapatnam,2015-06,17.7222517,83.32670984,15.0,0.0,1.090899644,5.0,306.66,17.333333333333332,0.6666666666666666,-0.34782608695652173,6,Monsoon
Andhra Pradesh,Visakhapatnam,2015-09,17.7222517,83.32670984,52.0,0.0,2.692314466,9.0,0.0,30.0,0.0,2.466666666666667,9,Monsoon
Andhra Pradesh,Visakhapatnam,2015-10,17.7222517,83.32670984,15.0,0.0,0.09566008838,18.0,303.516,27.333333333333332,0.0,-0.7115384615384616,10,Post-Monsoon
Andhra Pradesh,Visakhapatnam,2016-01,17.7222517,83.32670984,20.0,0.0,0.00468783893,11.0,301.88,29.0,0.0,0.33333333333333326,1,Winter
Andhra Pradesh,Visakhapatnam,2016-05,17.7222517,83.32670984,15.0,0.0,1.904415471,0.0,307.67,16.666666666666668,0.0,-0.25,5,Summer
Andhra Pradesh,Visakhapatnam,2016-06,17.7222517,83.32670984,41.0,0.0,0.3516362116,15.0,304.53000000000003,25.333333333333332,0.0,1.7333333333333334,6,Monsoon
Andhra Pradesh,Visakhapatnam,2019-01,17.7222517,83.32670984,23.0,0.0,0.01016701059,11.0,301.456,26.333333333333332,0.0,-0.4390243902439024,1,Winter
Andhra Pradesh,Visakhapatnam,2019-02,17.7222517,83.32670984,133.0,0.0,0.001563707088,9.0,308.7966666,65.66666666666667,0.0,4.782608695652174,2,Winter
Andhra Pradesh,Visakhapatnam,2019-05,17.7222517,83.32670984,16.0,0.0,0.02533374769,9.0,308.59200000000004,57.333333333333336,0.0,-0.8796992481203008,5,Summer
Andhra Pradesh,Visakhapatnam,2019-06,17.7222517,83.32670984,14.0,0.0,0.005092893307,9.0,308.33,54.333333333333336,0.0,-0.125,6,Monsoon
Andhra Pradesh,Visakhapatnam,2020-02,17.7222517,83.32670984,13.0,0.0,0.1064647785,0.0,302.745,14.333333333333334,0.0,-0.0714285714285714,2,Winter
Andhra Pradesh,Vizianagaram,2010-08,18.1120819,83.40521962,25.0,0.0,0.8399196414,5.0,303.04,25.0,0.0,0.0,8,Monsoon
Andhra Pradesh,Vizianagaram,2010-09,18.1120819,83.40521962,2711.0,0.0,0.43331235025,6.0,298.97,1368.0,0.0,107.44,9,Monsoon
Andhra Pradesh,Vizianagaram,2010-11,18.1120819,83.40521962,54.0,0.0,2.384673955,11.0,300.33,930.0,0.0,-0.9800811508668388,11,Post-Monsoon
Andhra Pradesh,Vizianagaram,2011-04,18.1120819,83.40521962,22.0,0.0,0.2910443642,11.0,310.5,929.0,0.0,-0.5925925925925926,4,Summer
Andhra Pradesh,Vizianagaram,2012-12,18.1120819,83.40521962,52785633.0,0.0,0.00032832534865,6.5,301.6108333,17595236.333333332,0.0,2399345.9545454546,12,Winter
Andhra Pradesh,Vizianagaram,2013-09,18.1120819,83.40521962,17.0,0.0,0.6275069675,23.0,304.19,17595224.0,0.0,-0.9999996779426705,9,Monsoon
Andhra Pradesh,Vizianagaram,2013-11,18.1120819,83.40521962,4114.0,0.0,0.13260425634849998,9.5,301.7403333,17596588.0,0.0,241.0,11,Post-Monsoon
Andhra Pradesh,Vizianagaram,2015-07,18.1120819,83.40521962,26.0,0.0,0.1762899299,5.0,0.0,1385.6666666666667,0.0,-0.9936801166747691,7,Monsoon
Andhra Pradesh,Vizianagaram,2015-09,18.1120819,83.40521962,54.0,0.0,0.6906381139,20.0,305.40000000000003,1398.0,0.0,1.076923076923077,9,Monsoon
Andhra Pradesh,Vizianagaram,2016-06,18.1120819,83.40521962,37.0,0.0,0.3930712575,15.0,302.92,39.0,0.0,-0.31481481481481477,6,Monsoon
Andhra Pradesh,Vizianagaram,2016-07,18.1120819,83.40521962,1311.0,0.0,1.206659991,4.5,152.62,467.3333333333333,0.0,34.432432432432435,7,Monsoon
Andhra Pradesh,Vizianagaram,2016-08,18.1120819,83.40521962,14.0,0.0,0.2870516494,16.0,302.38,454.0,0.0,-0.9893211289092296,8,Monsoon
Andhra Pradesh,Vizianagaram,2016-09,18.1120819,83.40521962,37.0,0.0,0.6099486256,16.0,0.0,454.0,0.0,1.6428571428571428,9,Monsoon
Andhra Pradesh,Vizianagaram,2019-06,18.1120819,83.40521962,14.0,0.0,0.1162495604,14.0,306.14,21.666666666666668,0.0,-0.6216216216216216,6,Monsoon
Andhra Pradesh,West Godavari,2012-01,16.63713765,81.58909666,0.0,0.0,0.0006761187498,12.0,300.69333340000003,0.0,0.0,0.0,1,Winter
Andhra Pradesh,West Godavari,2012-08,16.63713765,81.58909666,58.0,0.0,0.6296221556,14.0,301.24,29.0,0.0,inf,8,Monsoon
Andhra Pradesh,West Godavari,2012-12,16.63713765,81.58909666,45.0,0.0,0.001204859045,0.0,301.31333340000003,34.333333333333336,0.0,-0.22413793103448276,12,Winter
Andhra Pradesh,West Godavari,2013-02,16.63713765,81.58909666,24.0,0.0,0.1170010357,19.0,302.045,42.333333333333336,0.0,-0.4666666666666667,2,Winter
Andhra Pradesh,West Godavari,2013-03,16.63713765,81.58909666,18.0,0.0,0.002922846405,20.0,303.4533334,29.0,0.0,-0.25,3,Summer
Andhra Pradesh,West Godavari,2013-11,16.63713765,81.58909666,15.0,0.0,0.02712982454,14.0,300.888,19.0,0.0,-0.16666666666666663,11,Post-Monsoon
Andhra Pradesh,West Godavari,2015-09,16.63713765,81.58909666,11.0,0.0,1.335196725,8.0,303.66,14.666666666666666,0.0,-0.2666666666666667,9,Monsoon
Andhra Pradesh,West Godavari,2016-12,16.63713765,81.58909666,38.0,0.0,0.0222333641,8.0,301.865,21.333333333333332,0.0,2.4545454545454546,12,Winter
Arunachal Pradesh,Changlang,2015-10,27.1398402,95.7382485,4061407.0,6.0,0.09931108215,51.0,298.47200000000004,4061407.0,6.0,0.0,10,Post-Monsoon
Arunachal Pradesh,Dibang Valley,2017-05,28.83416675,95.94523415,28.0,0.0,2.026425866,34.0,299.84000000000003,28.0,0.0,0.0,5,Summer
Arunachal Pradesh,Dibang Valley,2018-03,28.83416675,95.94523415,30.0,0.0,1.66853422,32.0,282.308,29.0,0.0,0.0714285714285714,3,Summer
Arunachal Pradesh,East Kameng,2010-06,27.3,93.05,1515.0,0.0,3.4182755775,5.0,286.4483333,1515.0,0.0,0.0,6,Monsoon
Arunachal Pradesh,East Kameng,2011-01,27.3,93.05,101121225239.0,0.0,0.5065819908,0.0,280.552,50560613377.0,0.0,66746682.32607261,1,Winter
Arunachal Pradesh,East Kameng,2012-09,27.3,93.05,31.0,1.0,2.993585127,13.0,284.0,33707075595.0,0.3333333333333333,-0.9999999996934372,9,Monsoon
Arunachal Pradesh,East Kameng,2013-01,27.3,93.05,2940.0,4.0,0.1920768368,24.0,284.4833334,33707076070.0,1.6666666666666667,93.83870967741936,1,Winter
Arunachal Pradesh,East Kameng,2013-06,27.3,93.05,52.0,0.0,2.720666618,0.0,290.91200000000003,1007.6666666666666,1.6666666666666667,-0.9823129251700681,6,Monsoon
Arunachal Pradesh,East Kameng,2015-11,27.3,93.05,27.0,0.0,1.178883881,39.0,289.1766666,1006.3333333333334,1.3333333333333333,-0.4807692307692307,11,Post-Monsoon
Arunachal Pradesh,East Kameng,2018-02,27.3,93.05,17.0,0.0,0.7054884658,6.0,283.676,32.0,0.0,-0.37037037037037035,2,Winter
Arunachal Pradesh,East Kameng,2019-08,27.3,93.05,2421.0,1.0,1.301433854,49.0,291.0933334,821.6666666666666,0.3333333333333333,141.41176470588235,8,Monsoon
Arunachal Pradesh,East Siang,2013-10,28.3,95.15,8.0,2.0,0.5127766859,50.0,292.868,8.0,2.0,0.0,10,Post-Monsoon
Arunachal Pradesh,East Siang,2014-12,28.3,95.15,271522.0,0.0,0.1201638328,35.0,286.85,135765.0,1.0,33939.25,12,Winter
Arunachal Pradesh,East Siang,2015-06,28.3,95.15,4.736909821646172e+38,6.0,3.5837345594545456,17.0,295.3772727272727,1.578969940548724e+38,2.6666666666666665,1.7445768010128727e+33,6,Monsoon
Arunachal Pradesh,East Siang,2015-08,28.3,95.15,38.0,0.0,3.054230503,8.0,298.36,1.578969940548724e+38,2.0,-1.0,8,Monsoon
Arunachal Pradesh,East Siang,2016-08,28.3,95.15,5.0,0.0,0.4468191859,48.0,295.8,1.578969940548724e+38,2.0,-0.868421052631579,8,Monsoon
Arunachal Pradesh,East Siang,2019-06,28.3,95.15,15168158158.0,0.0,1.24013165015,28.5,292.4566667,5056052733.666667,0.0,3033631630.6,6,Monsoon
Arunachal Pradesh,East Siang,2019-07,28.3,95.15,21778377.0,0.0,1.589279616,5.0,294.02,5063312180.0,0.0,-0.9985642042512252,7,Monsoon
Arunachal Pradesh,Kra Daadi,2019-06,27.96354175,93.76656539,27.0,0.0,0.5714545475,33.0,299.11333340000004,27.0,0.0,0.0,6,Monsoon
Arunachal Pradesh,Kurung Kumey,2012-01,27.98636765,93.15783469,85114.0,8.0,0.1820995246,26.0,282.0566666,85114.0,8.0,0.0,1,Winter
Arunachal Pradesh,Kurung Kumey,2013-02,27.98636765,93.15783469,14.0,1.0,0.2853411741,38.0,286.8766666,42564.0,4.5,-0.9998355147214324,2,Winter
Arunachal Pradesh,Lohit,2021-07,27.8239052,95.861898,4.0,0.0,0.7405375321,13.0,301.5,4.0,0.0,0.0,7,Monsoon
Arunachal Pradesh,Lower Dibang Valley,2010-05,28.21495625,95.87877404,65.0,0.0,0.3806328982,14.0,288.63,65.0,0.0,0.0,5,Summer
Arunachal Pradesh,Lower Dibang Valley,2017-11,28.21495625,95.87877404,39.0,0.0,0.000359227118,34.0,298.79,52.0,0.0,-0.4,11,Post-Monsoon
Arunachal Pradesh,Lower Subansiri,2010-08,27.8,93.6,24.0,0.0,1.018872718,28.0,286.375,24.0,0.0,0.0,8,Monsoon
Arunachal Pradesh,Papum Pare,2012-09,27.28636665,93.6187716,544.0,0.0,2.063140676,12.0,287.94,544.0,0.0,0.0,9,Monsoon
Arunachal Pradesh,Papum Pare,2014-07,27.28636665,93.6187716,5.0,3.0,1.772725267,5.0,291.64,274.5,1.5,-0.9908088235294118,7,Monsoon
Arunachal Pradesh,Papum Pare,2015-08,27.28636665,93.6187716,43.0,0.0,2.74522194,0.0,0.0,197.33333333333334,1.0,7.6,8,Monsoon
Arunachal Pradesh,Papum Pare,2015-09,27.28636665,93.6187716,203380106.0,0.0,1.707045544,8.75,294.08083335000003,67793384.66666667,1.0,4729768.9069767445,9,Monsoon
Arunachal Pradesh,Papum Pare,2017-08,27.28636665,93.6187716,112.0,1.0,1.461355685,22.0,297.8933334,67793420.33333333,0.3333333333333333,-0.9999994493070035,8,Monsoon
Arunachal Pradesh,Papum Pare,2019-09,27.28636665,93.6187716,55.0,0.0,1.875597442,3.0,0.0,67793424.33333333,0.3333333333333333,-0.5089285714285714,9,Monsoon
Arunachal Pradesh,Seppa Town,2011-01,27.3594183,93.0406098,2.4496777901471726e+21,0.0,0.5789123280999999,6.666666666666667,281.4168888666667,2.4496777901471726e+21,0.0,0.0,1,Winter
Arunachal Pradesh,Shi-Yomi,2019-08,28.68516625,94.23678241,95.0,0.0,0.6327114122,37.0,288.03200000000004,95.0,0.0,0.0,8,Monsoon
Arunachal Pradesh,Shi-Yomi,2019-09,28.68516625,94.23678241,125.0,0.0,1.277127467,0.0,279.26,110.0,0.0,0.3157894736842106,9,Monsoon
Arunachal Pradesh,Tirap,2009-12,27.03016895,95.49791755,115292.0,0.0,0.06696777185,50.0,289.63,115292.0,0.0,0.0,12,Winter
Arunachal Pradesh,Tirap,2015-05,27.03016895,95.49791755,20.0,0.0,0.7840058317,18.0,298.14,57656.0,0.0,-0.999826527426014,5,Summer
Arunachal Pradesh,Upper Siang,2012-09,28.73120455,95.03773151,278.0,0.0,2.45122472,14.0,293.79,278.0,0.0,0.0,9,Monsoon
Arunachal Pradesh,Upper Siang,2014-07,28.73120455,95.03773151,6841.0,0.0,2.511717861,21.5,277.80333329999996,3559.5,0.0,23.607913669064747,7,Monsoon
Arunachal Pradesh,Upper Siang,2015-08,28.73120455,95.03773151,2023.0,0.0,3.054230503,8.0,298.36,3047.3333333333335,0.0,-0.7042829995614677,8,Monsoon
Arunachal Pradesh,Upper Siang,2022-05,28.73120455,95.03773151,36.0,0.0,1.142611934,25.0,296.955,2966.6666666666665,0.0,-0.9822046465645081,5,Summer
Arunachal Pradesh,Upper Subansiri,2019-09,28.3,94.0,27.0,0.0,1.166137081,2.0,277.88,27.0,0.0,0.0,9,Monsoon
Arunachal Pradesh,West Kameng,2022-05,27.4,92.35,37.0,0.0,1.087377988,18.0,291.86,37.0,0.0,0.0,5,Summer
Arunachal Pradesh,West Siang,2012-03,28.4,94.55,284.0,4.0,1.424162362,30.0,289.99,284.0,4.0,0.0,3,Summer
Arunachal Pradesh,West Siang,2012-07,28.4,94.55,72.0,0.0,3.696519774,0.0,0.0,178.0,2.0,-0.7464788732394366,7,Monsoon
Arunachal Pradesh,West Siang,2012-09,28.4,94.55,363.0,0.0,2.628034519,13.0,292.9266666,239.66666666666666,1.3333333333333333,4.041666666666667,9,Monsoon
Arunachal Pradesh,West Siang,2013-06,28.4,94.55,200.0,2.0,2.544234703,2.0,290.68,211.66666666666666,0.6666666666666666,-0.4490358126721763,6,Monsoon
Arunachal Pradesh,West Siang,2015-08,28.4,94.55,1.5293449627495102e+16,0.0,0.646342076,4.0,292.5333334,5097816542498555.0,0.6666666666666666,76467248137474.52,8,Monsoon
Arunachal Pradesh,West Siang,2015-10,28.4,94.55,20.0,0.0,0.2793232383,40.0,294.536,5097816542498441.0,0.6666666666666666,-0.9999999999999987,10,Post-Monsoon
Assam,Baksa,2011-09,26.62758805,91.46190527,33.0,0.0,1.350122507,24.0,300.44,33.0,0.0,0.0,9,Monsoon
Assam,Baksa,2013-06,26.62758805,91.46190527,81.0,0.0,0.2857575343,36.0,300.855,57.0,0.0,1.4545454545454546,6,Monsoon
Assam,Baksa,2014-11,26.62758805,91.46190527,4111.0,8.0,0.002178854045,36.5,298.50466670000003,1408.3333333333333,2.6666666666666665,49.75308641975309,11,Post-Monsoon
Assam,Baksa,2022-05,26.62758805,91.46190527,15.0,0.0,0.1341413536,29.0,301.835,1402.3333333333333,2.6666666666666665,-0.9963512527365604,5,Summer
Assam,Barpeta,2009-09,26.34142215,91.01674328,6401010.0,25.0,0.5975486866,19.0,300.992,6401010.0,25.0,0.0,9,Monsoon
Assam,Barpeta,2010-06,26.34142215,91.01674328,104.0,0.0,2.236576342,11.0,293.17,3200557.0,12.5,-0.9999837525640485,6,Monsoon
Assam,Barpeta,2011-04,26.34142215,91.01674328,66.0,0.0,0.3847743948,0.0,300.896,2133726.6666666665,8.333333333333334,-0.3653846153846154,4,Summer
Assam,Barpeta,2011-06,26.34142215,91.01674328,67.0,6.0,2.1970775145,7.0,147.1366667,79.0,2.0,0.015151515151515138,6,Monsoon
Assam,Barpeta,2012-09,26.34142215,91.01674328,13.0,0.0,0.1012164724,8.0,300.108,48.666666666666664,2.0,-0.8059701492537313,9,Monsoon
Assam,Barpeta,2013-03,26.34142215,91.01674328,25.0,6.0,0.001135455886,0.0,302.8833334,35.0,4.0,0.9230769230769231,3,Summer
Assam,Barpeta,2018-09,26.34142215,91.01674328,32.0,0.0,0.5442588898,20.0,301.15000000000003,23.333333333333332,2.0,0.28,9,Monsoon
Assam,Barpeta,2018-11,26.34142215,91.01674328,14.0,0.0,0.001068048725,22.0,297.9133334,23.666666666666668,2.0,-0.5625,11,Post-Monsoon
Assam,Bongaigaon,2009-06,26.41237695,90.57149765,915.0,4.0,0.9739409602,21.0,299.552,915.0,4.0,0.0,6,Monsoon
Assam,Bongaigaon,2010-06,26.41237695,90.57149765,18.0,0.0,1.890202199,21.0,301.58,466.5,2.0,-0.980327868852459,6,Monsoon
Assam,Bongaigaon,2012-08,26.41237695,90.57149765,12.0,2.0,2.001300137,37.0,300.34000000000003,315.0,2.0,-0.33333333333333337,8,Monsoon
Assam,Bongaigaon,2012-10,26.41237695,90.57149765,27.0,1.0,0.4364559501,39.0,296.968,19.0,1.0,1.25,10,Post-Monsoon
Assam,Cachar,2012-05,24.75863995,92.88166476,228.0,1.0,0.007508876823,23.0,304.752,228.0,1.0,0.0,5,Summer
Assam,Cachar,2012-07,24.75863995,92.88166476,10.0,1.0,1.271590662,16.0,304.54,119.0,1.0,-0.956140350877193,7,Monsoon
Assam,Cachar,2016-01,24.75863995,92.88166476,2174172.0,4.0,0.03604729693733333,21.333333333333332,294.9422222,724803.3333333334,2.0,217416.2,1,Winter
Assam,Cachar,2016-02,24.75863995,92.88166476,1633512.0,0.0,0.0592041434825,4.0,298.2656667,1269231.3333333333,1.6666666666666667,-0.24867397795574586,2,Winter
Assam,Cachar,2016-06,24.75863995,92.88166476,36.0,0.0,0.285501384,25.0,301.66,1269240.0,1.3333333333333333,-0.9999779615944052,6,Monsoon
Assam,Cachar,2017-02,24.75863995,92.88166476,12.0,0.0,8.05e-05,19.0,298.476,544520.0,0.0,-0.6666666666666667,2,Winter
Assam,Cachar,2018-07,24.75863995,92.88166476,1.0,1.0,1.071518744,7.0,0.0,16.333333333333332,0.3333333333333333,-0.9166666666666666,7,Monsoon
Assam,Cachar,2019-06,24.75863995,92.88166476,8.0,0.0,0.3031140007,0.0,301.964,7.0,0.3333333333333333,7.0,6,Monsoon
Assam,Cachar,2019-10,24.75863995,92.88166476,6.0,0.0,0.13656439,34.0,301.7166666,5.0,0.3333333333333333,-0.25,10,Post-Monsoon
Assam,Chirang,2010-06,26.6464231,90.62415699,20.0,2.0,2.040310236,2.0,294.52,20.0,2.0,0.0,6,Monsoon
Assam,Chirang,2011-06,26.6464231,90.62415699,20295293293.0,4.0,0.74538676085,19.5,299.651,10147646656.5,3.0,1014764663.65,6,Monsoon
Assam,Chirang,2011-10,26.6464231,90.62415699,297.0,1.0,0.03576092472,42.0,298.02,6765097870.0,2.3333333333333335,-0.9999999853660652,10,Post-Monsoon
Assam,Chirang,2011-11,26.6464231,90.62415699,8776.0,9.0,0.01363409314,47.0,296.6133333,6765100788.666667,4.666666666666667,28.54882154882155,11,Post-Monsoon
Assam,Chirang,2012-04,26.6464231,90.62415699,35.0,1.0,0.6108139776,35.0,299.5466666,3036.0,3.6666666666666665,-0.9960118505013673,4,Summer
Assam,Chirang,2015-10,26.6464231,90.62415699,185185329.0,5.0,0.1324574296,41.0,298.6,61731380.0,5.0,5291008.4,10,Post-Monsoon
Assam,Chirang,2017-04,26.6464231,90.62415699,12.0,0.0,1.017577064,38.0,294.145,61728458.666666664,2.0,-0.9999999352000504,4,Summer
Assam,Chirang,2018-06,26.6464231,90.62415699,1.0,1.0,0.6504360001,37.0,300.3466666,61728447.333333336,2.0,-0.9166666666666666,6,Monsoon
Assam,Chirang,2019-11,26.6464231,90.62415699,38.0,0.0,0.009075326833,0.0,297.5566666,17.0,0.3333333333333333,37.0,11,Post-Monsoon
Assam,Darrang,2009-08,26.75,92.5,400.0,0.0,1.730537934,21.0,301.21,400.0,0.0,0.0,8,Monsoon
Assam,Darrang,2009-09,26.75,92.5,12.0,3.0,1.037069879,32.0,286.48,206.0,1.5,-0.97,9,Monsoon
Assam,Darrang,2012-03,26.75,92.5,10.0,0.0,0.03950848719,11.0,297.005,140.66666666666666,1.0,-0.16666666666666663,3,Summer
Assam,Darrang,2012-04,26.75,92.5,26.0,0.0,0.3027163354,12.0,299.76,16.0,1.0,1.6,4,Summer
Assam,Darrang,2012-05,26.75,92.5,38.0,1.0,0.7453016862,0.0,300.895,24.666666666666668,0.3333333333333333,0.46153846153846145,5,Summer
Assam,Darrang,2013-05,26.75,92.5,46.0,0.0,0.8263569684,0.0,302.40000000000003,36.666666666666664,0.3333333333333333,0.21052631578947367,5,Summer
Assam,Darrang,2014-01,26.75,92.5,9.0,2.0,0.003284458632,5.0,293.03200000000004,31.0,1.0,-0.8043478260869565,1,Winter
Assam,Darrang,2018-10,26.75,92.5,11.0,0.0,0.3953130559,33.0,296.4066666,22.0,0.6666666666666666,0.22222222222222232,10,Post-Monsoon
Assam,Darrang (Mangaldoi),2019-08,26.4365974,92.0342718,7.0,0.0,0.6794404621,0.0,300.4466666,7.0,0.0,0.0,8,Monsoon
Assam,Darrang (Mangaldoi),2019-11,26.4365974,92.0342718,2.0,1.0,0.02317156183,34.0,297.08,4.5,0.5,-0.7142857142857143,11,Post-Monsoon
Assam,Darrang (Mangaldoi),2021-07,26.4365974,92.0342718,1.0,1.0,0.5646023281,5.0,271.9,3.3333333333333335,0.6666666666666666,-0.5,7,Monsoon
Assam,Dhemaji,2010-05,27.4668315,94.51786509,257.0,0.0,1.05596465,8.0,296.57,257.0,0.0,0.0,5,Summer
Assam,Dhemaji,2010-06,27.4668315,94.51786509,5.0,3.0,1.370331055,2.0,300.06,131.0,1.5,-0.980544747081712,6,Monsoon
Assam,Dhemaji,2011-07,27.4668315,94.51786509,35.0,2.0,1.16395783555,3.5,290.355,99.0,1.6666666666666667,6.0,7,Monsoon
Assam,Dhemaji,2012-10,27.4668315,94.51786509,11.0,0.0,0.00367121711,0.0,300.17,17.0,1.6666666666666667,-0.6857142857142857,10,Post-Monsoon
Assam,Dhemaji,2015-09,27.4668315,94.51786509,1111.0,0.0,2.000969521,18.0,302.5,385.6666666666667,0.6666666666666666,100.0,9,Monsoon
Assam,Dhemaji,2019-06,27.4668315,94.51786509,15.0,0.0,0.1343827964,0.0,298.996,379.0,0.0,-0.9864986498649865,6,Monsoon
Assam,Dhemaji,2021-07,27.4668315,94.51786509,2.0,0.0,0.6709550457,4.0,274.91,376.0,0.0,-0.8666666666666667,7,Monsoon
Assam,Dhubri,2010-06,26.01894625,89.94188952,140.0,0.0,4.658001312,2.0,290.95,140.0,0.0,0.0,6,Monsoon
Assam,Dhubri,2017-10,26.01894625,89.94188952,7.0,0.0,0.6171185581,20.0,301.41200000000003,73.5,0.0,-0.95,10,Post-Monsoon
Assam,Dhubri,2018-05,26.01894625,89.94188952,12.0,0.0,1.284291834,12.0,300.44,53.0,0.0,0.7142857142857142,5,Summer
Assam,Dhubri,2019-04,26.01894625,89.94188952,15.0,0.0,0.2764066617,13.0,297.892,11.333333333333334,0.0,0.25,4,Summer
Assam,Dhubri,2019-05,26.01894625,89.94188952,12.0,0.0,0.7692469173,10.0,298.556,13.0,0.0,-0.19999999999999996,5,Summer
Assam,Dibrugarh,2009-07,27.4844597,94.9019447,2.0,0.0,1.026480786,3.0,273.74,2.0,0.0,0.0,7,Monsoon
Assam,Dibrugarh,2010-05,27.4844597,94.9019447,34.0,2.0,0.7065725823,8.0,298.555,18.0,1.0,16.0,5,Summer
Assam,Dibrugarh,2010-06,27.4844597,94.9019447,4.0,1.0,1.901711645,2.0,289.49,13.333333333333334,1.0,-0.8823529411764706,6,Monsoon
Assam,Dibrugarh,2010-08,27.4844597,94.9019447,12.0,1.0,0.485282387,0.0,300.14,16.666666666666668,1.3333333333333333,2.0,8,Monsoon
Assam,Dibrugarh,2010-09,27.4844597,94.9019447,103.0,0.0,1.00541316765,6.5,296.26,39.666666666666664,0.6666666666666666,7.583333333333334,9,Monsoon
Assam,Dibrugarh,2010-11,27.4844597,94.9019447,166.0,0.0,0.01781948214,19.0,301.19,93.66666666666667,0.3333333333333333,0.6116504854368932,11,Post-Monsoon
Assam,Dibrugarh,2011-06,27.4844597,94.9019447,4.0,1.0,1.323451787,11.0,300.05,91.0,0.3333333333333333,-0.9759036144578314,6,Monsoon
Assam,Dibrugarh,2012-05,27.4844597,94.9019447,86.0,0.0,0.8280119688,15.0,299.212,85.33333333333333,0.3333333333333333,20.5,5,Summer
Assam,Dibrugarh,2012-06,27.4844597,94.9019447,23.0,0.0,1.913111273,11.0,283.66,37.666666666666664,0.3333333333333333,-0.7325581395348837,6,Monsoon
Assam,Dibrugarh,2012-07,27.4844597,94.9019447,15.0,0.0,1.551064922,3.0,287.44,41.333333333333336,0.0,-0.34782608695652173,7,Monsoon
Assam,Dibrugarh,2012-09,27.4844597,94.9019447,67.0,0.0,2.309937183,2.0,0.0,35.0,0.0,3.466666666666667,9,Monsoon
Assam,Dibrugarh,2013-01,27.4844597,94.9019447,589.0,18.0,0.002030220395,0.0,292.53000000000003,223.66666666666666,6.0,7.791044776119403,1,Winter
Assam,Dibrugarh,2013-04,27.4844597,94.9019447,33.0,2.0,1.191392867,6.0,293.445,229.66666666666666,6.666666666666667,-0.9439728353140917,4,Summer
Assam,Dibrugarh,2013-06,27.4844597,94.9019447,183.0,48.0,0.0257022512,17.0,303.77,268.3333333333333,22.666666666666668,4.545454545454546,6,Monsoon
Assam,Dibrugarh,2013-09,27.4844597,94.9019447,17.0,0.0,0.3145262531,25.0,301.684,77.66666666666667,16.666666666666668,-0.907103825136612,9,Monsoon
Assam,Dibrugarh,2013-10,27.4844597,94.9019447,1118.0,0.0,1.0540397323500001,11.0,296.1206667,439.3333333333333,16.0,64.76470588235294,10,Post-Monsoon
Assam,Dibrugarh,2014-06,27.4844597,94.9019447,6868.0,0.0,0.2138732549,11.0,303.0333334,2667.6666666666665,0.0,5.143112701252236,6,Monsoon
Assam,Dibrugarh,2014-07,27.4844597,94.9019447,43.0,9.0,0.773578551,0.0,279.84000000000003,2676.3333333333335,3.0,-0.9937390797903319,7,Monsoon
Assam,Dibrugarh,2014-11,27.4844597,94.9019447,42.0,0.0,0.00108423338,0.0,302.3666666,2317.6666666666665,3.0,-0.023255813953488413,11,Post-Monsoon
Assam,Dibrugarh,2015-10,27.4844597,94.9019447,28.0,2.0,0.06220711313,20.0,299.8933334,37.666666666666664,3.6666666666666665,-0.33333333333333337,10,Post-Monsoon
Assam,Dibrugarh,2016-01,27.4844597,94.9019447,67.0,9.0,0.0306679333,8.0,292.22,45.666666666666664,3.6666666666666665,1.3928571428571428,1,Winter
Assam,Dibrugarh,2016-02,27.4844597,94.9019447,10.0,2.0,0.03025554285,0.0,292.9166666,35.0,4.333333333333333,-0.8507462686567164,2,Winter
Assam,Dibrugarh,2016-08,27.4844597,94.9019447,14.0,0.0,0.3493071701,13.0,291.615,30.333333333333332,3.6666666666666665,0.3999999999999999,8,Monsoon
Assam,Dibrugarh,2016-12,27.4844597,94.9019447,33.0,8.0,0.0003594696305,13.0,296.54400000000004,19.0,3.3333333333333335,1.3571428571428572,12,Winter
Assam,Dibrugarh,2017-02,27.4844597,94.9019447,21.0,0.0,0.0124046834,0.0,298.1166666,22.666666666666668,2.6666666666666665,-0.36363636363636365,2,Winter
Assam,Dibrugarh,2017-03,27.4844597,94.9019447,818.0,4.0,0.32030291715000003,5.0,296.34000000000003,290.6666666666667,4.0,37.95238095238095,3,Summer
Assam,Dibrugarh,2017-08,27.4844597,94.9019447,24.0,0.0,0.401762508,22.0,291.265,287.6666666666667,1.3333333333333333,-0.9706601466992665,8,Monsoon
Assam,Dibrugarh,2017-12,27.4844597,94.9019447,30.0,1.0,0.000170675394,12.0,296.016,290.6666666666667,1.6666666666666667,0.25,12,Winter
Assam,Dibrugarh,2018-06,27.4844597,94.9019447,7.0,0.0,1.015468781,0.0,292.42,20.333333333333332,0.3333333333333333,-0.7666666666666666,6,Monsoon
Assam,Dibrugarh,2019-05,27.4844597,94.9019447,9.0,0.0,0.889684084,0.0,294.38,15.333333333333334,0.3333333333333333,0.2857142857142858,5,Summer
Assam,Dibrugarh,2019-06,27.4844597,94.9019447,70.0,0.0,0.5659578779,12.0,302.32,28.666666666666668,0.0,6.777777777777778,6,Monsoon
Assam,Dibrugarh,2019-10,27.4844597,94.9019447,1.0,0.0,0.3143609,0.0,299.708,26.666666666666668,0.0,-0.9857142857142858,10,Post-Monsoon
Assam,Dibrugarh,2020-01,27.4844597,94.9019447,6.0,2.0,0.01485558021,10.0,292.3933334,25.666666666666668,0.6666666666666666,5.0,1,Winter
Assam,Dibrugarh,2020-05,27.4844597,94.9019447,21.0,0.0,0.6472085684,17.0,304.0933334,9.333333333333334,0.6666666666666666,2.5,5,Summer
Assam,Dibrugarh,2022-06,27.4844597,94.9019447,18.0,0.0,0.8621149921,0.0,294.68,15.0,0.6666666666666666,-0.1428571428571429,6,Monsoon
Assam,Dima Hasao,2012-06,25.40036255,93.07522923,35.0,5.0,3.916801064,24.0,297.96,35.0,5.0,0.0,6,Monsoon
Assam,Dima Hasao,2014-08,25.40036255,93.07522923,64.0,0.0,0.5269555396,4.0,299.7,49.5,2.5,0.8285714285714285,8,Monsoon
Assam,Dima Hasao,2019-03,25.40036255,93.07522923,9.0,0.0,0.05266030585,32.0,297.712,36.0,1.6666666666666667,-0.859375,3,Summer
Assam,Dima Hasao,2021-08,25.40036255,93.07522923,1.0,1.0,1.280343128,33.0,301.515,24.666666666666668,0.3333333333333333,-0.8888888888888888,8,Monsoon
Assam,Dima Hasao,2021-10,25.40036255,93.07522923,1.0,1.0,0.5690477769,38.0,301.3933334,3.6666666666666665,0.6666666666666666,0.0,10,Post-Monsoon
Assam,Goalpara,2012-03,26.1783623,90.6226683,11.0,1.0,0.03361445865,6.0,302.644,11.0,1.0,0.0,3,Summer
Assam,Goalpara,2013-05,26.1783623,90.6226683,44.0,1.0,0.40106515,12.0,300.6166666,27.5,1.0,3.0,5,Summer
Assam,Goalpara,2014-10,26.1783623,90.6226683,12.0,0.0,0.03946386326,16.0,302.05333340000004,22.333333333333332,0.6666666666666666,-0.7272727272727273,10,Post-Monsoon
Assam,Goalpara,2016-06,26.1783623,90.6226683,30.0,0.0,1.026625244,12.0,298.67,28.666666666666668,0.3333333333333333,1.5,6,Monsoon
Assam,Goalpara,2017-08,26.1783623,90.6226683,27.0,0.0,2.670809058,4.0,0.0,23.0,0.0,-0.09999999999999998,8,Monsoon
Assam,Goalpara,2021-01,26.1783623,90.6226683,13.0,0.0,0.0417289438,17.0,294.5933334,23.333333333333332,0.0,-0.5185185185185186,1,Winter
Assam,Golaghat,2009-06,26.40490095,94.03209112,5.0,2.0,0.3168177374,32.0,299.4866666,5.0,2.0,0.0,6,Monsoon
Assam,Golaghat,2009-10,26.40490095,94.03209112,57.0,3.0,0.9227963438,34.0,300.13,31.0,2.5,10.4,10,Post-Monsoon
Assam,Golaghat,2010-05,26.40490095,94.03209112,140.0,5.0,1.471170596,22.0,298.98,67.33333333333333,3.3333333333333335,1.456140350877193,5,Summer
Assam,Golaghat,2010-06,26.40490095,94.03209112,27.0,0.0,2.895928809,0.0,298.16,74.66666666666667,2.6666666666666665,-0.8071428571428572,6,Monsoon
Assam,Golaghat,2011-05,26.40490095,94.03209112,10.0,1.0,0.3332368067,22.0,300.585,59.0,2.0,-0.6296296296296297,5,Summer
Assam,Golaghat,2011-06,26.40490095,94.03209112,27.0,0.0,0.2794277848,0.0,304.32,21.333333333333332,0.3333333333333333,1.7000000000000002,6,Monsoon
Assam,Golaghat,2012-05,26.40490095,94.03209112,16.0,0.0,0.3758969277,0.0,303.99,17.666666666666668,0.3333333333333333,-0.40740740740740744,5,Summer
Assam,Golaghat,2013-03,26.40490095,94.03209112,38123.0,23.0,0.0006522577008,25.0,300.6166666,12722.0,7.666666666666667,2381.6875,3,Summer
Assam,Golaghat,2014-03,26.40490095,94.03209112,33.0,3.0,0.01784388068,25.0,298.825,12724.0,8.666666666666666,-0.9991343808199774,3,Summer
Assam,Golaghat,2014-05,26.40490095,94.03209112,2026.0,1.0,0.09546251166,26.5,305.2041667,13394.0,9.0,60.39393939393939,5,Summer
Assam,Golaghat,2014-06,26.40490095,94.03209112,11.0,0.0,0.3885351421,25.0,308.40000000000003,690.0,1.3333333333333333,-0.9945705824284304,6,Monsoon
Assam,Golaghat,2016-04,26.40490095,94.03209112,33.0,4.0,0.3455075791,0.0,301.552,690.0,1.6666666666666667,2.0,4,Summer
Assam,Golaghat,2018-10,26.40490095,94.03209112,35.0,0.0,0.08963011693,40.0,299.992,26.333333333333332,1.3333333333333333,0.06060606060606055,10,Post-Monsoon
Assam,Hailakandi,2011-06,24.68845365,92.57381528,275275.0,5.0,0.6068332427,0.0,0.0,275275.0,5.0,0.0,6,Monsoon
Assam,Hailakandi,2016-03,24.68845365,92.57381528,23.0,0.0,0.5682023857,19.0,300.3233334,137649.0,2.5,-0.9999164471891745,3,Summer
Assam,Hailakandi,2018-05,24.68845365,92.57381528,16.0,1.0,1.280801746,22.0,299.52,91771.33333333333,2.0,-0.30434782608695654,5,Summer
Assam,Jorhat,2010-11,26.7577925,94.2079645,710.0,1.0,0.044882859484999996,10.5,297.92,710.0,1.0,0.0,11,Post-Monsoon
Assam,Jorhat,2010-12,26.7577925,94.2079645,55.0,2.0,0.002555440834,0.0,295.0733334,382.5,1.5,-0.9225352112676056,12,Winter
Assam,Jorhat,2011-04,26.7577925,94.2079645,6.0,2.0,0.1487792432,0.0,300.095,257.0,1.6666666666666667,-0.8909090909090909,4,Summer
Assam,Jorhat,2011-06,26.7577925,94.2079645,65.0,4.0,1.440916452,7.0,295.54,42.0,2.6666666666666665,9.833333333333334,6,Monsoon
Assam,Jorhat,2011-07,26.7577925,94.2079645,12.0,2.0,2.117842053,7.0,294.3066666,27.666666666666668,2.6666666666666665,-0.8153846153846154,7,Monsoon
Assam,Jorhat,2012-05,26.7577925,94.2079645,24121414.0,0.0,0.250042579275,17.5,300.12875,8040497.0,2.0,2010116.8333333333,5,Summer
Assam,Jorhat,2012-09,26.7577925,94.2079645,84.0,0.0,0.4022642,0.0,298.19333340000003,8040503.333333333,0.6666666666666666,-0.999996517617085,9,Monsoon
Assam,Jorhat,2012-12,26.7577925,94.2079645,15.0,0.0,0.02919107386,30.0,292.8566666,8040504.333333333,0.0,-0.8214285714285714,12,Winter
Assam,Jorhat,2013-01,26.7577925,94.2079645,42.0,15.0,0.006444886221,30.0,294.3566666,47.0,5.0,1.7999999999999998,1,Winter
Assam,Jorhat,2014-01,26.7577925,94.2079645,18.0,0.0,0.007962702131,29.0,293.468,25.0,5.0,-0.5714285714285714,1,Winter
Assam,Jorhat,2014-04,26.7577925,94.2079645,21.0,0.0,0.02797657407,12.0,303.38,27.0,5.0,0.16666666666666674,4,Summer
Assam,Jorhat,2014-05,26.7577925,94.2079645,21.0,0.0,0.1104332111,0.0,306.415,20.0,0.0,0.0,5,Summer
Assam,Jorhat,2014-06,26.7577925,94.2079645,40.0,0.0,0.4735485209,0.0,302.68,27.333333333333332,0.0,0.9047619047619047,6,Monsoon
Assam,Jorhat,2014-11,26.7577925,94.2079645,22.0,0.0,0.01729844128,15.0,300.18333340000004,27.666666666666668,0.0,-0.44999999999999996,11,Post-Monsoon
Assam,Jorhat,2015-01,26.7577925,94.2079645,18.0,0.0,0.1530587097,30.0,291.54,26.666666666666668,0.0,-0.18181818181818177,1,Winter
Assam,Jorhat,2016-02,26.7577925,94.2079645,1.0,1.0,0.1090668924,0.0,296.336,13.666666666666666,0.3333333333333333,-0.9444444444444444,2,Winter
Assam,Jorhat,2016-06,26.7577925,94.2079645,1511.0,1.0,0.9911735618,7.5,300.0233333,510.0,0.6666666666666666,1510.0,6,Monsoon
Assam,Jorhat,2018-03,26.7577925,94.2079645,19.0,0.0,0.2620208339,11.0,297.768,510.3333333333333,0.6666666666666666,-0.9874255459960292,3,Summer
Assam,Jorhat,2018-06,26.7577925,94.2079645,9.0,0.0,0.3905855557,7.0,304.196,513.0,0.3333333333333333,-0.5263157894736843,6,Monsoon
Assam,Jorhat,2019-01,26.7577925,94.2079645,12.0,0.0,0.02072528327,34.0,293.6033334,13.333333333333334,0.0,0.33333333333333326,1,Winter
Assam,Jorhat,2019-03,26.7577925,94.2079645,35.0,0.0,0.2238638954,10.0,294.36400000000003,18.666666666666668,0.0,1.9166666666666665,3,Summer
Assam,Kamrup,2009-06,26.12755515,91.29987148,5.0,1.0,0.777605627,3.0,302.14,5.0,1.0,0.0,6,Monsoon
Assam,Kamrup,2009-10,26.12755515,91.29987148,31.0,0.0,0.9433891119,20.0,299.3066666,18.0,0.5,5.2,10,Post-Monsoon
Assam,Kamrup,2010-08,26.12755515,91.29987148,70.0,0.0,0.4933375414,8.0,302.44,35.333333333333336,0.3333333333333333,1.2580645161290325,8,Monsoon
Assam,Kamrup,2010-09,26.12755515,91.29987148,21.0,0.0,2.363425784,0.0,300.6,40.666666666666664,0.0,-0.7,9,Monsoon
Assam,Kamrup,2012-12,26.12755515,91.29987148,27.0,0.0,0.0002072430532,20.0,297.4866666,39.333333333333336,0.0,0.2857142857142858,12,Winter
Assam,Kamrup,2013-02,26.12755515,91.29987148,57.0,7.0,0.000312370871,19.0,298.17,35.0,2.3333333333333335,1.1111111111111112,2,Winter
Assam,Kamrup,2013-07,26.12755515,91.29987148,130.0,0.0,1.799676349,10.0,301.16,71.33333333333333,2.3333333333333335,1.280701754385965,7,Monsoon
Assam,Kamrup,2013-08,26.12755515,91.29987148,14.0,0.0,2.470183416,9.0,299.54,67.0,2.3333333333333335,-0.8923076923076922,8,Monsoon
Assam,Kamrup,2014-06,26.12755515,91.29987148,84.0,1.0,0.1729915908,13.0,303.5266666,76.0,0.3333333333333333,5.0,6,Monsoon
Assam,Kamrup,2014-07,26.12755515,91.29987148,104104.0,2.0,1.111815146,0.0,301.37,34734.0,1.0,1238.3333333333333,7,Monsoon
Assam,Kamrup,2014-11,26.12755515,91.29987148,36.0,1.0,0.02090519138,33.0,300.388,34741.333333333336,1.3333333333333333,-0.9996541919618843,11,Post-Monsoon
Assam,Kamrup,2014-12,26.12755515,91.29987148,20.0,0.0,0.004539112976,0.0,295.176,34720.0,1.0,-0.4444444444444444,12,Winter
Assam,Kamrup,2015-02,26.12755515,91.29987148,13.0,0.0,0.002519467917,7.0,296.7266666,23.0,0.3333333333333333,-0.35,2,Winter
Assam,Kamrup,2015-07,26.12755515,91.29987148,21153153426489.0,2.0,1.127119895,0.0,301.81333340000003,7051051142174.0,0.6666666666666666,1627165648190.4614,7,Monsoon
Assam,Kamrup,2015-12,26.12755515,91.29987148,31.0,0.0,0.002191030846,30.0,298.536,7051051142177.667,0.6666666666666666,-0.9999999999985345,12,Winter
Assam,Kamrup,2016-04,26.12755515,91.29987148,27180313.0,1.0,1.4133594369999998,12.0,297.76,7051060202277.667,1.0,876783.2903225806,4,Summer
Assam,Kamrup,2016-06,26.12755515,91.29987148,13.0,0.0,0.409327615,0.0,302.625,9060119.0,0.3333333333333333,-0.9999995217126455,6,Monsoon
Assam,Kamrup,2016-08,26.12755515,91.29987148,33.0,0.0,0.4937968531,0.0,301.4533334,9060119.666666666,0.3333333333333333,1.5384615384615383,8,Monsoon
Assam,Kamrup,2016-09,26.12755515,91.29987148,5322.0,0.0,1.09787880185,0.0,297.75250000000005,1789.3333333333333,0.0,160.27272727272728,9,Monsoon
Assam,Kamrup,2016-10,26.12755515,91.29987148,33.0,0.0,0.00218317406,19.0,301.76,1796.0,0.0,-0.9937993235625705,10,Post-Monsoon
Assam,Kamrup,2017-01,26.12755515,91.29987148,33.0,0.0,0.01882134169,19.0,296.1033334,1796.0,0.0,0.0,1,Winter
Assam,Kamrup,2017-08,26.12755515,91.29987148,16.0,0.0,0.6309130433,15.0,301.42,27.333333333333332,0.0,-0.5151515151515151,8,Monsoon
Assam,Kamrup,2017-09,26.12755515,91.29987148,25.0,0.0,1.015994235,0.0,300.98,24.666666666666668,0.0,0.5625,9,Monsoon
Assam,Kamrup,2017-10,26.12755515,91.29987148,34.0,0.0,0.5247491289,23.0,301.5466666,25.0,0.0,0.3600000000000001,10,Post-Monsoon
Assam,Kamrup,2018-04,26.12755515,91.29987148,41.0,0.0,0.06844909719,0.0,301.516,33.333333333333336,0.0,0.2058823529411764,4,Summer
Assam,Kamrup,2018-05,26.12755515,91.29987148,11.0,0.0,0.8174189771,11.0,300.7933334,28.666666666666668,0.0,-0.7317073170731707,5,Summer
Assam,Kamrup,2019-04,26.12755515,91.29987148,13.0,0.0,0.3783044545,0.0,304.5466666,21.666666666666668,0.0,0.18181818181818188,4,Summer
Assam,Kamrup,2019-12,26.12755515,91.29987148,58.0,0.0,0.01192469865,18.0,292.976,27.333333333333332,0.0,3.4615384615384617,12,Winter
Assam,Kamrup,2020-10,26.12755515,91.29987148,21.0,0.0,1.372511654,31.0,302.5066666,30.666666666666668,0.0,-0.6379310344827587,10,Post-Monsoon
Assam,Karbi - Anglong,2015-08,26.0,93.5,36.0,0.0,0.972101841,0.0,301.56,36.0,0.0,0.0,8,Monsoon
Assam,Karbi Anglong,2010-01,26.0,93.5,21.0,2.0,0.01013108921,20.0,292.5333334,21.0,2.0,0.0,1,Winter
Assam,Karbi Anglong,2010-03,26.0,93.5,533427.0,1.0,1.0079298775,16.0,300.236,266724.0,1.5,25400.285714285714,3,Summer
Assam,Karbi Anglong,2010-05,26.0,93.5,677.0,0.0,1.002229445,0.0,302.1,178041.66666666666,1.0,-0.9987308478948385,5,Summer
Assam,Karbi Anglong,2011-09,26.0,93.5,11.0,4.0,0.7498638641,0.0,298.88,178038.33333333334,1.6666666666666667,-0.983751846381093,9,Monsoon
Assam,Karbi Anglong,2015-09,26.0,93.5,82.0,1.0,1.433380595,7.0,261.3,256.6666666666667,1.6666666666666667,6.454545454545454,9,Monsoon
Assam,Karbi Anglong,2022-06,26.0,93.5,54.0,0.0,1.127105814,0.0,0.0,49.0,1.6666666666666667,-0.3414634146341463,6,Monsoon
Assam,Karbi-Anglong,2018-09,26.0,93.5,18.0,0.0,0.498053236,36.0,300.72,18.0,0.0,0.0,9,Monsoon
Assam,Karbi-Anglong (DIPHU),2015-09,25.90810415,93.38966491,87.0,1.0,1.433380595,7.0,261.3,87.0,1.0,0.0,9,Monsoon
Assam,Karbi-Anglong (Diphu),2019-09,25.90810415,93.38966491,4.0,1.0,0.8584791317,36.0,299.12,4.0,1.0,0.0,9,Monsoon
Assam,Karimganj,2014-01,24.8483482,92.33221292,18.0,0.0,0.0005382347714,20.0,294.47200000000004,18.0,0.0,0.0,1,Winter
Assam,Karimganj,2016-02,24.8483482,92.33221292,9.0,1.0,0.5203251089,14.0,0.0,13.5,0.5,-0.5,2,Winter
Assam,Karimganj,2016-04,24.8483482,92.33221292,135135.0,2.0,4.284939663,6.5,296.7805,45054.0,1.0,15014.0,4,Summer
Assam,Karimganj,2017-05,24.8483482,92.33221292,12.0,0.0,0.3297125344,15.0,301.468,45052.0,1.0,-0.9999111999111999,5,Summer
Assam,Karimganj,2019-09,24.8483482,92.33221292,1.0,1.0,0.3383264513,22.0,303.7,45049.333333333336,1.0,-0.9166666666666666,9,Monsoon
Assam,Kokrajhar,2014-10,26.58687695,90.29293105,32.0,1.0,0.1488913486,44.0,297.1333334,32.0,1.0,0.0,10,Post-Monsoon
Assam,Kokrajhar,2014-12,26.58687695,90.29293105,1127.0,1.0,0.001397909572,15.0,291.2233334,579.5,1.0,34.21875,12,Winter
Assam,Kokrajhar,2016-10,26.58687695,90.29293105,7.0,1.0,0.5778237805,46.0,298.60400000000004,388.6666666666667,1.0,-0.9937888198757764,10,Post-Monsoon
Assam,Kokrajhar,2017-07,26.58687695,90.29293105,10.0,0.0,4.258933777,0.0,0.0,381.3333333333333,0.6666666666666666,0.4285714285714286,7,Monsoon
Assam,Kokrajhar,2017-09,26.58687695,90.29293105,4.0,1.0,0.8524764544,24.0,297.36,7.0,0.6666666666666666,-0.6,9,Monsoon
Assam,Kokrajhar,2020-11,26.58687695,90.29293105,8.0,0.0,0.001920052198,28.0,299.78000000000003,7.333333333333333,0.3333333333333333,1.0,11,Post-Monsoon
Assam,Lakhimpur,2010-06,27.0827158,93.9978423,6.0,1.0,1.599624629,3.0,300.52,6.0,1.0,0.0,6,Monsoon
Assam,Lakhimpur,2010-09,27.0827158,93.9978423,10.0,0.0,1.010860409,0.0,301.06,8.0,0.5,0.6666666666666667,9,Monsoon
Assam,Lakhimpur,2011-06,27.0827158,93.9978423,7.0,0.0,0.7305679829,16.0,304.36,7.666666666666667,0.3333333333333333,-0.30000000000000004,6,Monsoon
Assam,Lakhimpur,2012-03,27.0827158,93.9978423,10.0,2.0,0.5696230415,0.0,298.444,9.0,0.6666666666666666,0.4285714285714286,3,Summer
Assam,Lakhimpur,2013-03,27.0827158,93.9978423,15.0,8.0,0.008773006531,14.0,303.0733334,10.666666666666666,3.3333333333333335,0.5,3,Summer
Assam,Lakhimpur,2014-01,27.0827158,93.9978423,41.0,3.0,0.08401240019,31.0,293.312,22.0,4.333333333333333,1.7333333333333334,1,Winter
Assam,Lakhimpur,2014-06,27.0827158,93.9978423,97.0,0.0,1.547335667,18.0,0.0,51.0,3.6666666666666665,1.3658536585365852,6,Monsoon
Assam,Lakhimpur,2014-09,27.0827158,93.9978423,59110132.0,8.0,0.2732600276,24.0,302.944,19703423.333333332,3.6666666666666665,609381.8041237113,9,Monsoon
Assam,Lakhimpur,2015-05,27.0827158,93.9978423,2133.0,0.0,1.12439909745,8.5,147.84,19704120.666666668,2.6666666666666665,-0.9999639148158221,5,Summer
Assam,Lakhimpur,2015-09,27.0827158,93.9978423,22.0,0.0,4.067612711,3.0,0.0,19704095.666666668,2.6666666666666665,-0.9896858884200657,9,Monsoon
Assam,Lakhimpur,2017-08,27.0827158,93.9978423,8.0,0.0,0.262439787,0.0,303.065,721.0,0.0,-0.6363636363636364,8,Monsoon
Assam,Lakhimpur,2017-10,27.0827158,93.9978423,10.0,0.0,0.4655475234,27.0,301.315,13.333333333333334,0.0,0.25,10,Post-Monsoon
Assam,Lakhimpur,2018-04,27.0827158,93.9978423,28.0,0.0,1.406184019,0.0,302.6333334,15.333333333333334,0.0,1.7999999999999998,4,Summer
Assam,Lakhimpur,2018-06,27.0827158,93.9978423,49.0,0.0,0.5600655489,24.0,300.8533334,29.0,0.0,0.75,6,Monsoon
Assam,Lakhimpur,2019-04,27.0827158,93.9978423,37.0,0.0,0.6748318597,0.0,300.7,38.0,0.0,-0.24489795918367352,4,Summer
Assam,Lakhimpur,2021-07,27.0827158,93.9978423,1.0,1.0,0.7783882222,23.0,300.78000000000003,29.0,0.3333333333333333,-0.972972972972973,7,Monsoon
Assam,Marigaon,2011-09,26.290712,92.29221257,22.0,2.0,0.4011745704,23.0,301.08,22.0,2.0,0.0,9,Monsoon
Assam,Marigaon,2012-09,26.290712,92.29221257,33.0,0.0,0.2987110436,0.0,297.27,27.5,1.0,0.5,9,Monsoon
Assam,Marigaon,2015-05,26.290712,92.29221257,10.0,0.0,0.2636993708,21.0,300.8433334,21.666666666666668,0.6666666666666666,-0.696969696969697,5,Summer
Assam,Marigaon,2016-04,26.290712,92.29221257,5.0,2.0,0.3350384775,16.0,300.764,16.0,0.6666666666666666,-0.5,4,Summer
Assam,Marigaon,2018-11,26.290712,92.29221257,7.0,0.0,0.0369340191,41.0,301.336,7.333333333333333,0.6666666666666666,0.3999999999999999,11,Post-Monsoon
Assam,Marigaon,2019-07,26.290712,92.29221257,31.0,0.0,1.01198966,10.0,300.43,14.333333333333334,0.6666666666666666,3.428571428571429,7,Monsoon
Assam,Marigaon,2019-08,26.290712,92.29221257,16.0,0.0,0.4183755845,24.0,302.728,18.0,0.0,-0.4838709677419355,8,Monsoon
Assam,Morigaon,2011-05,26.2551482,92.3290878,46.0,1.0,0.9328065209,21.0,300.78000000000003,46.0,1.0,0.0,5,Summer
Assam,Morigaon,2011-06,26.2551482,92.3290878,4520.0,2.0,1.5089947195,14.5,300.20500000000004,2283.0,1.5,97.26086956521739,6,Monsoon
Assam,Morigaon,2013-03,26.2551482,92.3290878,48.0,0.0,0.2169218072,11.0,299.06333340000003,1538.0,1.0,-0.9893805309734514,3,Summer
Assam,Nagaon,2009-12,26.30414915,92.71605974,463.0,0.0,0.0425777914,20.0,291.5233334,463.0,0.0,0.0,12,Winter
Assam,Nagaon,2010-11,26.30414915,92.71605974,18.0,0.0,0.1259869458,0.0,297.02,240.5,0.0,-0.9611231101511879,11,Post-Monsoon
Assam,Nagaon,2011-09,26.30414915,92.71605974,8.0,2.0,0.8620547574,0.0,297.82,163.0,0.6666666666666666,-0.5555555555555556,9,Monsoon
Assam,Nagaon,2013-09,26.30414915,92.71605974,1639.0,1.0,0.90593647145,22.0,301.13,555.0,1.0,203.875,9,Monsoon
Assam,Nagaon,2015-07,26.30414915,92.71605974,24.0,0.0,0.9327305323,0.0,303.32,557.0,1.0,-0.9853569249542404,7,Monsoon
Assam,Nagaon,2015-08,26.30414915,92.71605974,9.0,0.0,0.7333330727,0.0,304.71,557.3333333333334,0.3333333333333333,-0.625,8,Monsoon
Assam,Nagaon,2016-01,26.30414915,92.71605974,27.0,5.0,0.005392601433,19.0,293.8966666,20.0,1.6666666666666667,2.0,1,Winter
Assam,Nagaon,2016-04,26.30414915,92.71605974,2548.0,0.0,0.75946933375,20.0,299.212,861.3333333333334,1.6666666666666667,93.37037037037037,4,Summer
Assam,Nagaon,2017-07,26.30414915,92.71605974,4882.0,0.0,1.097272065,21.5,303.40999999999997,2485.6666666666665,1.6666666666666667,0.9160125588697017,7,Monsoon
Assam,Nagaon,2017-09,26.30414915,92.71605974,13.0,0.0,0.9472657615,24.0,301.93,2481.0,0.0,-0.9973371569029087,9,Monsoon
Assam,Nagaon,2017-10,26.30414915,92.71605974,17.0,2.0,1.256796128,32.0,300.22,1637.3333333333333,0.6666666666666666,0.3076923076923077,10,Post-Monsoon
Assam,Nagaon,2019-04,26.30414915,92.71605974,20.0,0.0,0.07967517011,27.0,302.056,16.666666666666668,0.6666666666666666,0.17647058823529416,4,Summer
Assam,Nagaon,2019-05,26.30414915,92.71605974,9.0,0.0,0.720231476,22.0,301.64,15.333333333333334,0.6666666666666666,-0.55,5,Summer
Assam,Nagaon,2020-10,26.30414915,92.71605974,21.0,2.0,2.127016304,28.0,299.94,16.666666666666668,0.6666666666666666,1.3333333333333335,10,Post-Monsoon
Assam,Nagaon,2021-08,26.30414915,92.71605974,1.0,1.0,0.6903584484,19.0,299.81333340000003,10.333333333333334,1.0,-0.9523809523809523,8,Monsoon
Assam,Nagaon,2021-12,26.30414915,92.71605974,1.0,0.0,6.34e-05,23.0,295.6033334,7.666666666666667,1.0,0.0,12,Winter
Assam,Nalbari,2009-10,26.42386165,91.45122755,14.0,1.0,1.975201291,39.0,0.0,14.0,1.0,0.0,10,Post-Monsoon
Assam,Nalbari,2010-03,26.42386165,91.45122755,5.0,2.0,0.003936544618,5.0,300.332,9.5,1.5,-0.6428571428571428,3,Summer
Assam,Nalbari,2010-05,26.42386165,91.45122755,62.0,0.0,3.178165065,0.0,296.2966666,27.0,1.0,11.4,5,Summer
Assam,Nalbari,2012-07,26.42386165,91.45122755,20.0,2.0,0.8639459833,0.0,298.0333334,29.0,1.3333333333333333,-0.6774193548387097,7,Monsoon
Assam,Nalbari,2017-11,26.42386165,91.45122755,2.0,1.0,0.009152424322,40.0,295.7166666,28.0,1.0,-0.9,11,Post-Monsoon
Assam,Nalbari,2018-05,26.42386165,91.45122755,8.0,0.0,0.1576910642,19.0,299.6733334,10.0,1.0,3.0,5,Summer
Assam,Nalbari,2018-06,26.42386165,91.45122755,1.0,1.0,0.8803549054,7.0,286.67,3.6666666666666665,0.6666666666666666,-0.875,6,Monsoon
Assam,Sibsagar,2010-09,26.96388985,94.58213345,180.0,0.0,1.527125002,0.0,299.48,180.0,0.0,0.0,9,Monsoon
Assam,Sibsagar,2010-10,26.96388985,94.58213345,1332.0,2.0,0.3042944508,27.0,300.5466666,756.0,1.0,6.4,10,Post-Monsoon
Assam,Sibsagar,2010-11,26.96388985,94.58213345,17.0,0.0,0.3082220842,15.0,296.06,509.6666666666667,0.6666666666666666,-0.9872372372372372,11,Post-Monsoon
Assam,Sibsagar,2011-05,26.96388985,94.58213345,1532.0,0.0,0.7447201719500001,17.0,302.375,960.3333333333334,0.6666666666666666,89.11764705882354,5,Summer
Assam,Sibsagar,2011-06,26.96388985,94.58213345,3.0,1.0,1.410996264,12.0,300.705,517.3333333333334,0.3333333333333333,-0.9980417754569191,6,Monsoon
Assam,Sibsagar,2011-09,26.96388985,94.58213345,17.0,0.0,0.8672224147,21.0,301.05,517.3333333333334,0.3333333333333333,4.666666666666667,9,Monsoon
Assam,Sibsagar,2012-05,26.96388985,94.58213345,40.0,1.0,0.1099748259,21.0,303.035,20.0,0.6666666666666666,1.3529411764705883,5,Summer
Assam,Sibsagar,2012-09,26.96388985,94.58213345,59.0,0.0,1.432131992,2.0,0.0,38.666666666666664,0.3333333333333333,0.4750000000000001,9,Monsoon
Assam,Sibsagar,2013-01,26.96388985,94.58213345,43.0,17.0,7.2e-05,9.0,296.0666666,47.333333333333336,6.0,-0.27118644067796616,1,Winter
Assam,Sibsagar,2016-09,26.96388985,94.58213345,30.0,0.0,0.6505195303,19.0,300.4866666,44.0,5.666666666666667,-0.3023255813953488,9,Monsoon
Assam,Sibsagar,2017-01,26.96388985,94.58213345,24.0,3.0,0.01410269898,10.0,293.7933334,32.333333333333336,6.666666666666667,-0.19999999999999996,1,Winter
Assam,Sibsagar,2018-06,26.96388985,94.58213345,23.0,0.0,1.766388015,8.0,305.36,25.666666666666668,1.0,-0.04166666666666663,6,Monsoon
Assam,Sibsagar,2018-09,26.96388985,94.58213345,19.0,1.0,0.5640186702,23.0,301.38,22.0,1.3333333333333333,-0.17391304347826086,9,Monsoon
Assam,Sivasagar,2009-10,26.9834936,94.6394226,10.0,2.0,0.6488592336,27.0,297.74,10.0,2.0,0.0,10,Post-Monsoon
Assam,Sivasagar,2011-05,26.9834936,94.6394226,158.0,0.0,0.5992525517,17.0,301.07,84.0,1.0,14.8,5,Summer
Assam,Sivasagar,2013-02,26.9834936,94.6394226,105.0,36.0,0.007902201888,8.0,297.34000000000003,91.0,12.666666666666666,-0.33544303797468356,2,Winter
Assam,Sivasagar,2013-05,26.9834936,94.6394226,19.0,1.0,1.362098214,11.0,304.22,94.0,12.333333333333334,-0.819047619047619,5,Summer
Assam,Sivasagar,2016-04,26.9834936,94.6394226,37.0,10.0,0.7124893778,0.0,298.36,53.666666666666664,15.666666666666666,0.9473684210526316,4,Summer
Assam,Sivasagar,2016-05,26.9834936,94.6394226,235.0,1.0,1.842831286,16.0,299.18,97.0,4.0,5.351351351351352,5,Summer
Assam,Sonitpur,2009-09,26.76777075,92.70140886,578.0,8.0,0.6003700907,32.0,294.745,578.0,8.0,0.0,9,Monsoon
Assam,Sonitpur,2009-11,26.76777075,92.70140886,65.0,1.0,0.004613573965,31.0,299.90000000000003,321.5,4.5,-0.8875432525951557,11,Post-Monsoon
Assam,Sonitpur,2010-03,26.76777075,92.70140886,23301112.0,12.0,1.9224935336666666,6.0,298.48,7767251.666666667,7.0,358477.6461538462,3,Summer
Assam,Sonitpur,2010-05,26.76777075,92.70140886,19928981.0,5.0,1.4016609123333332,3.3333333333333335,301.02000000000004,14410052.666666666,6.0,-0.1447197455640744,5,Summer
Assam,Sonitpur,2010-09,26.76777075,92.70140886,23220.0,6.0,0.8358232404,12.0,299.8833333,14417771.0,7.666666666666667,-0.9988348626555467,9,Monsoon
Assam,Sonitpur,2010-10,26.76777075,92.70140886,1808879.0,40.0,0.16969002600000002,29.333333333333332,300.0333333333333,7253693.333333333,17.0,76.90176571920757,10,Post-Monsoon
Assam,Sonitpur,2011-04,26.76777075,92.70140886,13.0,0.0,0.35847868,17.0,298.94333340000003,610704.0,15.333333333333334,-0.9999928132285244,4,Summer
Assam,Sonitpur,2011-05,26.76777075,92.70140886,20856.0,0.0,2.058355918,18.0,301.3708333,609916.0,13.333333333333334,1603.3076923076924,5,Summer
Assam,Sonitpur,2011-07,26.76777075,92.70140886,47.0,2.0,2.508183342,7.0,299.18,6972.0,0.6666666666666666,-0.9977464518603759,7,Monsoon
Assam,Sonitpur,2011-11,26.76777075,92.70140886,15.0,1.0,0.08348132513,35.0,299.8766666,6972.666666666667,1.0,-0.6808510638297872,11,Post-Monsoon
Assam,Sonitpur,2012-10,26.76777075,92.70140886,3022423516.0,0.0,0.4597851300375,27.25,299.52708335,1007474526.0,1.0,201494900.06666666,10,Post-Monsoon
Assam,Sonitpur,2013-04,26.76777075,92.70140886,10.0,1.0,1.053657897,5.0,298.88,1007474513.6666666,0.6666666666666666,-0.9999999966913968,4,Summer
Assam,Sonitpur,2013-09,26.76777075,92.70140886,225.0,0.0,0.1921449881,26.0,303.4766666,1007474583.6666666,0.3333333333333333,21.5,9,Monsoon
Assam,Sonitpur,2015-01,26.76777075,92.70140886,12.0,0.0,0.001136885664,28.0,295.68333340000004,82.33333333333333,0.3333333333333333,-0.9466666666666667,1,Winter
Assam,Sonitpur,2015-03,26.76777075,92.70140886,42.0,0.0,0.01183512621,15.0,303.876,93.0,0.0,2.5,3,Summer
Assam,Sonitpur,2016-06,26.76777075,92.70140886,113.0,0.0,0.7493774582,0.0,299.99,55.666666666666664,0.0,1.6904761904761907,6,Monsoon
Assam,Sonitpur,2022-06,26.76777075,92.70140886,2.0,0.0,0.5937271413,9.0,301.796,52.333333333333336,0.0,-0.9823008849557522,6,Monsoon
Assam,Sonitpur (Tezpur),2017-05,26.6265106,92.8002917,48.0,0.0,0.4129942317,19.0,304.04,48.0,0.0,0.0,5,Summer
Assam,Sonitpur (Tezpur),2017-10,26.6265106,92.8002917,11.0,0.0,1.798216382,32.0,293.2333334,29.5,0.0,-0.7708333333333334,10,Post-Monsoon
Assam,Sonitpur (Tezpur),2019-04,26.6265106,92.8002917,22.0,0.0,0.322215395,0.0,300.1,27.0,0.0,1.0,4,Summer
Assam,Sonitpur (Tezpur),2019-07,26.6265106,92.8002917,8.0,0.0,4.013340576,0.0,0.0,13.666666666666666,0.0,-0.6363636363636364,7,Monsoon
Assam,Tinsukia,2010-06,27.52016575,95.53063473,11.0,0.0,1.511458932,3.0,0.0,11.0,0.0,0.0,6,Monsoon
Assam,Tinsukia,2011-06,27.52016575,95.53063473,11.0,1.0,0.3427579212,13.0,302.2666666,11.0,0.5,0.0,6,Monsoon
Assam,Tinsukia,2012-07,27.52016575,95.53063473,15.0,1.0,1.668652947,0.0,295.16,12.333333333333334,0.6666666666666666,0.36363636363636354,7,Monsoon
Assam,Tinsukia,2013-01,27.52016575,95.53063473,81.0,23.0,0.01251454682,17.0,291.36333340000004,35.666666666666664,8.333333333333334,4.4,1,Winter
Assam,Tinsukia,2013-06,27.52016575,95.53063473,41.0,10.0,0.1551163368,0.0,306.4633334,45.666666666666664,11.333333333333334,-0.49382716049382713,6,Monsoon
Assam,Tinsukia,2013-10,27.52016575,95.53063473,10.0,2.0,0.02083127434,36.0,300.9733334,44.0,11.666666666666666,-0.7560975609756098,10,Post-Monsoon
Assam,Tinsukia,2013-11,27.52016575,95.53063473,11.0,1.0,0.3515346128,34.0,294.325,20.666666666666668,4.333333333333333,0.10000000000000009,11,Post-Monsoon
Assam,Tinsukia,2016-01,27.52016575,95.53063473,65.0,9.0,0.01704671474,21.0,292.4766666,28.666666666666668,4.0,4.909090909090909,1,Winter
Assam,Tinsukia,2016-08,27.52016575,95.53063473,16.0,0.0,0.4757304659,35.0,300.625,30.666666666666668,3.3333333333333335,-0.7538461538461538,8,Monsoon
Assam,Tinsukia,2017-06,27.52016575,95.53063473,22.0,0.0,1.012743797,30.0,304.38,34.333333333333336,3.0,0.375,6,Monsoon
Assam,Tinsukia,2017-08,27.52016575,95.53063473,280.0,0.0,0.5237995799,0.0,303.38,106.0,0.0,11.727272727272727,8,Monsoon
Assam,Tinsukia,2018-09,27.52016575,95.53063473,79.0,0.0,0.5365674269,35.0,298.7133334,127.0,0.0,-0.7178571428571429,9,Monsoon
Assam,Tinsukia,2019-08,27.52016575,95.53063473,10.0,0.0,0.9413872445,27.0,301.76,123.0,0.0,-0.8734177215189873,8,Monsoon
Assam,Tinsukia,2019-09,27.52016575,95.53063473,5.0,0.0,0.3024225084,35.0,303.0666666,31.333333333333332,0.0,-0.5,9,Monsoon
Assam,Tinsukia,2019-11,27.52016575,95.53063473,12.0,0.0,0.02130639336,31.0,298.15000000000003,9.0,0.0,1.4,11,Post-Monsoon
Assam,Udalguri,2011-06,26.77253155,92.10641749,404140404404.0,15.0,0.4512064029,15.0,296.445,404140404404.0,15.0,0.0,6,Monsoon
Assam,Udalguri,2012-02,26.77253155,92.10641749,30.0,2.0,0.0456279034,21.0,292.2066666,202070202217.0,8.5,-0.9999999999257684,2,Winter
Assam,Udalguri,2012-05,26.77253155,92.10641749,57.0,2.0,0.2949388284,27.0,302.31,134713468163.66667,6.333333333333333,0.8999999999999999,5,Summer
Assam,Udalguri,2013-05,26.77253155,92.10641749,2713.0,2.0,0.64690451105,0.0,297.08333330000005,933.3333333333334,2.0,46.59649122807018,5,Summer
Assam,Udalguri,2014-01,26.77253155,92.10641749,14.0,1.0,0.00108755249,27.0,294.632,928.0,1.6666666666666667,-0.9948396608920015,1,Winter
Assam,Udalguri,2014-07,26.77253155,92.10641749,14.0,4.0,0.6693631551,7.0,295.34000000000003,913.6666666666666,2.3333333333333335,0.0,7,Monsoon
Assam,Udalguri,2014-11,26.77253155,92.10641749,13.0,1.0,0.03663071029,31.0,292.8666666,13.666666666666666,2.0,-0.0714285714285714,11,Post-Monsoon
Assam,Udalguri,2014-12,26.77253155,92.10641749,120.0,1.0,7.25e-05,7.0,293.51,49.0,2.0,8.23076923076923,12,Winter
Assam,Udalguri,2015-09,26.77253155,92.10641749,55.0,0.0,2.523038283,36.0,289.94,62.666666666666664,0.6666666666666666,-0.5416666666666667,9,Monsoon
Assam,Udalguri,2015-10,26.77253155,92.10641749,14.0,0.0,0.1778561426,39.0,301.18333340000004,63.0,0.3333333333333333,-0.7454545454545455,10,Post-Monsoon
Assam,Udalguri,2016-05,26.77253155,92.10641749,35.0,2.0,0.3287352801,20.0,301.38,34.666666666666664,0.6666666666666666,1.5,5,Summer
Assam,Udalguri,2017-12,26.77253155,92.10641749,9328.0,0.0,0.0001818226472,4.0,294.8263333,3125.6666666666665,0.6666666666666666,265.51428571428573,12,Winter
Assam,Udalguri,2018-05,26.77253155,92.10641749,5047.0,0.0,1.1301280445000002,14.0,146.86,4803.333333333333,0.6666666666666666,-0.45894082332761577,5,Summer
Assam,Udalguri,2018-06,26.77253155,92.10641749,14.0,0.0,0.5968360201,7.0,0.0,4796.333333333333,0.0,-0.9972260748959778,6,Monsoon
Assam,Udalguri,2019-04,26.77253155,92.10641749,52.0,0.0,0.03253068923,27.0,299.30400000000003,1704.3333333333333,0.0,2.7142857142857144,4,Summer
Assam,Udalguri,2019-11,26.77253155,92.10641749,9.0,1.0,0.01176659525,32.0,295.51,25.0,0.3333333333333333,-0.8269230769230769,11,Post-Monsoon
Assam,Udalguri,2021-07,26.77253155,92.10641749,1.0,1.0,0.3605618443,24.0,301.72,20.666666666666668,0.6666666666666666,-0.8888888888888888,7,Monsoon
Assam,Udalguri,2021-08,26.77253155,92.10641749,34.0,0.0,2.04125962,22.0,300.42,14.666666666666666,0.6666666666666666,33.0,8,Monsoon
Assam,Udalguri,2022-05,26.77253155,92.10641749,14.0,0.0,2.407587488,0.0,300.92,16.333333333333332,0.3333333333333333,-0.5882352941176471,5,Summer
Assam,Udalguri (Darrang),2011-04,26.7445958,92.0971834,200.0,0.0,0.1040485349,0.0,296.75,200.0,0.0,0.0,4,Summer
Bihar,Araria,2010-09,26.26498795,87.37162648,18.0,0.0,1.120859326,15.0,300.82,18.0,0.0,0.0,9,Monsoon
Bihar,Araria,2010-11,26.26498795,87.37162648,4.0,4.0,0.01407986658,10.0,302.172,11.0,2.0,-0.7777777777777778,11,Post-Monsoon
Bihar,Araria,2011-10,26.26498795,87.37162648,123131.0,0.0,0.11754749446666667,0.0,301.64222220000005,41051.0,1.3333333333333333,30781.75,10,Post-Monsoon
Bihar,Araria,2011-11,26.26498795,87.37162648,12.0,0.0,0.0478068869,0.0,299.625,41049.0,1.3333333333333333,-0.9999025428202484,11,Post-Monsoon
Bihar,Araria,2012-03,26.26498795,87.37162648,29.0,0.0,0.0005334981688,6.0,301.8266666,41057.333333333336,0.0,1.4166666666666665,3,Summer
Bihar,Araria,2012-11,26.26498795,87.37162648,20.0,0.0,6.04e-05,10.0,302.16,20.333333333333332,0.0,-0.31034482758620685,11,Post-Monsoon
Bihar,Araria,2013-09,26.26498795,87.37162648,1920.0,0.0,0.7170112573,5.0,301.14200000000005,656.3333333333334,0.0,95.0,9,Monsoon
Bihar,Araria,2013-10,26.26498795,87.37162648,18.0,2.0,0.3190018024,21.0,301.0933334,652.6666666666666,0.6666666666666666,-0.990625,10,Post-Monsoon
Bihar,Araria,2013-12,26.26498795,87.37162648,12.0,7.0,0.01410128011,0.0,295.16,650.0,3.0,-0.33333333333333337,12,Winter
Bihar,Araria,2014-09,26.26498795,87.37162648,208.0,12.0,0.93776085425,15.5,300.023,79.33333333333333,7.0,16.333333333333332,9,Monsoon
Bihar,Araria,2014-10,26.26498795,87.37162648,617.0,5.0,0.09968361484999999,13.5,302.142,279.0,8.0,1.9663461538461537,10,Post-Monsoon
Bihar,Araria,2014-11,26.26498795,87.37162648,5.0,5.0,0.03353428156,14.0,302.248,276.6666666666667,7.333333333333333,-0.9918962722852512,11,Post-Monsoon
Bihar,Araria,2019-10,26.26498795,87.37162648,36.0,3.0,2.071982844,18.0,298.65000000000003,219.33333333333334,4.333333333333333,6.2,10,Post-Monsoon
Bihar,Arwal,2016-07,25.18077715,84.65920203,21.0,0.0,0.5989348944,0.0,302.04,21.0,0.0,0.0,7,Monsoon
Bihar,Arwal,2017-07,25.18077715,84.65920203,1219.0,1.0,1.30259643765,2.5,303.21333330000004,620.0,0.5,57.04761904761905,7,Monsoon
Bihar,Arwal,2019-10,25.18077715,84.65920203,5.0,0.0,0.03988869053,0.0,302.568,415.0,0.3333333333333333,-0.9958982772764561,10,Post-Monsoon
Bihar,Aurangabad,2011-07,24.786306,84.41448983,8.0,2.0,0.8185006585,10.0,0.0,8.0,2.0,0.0,7,Monsoon
Bihar,Aurangabad,2011-08,24.786306,84.41448983,18269.0,1.0,1.2452947373,2.3333333333333335,100.80888886666666,9138.5,1.5,2282.625,8,Monsoon
Bihar,Aurangabad,2011-09,24.786306,84.41448983,18.0,0.0,0.8577299239,17.0,296.40000000000003,6098.333333333333,1.0,-0.9990147243965187,9,Monsoon
Bihar,Aurangabad,2011-11,24.786306,84.41448983,22.0,0.0,4.81e-05,11.0,301.615,6103.0,0.3333333333333333,0.22222222222222232,11,Post-Monsoon
Bihar,Aurangabad,2012-07,24.786306,84.41448983,16.0,0.0,0.7214775343,0.0,0.0,18.666666666666668,0.0,-0.2727272727272727,7,Monsoon
Bihar,Aurangabad,2012-08,24.786306,84.41448983,25.0,0.0,0.5480145182,9.0,0.0,21.0,0.0,0.5625,8,Monsoon
Bihar,Aurangabad,2015-06,24.786306,84.41448983,906.0,0.0,1.230280633,8.0,309.44,315.6666666666667,0.0,35.24,6,Monsoon
Bihar,Aurangabad,2015-07,24.786306,84.41448983,3.0,2.0,0.5102865319,7.0,303.4666666,311.3333333333333,0.6666666666666666,-0.9966887417218543,7,Monsoon
Bihar,Aurangabad,2017-10,24.786306,84.41448983,20.0,2.0,0.0009095016288,14.0,303.2466666,309.6666666666667,1.3333333333333333,5.666666666666667,10,Post-Monsoon
Bihar,Aurangabad,2018-08,24.786306,84.41448983,7.0,0.0,2.445436209,1.0,0.0,10.0,1.3333333333333333,-0.65,8,Monsoon
Bihar,Banka,2013-06,24.8655681,86.87278642,37.0,0.0,1.379389116,7.0,0.0,37.0,0.0,0.0,6,Monsoon
Bihar,Banka,2014-07,24.8655681,86.87278642,101.0,0.0,0.6429880459,10.0,304.04,69.0,0.0,1.7297297297297298,7,Monsoon
Bihar,Banka,2014-08,24.8655681,86.87278642,38.0,0.0,0.8109946902,6.0,0.0,58.666666666666664,0.0,-0.6237623762376238,8,Monsoon
Bihar,Banka,2014-09,24.8655681,86.87278642,29.0,0.0,0.3579548846,0.0,300.335,56.0,0.0,-0.23684210526315785,9,Monsoon
Bihar,Banka,2015-11,24.8655681,86.87278642,22.0,3.0,0.0002900935046,6.0,300.64,29.666666666666668,1.0,-0.24137931034482762,11,Post-Monsoon
Bihar,Bhabua,2013-07,25.07634815,83.63359776,346971.0,0.0,0.4814204257,0.0,272.0,346971.0,0.0,0.0,7,Monsoon
Bihar,Bhabua,2016-07,25.07634815,83.63359776,24.0,0.0,0.8506309581,0.0,306.44,173497.5,0.0,-0.9999308299540883,7,Monsoon
Bihar,Bhabua,2016-08,25.07634815,83.63359776,131310618.0,2.0,0.907183331,7.25,300.1241667,43885871.0,0.6666666666666666,5471274.75,8,Monsoon
Bihar,Bhabua,2016-09,25.07634815,83.63359776,61.0,0.0,0.6308306346,0.0,306.06,43770234.333333336,0.6666666666666666,-0.9999995354526471,9,Monsoon
Bihar,Bhabua,2017-09,25.07634815,83.63359776,171426.0,2.0,0.40269697713333336,6.333333333333333,301.9042222,43827368.333333336,1.3333333333333333,2809.2622950819673,9,Monsoon
Bihar,Bhabua,2019-10,25.07634815,83.63359776,3.0,1.0,0.03083031893,16.0,300.52,57163.333333333336,1.0,-0.9999824997374961,10,Post-Monsoon
Bihar,Bhagalpur,2011-10,25.2871758,87.13033088,30.0,0.0,0.1532392824,18.0,301.81333340000003,30.0,0.0,0.0,10,Post-Monsoon
Bihar,Bhagalpur,2015-06,25.2871758,87.13033088,521.0,1.0,1.25256457,5.0,0.0,275.5,0.5,16.366666666666667,6,Monsoon
Bihar,Bhagalpur,2019-10,25.2871758,87.13033088,13.0,3.0,0.40245357,20.0,301.25333340000003,188.0,1.3333333333333333,-0.9750479846449136,10,Post-Monsoon
Bihar,Bhojpur,2012-07,25.25,84.25,3725.0,2.0,2.034400387,3.0,287.98,3725.0,2.0,0.0,7,Monsoon
Bihar,Bhojpur,2012-08,25.25,84.25,3912.0,1.0,0.63574607705,7.5,295.505,3818.5,1.5,0.050201342281879224,8,Monsoon
Bihar,Bhojpur,2012-10,25.25,84.25,36.0,0.0,0.002867402414,10.0,303.7333334,2557.6666666666665,1.0,-0.99079754601227,10,Post-Monsoon
Bihar,Bhojpur,2015-06,25.25,84.25,724.0,2.0,1.972170859,5.0,296.03000000000003,1557.3333333333333,1.0,19.11111111111111,6,Monsoon
Bihar,Buxar,2016-07,25.5620715,84.01567205,15.0,0.0,0.7764857433,0.0,278.52,15.0,0.0,0.0,7,Monsoon
Bihar,Buxar,2020-03,25.5620715,84.01567205,50.0,0.0,0.06771296632,19.0,296.904,32.5,0.0,2.3333333333333335,3,Summer
Bihar,Darbhanga,2011-09,26.08314325,86.03257097,81.0,1.0,0.1226691085,18.0,301.3866666,81.0,1.0,0.0,9,Monsoon
Bihar,Darbhanga,2013-08,26.08314325,86.03257097,20.0,0.0,0.9507921101,0.0,303.08,50.5,0.5,-0.7530864197530864,8,Monsoon
Bihar,Darbhanga,2013-09,26.08314325,86.03257097,33.0,0.0,0.19337862,17.0,300.26,44.666666666666664,0.3333333333333333,0.6499999999999999,9,Monsoon
Bihar,Darbhanga,2013-11,26.08314325,86.03257097,72.0,0.0,3.07e-05,8.0,300.80333340000004,41.666666666666664,0.0,1.1818181818181817,11,Post-Monsoon
Bihar,Darbhanga,2014-09,26.08314325,86.03257097,81.0,0.0,0.6904417549,14.0,300.86,62.0,0.0,0.125,9,Monsoon
Bihar,Darbhanga,2016-09,26.08314325,86.03257097,19.0,0.0,0.7542751842,9.0,302.34000000000003,57.333333333333336,0.0,-0.7654320987654322,9,Monsoon
Bihar,Darbhanga,2016-10,26.08314325,86.03257097,24246124.0,0.0,0.30109571509,9.25,300.868,8082074.666666667,0.0,1276110.7894736843,10,Post-Monsoon
Bihar,Darbhanga,2017-10,26.08314325,86.03257097,33.0,0.0,0.07969373345,16.0,300.76,8082058.666666667,0.0,-0.9999986389577155,10,Post-Monsoon
Bihar,East Champaran,2013-09,26.5475298,84.6717583,14.0,1.0,0.4426088755,21.0,297.2,14.0,1.0,0.0,9,Monsoon
Bihar,East Champaran,2014-03,26.5475298,84.6717583,20.0,0.0,0.5296489103,14.0,292.675,17.0,0.5,0.4285714285714286,3,Summer
Bihar,East Champaran,2014-10,26.5475298,84.6717583,21.0,1.0,0.04125474081,13.0,300.868,18.333333333333332,0.6666666666666666,0.050000000000000044,10,Post-Monsoon
Bihar,Gaya,2011-06,24.7964355,85.0079563,531010.0,0.0,0.5427496906666667,5.0,310.6,531010.0,0.0,0.0,6,Monsoon
Bihar,Gaya,2011-07,24.7964355,85.0079563,182412.0,0.0,0.5665152136,8.666666666666666,102.49333333333334,356711.0,0.0,-0.6564810455546977,7,Monsoon
Bihar,Gaya,2011-08,24.7964355,85.0079563,172329201.0,48.0,1.8081129052500002,5.5,75.6075,57680874.333333336,16.0,943.7251332149201,8,Monsoon
Bihar,Gaya,2012-05,24.7964355,85.0079563,1220.0,17.0,7.03e-05,4.0,317.6866666,57504277.666666664,21.666666666666668,-0.9999929205265682,5,Summer
Bihar,Gaya,2012-06,24.7964355,85.0079563,54.0,0.0,0.7106616371,2.0,313.84000000000003,57443491.666666664,21.666666666666668,-0.9557377049180328,6,Monsoon
Bihar,Gaya,2012-07,24.7964355,85.0079563,2525.0,0.0,0.99666858055,2.0,150.81,1266.3333333333333,5.666666666666667,45.75925925925926,7,Monsoon
Bihar,Gaya,2012-08,24.7964355,85.0079563,313527.0,5.0,0.6480359816,6.0,0.0,105368.66666666667,1.6666666666666667,123.16910891089108,8,Monsoon
Bihar,Gaya,2012-11,24.7964355,85.0079563,23.0,0.0,0.0001737243681,10.0,299.705,105358.33333333333,1.6666666666666667,-0.9999266410867326,11,Post-Monsoon
Bihar,Gaya,2013-04,24.7964355,85.0079563,24.0,0.0,0.03725978907,4.0,314.5233334,104524.66666666667,1.6666666666666667,0.04347826086956519,4,Summer
Bihar,Gaya,2013-06,24.7964355,85.0079563,72.0,1.0,1.147288305,7.0,308.3,39.666666666666664,0.3333333333333333,2.0,6,Monsoon
Bihar,Gaya,2014-06,24.7964355,85.0079563,5535.0,1.0,0.023350651134999997,8.0,308.5293333,1877.0,0.6666666666666666,75.875,6,Monsoon
Bihar,Gaya,2014-09,24.7964355,85.0079563,110.0,0.0,0.8045851698,15.0,302.0,1905.6666666666667,0.6666666666666666,-0.980126467931346,9,Monsoon
Bihar,Gaya,2015-06,24.7964355,85.0079563,1204.0,0.0,0.8612070731,8.0,0.0,2283.0,0.3333333333333333,9.945454545454545,6,Monsoon
Bihar,Gaya,2016-04,24.7964355,85.0079563,4444.0,0.0,5.63e-05,3.0,318.5,1919.3333333333333,0.0,2.691029900332226,4,Summer
Bihar,Gaya,2016-05,24.7964355,85.0079563,27196.0,0.0,0.1246818943,4.0,314.89,10948.0,0.0,5.11971197119712,5,Summer
Bihar,Gopalganj,2011-08,26.4207265,84.37406407,295.0,1.0,0.6867550611,10.0,150.625,295.0,1.0,0.0,8,Monsoon
Bihar,Gopalganj,2012-07,26.4207265,84.37406407,20.0,0.0,1.846160155,3.0,0.0,157.5,0.5,-0.9322033898305084,7,Monsoon
Bihar,Gopalganj,2015-08,26.4207265,84.37406407,9.0,2.0,0.7687098152,0.0,301.06,108.0,1.0,-0.55,8,Monsoon
Bihar,Jamui,2011-08,24.96785205,86.17351147,5014.0,0.0,1.30231605645,8.0,151.42000000000002,5014.0,0.0,0.0,8,Monsoon
Bihar,Jamui,2012-08,24.96785205,86.17351147,14.0,1.0,0.5629016227,10.0,300.61333340000004,2514.0,0.5,-0.9972078181092939,8,Monsoon
Bihar,Jamui,2013-08,24.96785205,86.17351147,20.0,2.0,0.5454215166,12.0,302.7066666,1682.6666666666667,1.0,0.4285714285714286,8,Monsoon
Bihar,Jamui,2015-12,24.96785205,86.17351147,48.0,2.0,0.03020803562,0.0,295.325,27.333333333333332,1.6666666666666667,1.4,12,Winter
Bihar,Jamui,2016-01,24.96785205,86.17351147,6.0,0.0,2.74e-05,6.5,296.288,24.666666666666668,1.3333333333333333,-0.875,1,Winter
Bihar,Jamui,2016-06,24.96785205,86.17351147,11.0,0.0,0.2660622835,7.0,310.3,21.666666666666668,0.6666666666666666,0.8333333333333333,6,Monsoon
Bihar,Jamui,2016-07,24.96785205,86.17351147,1222.0,0.0,0.47349612630000004,6.0,153.26,413.0,0.0,110.0909090909091,7,Monsoon
Bihar,Jamui,2016-08,24.96785205,86.17351147,63213.0,2.0,0.6967143108333334,7.333333333333333,304.23333333333335,21482.0,0.6666666666666666,50.729132569558104,8,Monsoon
Bihar,Jamui,2016-09,24.96785205,86.17351147,2432.0,0.0,0.8555641287,0.0,301.27,22289.0,0.6666666666666666,-0.961526901112113,9,Monsoon
Bihar,Jamui,2017-08,24.96785205,86.17351147,512.0,0.0,0.7413227056,4.5,149.125,22052.333333333332,0.6666666666666666,-0.7894736842105263,8,Monsoon
Bihar,Jamui,2017-10,24.96785205,86.17351147,34.0,1.0,0.9192221273,0.0,301.04400000000004,992.6666666666666,0.3333333333333333,-0.93359375,10,Post-Monsoon
Bihar,Jamui,2018-09,24.96785205,86.17351147,33.0,0.0,0.455808117,19.0,303.7866666,193.0,0.3333333333333333,-0.02941176470588236,9,Monsoon
Bihar,Jehanabad,2011-08,25.15247135,85.00687849,39.0,10.0,0.4825565637,10.0,303.24,39.0,10.0,0.0,8,Monsoon
Bihar,Jehanabad,2015-08,25.15247135,85.00687849,14.0,0.0,0.5010215145,15.0,303.58,26.5,5.0,-0.641025641025641,8,Monsoon
Bihar,Jehanabad,2016-09,25.15247135,85.00687849,1035.0,3.0,0.60627152805,15.0,301.9716667,362.6666666666667,4.333333333333333,72.92857142857143,9,Monsoon
Bihar,Jehanabad,2017-08,25.15247135,85.00687849,17.0,3.0,0.6532279597,0.0,303.22,355.3333333333333,2.0,-0.9835748792270531,8,Monsoon
Bihar,Jehanabad,2019-06,25.15247135,85.00687849,410.0,1.0,0.155958273805,2.0,316.75800000000004,487.3333333333333,2.3333333333333335,23.11764705882353,6,Monsoon
Bihar,Jehanabad,2019-10,25.15247135,85.00687849,95.0,0.0,0.35236651355000004,15.0,300.185,174.0,1.3333333333333333,-0.7682926829268293,10,Post-Monsoon
Bihar,Katihar,2011-07,25.5591001,87.64745596,1919.0,2.0,0.4385494543,8.0,302.41,1919.0,2.0,0.0,7,Monsoon
Bihar,Katihar,2011-10,25.5591001,87.64745596,2431.0,2.0,0.026322436545,14.0,302.5,2175.0,2.0,0.2668056279312141,10,Post-Monsoon
Bihar,Katihar,2013-10,25.5591001,87.64745596,13.0,3.0,0.0504392425,0.0,301.2133334,1454.3333333333333,2.3333333333333335,-0.9946524064171123,10,Post-Monsoon
Bihar,Katihar,2014-07,25.5591001,87.64745596,22.0,0.0,0.5999962582,0.0,302.69,822.0,1.6666666666666667,0.6923076923076923,7,Monsoon
Bihar,Katihar,2014-09,25.5591001,87.64745596,19.0,0.0,0.6517010335,0.0,301.34000000000003,18.0,1.0,-0.13636363636363635,9,Monsoon
Bihar,Katihar,2014-10,25.5591001,87.64745596,15.0,0.0,0.09867226591,21.0,301.1966666,18.666666666666668,0.0,-0.21052631578947367,10,Post-Monsoon
Bihar,Katihar,2016-07,25.5591001,87.64745596,26.0,0.0,0.7951526221,0.0,0.0,20.0,0.0,0.7333333333333334,7,Monsoon
Bihar,Katihar,2016-10,25.5591001,87.64745596,9.0,2.0,0.05356773136,15.0,302.8566666,16.666666666666668,0.6666666666666666,-0.6538461538461539,10,Post-Monsoon
Bihar,Khagaria,2011-03,25.4916868,86.69910848,2.0,0.0,0.001582866165,15.0,296.82,2.0,0.0,0.0,3,Summer
Bihar,Khagaria,2014-08,25.4916868,86.69910848,10.0,0.0,0.9954727515,6.0,300.62,6.0,0.0,4.0,8,Monsoon
Bihar,Khagaria,2015-11,25.4916868,86.69910848,29.0,0.0,0.01839182669,7.0,303.492,13.666666666666666,0.0,1.9,11,Post-Monsoon
Bihar,Lakhisarai,2010-06,25.1677029,86.05935924,13121.0,0.0,0.6143783894,5.0,307.72,13121.0,0.0,0.0,6,Monsoon
Bihar,Lakhisarai,2011-02,25.1677029,86.05935924,45.0,0.0,0.0897718966,0.0,294.672,6583.0,0.0,-0.9965703833549272,2,Winter
Bihar,Lakhisarai,2011-07,25.1677029,86.05935924,211214.0,0.0,0.47051803323333335,8.0,202.52666666666667,74793.33333333333,0.0,4692.644444444444,7,Monsoon
Bihar,Lakhisarai,2011-08,25.1677029,86.05935924,2012.0,1.0,0.73793054575,8.5,301.0333333,71090.33333333333,0.3333333333333333,-0.990474116299109,8,Monsoon
Bihar,Lakhisarai,2011-10,25.1677029,86.05935924,8.0,1.0,0.07687955655,0.0,302.464,71078.0,0.6666666666666666,-0.9960238568588469,10,Post-Monsoon
Bihar,Lakhisarai,2011-11,25.1677029,86.05935924,45.0,0.0,0.002280614862,8.0,300.8833334,688.3333333333334,0.6666666666666666,4.625,11,Post-Monsoon
Bihar,Lakhisarai,2012-07,25.1677029,86.05935924,22.0,2.0,0.9146905568,4.0,0.0,25.0,1.0,-0.5111111111111111,7,Monsoon
Bihar,Lakhisarai,2012-08,25.1677029,86.05935924,2429301515.0,1.0,0.59864757746,7.8,301.27,809767194.0,1.0,110422795.13636364,8,Monsoon
Bihar,Lakhisarai,2013-07,25.1677029,86.05935924,16.0,0.0,0.5813792475,6.0,297.46,809767184.3333334,1.0,-0.9999999934137447,7,Monsoon
Bihar,Lakhisarai,2014-06,25.1677029,86.05935924,3131.0,0.0,0.09822919527,7.0,304.764,809768220.6666666,0.3333333333333333,194.6875,6,Monsoon
Bihar,Lakhisarai,2014-07,25.1677029,86.05935924,22.0,0.0,0.4590265376,7.0,302.23,1056.3333333333333,0.0,-0.9929734908974769,7,Monsoon
Bihar,Madhubani,2011-09,26.350072,86.22914689,118.0,1.0,0.8028566807,14.0,289.26,118.0,1.0,0.0,9,Monsoon
Bihar,Madhubani,2011-10,26.350072,86.22914689,4120.0,1.0,0.1263816755,18.5,301.52,2119.0,1.0,33.91525423728814,10,Post-Monsoon
Bihar,Madhubani,2012-07,26.350072,86.22914689,18.0,0.0,1.146858848,6.0,281.44,1418.6666666666667,0.6666666666666666,-0.9956310679611651,7,Monsoon
Bihar,Madhubani,2012-09,26.350072,86.22914689,71.0,2.0,1.067061481,19.0,289.0,1403.0,1.0,2.9444444444444446,9,Monsoon
Bihar,Madhubani,2013-05,26.350072,86.22914689,17.0,1.0,0.2585846614,0.0,302.78000000000003,35.333333333333336,1.0,-0.7605633802816901,5,Summer
Bihar,Madhubani,2013-06,26.350072,86.22914689,16.0,1.0,0.3493724776,0.0,306.04,34.666666666666664,1.3333333333333333,-0.05882352941176472,6,Monsoon
Bihar,Madhubani,2013-07,26.350072,86.22914689,15.0,0.0,2.133578023,7.0,0.0,16.0,0.6666666666666666,-0.0625,7,Monsoon
Bihar,Madhubani,2013-08,26.350072,86.22914689,27.0,0.0,0.9095147056,5.0,286.67,19.333333333333332,0.3333333333333333,0.8,8,Monsoon
Bihar,Madhubani,2013-09,26.350072,86.22914689,2243253469.0,1.0,0.83635817222,12.4,300.61366668,747751170.3333334,0.3333333333333333,83083460.81481482,9,Monsoon
Bihar,Madhubani,2013-10,26.350072,86.22914689,184030.0,3.0,0.16287229726333333,12.0,300.2164444666667,747812508.6666666,1.3333333333333333,-0.9999179629040841,10,Post-Monsoon
Bihar,Madhubani,2014-08,26.350072,86.22914689,22.0,1.0,1.138553184,0.0,289.59000000000003,747812507.0,1.6666666666666667,-0.9998804542737597,8,Monsoon
Bihar,Madhubani,2014-09,26.350072,86.22914689,17.0,0.0,0.6258789936,21.0,293.22400000000005,61356.333333333336,1.3333333333333333,-0.2272727272727273,9,Monsoon
Bihar,Madhubani,2015-08,26.350072,86.22914689,11.0,0.0,0.7988266214,0.0,294.7733334,16.666666666666668,0.3333333333333333,-0.3529411764705882,8,Monsoon
Bihar,Madhubani,2015-09,26.350072,86.22914689,23.0,0.0,0.6543405703,17.0,301.265,17.0,0.0,1.0909090909090908,9,Monsoon
Bihar,Madhubani,2016-07,26.350072,86.22914689,219.0,2.0,0.5558263312,7.0,290.175,84.33333333333333,0.6666666666666666,8.521739130434783,7,Monsoon
Bihar,Madhubani,2017-04,26.350072,86.22914689,21.0,0.0,0.0573375211,0.0,300.676,87.66666666666667,0.6666666666666666,-0.904109589041096,4,Summer
Bihar,Madhubani,2017-05,26.350072,86.22914689,23.0,0.0,0.1139035332,0.0,303.3533334,87.66666666666667,0.6666666666666666,0.09523809523809534,5,Summer
Bihar,Madhubani,2017-08,26.350072,86.22914689,10.0,0.0,0.6710073868,17.0,298.02,18.0,0.0,-0.5652173913043479,8,Monsoon
Bihar,Madhubani,2017-09,26.350072,86.22914689,13.0,1.0,0.2068480881,20.0,301.28400000000005,15.333333333333334,0.3333333333333333,0.30000000000000004,9,Monsoon
Bihar,Madhubani,2018-09,26.350072,86.22914689,15.0,0.0,0.7651931259,14.0,298.48,12.666666666666666,0.3333333333333333,0.15384615384615374,9,Monsoon
Bihar,Munger,2009-08,25.22081165,86.51720367,335850453.0,1.0,1.1410147102333335,8.0,301.66833333333335,335850453.0,1.0,0.0,8,Monsoon
Bihar,Munger,2009-09,25.22081165,86.51720367,260.0,0.0,0.862804304,0.0,302.19,167925356.5,0.5,-0.9999992258459154,9,Monsoon
Bihar,Munger,2010-07,25.22081165,86.51720367,2954.0,0.0,0.9780725054,0.0,310.58,111951222.33333333,0.3333333333333333,10.361538461538462,7,Monsoon
Bihar,Munger,2010-09,25.22081165,86.51720367,72.0,0.0,0.8112634733,0.0,287.9666666,1095.3333333333333,0.0,-0.975626269465132,9,Monsoon
Bihar,Munger,2010-11,25.22081165,86.51720367,56.0,0.0,0.0002046776099,0.0,304.09200000000004,1027.3333333333333,0.0,-0.2222222222222222,11,Post-Monsoon
Bihar,Munger,2011-06,25.22081165,86.51720367,64.0,0.0,1.157159943,8.0,303.26,64.0,0.0,0.1428571428571428,6,Monsoon
Bihar,Munger,2011-07,25.22081165,86.51720367,10012646.0,0.0,0.5079873519333333,8.333333333333334,201.50333333333333,3337588.6666666665,0.0,156446.59375,7,Monsoon
Bihar,Munger,2011-08,25.22081165,86.51720367,22.0,0.0,1.355408388,10.0,299.28000000000003,3337577.3333333335,0.0,-0.9999978027786062,8,Monsoon
Bihar,Munger,2011-09,25.22081165,86.51720367,2318.0,0.0,1.25375256465,9.0,300.53499999999997,3338328.6666666665,0.0,104.36363636363636,9,Monsoon
Bihar,Munger,2011-10,25.22081165,86.51720367,3289.0,0.0,0.2413847456,7.0,302.014,1876.3333333333333,0.0,0.4188955996548749,10,Post-Monsoon
Bihar,Munger,2011-11,25.22081165,86.51720367,10.0,0.0,0.02117672342,6.0,299.945,1872.3333333333333,0.0,-0.9969595621769535,11,Post-Monsoon
Bihar,Munger,2012-10,25.22081165,86.51720367,18.0,0.0,0.281095429,15.0,302.08,1105.6666666666667,0.0,0.8,10,Post-Monsoon
Bihar,Munger,2013-04,25.22081165,86.51720367,53.0,0.0,0.04115492534,8.0,305.644,27.0,0.0,1.9444444444444446,4,Summer
Bihar,Munger,2013-07,25.22081165,86.51720367,19.0,0.0,0.3201293737,8.0,300.14,30.0,0.0,-0.6415094339622642,7,Monsoon
Bihar,Munger,2013-09,25.22081165,86.51720367,38160.0,0.0,0.1044747224,0.0,302.496,12744.0,0.0,2007.421052631579,9,Monsoon
Bihar,Munger,2014-07,25.22081165,86.51720367,39.0,0.0,0.5864205719,2.0,0.0,12739.333333333334,0.0,-0.9989779874213837,7,Monsoon
Bihar,Munger,2016-07,25.22081165,86.51720367,19618.0,0.0,0.6020184926000001,0.0,301.18,19272.333333333332,0.0,502.02564102564105,7,Monsoon
Bihar,Munger,2016-08,25.22081165,86.51720367,849.0,0.0,0.50783559545,4.5,302.8175,6835.333333333333,0.0,-0.9567234172698542,8,Monsoon
Bihar,Munger,2016-09,25.22081165,86.51720367,37.0,1.0,0.5049515931,0.0,300.615,6834.666666666667,0.3333333333333333,-0.9564193168433451,9,Monsoon
Bihar,Munger,2016-10,25.22081165,86.51720367,87.0,2.0,1.081396618,15.0,300.44,324.3333333333333,1.0,1.3513513513513513,10,Post-Monsoon
Bihar,Munger,2017-10,25.22081165,86.51720367,10.0,0.0,0.580811162,15.0,299.58,44.666666666666664,1.0,-0.8850574712643678,10,Post-Monsoon
Bihar,Munger,2018-07,25.22081165,86.51720367,16.0,0.0,0.3405304098,5.0,311.96,37.666666666666664,0.6666666666666666,0.6000000000000001,7,Monsoon
Bihar,Munger,2018-08,25.22081165,86.51720367,85.0,0.0,0.7517474068,0.0,300.29,37.0,0.0,4.3125,8,Monsoon
Bihar,Munger,2018-10,25.22081165,86.51720367,13.0,1.0,0.05951866274,15.0,302.256,38.0,0.3333333333333333,-0.8470588235294118,10,Post-Monsoon
Bihar,Munger,2019-06,25.22081165,86.51720367,2.0,1.0,0.4163308108,6.0,305.87333340000004,33.333333333333336,0.6666666666666666,-0.8461538461538461,6,Monsoon
Bihar,Munger,2019-09,25.22081165,86.51720367,7.0,0.0,0.8664437514,0.0,299.96,7.333333333333333,0.6666666666666666,2.5,9,Monsoon
Bihar,Muzaffarpur,2010-06,26.1486581,85.34001282,74.0,28.0,0.3982292379,0.0,303.745,74.0,28.0,0.0,6,Monsoon
Bihar,Muzaffarpur,2011-06,26.1486581,85.34001282,1.2912913214714816e+17,252.0,0.2191638826,8.0,303.74,6.456456607357412e+16,140.0,1744988272258758.0,6,Monsoon
Bihar,Muzaffarpur,2012-05,26.1486581,85.34001282,32121341.0,213.0,0.0001333996933,6.0,310.2866666,4.304304405975653e+16,164.33333333333334,-0.9999999997512463,5,Summer
Bihar,Muzaffarpur,2012-08,26.1486581,85.34001282,123.0,0.0,0.6171291925,9.0,292.47,4.304304405975654e+16,155.0,-0.9999961707700808,8,Monsoon
Bihar,Muzaffarpur,2013-04,26.1486581,85.34001282,124.0,32.0,0.001574200667,0.0,308.96,10707196.0,81.66666666666667,0.008130081300812941,4,Summer
Bihar,Muzaffarpur,2015-09,26.1486581,85.34001282,528.0,2.0,0.13665448548,15.0,300.8855,258.3333333333333,11.333333333333334,3.258064516129032,9,Monsoon
Bihar,Muzaffarpur,2016-05,26.1486581,85.34001282,53.0,2.0,0.17132196685,3.0,307.79,235.0,12.0,-0.8996212121212122,5,Summer
Bihar,Muzaffarpur,2016-10,26.1486581,85.34001282,2713.0,0.0,0.5183521178,17.5,301.142,1098.0,1.3333333333333333,50.18867924528302,10,Post-Monsoon
Bihar,Muzaffarpur,2017-08,26.1486581,85.34001282,21.0,0.0,1.236105823,7.0,302.76,929.0,0.6666666666666666,-0.9922594913380022,8,Monsoon
Bihar,Muzaffarpur,2017-09,26.1486581,85.34001282,5415.0,3.0,0.3199489509,8.5,301.5205,2716.3333333333335,1.0,256.85714285714283,9,Monsoon
Bihar,Muzaffarpur,2017-10,26.1486581,85.34001282,820.0,2.0,0.07857444966,14.0,302.116,2085.3333333333335,1.6666666666666667,-0.8485687903970452,10,Post-Monsoon
Bihar,Muzaffarpur,2018-06,26.1486581,85.34001282,5.0,2.0,0.168722299,0.0,312.51,2080.0,2.3333333333333335,-0.9939024390243902,6,Monsoon
Bihar,Muzaffarpur,2018-08,26.1486581,85.34001282,10.0,0.0,1.147583181,2.0,0.0,278.3333333333333,1.3333333333333333,1.0,8,Monsoon
Bihar,Muzaffarpur,2018-10,26.1486581,85.34001282,474.0,1.0,0.19918454237,7.5,302.714,163.0,1.0,46.4,10,Post-Monsoon
Bihar,Muzaffarpur,2019-06,26.1486581,85.34001282,67.0,0.0,0.3267005442,7.0,303.40000000000003,183.66666666666666,0.3333333333333333,-0.8586497890295359,6,Monsoon
Bihar,Muzaffarpur,2019-07,26.1486581,85.34001282,10.0,0.0,0.4255024977,4.0,305.92,183.66666666666666,0.3333333333333333,-0.8507462686567164,7,Monsoon
Bihar,Muzaffarpur,2019-09,26.1486581,85.34001282,18.0,1.0,0.8718170144,12.0,301.73,31.666666666666668,0.3333333333333333,0.8,9,Monsoon
Bihar,Muzaffarpur,2019-10,26.1486581,85.34001282,610.0,2.0,1.7959571171500002,14.5,299.015,212.66666666666666,1.0,32.888888888888886,10,Post-Monsoon
Bihar,Nalanda,2011-07,25.1364914,85.44365465,20.0,0.0,0.5153475642,0.0,0.0,20.0,0.0,0.0,7,Monsoon
Bihar,Nalanda,2011-09,25.1364914,85.44365465,17.0,1.0,0.5889640547,9.0,302.7333334,18.5,0.5,-0.15000000000000002,9,Monsoon
Bihar,Nalanda,2011-11,25.1364914,85.44365465,24.0,0.0,0.0008950611861,9.0,301.625,20.333333333333332,0.3333333333333333,0.41176470588235303,11,Post-Monsoon
Bihar,Nalanda,2012-08,25.1364914,85.44365465,321818163618.0,0.0,0.6883543837166667,5.5,246.34,107272721219.66667,0.3333333333333333,13409090149.75,8,Monsoon
Bihar,Nalanda,2014-07,25.1364914,85.44365465,15.0,2.0,0.1942736912,0.0,0.0,107272721219.0,0.6666666666666666,-0.9999999999533898,7,Monsoon
Bihar,Nalanda,2015-03,25.1364914,85.44365465,14.0,0.0,0.0001707363753,6.0,310.1766666,107272721215.66667,0.6666666666666666,-0.06666666666666665,3,Summer
Bihar,Nalanda,2016-07,25.1364914,85.44365465,151611.0,0.0,0.3912298658666667,2.6666666666666665,0.0,50546.666666666664,0.6666666666666666,10828.357142857143,7,Monsoon
Bihar,Nalanda,2016-08,25.1364914,85.44365465,1415122129168.0,0.0,0.44715837401666664,3.0,101.16000000000001,471707426931.0,0.0,9333900.426466417,8,Monsoon
Bihar,Nalanda,2018-12,25.1364914,85.44365465,65.0,0.0,3.61e-05,4.0,297.9133334,471707426948.0,0.0,-0.9999999999540675,12,Winter
Bihar,Nalanda,2019-07,25.1364914,85.44365465,33.0,0.0,1.644256935,9.0,0.0,471707376422.0,0.0,-0.49230769230769234,7,Monsoon
Bihar,Nawada,2011-08,24.818124,85.51855623,1311819.0,2.0,1.4623404909333333,6.333333333333333,100.81,1311819.0,2.0,0.0,8,Monsoon
Bihar,Nawada,2011-10,24.818124,85.51855623,22.0,5.0,0.09647800357,0.0,301.3833334,655920.5,3.5,-0.9999832293936892,10,Post-Monsoon
Bihar,Nawada,2012-08,24.818124,85.51855623,62.0,2.0,0.4867545838,0.0,299.68,437301.0,3.0,1.8181818181818183,8,Monsoon
Bihar,Nawada,2014-04,24.818124,85.51855623,60.0,0.0,0.0006062651784,6.0,313.89,48.0,2.3333333333333335,-0.032258064516129004,4,Summer
Bihar,Nawada,2014-08,24.818124,85.51855623,30.0,2.0,0.6201659893,6.0,301.5,50.666666666666664,1.3333333333333333,-0.5,8,Monsoon
Bihar,Nawada,2015-07,24.818124,85.51855623,14.0,0.0,0.6466447404,7.0,303.6866666,34.666666666666664,0.6666666666666666,-0.5333333333333333,7,Monsoon
Bihar,Nawada,2016-07,24.818124,85.51855623,20.0,0.0,0.3935562757,8.0,0.0,21.333333333333332,0.6666666666666666,0.4285714285714286,7,Monsoon
Bihar,Nawada,2017-06,24.818124,85.51855623,3319.0,0.0,0.067982174335,5.0,315.481,1117.6666666666667,0.0,164.95,6,Monsoon
Bihar,Nawada,2017-08,24.818124,85.51855623,14251914.0,3.0,0.45079682095,7.5,152.41333335000002,4751751.0,1.0,4293.038565833082,8,Monsoon
Bihar,Nawada,2017-09,24.818124,85.51855623,9.0,3.0,0.6298910186,17.0,303.68,4751747.333333333,2.0,-0.9999993685058722,9,Monsoon
Bihar,Nawada,2017-11,24.818124,85.51855623,75.0,1.0,7.85e-05,5.0,299.95,4750666.0,2.3333333333333335,7.333333333333334,11,Post-Monsoon
Bihar,Nawada,2018-08,24.818124,85.51855623,10.0,0.0,1.048366398,4.0,299.78000000000003,31.333333333333332,1.3333333333333333,-0.8666666666666667,8,Monsoon
Bihar,Patna,2010-08,25.6093239,85.1235252,15.0,1.0,1.257206497,0.0,299.67,15.0,1.0,0.0,8,Monsoon
Bihar,Patna,2011-07,25.6093239,85.1235252,7.0,2.0,0.6912540655,9.0,0.0,11.0,1.5,-0.5333333333333333,7,Monsoon
Bihar,Patna,2011-08,25.6093239,85.1235252,6.0,1.0,0.9837397667,4.0,0.0,9.333333333333334,1.3333333333333333,-0.1428571428571429,8,Monsoon
Bihar,Patna,2011-09,25.6093239,85.1235252,16.0,0.0,0.08807096489,11.0,302.2233334,9.666666666666666,1.0,1.6666666666666665,9,Monsoon
Bihar,Patna,2012-07,25.6093239,85.1235252,14.0,1.0,0.5475505757,3.0,287.11,12.0,0.6666666666666666,-0.125,7,Monsoon
Bihar,Patna,2012-09,25.6093239,85.1235252,272.0,1.0,0.6517331016,0.0,303.11,100.66666666666667,0.6666666666666666,18.428571428571427,9,Monsoon
Bihar,Patna,2014-10,25.6093239,85.1235252,11.0,1.0,0.3067623681,11.0,300.856,99.0,1.0,-0.9595588235294118,10,Post-Monsoon
Bihar,Patna,2015-06,25.6093239,85.1235252,9617437115041680.0,2.0,1.085549486,5.0,301.35,3205812371680654.5,1.3333333333333333,874312465003788.1,6,Monsoon
Bihar,Patna,2015-07,25.6093239,85.1235252,28.0,0.0,0.1434306575,6.0,303.67,3205812371680573.5,1.0,-0.9999999999999971,7,Monsoon
Bihar,Patna,2016-04,25.6093239,85.1235252,38.0,0.0,0.001457891263,5.0,314.324,3205812371680582.0,0.6666666666666666,0.3571428571428572,4,Summer
Bihar,Patna,2016-09,25.6093239,85.1235252,305.0,1.0,0.8017726053,6.5,302.35249999999996,123.66666666666667,0.3333333333333333,7.026315789473685,9,Monsoon
Bihar,Patna,2017-08,25.6093239,85.1235252,20.0,0.0,1.268049227,5.0,277.74,121.0,0.3333333333333333,-0.9344262295081968,8,Monsoon
Bihar,Patna,2018-04,25.6093239,85.1235252,5.0,3.0,0.04047923617,5.0,306.19,110.0,1.3333333333333333,-0.75,4,Summer
Bihar,Purnea,2013-09,25.7773601,87.4731227,12.0,2.0,1.063004918,9.0,299.23,12.0,2.0,0.0,9,Monsoon
Bihar,Purnia,2013-09,26.0,87.5,34.0,1.0,0.5605086344,23.0,302.31,34.0,1.0,0.0,9,Monsoon
Bihar,Purnia,2014-08,26.0,87.5,20.0,1.0,1.038531644,12.0,296.90000000000003,27.0,1.0,-0.4117647058823529,8,Monsoon
Bihar,Purnia,2015-07,26.0,87.5,17.0,0.0,1.136184013,7.0,0.0,23.666666666666668,0.6666666666666666,-0.15000000000000002,7,Monsoon
Bihar,Purnia,2017-02,26.0,87.5,52.0,0.0,0.0001357618793,9.0,297.8266666,29.666666666666668,0.3333333333333333,2.0588235294117645,2,Winter
Bihar,Purnia,2018-11,26.0,87.5,32.0,0.0,4.39e-05,6.0,300.16,33.666666666666664,0.0,-0.3846153846153846,11,Post-Monsoon
Bihar,Rohtas,2011-07,24.6723487,83.92090397,35.0,0.0,0.8308785022,11.0,296.54,35.0,0.0,0.0,7,Monsoon
Bihar,Rohtas,2011-08,24.6723487,83.92090397,305025.0,4.0,1.8352027876666668,10.0,100.30000000000001,152530.0,2.0,8714.0,8,Monsoon
Bihar,Rohtas,2011-09,24.6723487,83.92090397,5050.0,4.0,0.8022105749,17.0,301.91,103370.0,2.6666666666666665,-0.9834439800016392,9,Monsoon
Bihar,Rohtas,2012-08,24.6723487,83.92090397,2740.0,2.0,0.6787384512000001,2.5,299.63,104271.66666666667,3.3333333333333335,-0.4574257425742574,8,Monsoon
Bihar,Rohtas,2013-06,24.6723487,83.92090397,35.0,0.0,0.06591552661,5.0,315.61,2608.3333333333335,2.0,-0.9872262773722628,6,Monsoon
Bihar,Rohtas,2013-07,24.6723487,83.92090397,37.0,2.0,0.5918222799,7.0,311.26,937.3333333333334,1.3333333333333333,0.05714285714285716,7,Monsoon
Bihar,Rohtas,2015-07,24.6723487,83.92090397,130.0,6.0,0.7751392579,8.0,0.0,67.33333333333333,2.6666666666666665,2.5135135135135136,7,Monsoon
Bihar,Rohtas,2015-09,24.6723487,83.92090397,62030.0,1.0,0.14954200193333334,10.333333333333334,301.92177780000003,20732.333333333332,3.0,476.15384615384613,9,Monsoon
Bihar,Rohtas,2016-06,24.6723487,83.92090397,13.0,0.0,0.5361010967,6.0,311.38,20724.333333333332,2.3333333333333335,-0.9997904239883927,6,Monsoon
Bihar,Rohtas,2016-07,24.6723487,83.92090397,2478.0,2.0,1.7799938540000002,6.0,154.79,21507.0,1.0,189.6153846153846,7,Monsoon
Bihar,Rohtas,2016-08,24.6723487,83.92090397,242116.0,1.0,0.5953650504666667,2.0,200.7288888666667,81535.66666666667,1.0,96.70621468926554,8,Monsoon
Bihar,Rohtas,2016-09,24.6723487,83.92090397,107.0,0.0,0.8125744232,15.0,302.072,81567.0,1.0,-0.9995580630772026,9,Monsoon
Bihar,Rohtas,2016-10,24.6723487,83.92090397,50.0,0.0,0.8536487066,27.0,301.55333340000004,80757.66666666667,0.3333333333333333,-0.5327102803738317,10,Post-Monsoon
Bihar,Rohtas,2019-10,24.6723487,83.92090397,25.0,0.0,0.02749447843,16.0,298.18,60.666666666666664,0.0,-0.5,10,Post-Monsoon
Bihar,Rohtas,2019-12,24.6723487,83.92090397,16.0,0.0,0.003215469871,0.0,300.6066666,30.333333333333332,0.0,-0.36,12,Winter
Bihar,Rohtas,2020-12,24.6723487,83.92090397,112.0,0.0,3.86e-05,6.0,297.4266666,51.0,0.0,6.0,12,Winter
Bihar,Saharsa,2011-06,25.83264165,86.61489283,353530.0,1.0,0.6846782762,0.0,303.93,353530.0,1.0,0.0,6,Monsoon
Bihar,Saharsa,2011-09,25.83264165,86.61489283,3520.0,0.0,2.228340938,0.0,300.82,178525.0,0.5,-0.9900432777982067,9,Monsoon
Bihar,Saharsa,2012-06,25.83264165,86.61489283,25.0,0.0,1.857253676,0.0,302.18,119025.0,0.3333333333333333,-0.9928977272727273,6,Monsoon
Bihar,Saharsa,2012-08,25.83264165,86.61489283,25.0,0.0,0.9537911399,18.0,301.0,1190.0,0.0,0.0,8,Monsoon
Bihar,Saharsa,2013-06,25.83264165,86.61489283,28.0,5.0,0.6091006196,0.0,302.565,26.0,1.6666666666666667,0.1200000000000001,6,Monsoon
Bihar,Saharsa,2013-10,25.83264165,86.61489283,1225.0,3.0,0.375000592615,12.0,300.2273333,426.0,2.6666666666666665,42.75,10,Post-Monsoon
Bihar,Saharsa,2014-08,25.83264165,86.61489283,51.0,0.0,0.8186835667,0.0,289.59000000000003,434.6666666666667,2.6666666666666665,-0.9583673469387755,8,Monsoon
Bihar,Saharsa,2014-10,25.83264165,86.61489283,80.0,6.0,0.2116607778,23.0,301.23,452.0,3.0,0.5686274509803921,10,Post-Monsoon
Bihar,Saharsa,2015-08,25.83264165,86.61489283,15.0,0.0,1.235795682,0.0,295.5666666,48.666666666666664,2.0,-0.8125,8,Monsoon
Bihar,Saharsa,2015-09,25.83264165,86.61489283,17.0,0.0,0.4001810118,10.0,298.75,37.333333333333336,2.0,0.1333333333333333,9,Monsoon
Bihar,Saharsa,2017-08,25.83264165,86.61489283,16.0,0.0,1.031599159,5.0,292.15000000000003,16.0,0.0,-0.05882352941176472,8,Monsoon
Bihar,Saharsa,2019-10,25.83264165,86.61489283,8.0,0.0,0.2782386903,23.0,299.744,13.666666666666666,0.0,-0.5,10,Post-Monsoon
Bihar,Samastipur,2012-09,25.7744929,85.86626813,10.0,2.0,0.8321333265,0.0,302.5,10.0,2.0,0.0,9,Monsoon
Bihar,Samastipur,2012-10,25.7744929,85.86626813,52.0,0.0,0.000483998266,10.0,303.8366666,31.0,1.0,4.2,10,Post-Monsoon
Bihar,Samastipur,2015-07,25.7744929,85.86626813,107.0,0.0,0.8707652883,6.0,294.56,56.333333333333336,0.6666666666666666,1.0576923076923075,7,Monsoon
Bihar,Samastipur,2016-09,25.7744929,85.86626813,49.0,1.0,1.425957039,0.0,300.74,69.33333333333333,0.3333333333333333,-0.5420560747663552,9,Monsoon
Bihar,Samastipur,2016-10,25.7744929,85.86626813,9.0,1.0,0.4563869155,16.0,301.555,55.0,0.6666666666666666,-0.8163265306122449,10,Post-Monsoon
Bihar,Samastipur,2017-09,25.7744929,85.86626813,9.0,0.0,0.1336311033,12.0,302.176,22.333333333333332,0.6666666666666666,0.0,9,Monsoon
Bihar,Saran,2015-09,25.90835495,84.78074761,47.0,2.0,0.5850124477,16.0,300.26,47.0,2.0,0.0,9,Monsoon
Bihar,Saran,2018-09,25.90835495,84.78074761,40.0,0.0,0.3890777004,17.0,300.996,43.5,1.0,-0.14893617021276595,9,Monsoon
Bihar,Sheikhpura,2011-07,25.12635425,85.81510621,2625.0,3.0,0.2080329692,8.0,303.2683333,2625.0,3.0,0.0,7,Monsoon
Bihar,Sheikhpura,2011-08,25.12635425,85.81510621,50.0,5.0,2.302524213,0.0,300.66,1337.5,4.0,-0.9809523809523809,8,Monsoon
Bihar,Sheikhpura,2012-07,25.12635425,85.81510621,35.0,0.0,0.6655908594,6.0,304.04,903.3333333333334,2.6666666666666665,-0.30000000000000004,7,Monsoon
Bihar,Sheikhpura,2013-07,25.12635425,85.81510621,12.0,1.0,0.7978656253,10.0,0.0,32.333333333333336,2.0,-0.6571428571428571,7,Monsoon
Bihar,Sheikhpura,2019-08,25.12635425,85.81510621,18.0,0.0,0.6478096888,0.0,300.436,21.666666666666668,0.3333333333333333,0.5,8,Monsoon
Bihar,Siwan,2012-05,26.1310043,84.39125661,42.0,0.0,0.001456034924,5.0,312.84000000000003,42.0,0.0,0.0,5,Summer
Bihar,Siwan,2012-07,26.1310043,84.39125661,15.0,0.0,1.156622517,3.0,286.52,28.5,0.0,-0.6428571428571428,7,Monsoon
Bihar,Siwan,2012-08,26.1310043,84.39125661,30.0,1.0,0.4148011906,12.0,302.1,29.0,0.3333333333333333,1.0,8,Monsoon
Bihar,Siwan,2018-10,26.1310043,84.39125661,134.0,0.0,0.1032550294,0.0,300.888,59.666666666666664,0.3333333333333333,3.466666666666667,10,Post-Monsoon
Bihar,Siwan,2019-08,26.1310043,84.39125661,9.0,3.0,1.024802009,15.0,301.96500000000003,57.666666666666664,1.3333333333333333,-0.9328358208955224,8,Monsoon
Bihar,Siwan,2019-10,26.1310043,84.39125661,147.0,0.0,0.0465514234825,8.5,299.79200000000003,96.66666666666667,1.0,15.333333333333332,10,Post-Monsoon
Bihar,Vaishali,2015-09,25.95322565,85.1445776,11.0,0.0,0.4629351829,12.0,298.69,11.0,0.0,0.0,9,Monsoon
Bihar,Vaishali,2015-10,25.95322565,85.1445776,58.0,1.0,0.01342984076,19.0,304.12333340000004,34.5,0.5,4.2727272727272725,10,Post-Monsoon
Bihar,Vaishali,2016-10,25.95322565,85.1445776,920.0,2.0,0.53360740625,17.0,300.968,329.6666666666667,1.0,14.862068965517242,10,Post-Monsoon
Bihar,Vaishali,2017-07,25.95322565,85.1445776,32.0,0.0,0.4397621465,6.0,305.0266666,336.6666666666667,1.0,-0.9652173913043478,7,Monsoon
Bihar,Vaishali,2017-08,25.95322565,85.1445776,21.0,0.0,1.487610193,7.0,0.0,324.3333333333333,0.6666666666666666,-0.34375,8,Monsoon
Bihar,Vaishali,2018-06,25.95322565,85.1445776,10.0,0.0,0.2050773603,6.0,313.6266666,21.0,0.0,-0.5238095238095238,6,Monsoon
Bihar,West Champaran,2013-08,26.6919717,84.5796928,22.0,1.0,1.043703819,11.0,298.92,22.0,1.0,0.0,8,Monsoon
Bihar,West Champaran,2015-07,26.6919717,84.5796928,22.0,0.0,0.2585307914,9.0,302.5466666,22.0,0.5,0.0,7,Monsoon
Bihar,West Champaran,2016-07,26.6919717,84.5796928,14.0,0.0,0.6460309313,5.0,0.0,19.333333333333332,0.3333333333333333,-0.36363636363636365,7,Monsoon
Bihar,West Champaran,2016-09,26.6919717,84.5796928,9.0,0.0,1.00629961,0.0,300.38,15.0,0.0,-0.3571428571428571,9,Monsoon
Bihar,West Champaran,2017-09,26.6919717,84.5796928,13.0,0.0,0.780164959,14.0,302.02,12.0,0.0,0.4444444444444444,9,Monsoon
Bihar,West Champaran,2019-08,26.6919717,84.5796928,15.0,3.0,0.5705352334,6.0,0.0,12.333333333333334,1.0,0.15384615384615374,8,Monsoon
Chandigarh,Chandigarh,2009-10,30.72984395,76.78414567,8.0,0.0,4.88e-05,9.0,302.0466666,8.0,0.0,0.0,10,Post-Monsoon
Chandigarh,Chandigarh,2010-09,30.72984395,76.78414567,25810122424.0,0.0,0.6042564227,18.0,301.505,12905061216.0,0.0,3226265302.0,9,Monsoon
Chandigarh,Chandigarh,2010-10,30.72984395,76.78414567,25.0,0.0,0.005205862058,18.0,302.6666666,8603374152.333334,0.0,-0.9999999990313878,10,Post-Monsoon
Chandigarh,Chandigarh,2011-08,30.72984395,76.78414567,5.0,0.0,0.3910680314,17.0,302.31333340000003,8603374151.333334,0.0,-0.8,8,Monsoon
Chandigarh,Chandigarh,2012-06,30.72984395,76.78414567,6.0,0.0,0.01020976427,5.0,316.34000000000003,12.0,0.0,0.19999999999999996,6,Monsoon
Chandigarh,Chandigarh,2012-09,30.72984395,76.78414567,5791887.0,0.0,0.3768368195,20.0,300.2266666,1930632.6666666667,0.0,965313.5,9,Monsoon
Chandigarh,Chandigarh,2015-07,30.72984395,76.78414567,22.0,0.0,1.05904693575,0.0,303.39750000000004,1930638.3333333333,0.0,-0.9999962015833527,7,Monsoon
Chandigarh,Chandigarh,2015-08,30.72984395,76.78414567,16431385112.0,0.0,0.5189634976999999,19.2,300.37199999999996,5479059007.0,0.0,746881140.4545455,8,Monsoon
Chandigarh,Chandigarh,2015-09,30.72984395,76.78414567,9059193.0,0.0,0.05697711888333334,23.666666666666668,301.8711111333334,5480148109.0,0.0,-0.9994486652866906,9,Monsoon
Chandigarh,Chandigarh,2016-06,30.72984395,76.78414567,314051.0,0.0,0.08376674356999998,0.0,309.1366666,5480252785.333333,0.0,-0.9653334463676841,6,Monsoon
Chandigarh,Chandigarh,2016-08,30.72984395,76.78414567,17.0,0.0,0.2352487723,26.0,301.485,3124420.3333333335,0.0,-0.9999458686646436,8,Monsoon
Chandigarh,Chandigarh,2017-01,30.72984395,76.78414567,246.0,0.0,0.01061825247,0.0,288.108,104771.33333333333,0.0,13.470588235294118,1,Winter
Chandigarh,Chandigarh,2017-03,30.72984395,76.78414567,64.0,0.0,0.03620573275,15.0,296.57,109.0,0.0,-0.7398373983739837,3,Summer
Chandigarh,Chandigarh,2017-06,30.72984395,76.78414567,3.0,0.0,0.008095585039,7.0,310.9866666,104.33333333333333,0.0,-0.953125,6,Monsoon
Chandigarh,Chandigarh,2017-08,30.72984395,76.78414567,3377294327284.0,0.0,1.805582248,14.0,0.0,1125764775783.6667,0.0,1125764775760.3333,8,Monsoon
Chandigarh,Chandigarh,2018-01,30.72984395,76.78414567,31.0,0.0,0.0008005236948,0.0,288.8933334,1125764775772.6667,0.0,-0.999999999990821,1,Winter
Chandigarh,Chandigarh,2018-06,30.72984395,76.78414567,141.0,0.0,0.2024247287,6.0,308.885,1125764775818.6667,0.0,3.548387096774194,6,Monsoon
Chandigarh,Chandigarh,2018-09,30.72984395,76.78414567,18.0,0.0,0.3238669042,14.0,300.96,63.333333333333336,0.0,-0.8723404255319149,9,Monsoon
Chandigarh,Chandigarh,2020-11,30.72984395,76.78414567,11.0,0.0,0.0003842740343,0.0,299.09000000000003,56.666666666666664,0.0,-0.38888888888888884,11,Post-Monsoon
Chandigarh,Chandigarh,2020-12,30.72984395,76.78414567,13.0,0.0,7.18e-05,7.0,294.7233334,14.0,0.0,0.18181818181818188,12,Winter
Chandigarh,Chandigarh,2021-08,30.72984395,76.78414567,811.0,0.0,2.63598158,12.0,0.0,278.3333333333333,0.0,61.38461538461539,8,Monsoon
Chhattisgarh,Balod,2013-06,20.73218365,81.14335738,29.0,0.0,1.572375281,6.0,306.94,29.0,0.0,0.0,6,Monsoon
Chhattisgarh,Balod,2013-07,20.73218365,81.14335738,99.0,0.0,0.9063293771,4.0,0.0,64.0,0.0,2.413793103448276,7,Monsoon
Chhattisgarh,Balod,2013-08,20.73218365,81.14335738,3435553538503627.0,0.0,0.9313958837375,4.5,150.06,1145184512834585.0,0.0,34702560994985.133,8,Monsoon
Chhattisgarh,Balod,2013-10,20.73218365,81.14335738,65.0,0.0,0.8500639424,21.0,300.4066666,1145184512834597.0,0.0,-0.9999999999999811,10,Post-Monsoon
Chhattisgarh,Balod,2016-05,20.73218365,81.14335738,34.0,0.0,0.08160874024,0.0,314.1566666,1145184512834575.2,0.0,-0.4769230769230769,5,Summer
Chhattisgarh,Balod,2016-06,20.73218365,81.14335738,261101.0,0.0,0.12360808825,5.0,312.94,87066.66666666667,0.0,7678.441176470588,6,Monsoon
Chhattisgarh,Balod,2016-07,20.73218365,81.14335738,37.0,0.0,0.8242280517,0.0,298.86,87057.33333333333,0.0,-0.9998582923849392,7,Monsoon
Chhattisgarh,Balod,2016-08,20.73218365,81.14335738,69.0,0.0,1.039434868,0.0,299.04,87069.0,0.0,0.8648648648648649,8,Monsoon
Chhattisgarh,Balod,2016-10,20.73218365,81.14335738,32.0,0.0,0.3219874482,0.0,299.456,46.0,0.0,-0.536231884057971,10,Post-Monsoon
Chhattisgarh,Balod,2017-06,20.73218365,81.14335738,101.0,0.0,0.4626178821,13.0,309.4866666,67.33333333333333,0.0,2.15625,6,Monsoon
Chhattisgarh,Balod,2017-07,20.73218365,81.14335738,72.0,0.0,3.372722278,4.0,0.0,68.33333333333333,0.0,-0.28712871287128716,7,Monsoon
Chhattisgarh,Balod,2018-03,20.73218365,81.14335738,72.0,0.0,0.08594004817,7.0,308.716,81.66666666666667,0.0,0.0,3,Summer
Chhattisgarh,Balod,2018-04,20.73218365,81.14335738,30.0,0.0,0.01524088485,9.0,313.1633334,58.0,0.0,-0.5833333333333333,4,Summer
Chhattisgarh,Balod,2019-07,20.73218365,81.14335738,65.0,0.0,0.9198799312,2.0,0.0,55.666666666666664,0.0,1.1666666666666665,7,Monsoon
Chhattisgarh,Balod,2019-11,20.73218365,81.14335738,30.0,0.0,0.3509587684,18.0,299.36,41.666666666666664,0.0,-0.5384615384615384,11,Post-Monsoon
Chhattisgarh,Balod,2020-08,20.73218365,81.14335738,206.0,0.0,0.5967599863,6.0,295.88,100.33333333333333,0.0,5.866666666666666,8,Monsoon
Chhattisgarh,Balod,2022-06,20.73218365,81.14335738,8.0,1.0,0.09105455212,9.0,312.90000000000003,81.33333333333333,0.3333333333333333,-0.9611650485436893,6,Monsoon
Chhattisgarh,Balodabazar,2016-07,21.6542,82.1739,90124136.0,0.0,1.040990283325,3.0,78.045,90124136.0,0.0,0.0,7,Monsoon
Chhattisgarh,Balodabazar,2017-05,21.6542,82.1739,28.0,0.0,0.0007461644227,4.0,319.84000000000003,45062082.0,0.0,-0.9999996893174099,5,Summer
Chhattisgarh,Balodabazar,2017-08,21.6542,82.1739,28.0,0.0,0.37602886,6.0,304.04,30041397.333333332,0.0,0.0,8,Monsoon
Chhattisgarh,Balodabazar,2018-04,21.6542,82.1739,81.0,0.0,0.01325096373,0.0,316.9666666,45.666666666666664,0.0,1.8928571428571428,4,Summer
Chhattisgarh,Balodabazar,2018-05,21.6542,82.1739,54103.0,0.0,0.04137538134,4.0,312.154,18070.666666666668,0.0,666.9382716049382,5,Summer
Chhattisgarh,Balodabazar,2019-07,21.6542,82.1739,4747.0,1.0,0.4944780677,4.0,155.21200000000002,19643.666666666668,0.3333333333333333,-0.9122599486165277,7,Monsoon
Chhattisgarh,Balodabazar,2019-08,21.6542,82.1739,39.0,0.0,1.576523139,7.0,299.78000000000003,19629.666666666668,0.3333333333333333,-0.9917842848114599,8,Monsoon
Chhattisgarh,Balodabazar,2019-10,21.6542,82.1739,19.0,2.0,0.2915577522,20.0,301.24,1601.6666666666667,1.0,-0.5128205128205128,10,Post-Monsoon
Chhattisgarh,Balodabazar,2020-01,21.6542,82.1739,6.0,0.0,0.2264525665,0.0,298.4666666,21.333333333333332,0.6666666666666666,-0.6842105263157895,1,Winter
Chhattisgarh,Balrampur,2016-07,23.6263016,83.48245092,17.0,2.0,0.9150496124,4.0,312.54,17.0,2.0,0.0,7,Monsoon
Chhattisgarh,Balrampur,2016-08,23.6263016,83.48245092,55.0,2.0,2.655794279,4.0,0.0,36.0,2.0,2.235294117647059,8,Monsoon
Chhattisgarh,Balrampur,2019-09,23.6263016,83.48245092,32.0,4.0,0.5333334325,22.0,302.4666666,34.666666666666664,2.6666666666666665,-0.4181818181818182,9,Monsoon
Chhattisgarh,Balrampur,2019-10,23.6263016,83.48245092,3.0,1.0,0.1906232152,29.0,299.85,30.0,2.3333333333333335,-0.90625,10,Post-Monsoon
Chhattisgarh,Bastar,2013-01,19.11912825,81.82918649,9.0,1.0,0.008912680621,10.0,301.8433334,9.0,1.0,0.0,1,Winter
Chhattisgarh,Bastar,2013-07,19.11912825,81.82918649,46.0,2.0,1.175589681,0.0,305.38,27.5,1.5,4.111111111111111,7,Monsoon
Chhattisgarh,Bastar,2013-08,19.11912825,81.82918649,12.0,0.0,1.728970679,2.0,0.0,22.333333333333332,1.0,-0.7391304347826086,8,Monsoon
Chhattisgarh,Bastar,2013-09,19.11912825,81.82918649,32.0,0.0,0.3277336823,21.0,304.26,30.0,0.6666666666666666,1.6666666666666665,9,Monsoon
Chhattisgarh,Bastar,2014-01,19.11912825,81.82918649,28.0,0.0,0.0004638725962,12.0,301.41,24.0,0.0,-0.125,1,Winter
Chhattisgarh,Bastar,2016-07,19.11912825,81.82918649,6.0,0.0,0.2959212604,0.0,299.6,22.0,0.0,-0.7857142857142857,7,Monsoon
Chhattisgarh,Bastar,2016-09,19.11912825,81.82918649,8.0,2.0,0.6268291657,8.0,300.88,14.0,0.6666666666666666,0.33333333333333326,9,Monsoon
Chhattisgarh,Bastar,2017-07,19.11912825,81.82918649,73.0,1.0,0.9983114652,11.0,0.0,29.0,1.0,8.125,7,Monsoon
Chhattisgarh,Bastar,2017-08,19.11912825,81.82918649,26.0,5.0,0.8154084114,8.0,0.0,35.666666666666664,2.6666666666666665,-0.6438356164383562,8,Monsoon
Chhattisgarh,Bastar,2018-08,19.11912825,81.82918649,64.0,0.0,0.6504860088,8.0,298.52,54.333333333333336,2.0,1.4615384615384617,8,Monsoon
Chhattisgarh,Bastar,2018-09,19.11912825,81.82918649,23.0,0.0,1.282190319,25.0,298.89,37.666666666666664,1.6666666666666667,-0.640625,9,Monsoon
Chhattisgarh,Bastar,2018-10,19.11912825,81.82918649,5.0,0.0,0.001025961804,22.0,303.8333334,30.666666666666668,0.0,-0.782608695652174,10,Post-Monsoon
Chhattisgarh,Bastar,2018-11,19.11912825,81.82918649,5.0,0.0,5.01e-05,13.0,301.684,11.0,0.0,0.0,11,Post-Monsoon
Chhattisgarh,Bastar,2018-12,19.11912825,81.82918649,5.0,0.0,0.005192771959,0.0,301.388,5.0,0.0,0.0,12,Winter
Chhattisgarh,Bastar,2019-08,19.11912825,81.82918649,74.0,0.0,1.938439867,6.0,0.0,28.0,0.0,13.8,8,Monsoon
Chhattisgarh,Bastar,2019-10,19.11912825,81.82918649,75.0,1.0,1.228526767,25.0,299.648,51.333333333333336,0.3333333333333333,0.013513513513513598,10,Post-Monsoon
Chhattisgarh,Bemetara,2015-06,21.6783969,81.43047623,22.0,0.0,0.7141596569,4.0,310.08,22.0,0.0,0.0,6,Monsoon
Chhattisgarh,Bemetara,2015-09,21.6783969,81.43047623,39.0,0.0,0.1292542445,21.0,302.5366666,30.5,0.0,0.7727272727272727,9,Monsoon
Chhattisgarh,Bemetara,2016-05,21.6783969,81.43047623,165.0,0.0,0.02992796302,4.0,315.644,75.33333333333333,0.0,3.230769230769231,5,Summer
Chhattisgarh,Bemetara,2016-07,21.6783969,81.43047623,85.0,0.0,1.887600829,1.0,307.1,96.33333333333333,0.0,-0.48484848484848486,7,Monsoon
Chhattisgarh,Bemetara,2016-09,21.6783969,81.43047623,12945.0,0.0,0.50028114035,14.5,301.1433333,4398.333333333333,0.0,151.2941176470588,9,Monsoon
Chhattisgarh,Bemetara,2017-05,21.6783969,81.43047623,3338.0,0.0,0.012600937212,4.0,321.7906667,5456.0,0.0,-0.742139822325222,5,Summer
Chhattisgarh,Bemetara,2017-06,21.6783969,81.43047623,157.0,1.0,0.2964260794,4.0,315.84000000000003,5480.0,0.3333333333333333,-0.9529658478130617,6,Monsoon
Chhattisgarh,Bemetara,2017-07,21.6783969,81.43047623,59.0,0.0,0.6899436639,0.0,0.0,1184.6666666666667,0.3333333333333333,-0.6242038216560509,7,Monsoon
Chhattisgarh,Bemetara,2017-08,21.6783969,81.43047623,48.0,0.0,0.551561137,6.0,0.0,88.0,0.3333333333333333,-0.18644067796610164,8,Monsoon
Chhattisgarh,Bemetara,2017-09,21.6783969,81.43047623,15.0,0.0,1.296176135,21.0,297.84000000000003,40.666666666666664,0.0,-0.6875,9,Monsoon
Chhattisgarh,Bemetara,2018-06,21.6783969,81.43047623,24.0,0.0,1.051271553,4.0,314.55,29.0,0.0,0.6000000000000001,6,Monsoon
Chhattisgarh,Bemetara,2018-09,21.6783969,81.43047623,107.0,0.0,0.01991349118,21.0,303.92,48.666666666666664,0.0,3.458333333333333,9,Monsoon
Chhattisgarh,Bilaspur,2009-06,21.98934025,82.10996499,17.0,15.0,0.5489886799,2.0,315.74,17.0,15.0,0.0,6,Monsoon
Chhattisgarh,Bilaspur,2011-07,21.98934025,82.10996499,465.0,4.0,0.9187795438999999,4.0,0.0,241.0,9.5,26.352941176470587,7,Monsoon
Chhattisgarh,Bilaspur,2011-08,21.98934025,82.10996499,21.0,0.0,1.207808455,5.0,0.0,167.66666666666666,6.333333333333333,-0.9548387096774194,8,Monsoon
Chhattisgarh,Bilaspur,2011-09,21.98934025,82.10996499,112815.0,3.0,1.3612081773333333,15.666666666666666,299.11333333333334,37767.0,2.3333333333333335,5371.142857142857,9,Monsoon
Chhattisgarh,Bilaspur,2011-10,21.98934025,82.10996499,26.0,0.0,0.06903762196,22.0,302.19333340000003,37620.666666666664,1.0,-0.9997695341931481,10,Post-Monsoon
Chhattisgarh,Bilaspur,2011-11,21.98934025,82.10996499,53.0,0.0,4.76e-05,0.0,303.652,37631.333333333336,1.0,1.0384615384615383,11,Post-Monsoon
Chhattisgarh,Bilaspur,2013-08,21.98934025,82.10996499,43.0,0.0,0.4016766318,4.0,0.0,40.666666666666664,0.0,-0.18867924528301883,8,Monsoon
Chhattisgarh,Bilaspur,2016-06,21.98934025,82.10996499,96.0,0.0,0.1118283955,4.0,317.5,64.0,0.0,1.2325581395348837,6,Monsoon
Chhattisgarh,Bilaspur,2016-07,21.98934025,82.10996499,66.0,0.0,1.002114789,0.0,0.0,68.33333333333333,0.0,-0.3125,7,Monsoon
Chhattisgarh,Bilaspur,2017-06,21.98934025,82.10996499,558.0,0.0,0.1023700904,4.0,314.84000000000003,240.0,0.0,7.454545454545455,6,Monsoon
Chhattisgarh,Bilaspur,2017-07,21.98934025,82.10996499,5.0,2.0,1.554666691,3.0,0.0,209.66666666666666,0.6666666666666666,-0.9910394265232975,7,Monsoon
Chhattisgarh,Dhamtari,2011-08,20.7084545,81.5481305,20.0,1.0,1.073780256,0.0,301.28000000000003,20.0,1.0,0.0,8,Monsoon
Chhattisgarh,Dhamtari,2011-09,20.7084545,81.5481305,9498.0,0.0,1.0603421110000002,6.0,149.27,4759.0,0.5,473.9,9,Monsoon
Chhattisgarh,Dhamtari,2012-07,20.7084545,81.5481305,5066.0,0.0,1.777151653,0.0,0.0,4861.333333333333,0.3333333333333333,-0.46662455253737634,7,Monsoon
Chhattisgarh,Dhamtari,2012-08,20.7084545,81.5481305,293621.0,0.0,0.7407673759666666,7.666666666666667,199.47333333333336,102728.33333333333,0.0,56.959139360442165,8,Monsoon
Chhattisgarh,Dhamtari,2012-12,20.7084545,81.5481305,22.0,0.0,0.0007352574346,9.0,299.6266666,99569.66666666667,0.0,-0.9999250734790768,12,Winter
Chhattisgarh,Dhamtari,2013-07,20.7084545,81.5481305,48.0,0.0,1.242766732,4.0,0.0,97897.0,0.0,1.1818181818181817,7,Monsoon
Chhattisgarh,Dhamtari,2013-08,20.7084545,81.5481305,21.0,0.0,1.337242309,3.0,300.12,30.333333333333332,0.0,-0.5625,8,Monsoon
Chhattisgarh,Dhamtari,2013-11,20.7084545,81.5481305,34.0,0.0,5.33e-05,0.0,299.08,34.333333333333336,0.0,0.6190476190476191,11,Post-Monsoon
Chhattisgarh,Dhamtari,2014-06,20.7084545,81.5481305,87.0,0.0,1.069202183,9.0,309.74,47.333333333333336,0.0,1.5588235294117645,6,Monsoon
Chhattisgarh,Dhamtari,2014-07,20.7084545,81.5481305,8484.0,0.0,1.122768677,0.0,307.2,2868.3333333333335,0.0,96.51724137931035,7,Monsoon
Chhattisgarh,Dhamtari,2015-09,20.7084545,81.5481305,38.0,0.0,0.8140111977,29.0,301.66,2869.6666666666665,0.0,-0.9955209806694956,9,Monsoon
Chhattisgarh,Dhamtari,2016-05,20.7084545,81.5481305,236.0,0.0,0.03186012162,9.0,314.736,2919.3333333333335,0.0,5.2105263157894735,5,Summer
Chhattisgarh,Dhamtari,2016-07,20.7084545,81.5481305,88.0,0.0,0.5484403319,9.0,0.0,120.66666666666667,0.0,-0.6271186440677966,7,Monsoon
Chhattisgarh,Dhamtari,2016-08,20.7084545,81.5481305,15.0,0.0,3.150080992,8.0,0.0,113.0,0.0,-0.8295454545454546,8,Monsoon
Chhattisgarh,Dhamtari,2016-09,20.7084545,81.5481305,83.0,0.0,0.9779547797,0.0,298.90000000000003,62.0,0.0,4.533333333333333,9,Monsoon
Chhattisgarh,Dhamtari,2016-10,20.7084545,81.5481305,153.0,0.0,0.0198385369,0.0,300.5266666,83.66666666666667,0.0,0.8433734939759037,10,Post-Monsoon
Chhattisgarh,Dhamtari,2019-08,20.7084545,81.5481305,15.0,0.0,0.8507147588,10.0,0.0,83.66666666666667,0.0,-0.9019607843137255,8,Monsoon
Chhattisgarh,Dhamtari,2020-01,20.7084545,81.5481305,169.0,0.0,4.68e-05,0.0,298.56,112.33333333333333,0.0,10.266666666666667,1,Winter
Chhattisgarh,Durg,2011-09,21.19903535,81.39795456,2452.0,0.0,0.6796575829,14.0,298.975,2452.0,0.0,0.0,9,Monsoon
Chhattisgarh,Durg,2012-10,21.19903535,81.39795456,579.0,1.0,0.0001745259642,0.0,302.708,1515.5,0.5,-0.7638662316476346,10,Post-Monsoon
Chhattisgarh,Durg,2013-05,21.19903535,81.39795456,67.0,0.0,0.03644856416,0.0,315.5,1032.6666666666667,0.3333333333333333,-0.8842832469775475,5,Summer
Chhattisgarh,Durg,2015-06,21.19903535,81.39795456,22.0,0.0,1.081352977,5.0,0.0,222.66666666666666,0.3333333333333333,-0.6716417910447761,6,Monsoon
Chhattisgarh,Durg,2016-06,21.19903535,81.39795456,20.0,0.0,0.03340775887,0.0,318.36333340000004,36.333333333333336,0.0,-0.09090909090909094,6,Monsoon
Chhattisgarh,Durg,2016-07,21.19903535,81.39795456,200.0,0.0,1.746788107,0.0,0.0,80.66666666666667,0.0,9.0,7,Monsoon
Chhattisgarh,Durg,2018-04,21.19903535,81.39795456,22.0,0.0,0.0118431258,6.0,315.81333340000003,80.66666666666667,0.0,-0.89,4,Summer
Chhattisgarh,Durg,2019-04,21.19903535,81.39795456,15.0,0.0,0.001338561477,7.0,311.3833334,79.0,0.0,-0.31818181818181823,4,Summer
Chhattisgarh,Durg,2019-07,21.19903535,81.39795456,40.0,0.0,0.4978949548,8.0,308.13,25.666666666666668,0.0,1.6666666666666665,7,Monsoon
Chhattisgarh,Gariyaband,2016-07,20.52684285,82.187831,64.0,3.0,1.054114344,0.0,300.96,64.0,3.0,0.0,7,Monsoon
Chhattisgarh,Gariyaband,2016-08,20.52684285,82.187831,16.0,0.0,0.6697603062,0.0,299.86,40.0,1.5,-0.75,8,Monsoon
Chhattisgarh,Gariyaband,2016-09,20.52684285,82.187831,2113.0,2.0,0.82970298265,7.0,299.405,731.0,1.6666666666666667,131.0625,9,Monsoon
Chhattisgarh,Gariyaband,2017-03,20.52684285,82.187831,55.0,0.0,8.38e-05,10.0,306.12,728.0,0.6666666666666666,-0.9739706578324657,3,Summer
Chhattisgarh,Gariyaband,2017-04,20.52684285,82.187831,15.0,0.0,0.005558159937,10.0,314.34000000000003,727.6666666666666,0.6666666666666666,-0.7272727272727273,4,Summer
Chhattisgarh,Gariyaband,2020-04,20.52684285,82.187831,21.0,0.0,0.06504547658,13.0,309.4766666,30.333333333333332,0.0,0.3999999999999999,4,Summer
Chhattisgarh,Gariyaband,2022-05,20.52684285,82.187831,33.0,0.0,0.1969795804,11.0,307.805,23.0,0.0,0.5714285714285714,5,Summer
Chhattisgarh,Janjgir,2011-07,22.0090841,82.578896,3528.0,0.0,1.5115045941,8.5,291.8666667,3528.0,0.0,0.0,7,Monsoon
Chhattisgarh,Janjgir,2011-08,22.0090841,82.578896,1520.0,0.0,1.42235185945,7.5,300.56500000000005,2524.0,0.0,-0.5691609977324263,8,Monsoon
Chhattisgarh,Janjgir,2011-09,22.0090841,82.578896,1420202412.0,1.0,1.1537135537399998,12.4,299.716,473402486.6666667,0.3333333333333333,934342.6921052631,9,Monsoon
Chhattisgarh,Janjgir,2012-07,22.0090841,82.578896,6846263221.0,0.0,1.02023336905,4.4,241.4336,2755489051.0,0.3333333333333333,3.8206249779274417,7,Monsoon
Chhattisgarh,Janjgir,2012-08,22.0090841,82.578896,31152330.0,0.0,1.7262778262,5.0,151.14125,2765872654.3333335,0.3333333333333333,-0.9954497323584574,8,Monsoon
Chhattisgarh,Janjgir,2012-09,22.0090841,82.578896,1547.0,0.0,0.6046635738,18.0,300.99,2292472366.0,0.0,-0.9999503407931285,9,Monsoon
Chhattisgarh,Janjgir,2013-07,22.0090841,82.578896,9718.0,0.0,1.4392773205,5.0,300.84000000000003,10387865.0,0.0,5.281835811247576,7,Monsoon
Chhattisgarh,Janjgir,2013-09,22.0090841,82.578896,13.0,0.0,0.4382272044,22.0,302.624,3759.3333333333335,0.0,-0.9986622761885161,9,Monsoon
Chhattisgarh,Janjgir,2013-10,22.0090841,82.578896,18.0,0.0,0.5875757856,21.0,299.81333340000003,3249.6666666666665,0.0,0.3846153846153846,10,Post-Monsoon
Chhattisgarh,Janjgir,2014-07,22.0090841,82.578896,16551325.0,0.0,0.8636092748,7.25,226.67000000000002,5517118.666666667,0.0,919517.0555555555,7,Monsoon
Chhattisgarh,Janjgir,2014-08,22.0090841,82.578896,20196.0,0.0,0.88923357875,9.5,300.56600000000003,5523846.333333333,0.0,-0.9987797955752787,8,Monsoon
Chhattisgarh,Janjgir,2015-05,22.0090841,82.578896,11.0,0.0,0.05244086327,10.0,308.98,5523844.0,0.0,-0.9994553376906318,5,Summer
Chhattisgarh,Janjgir,2015-07,22.0090841,82.578896,19.0,0.0,0.7000451423,12.0,0.0,6742.0,0.0,0.7272727272727273,7,Monsoon
Chhattisgarh,Janjgir,2015-08,22.0090841,82.578896,34.0,0.0,1.238558853,8.0,295.58,21.333333333333332,0.0,0.7894736842105263,8,Monsoon
Chhattisgarh,Janjgir,2015-11,22.0090841,82.578896,50.0,0.0,0.1364586965,13.0,300.188,34.333333333333336,0.0,0.47058823529411775,11,Post-Monsoon
Chhattisgarh,Janjgir,2016-07,22.0090841,82.578896,46.0,0.0,1.255811187,6.0,0.0,43.333333333333336,0.0,-0.07999999999999996,7,Monsoon
Chhattisgarh,Janjgir,2016-08,22.0090841,82.578896,262852717.0,4.0,1.2674466669000002,5.0,178.67200000000003,87617604.33333333,1.3333333333333333,5714188.5,8,Monsoon
Chhattisgarh,Janjgir,2016-09,22.0090841,82.578896,195491226.0,0.0,0.67664144965,13.5,299.95433335,152781329.66666666,1.3333333333333333,-0.2562708568083776,9,Monsoon
Chhattisgarh,Janjgir,2017-05,22.0090841,82.578896,17.0,0.0,0.0006542746898,0.0,315.7933334,152781320.0,1.3333333333333333,-0.9999999130395755,5,Summer
Chhattisgarh,Janjgir,2017-07,22.0090841,82.578896,1518.0,0.0,2.251508933,4.0,0.0,65164253.666666664,0.0,88.29411764705883,7,Monsoon
Chhattisgarh,Janjgir,2018-05,22.0090841,82.578896,16.0,0.0,0.06698960854,10.0,310.32,517.0,0.0,-0.9894598155467721,5,Summer
Chhattisgarh,Janjgir,2018-06,22.0090841,82.578896,22.0,0.0,0.07098774885,10.0,310.772,518.6666666666666,0.0,0.375,6,Monsoon
Chhattisgarh,Janjgir,2019-04,22.0090841,82.578896,19.0,0.0,0.0421244447,9.0,311.81,19.0,0.0,-0.13636363636363635,4,Summer
Chhattisgarh,Janjgir,2019-06,22.0090841,82.578896,24.0,0.0,0.002878310014,0.0,310.2966666,21.666666666666668,0.0,0.26315789473684204,6,Monsoon
Chhattisgarh,Janjgir,2019-07,22.0090841,82.578896,7213.0,0.0,1.4886844667,8.5,303.76,2418.6666666666665,0.0,299.5416666666667,7,Monsoon
Chhattisgarh,Janjgir,2019-08,22.0090841,82.578896,3917.0,0.0,1.1001990933999999,0.0,299.315,3718.0,0.0,-0.4569527242478858,8,Monsoon
Chhattisgarh,Janjgir,2019-09,22.0090841,82.578896,2311.0,0.0,0.91599181005,16.0,150.41,4480.333333333333,0.0,-0.4100076589226449,9,Monsoon
Chhattisgarh,Janjgir,2019-12,22.0090841,82.578896,30.0,0.0,9.38e-06,0.0,296.43,2086.0,0.0,-0.9870186066637819,12,Winter
Chhattisgarh,Janjgir Champa,2022-05,21.9671264,82.66472425,5733.0,0.0,0.007851413851,9.0,311.276,5733.0,0.0,0.0,5,Summer
Chhattisgarh,Jashpur,2011-08,22.76678355,83.95304519,10.0,1.0,0.7170336687,14.0,299.90000000000003,10.0,1.0,0.0,8,Monsoon
Chhattisgarh,Jashpur,2013-08,22.76678355,83.95304519,6415.0,2.0,1.2063177509999998,7.5,0.0,3212.5,1.5,640.5,8,Monsoon
Chhattisgarh,Jashpur,2016-07,22.76678355,83.95304519,3.0,3.0,1.683144893,8.0,0.0,2142.6666666666665,2.0,-0.9995323460639127,7,Monsoon
Chhattisgarh,Jashpur,2017-06,22.76678355,83.95304519,14.0,0.0,0.6275276376,14.0,307.46,2144.0,1.6666666666666667,3.666666666666667,6,Monsoon
Chhattisgarh,Jashpur,2018-09,22.76678355,83.95304519,14.0,0.0,0.3131990707,23.0,301.645,10.333333333333334,1.0,0.0,9,Monsoon
Chhattisgarh,Jashpur,2022-06,22.76678355,83.95304519,12.0,0.0,0.002634188494,15.0,307.896,13.333333333333334,0.0,-0.1428571428571429,6,Monsoon
Chhattisgarh,Kanker,2019-04,20.1270026,80.98109349,104.0,0.0,0.04790943286,9.0,312.764,104.0,0.0,0.0,4,Summer
Chhattisgarh,Kawardha,2011-06,22.0059254,81.2332055,74.0,1.0,0.7844003495,5.0,304.56,74.0,1.0,0.0,6,Monsoon
Chhattisgarh,Kawardha,2017-05,22.0059254,81.2332055,30.0,0.0,0.06346998891,4.0,316.28400000000005,52.0,0.5,-0.5945945945945945,5,Summer
Chhattisgarh,Kawardha,2017-07,22.0059254,81.2332055,27.0,0.0,0.8429891701,3.0,0.0,43.666666666666664,0.3333333333333333,-0.09999999999999998,7,Monsoon
Chhattisgarh,Kawardha,2017-09,22.0059254,81.2332055,29.0,0.0,0.5352976868,16.0,302.99,28.666666666666668,0.0,0.07407407407407418,9,Monsoon
Chhattisgarh,Kawardha,2019-06,22.0059254,81.2332055,10.0,0.0,0.2134299573,4.0,317.0066666,22.0,0.0,-0.6551724137931034,6,Monsoon
Chhattisgarh,Kawardha,2019-08,22.0059254,81.2332055,119.0,0.0,0.8814036732,5.5,300.42666670000006,52.666666666666664,0.0,10.9,8,Monsoon
Chhattisgarh,Kawardha,2019-09,22.0059254,81.2332055,6.0,0.0,0.6650936986,13.0,300.512,45.0,0.0,-0.9495798319327731,9,Monsoon
Chhattisgarh,Kondagaon,2016-07,19.5885769,81.6628742,7.0,1.0,0.5167184995,5.0,0.0,7.0,1.0,0.0,7,Monsoon
Chhattisgarh,Kondagaon,2017-01,19.5885769,81.6628742,30.0,0.0,7.28e-05,14.0,300.2666666,18.5,0.5,3.2857142857142856,1,Winter
Chhattisgarh,Kondagaon,2017-05,19.5885769,81.6628742,17.0,1.0,0.06359775424,12.0,313.58,18.0,0.6666666666666666,-0.43333333333333335,5,Summer
Chhattisgarh,Korba,2009-09,22.3547468,82.7110855,6.0,3.0,0.01548100882,25.0,301.62333340000004,6.0,3.0,0.0,9,Monsoon
Chhattisgarh,Korba,2011-05,22.3547468,82.7110855,17.0,0.0,0.008465848586,9.0,311.876,11.5,1.5,1.8333333333333335,5,Summer
Chhattisgarh,Korba,2011-06,22.3547468,82.7110855,1414747474.0,1.0,1.6029747545200004,8.0,307.712,471582499.0,1.3333333333333333,83220438.64705883,6,Monsoon
Chhattisgarh,Korba,2012-08,22.3547468,82.7110855,23.0,1.0,0.8781455194,2.0,0.0,471582504.6666667,0.6666666666666666,-0.9999999837426817,8,Monsoon
Chhattisgarh,Korba,2013-05,22.3547468,82.7110855,79.0,0.0,0.005121333871,0.0,314.0833334,471582525.3333333,0.6666666666666666,2.4347826086956523,5,Summer
Chhattisgarh,Korba,2013-07,22.3547468,82.7110855,49.0,0.0,0.968520359,6.0,299.89,50.333333333333336,0.3333333333333333,-0.379746835443038,7,Monsoon
Chhattisgarh,Korba,2013-09,22.3547468,82.7110855,25.0,0.0,0.7882824546,22.0,301.84000000000003,51.0,0.0,-0.4897959183673469,9,Monsoon
Chhattisgarh,Korba,2013-10,22.3547468,82.7110855,36.0,0.0,0.5125654173,21.0,299.81333340000003,36.666666666666664,0.0,0.43999999999999995,10,Post-Monsoon
Chhattisgarh,Korba,2013-12,22.3547468,82.7110855,13.0,0.0,4.78e-05,8.0,296.4966666,24.666666666666668,0.0,-0.6388888888888888,12,Winter
Chhattisgarh,Korba,2016-07,22.3547468,82.7110855,7.0,2.0,1.362877675,0.0,288.5,18.666666666666668,0.6666666666666666,-0.46153846153846156,7,Monsoon
Chhattisgarh,Korba,2016-08,22.3547468,82.7110855,16.0,0.0,0.8309448543,0.0,296.40000000000003,12.0,0.6666666666666666,1.2857142857142856,8,Monsoon
Chhattisgarh,Korba,2016-09,22.3547468,82.7110855,56.0,0.0,0.7082834696,7.0,299.02,26.333333333333332,0.6666666666666666,2.5,9,Monsoon
Chhattisgarh,Korba,2017-07,22.3547468,82.7110855,5843.0,0.0,1.55121106,6.0,0.0,1971.6666666666667,0.0,103.33928571428571,7,Monsoon
Chhattisgarh,Korba,2018-10,22.3547468,82.7110855,41.0,0.0,0.003324239414,0.0,304.132,1980.0,0.0,-0.9929830566489817,10,Post-Monsoon
Chhattisgarh,Koriya,2012-08,23.4316014,82.31383043,304.0,3.0,0.8984590789,2.0,0.0,304.0,3.0,0.0,8,Monsoon
Chhattisgarh,Koriya,2015-07,23.4316014,82.31383043,434.0,0.0,1.124761202,14.0,301.66,369.0,1.5,0.42763157894736836,7,Monsoon
Chhattisgarh,Koriya,2016-07,23.4316014,82.31383043,367.0,0.0,1.587052989,3.0,0.0,368.3333333333333,1.0,-0.15437788018433185,7,Monsoon
Chhattisgarh,Mahasamund,2011-07,21.1882332,82.48484762,70.0,0.0,0.195885137,7.0,307.04,70.0,0.0,0.0,7,Monsoon
Chhattisgarh,Mahasamund,2011-08,21.1882332,82.48484762,10823.0,3.0,0.6128441253,5.0,152.04,5446.5,1.5,153.61428571428573,8,Monsoon
Chhattisgarh,Mahasamund,2011-09,21.1882332,82.48484762,38.0,0.0,2.325341804,16.0,0.0,3643.6666666666665,1.0,-0.9964889586990668,9,Monsoon
Chhattisgarh,Mahasamund,2012-07,21.1882332,82.48484762,153.0,2.0,1.011977099,0.0,0.0,3671.3333333333335,1.6666666666666667,3.026315789473684,7,Monsoon
Chhattisgarh,Mahasamund,2012-08,21.1882332,82.48484762,9098102536626.0,9.0,1.1892514643,3.6666666666666665,50.29,3032700845605.6665,3.6666666666666665,59464722460.60784,8,Monsoon
Chhattisgarh,Mahasamund,2013-07,21.1882332,82.48484762,16.0,1.0,0.6609109955,3.0,302.06,3032700845598.3335,4.0,-0.9999999999982414,7,Monsoon
Chhattisgarh,Mahasamund,2014-07,21.1882332,82.48484762,4675.0,2.0,1.57408469555,2.0,151.0766667,3032700847105.6665,4.0,291.1875,7,Monsoon
Chhattisgarh,Mahasamund,2014-08,21.1882332,82.48484762,13.0,0.0,1.320361566,3.0,0.0,1568.0,1.0,-0.9972192513368984,8,Monsoon
Chhattisgarh,Mahasamund,2015-06,21.1882332,82.48484762,1633.0,0.0,0.2894295334,8.5,306.8125,2107.0,0.6666666666666666,124.61538461538461,6,Monsoon
Chhattisgarh,Mahasamund,2015-07,21.1882332,82.48484762,17.0,0.0,0.298851477,11.0,302.1,554.3333333333334,0.0,-0.9895897121861604,7,Monsoon
Chhattisgarh,Mahasamund,2015-11,21.1882332,82.48484762,97.0,0.0,6.99e-05,12.0,301.7966666,582.3333333333334,0.0,4.705882352941177,11,Post-Monsoon
Chhattisgarh,Mahasamund,2016-06,21.1882332,82.48484762,1942.0,0.0,0.27676821085,6.5,310.548,685.3333333333334,0.0,19.02061855670103,6,Monsoon
Chhattisgarh,Mahasamund,2016-07,21.1882332,82.48484762,38.0,2.0,0.6850587082,6.0,0.0,692.3333333333334,0.6666666666666666,-0.98043254376931,7,Monsoon
Chhattisgarh,Mahasamund,2017-06,21.1882332,82.48484762,13.0,0.0,1.129699366,1.0,304.74,664.3333333333334,0.6666666666666666,-0.6578947368421053,6,Monsoon
Chhattisgarh,Mahasamund,2017-07,21.1882332,82.48484762,44.0,0.0,0.9376933728,4.0,0.0,31.666666666666668,0.6666666666666666,2.3846153846153846,7,Monsoon
Chhattisgarh,Mahasamund,2017-08,21.1882332,82.48484762,39.0,0.0,0.4004477981,10.0,301.44,32.0,0.0,-0.11363636363636365,8,Monsoon
Chhattisgarh,Mahasamund,2019-05,21.1882332,82.48484762,34.0,0.0,0.01405675225,7.0,317.456,39.0,0.0,-0.1282051282051282,5,Summer
Chhattisgarh,Mungeli,2015-06,22.0661098,81.6874282,66.0,0.0,0.9587710593,13.0,303.84000000000003,66.0,0.0,0.0,6,Monsoon
Chhattisgarh,Narayanpur,2013-09,19.5842032,81.11369855,66.0,19.0,0.7666694201,20.0,301.8,66.0,19.0,0.0,9,Monsoon
Chhattisgarh,Raigarh,2011-09,22.5,83.5,103.0,1.0,1.033275074,13.0,300.0,103.0,1.0,0.0,9,Monsoon
Chhattisgarh,Raigarh,2011-11,22.5,83.5,12.0,0.0,4.76e-05,0.0,302.4533334,57.5,0.5,-0.883495145631068,11,Post-Monsoon
Chhattisgarh,Raigarh,2012-02,22.5,83.5,99.0,0.0,0.05914072873,8.0,297.948,71.33333333333333,0.3333333333333333,7.25,2,Winter
Chhattisgarh,Raigarh,2012-05,22.5,83.5,33.0,1.0,9.2e-05,8.0,316.0466666,48.0,0.3333333333333333,-0.6666666666666667,5,Summer
Chhattisgarh,Raigarh,2012-06,22.5,83.5,10.0,0.0,1.203182234,6.0,309.24,47.333333333333336,0.3333333333333333,-0.696969696969697,6,Monsoon
Chhattisgarh,Raigarh,2012-07,22.5,83.5,4150.0,0.0,1.393005051,10.0,302.46,1397.6666666666667,0.3333333333333333,414.0,7,Monsoon
Chhattisgarh,Raigarh,2012-08,22.5,83.5,4845.0,0.0,2.14985145,0.0,0.0,3001.6666666666665,0.0,0.16746987951807224,8,Monsoon
Chhattisgarh,Raigarh,2013-07,22.5,83.5,25.0,0.0,1.018270976,11.0,0.0,3006.6666666666665,0.0,-0.9948400412796697,7,Monsoon
Chhattisgarh,Raigarh,2013-08,22.5,83.5,803515.0,0.0,0.8160226713,7.0,100.33333333333333,269461.6666666667,0.0,32139.6,8,Monsoon
Chhattisgarh,Raigarh,2014-06,22.5,83.5,3323.0,0.0,0.43838541499999994,11.0,305.7683333,268954.3333333333,0.0,-0.9958644207015426,6,Monsoon
Chhattisgarh,Raigarh,2014-07,22.5,83.5,2414.0,0.0,0.9333558716000001,8.5,150.70000000000002,269750.6666666667,0.0,-0.27354799879626845,7,Monsoon
Chhattisgarh,Raigarh,2014-08,22.5,83.5,402422.0,0.0,0.5656565706,9.666666666666666,301.74444446666666,136053.0,0.0,165.70339685169841,8,Monsoon
Chhattisgarh,Raigarh,2014-12,22.5,83.5,27.0,0.0,0.002586469478,11.0,298.8666666,134954.33333333334,0.0,-0.9999329062526403,12,Winter
Chhattisgarh,Raigarh,2015-09,22.5,83.5,29.0,0.0,0.1014175756,0.0,303.40000000000003,134159.33333333334,0.0,0.07407407407407418,9,Monsoon
Chhattisgarh,Raigarh,2016-05,22.5,83.5,22.0,1.0,0.02245249993,7.0,315.2366666,26.0,0.3333333333333333,-0.24137931034482762,5,Summer
Chhattisgarh,Raigarh,2016-06,22.5,83.5,3239.0,0.0,0.5120470741,7.5,311.028,1096.6666666666667,0.3333333333333333,146.22727272727272,6,Monsoon
Chhattisgarh,Raigarh,2016-07,22.5,83.5,5448111630.0,0.0,1.15929120656,3.0,123.0,1816038297.0,0.3333333333333333,1682034.081815375,7,Monsoon
Chhattisgarh,Raigarh,2016-08,22.5,83.5,41.0,0.0,1.32562742,7.0,300.22,1816038303.3333333,0.0,-0.9999999924744567,8,Monsoon
Chhattisgarh,Raigarh,2016-09,22.5,83.5,72.0,0.0,0.496173473,7.0,0.0,1816037247.6666667,0.0,0.7560975609756098,9,Monsoon
Chhattisgarh,Raigarh,2017-06,22.5,83.5,47.0,0.0,0.2771768348,9.0,310.495,53.333333333333336,0.0,-0.3472222222222222,6,Monsoon
Chhattisgarh,Raigarh,2017-07,22.5,83.5,532225.0,0.0,0.8138808734333334,1.3333333333333333,101.22000000000001,177448.0,0.0,11322.936170212766,7,Monsoon
Chhattisgarh,Raigarh,2018-06,22.5,83.5,49.0,0.0,0.6621628154,4.0,0.0,177440.33333333334,0.0,-0.9999079336746677,6,Monsoon
Chhattisgarh,Raigarh,2018-12,22.5,83.5,25.0,0.0,7.48e-05,0.0,295.55,177433.0,0.0,-0.4897959183673469,12,Winter
Chhattisgarh,Raigarh,2019-10,22.5,83.5,5013.0,0.0,1.20006470875,22.5,298.64750000000004,1695.6666666666667,0.0,199.52,10,Post-Monsoon
Chhattisgarh,Raigarh,2019-11,22.5,83.5,74.0,0.0,0.0009846442116,19.0,298.78000000000003,1704.0,0.0,-0.9852383802114503,11,Post-Monsoon
Chhattisgarh,Raigarh,2019-12,22.5,83.5,714.0,0.0,0.0009012357975000001,14.0,296.913,1933.6666666666667,0.0,8.64864864864865,12,Winter
Chhattisgarh,Raipur,2009-08,21.2380912,81.6336993,11.0,0.0,0.05779330451,9.0,305.5,11.0,0.0,0.0,8,Monsoon
Chhattisgarh,Raipur,2011-07,21.2380912,81.6336993,1238.0,0.0,0.7745685888,0.0,302.4,624.5,0.0,111.54545454545455,7,Monsoon
Chhattisgarh,Raipur,2011-08,21.2380912,81.6336993,673103.0,2.0,0.9271804046,0.3333333333333333,200.27333333333334,224784.0,0.6666666666666666,542.7019386106624,8,Monsoon
Chhattisgarh,Raipur,2011-09,21.2380912,81.6336993,4114.0,0.0,0.9376059089000001,12.0,299.666,226151.66666666666,0.6666666666666666,-0.9938880082245957,9,Monsoon
Chhattisgarh,Raipur,2012-07,21.2380912,81.6336993,168.0,0.0,1.212981018,7.0,301.52,225795.0,0.6666666666666666,-0.9591638308215849,7,Monsoon
Chhattisgarh,Raipur,2012-08,21.2380912,81.6336993,54.0,0.0,0.6600048626,8.0,0.0,1445.3333333333333,0.0,-0.6785714285714286,8,Monsoon
Chhattisgarh,Raipur,2013-04,21.2380912,81.6336993,26.0,0.0,0.09949604187,6.0,313.068,82.66666666666667,0.0,-0.5185185185185186,4,Summer
Chhattisgarh,Raipur,2014-09,21.2380912,81.6336993,12571724.0,0.0,0.49708963032500003,18.75,224.71333335000003,4190601.3333333335,0.0,483526.8461538461,9,Monsoon
Chhattisgarh,Raipur,2014-10,21.2380912,81.6336993,41.0,0.0,0.0001719088613,26.0,303.056,4190597.0,0.0,-0.9999967387130039,10,Post-Monsoon
Chhattisgarh,Raipur,2015-06,21.2380912,81.6336993,17.0,0.0,0.1507586985,5.0,286.78000000000003,4190594.0,0.0,-0.5853658536585367,6,Monsoon
Chhattisgarh,Raipur,2015-07,21.2380912,81.6336993,208117.0,0.0,0.3285409676,9.5,301.605,69391.66666666667,0.0,12241.176470588236,7,Monsoon
Chhattisgarh,Raipur,2015-08,21.2380912,81.6336993,1017424757.0,0.0,0.4521459433,16.0,303.18,339210963.6666667,0.0,4887.715275542123,8,Monsoon
Chhattisgarh,Raipur,2015-10,21.2380912,81.6336993,31.0,0.0,0.0004706187149,22.0,304.3166666,339210968.3333333,0.0,-0.9999999695309164,10,Post-Monsoon
Chhattisgarh,Raipur,2016-07,21.2380912,81.6336993,26.0,0.0,1.463634027,4.0,0.0,339141604.6666667,0.0,-0.16129032258064513,7,Monsoon
Chhattisgarh,Raipur,2016-08,21.2380912,81.6336993,31.0,2.0,1.182055361,0.0,300.14,29.333333333333332,0.6666666666666666,0.1923076923076923,8,Monsoon
Chhattisgarh,Raipur,2016-09,21.2380912,81.6336993,192.0,0.0,1.036938619,0.0,298.4266666,83.0,0.6666666666666666,5.193548387096774,9,Monsoon
Chhattisgarh,Raipur,2019-06,21.2380912,81.6336993,39.0,0.0,0.1077817702,0.0,317.8,87.33333333333333,0.6666666666666666,-0.796875,6,Monsoon
Chhattisgarh,Rajnandgaon,2011-09,20.9727404,80.69155548,33.0,0.0,0.4903200333,0.0,299.9666666,33.0,0.0,0.0,9,Monsoon
Chhattisgarh,Rajnandgaon,2013-06,20.9727404,80.69155548,49.0,0.0,1.319301587,7.0,301.81,41.0,0.0,0.48484848484848486,6,Monsoon
Chhattisgarh,Rajnandgaon,2013-11,20.9727404,80.69155548,19.0,0.0,4.87e-05,0.0,300.08,33.666666666666664,0.0,-0.6122448979591837,11,Post-Monsoon
Chhattisgarh,Rajnandgaon,2014-09,20.9727404,80.69155548,45.0,0.0,1.048032584,4.0,299.02,37.666666666666664,0.0,1.3684210526315788,9,Monsoon
Chhattisgarh,Rajnandgaon,2015-06,20.9727404,80.69155548,42.0,0.0,0.6496737212,8.0,312.42,35.333333333333336,0.0,-0.06666666666666665,6,Monsoon
Chhattisgarh,Rajnandgaon,2015-07,20.9727404,80.69155548,6141927.0,0.0,0.722138650975,11.0,226.2941667,2047338.0,0.0,146235.35714285713,7,Monsoon
Chhattisgarh,Rajnandgaon,2015-09,20.9727404,80.69155548,13.0,0.0,0.4701308686,31.0,299.93333340000004,2047327.3333333333,0.0,-0.9999978834004377,9,Monsoon
Chhattisgarh,Rajnandgaon,2015-10,20.9727404,80.69155548,18.0,0.0,0.01181482315,31.0,300.5266666,2047319.3333333333,0.0,0.3846153846153846,10,Post-Monsoon
Chhattisgarh,Rajnandgaon,2016-07,20.9727404,80.69155548,8714182.0,1.0,1.0951704429333333,3.3333333333333335,0.0,2904737.6666666665,0.3333333333333333,484120.22222222225,7,Monsoon
Chhattisgarh,Rajnandgaon,2016-08,20.9727404,80.69155548,3846812.0,1.0,1.5148382364,3.5,74.74875,4187004.0,0.6666666666666666,-0.5585573034852841,8,Monsoon
Chhattisgarh,Rajnandgaon,2016-09,20.9727404,80.69155548,193.0,0.0,0.6611996587,16.0,297.37,4187062.3333333335,0.6666666666666666,-0.9999498285853324,9,Monsoon
Chhattisgarh,Rajnandgaon,2016-11,20.9727404,80.69155548,15.0,0.0,4.12e-05,0.0,301.0133334,1282340.0,0.3333333333333333,-0.9222797927461139,11,Post-Monsoon
Chhattisgarh,Rajnandgaon,2017-06,20.9727404,80.69155548,2189.0,0.0,0.6041818595,6.5,311.875,799.0,0.0,144.93333333333334,6,Monsoon
Chhattisgarh,Rajnandgaon,2017-07,20.9727404,80.69155548,18.0,0.0,0.5246402223,2.0,0.0,740.6666666666666,0.0,-0.9917770671539515,7,Monsoon
Chhattisgarh,Rajnandgaon,2019-03,20.9727404,80.69155548,13.0,0.0,0.01301690773,0.0,307.42,740.0,0.0,-0.2777777777777778,3,Summer
Chhattisgarh,Rajnandgaon,2019-05,20.9727404,80.69155548,112.0,0.0,0.0001514191123,8.0,318.848,47.666666666666664,0.0,7.615384615384615,5,Summer
Chhattisgarh,Rajnandgaon,2019-06,20.9727404,80.69155548,39.0,0.0,0.1569675641,10.0,315.38,54.666666666666664,0.0,-0.6517857142857143,6,Monsoon
Chhattisgarh,Rajnandgaon,2019-08,20.9727404,80.69155548,61.0,0.0,1.108574475,0.0,0.0,70.66666666666667,0.0,0.5641025641025641,8,Monsoon
Chhattisgarh,Sukma,2015-09,18.26654225,81.29252341,140.0,0.0,1.314751452,23.0,0.0,140.0,0.0,0.0,9,Monsoon
Chhattisgarh,Sukma,2016-08,18.26654225,81.29252341,41.0,0.0,0.9548058234,8.0,0.0,90.5,0.0,-0.7071428571428571,8,Monsoon
Chhattisgarh,Sukma,2019-09,18.26654225,81.29252341,54.0,0.0,0.712956887,21.0,300.34000000000003,78.33333333333333,0.0,0.3170731707317074,9,Monsoon
Chhattisgarh,Surajpur,2016-05,23.35151515,82.97290273,239.0,1.0,0.003698723325,11.0,315.78000000000003,239.0,1.0,0.0,5,Summer
Chhattisgarh,Surajpur,2017-07,23.35151515,82.97290273,1422.0,9.0,2.46135401,0.0,0.0,830.5,5.0,4.949790794979079,7,Monsoon
Chhattisgarh,Surajpur,2019-06,23.35151515,82.97290273,74.0,0.0,0.001636847556,11.0,315.156,578.3333333333334,3.3333333333333335,-0.9479606188466948,6,Monsoon
Chhattisgarh,Surguja,2010-07,23.25,83.0,32.0,0.0,0.8929789357,0.0,0.0,32.0,0.0,0.0,7,Monsoon
Chhattisgarh,Surguja,2011-05,23.25,83.0,28.0,0.0,0.01015428535,5.0,314.2666666,30.0,0.0,-0.125,5,Summer
Chhattisgarh,Surguja,2011-06,23.25,83.0,14141313.0,0.0,2.6909845082999997,4.0,154.955,4713791.0,0.0,505045.89285714284,6,Monsoon
Chhattisgarh,Surguja,2011-08,23.25,83.0,10.0,3.0,0.7252829099,15.0,301.55,4713783.666666667,1.0,-0.9999992928520852,8,Monsoon
Chhattisgarh,Surguja,2016-07,23.25,83.0,4.0,2.0,1.00315394,0.0,0.0,4713775.666666667,1.6666666666666667,-0.6,7,Monsoon
Dadra and Nagar Haveli,Dadra and Nagar Haveli,2010-10,20.2712521,73.0014588,4.0,0.0,0.07394494812,23.0,301.0866666,4.0,0.0,0.0,10,Post-Monsoon
Dadra and Nagar Haveli,Dadra and Nagar Haveli,2013-07,20.2712521,73.0014588,12.0,0.0,2.044548616,1.0,0.0,8.0,0.0,2.0,7,Monsoon
Dadra and Nagar Haveli,Dadra and Nagar Haveli,2015-08,20.2712521,73.0014588,12.0,0.0,0.39726129975,15.0,300.1433333,9.333333333333334,0.0,0.0,8,Monsoon
Dadra and Nagar Haveli,Dadra and Nagar Haveli,2015-09,20.2712521,73.0014588,1216.0,0.0,0.7543017589500001,14.0,299.815,413.3333333333333,0.0,100.33333333333333,9,Monsoon
Dadra and Nagar Haveli,Dadra and Nagar Haveli,2016-07,20.2712521,73.0014588,2.0,0.0,0.6110899287,0.0,300.88,410.0,0.0,-0.9983552631578947,7,Monsoon
Dadra and Nagar Haveli,Dadra and Nagar Haveli,2016-11,20.2712521,73.0014588,53.0,0.0,5e-05,12.0,306.176,423.6666666666667,0.0,25.5,11,Post-Monsoon
Dadra and Nagar Haveli,Dadra and Nagar Haveli,2018-07,20.2712521,73.0014588,323.0,0.0,1.493951557,1.0,0.0,126.0,0.0,5.09433962264151,7,Monsoon
Dadra and Nagar Haveli,Dadra and Nagar Haveli,2019-01,20.2712521,73.0014588,6.0,0.0,8.72e-05,9.0,304.0666666,127.33333333333333,0.0,-0.9814241486068112,1,Winter
Dadra and Nagar Haveli,Dadra and Nagar Haveli,2020-01,20.2712521,73.0014588,98.0,0.0,0.00636530782,9.0,304.48400000000004,142.33333333333334,0.0,15.333333333333332,1,Winter
Daman and Diu,Daman and Diu,2009-07,20.42000485,72.8637629,33.0,0.0,0.0,5.0,296.12,33.0,0.0,0.0,7,Monsoon
Daman and Diu,Daman and Diu,2012-10,20.42000485,72.8637629,70.0,0.0,0.0,21.0,300.9133334,51.5,0.0,1.121212121212121,10,Post-Monsoon
Daman and Diu,Daman and Diu,2019-09,20.42000485,72.8637629,107.0,2.0,0.0,13.0,301.75,70.0,0.6666666666666666,0.5285714285714285,9,Monsoon
Daman and Diu,Diu,2012-10,20.71817495,70.93238341,17.0,0.0,0.0,0.0,0.0,17.0,0.0,0.0,10,Post-Monsoon
Daman and Diu,Diu Daman,2020-03,20.71817495,70.93238341,14.0,0.0,0.0,0.0,0.0,14.0,0.0,0.0,3,Summer
Delhi,Central Delhi,2014-09,28.69854835,77.21939069,21.0,0.0,0.04855303631,11.0,303.6466666,21.0,0.0,0.0,9,Monsoon
Delhi,New Delhi,2013-07,28.6138954,77.2090057,134521153519.0,10.0,0.5165098757,0.0,308.8066666,134521153519.0,10.0,0.0,7,Monsoon
Delhi,New Delhi,2013-08,28.6138954,77.2090057,50.0,1.0,0.1086299315,0.0,303.22,67260576784.5,5.5,-0.9999999996283112,8,Monsoon
Delhi,New Delhi,2015-01,28.6138954,77.2090057,477778.0,4.0,0.0003135274763,4.0,289.75333340000003,44840543782.333336,5.0,9554.56,1,Winter
Delhi,New Delhi,2015-07,28.6138954,77.2090057,1.191160187231946e+44,166.0,0.5552956350818182,5.363636363636363,308.2990909090909,3.97053395743982e+43,57.0,2.4931248136832292e+38,7,Monsoon
Delhi,North Delhi,2016-07,28.78722785,77.09809033,26.0,0.0,0.9702527936,7.0,312.82,26.0,0.0,0.0,7,Monsoon
Delhi,North Delhi,2018-08,28.78722785,77.09809033,1248.0,0.0,0.22426672373,8.5,304.83000000000004,637.0,0.0,47.0,8,Monsoon
Delhi,North Delhi,2019-06,28.78722785,77.09809033,4.0,0.0,0.06398791246,0.0,316.6433334,426.0,0.0,-0.9967948717948718,6,Monsoon
Delhi,North Delhi,2019-07,28.78722785,77.09809033,5.0,0.0,0.8748362289,7.0,306.64,419.0,0.0,0.25,7,Monsoon
Delhi,South Delhi,2015-01,28.4851694,77.1963652,17.0,0.0,0.0472677179,8.0,290.828,17.0,0.0,0.0,1,Winter
Delhi,South Delhi,2016-01,28.4851694,77.1963652,13.0,0.0,7.38e-06,5.0,293.3333334,15.0,0.0,-0.23529411764705888,1,Winter
Delhi,South Delhi,2017-09,28.4851694,77.1963652,22.0,0.0,0.001552962315,9.0,307.648,17.333333333333332,0.0,0.6923076923076923,9,Monsoon
Delhi,South Delhi,2019-10,28.4851694,77.1963652,12.0,0.0,0.05319440215,6.0,307.704,15.666666666666666,0.0,-0.4545454545454546,10,Post-Monsoon
Delhi,South District,2013-06,28.59449355,76.90650844,190.0,2.0,0.03173770702,4.0,307.276,190.0,2.0,0.0,6,Monsoon
Delhi,South west District,2013-07,28.59449355,76.90650844,50.0,1.0,0.519847218,5.0,312.2733334,50.0,1.0,0.0,7,Monsoon
Delhi,West Delhi,2016-03,28.6479519,77.08556541,47.0,0.0,0.007758078181,6.0,304.3433334,47.0,0.0,0.0,3,Summer
Delhi,West Delhi,2016-10,28.6479519,77.08556541,25.0,0.0,0.0001010348947,5.0,309.65000000000003,36.0,0.0,-0.46808510638297873,10,Post-Monsoon
Goa,North Goa,2013-05,15.60444125,74.00172406,7497.0,1.0,0.18875850763500002,17.5,307.81,7497.0,1.0,0.0,5,Summer
Goa,North Goa,2018-02,15.60444125,74.00172406,46.0,0.0,3.28e-05,25.0,304.216,3771.5,0.5,-0.9938642123516073,2,Winter
Goa,North Goa,2018-05,15.60444125,74.00172406,49.0,0.0,0.2490229366,16.0,306.03000000000003,2530.6666666666665,0.3333333333333333,0.0652173913043479,5,Summer
Goa,North Goa,2018-06,15.60444125,74.00172406,43.0,0.0,0.4681427335,21.0,304.455,46.0,0.0,-0.12244897959183676,6,Monsoon
Goa,North Goa,2018-09,15.60444125,74.00172406,35.0,0.0,0.4932080572,0.0,298.12,42.333333333333336,0.0,-0.18604651162790697,9,Monsoon
Goa,North Goa,2019-02,15.60444125,74.00172406,19.0,0.0,3.7e-05,25.0,302.8833334,32.333333333333336,0.0,-0.4571428571428572,2,Winter
Goa,North Goa,2019-03,15.60444125,74.00172406,5.0,0.0,0.0003177100814,22.0,307.9766666,19.666666666666668,0.0,-0.736842105263158,3,Summer
Goa,South Goa,2009-07,15.21961365,74.1152813,30.0,0.0,3.755514997,3.0,292.66,30.0,0.0,0.0,7,Monsoon
Goa,South Goa,2009-12,15.21961365,74.1152813,17.0,0.0,0.006113389157,24.0,301.36400000000003,23.5,0.0,-0.43333333333333335,12,Winter
Goa,South Goa,2013-02,15.21961365,74.1152813,11.0,1.0,0.1701618491,0.0,304.392,19.333333333333332,0.3333333333333333,-0.3529411764705882,2,Winter
Goa,South Goa,2015-05,15.21961365,74.1152813,20.0,0.0,0.06643924061,22.0,303.248,16.0,0.3333333333333333,0.8181818181818181,5,Summer
Goa,South Goa,2015-09,15.21961365,74.1152813,19.0,0.0,0.08378575413,12.0,300.0133334,16.666666666666668,0.3333333333333333,-0.050000000000000044,9,Monsoon
Goa,South Goa,2017-08,15.21961365,74.1152813,179.0,0.0,0.6381093065,15.0,297.96,72.66666666666667,0.0,8.421052631578947,8,Monsoon
Goa,South Goa,2018-04,15.21961365,74.1152813,22.0,0.0,0.002563216481,24.0,305.8833334,73.33333333333333,0.0,-0.8770949720670391,4,Summer
Goa,South Goa,2018-07,15.21961365,74.1152813,245.0,1.0,2.651921753,2.0,0.0,148.66666666666666,0.3333333333333333,10.136363636363637,7,Monsoon
Goa,South Goa,2019-04,15.21961365,74.1152813,17.0,0.0,0.003058369119,23.0,307.7066666,94.66666666666667,0.3333333333333333,-0.9306122448979592,4,Summer
Gujarat,Ahmadabad,2012-05,23.0216238,72.5797068,24.0,0.0,4.05e-05,5.0,316.2666666,24.0,0.0,0.0,5,Summer
Gujarat,Ahmedabad,2010-08,23.0216238,72.5797068,4.0,0.0,0.1930258334,0.0,303.42,4.0,0.0,0.0,8,Monsoon
Gujarat,Ahmedabad,2010-12,23.0216238,72.5797068,240.0,0.0,8.13e-05,4.0,301.3,122.0,0.0,59.0,12,Winter
Gujarat,Ahmedabad,2011-02,23.0216238,72.5797068,10.0,0.0,4.25e-05,10.0,303.212,84.66666666666667,0.0,-0.9583333333333334,2,Winter
Gujarat,Ahmedabad,2012-08,23.0216238,72.5797068,136.0,0.0,0.1957929965,0.0,0.0,128.66666666666666,0.0,12.6,8,Monsoon
Gujarat,Ahmedabad,2012-10,23.0216238,72.5797068,14.0,0.0,0.00535877149,13.0,306.56333340000003,53.333333333333336,0.0,-0.8970588235294118,10,Post-Monsoon
Gujarat,Ahmedabad,2013-04,23.0216238,72.5797068,67.0,0.0,2.62e-05,5.0,316.1,72.33333333333333,0.0,3.7857142857142856,4,Summer
Gujarat,Ahmedabad,2013-06,23.0216238,72.5797068,51.0,0.0,0.005221476132,4.0,315.87333340000004,44.0,0.0,-0.23880597014925375,6,Monsoon
Gujarat,Ahmedabad,2013-07,23.0216238,72.5797068,25.0,0.0,1.525266005,2.0,0.0,47.666666666666664,0.0,-0.5098039215686274,7,Monsoon
Gujarat,Ahmedabad,2014-01,23.0216238,72.5797068,33.0,0.0,5.56e-05,9.0,300.028,36.333333333333336,0.0,0.32000000000000006,1,Winter
Gujarat,Ahmedabad,2014-07,23.0216238,72.5797068,37.0,0.0,0.005188415844,4.0,308.764,31.666666666666668,0.0,0.1212121212121211,7,Monsoon
Gujarat,Ahmedabad,2015-02,23.0216238,72.5797068,24.0,1.0,6.17e-05,9.0,307.0566666,31.333333333333332,0.3333333333333333,-0.3513513513513513,2,Winter
Gujarat,Ahmedabad,2019-06,23.0216238,72.5797068,34.0,0.0,0.1622094207,5.0,309.1733334,31.666666666666668,0.3333333333333333,0.41666666666666674,6,Monsoon
Gujarat,Ahmedabad,2022-02,23.0216238,72.5797068,67.0,0.0,7.25e-05,0.0,302.55333340000004,41.666666666666664,0.3333333333333333,0.9705882352941178,2,Winter
Gujarat,Amreli,2009-07,20.866667,70.75,58.0,0.0,2.66063763,5.0,0.0,58.0,0.0,0.0,7,Monsoon
Gujarat,Amreli,2010-01,20.866667,70.75,45.0,0.0,3.16e-05,0.0,306.93333340000004,51.5,0.0,-0.22413793103448276,1,Winter
Gujarat,Amreli,2010-10,20.866667,70.75,12.0,0.0,0.1970733304,19.0,302.805,38.333333333333336,0.0,-0.7333333333333334,10,Post-Monsoon
Gujarat,Amreli,2010-11,20.866667,70.75,35.0,0.0,9.44e-05,12.0,307.6433334,30.666666666666668,0.0,1.9166666666666665,11,Post-Monsoon
Gujarat,Amreli,2011-04,20.866667,70.75,1132.0,0.0,0.000820893836,6.5,314.94500000000005,393.0,0.0,31.34285714285714,4,Summer
Gujarat,Amreli,2011-11,20.866667,70.75,4898.0,0.0,4.67e-05,0.0,307.80333340000004,2021.6666666666667,0.0,3.3268551236749113,11,Post-Monsoon
Gujarat,Amreli,2013-03,20.866667,70.75,22.0,0.0,0.0001923105415,5.0,316.652,2017.3333333333333,0.0,-0.995508370763577,3,Summer
Gujarat,Amreli,2014-05,20.866667,70.75,62.0,0.0,0.002716027403,7.0,314.94333340000003,1660.6666666666667,0.0,1.8181818181818183,5,Summer
Gujarat,Amreli,2014-08,20.866667,70.75,15.0,0.0,0.3483901807,9.0,300.67,33.0,0.0,-0.7580645161290323,8,Monsoon
Gujarat,Amreli,2015-03,20.866667,70.75,52.0,0.0,7.03e-05,6.0,313.0966666,43.0,0.0,2.466666666666667,3,Summer
Gujarat,Anand,2010-07,22.5584995,72.9625629,12.0,0.0,0.9663964233,0.0,0.0,12.0,0.0,0.0,7,Monsoon
Gujarat,Anand,2010-08,22.5584995,72.9625629,74.0,0.0,0.2442679533,8.0,302.8,43.0,0.0,5.166666666666667,8,Monsoon
Gujarat,Anand,2011-02,22.5584995,72.9625629,21.0,0.0,4.25e-05,9.0,304.61,35.666666666666664,0.0,-0.7162162162162162,2,Winter
Gujarat,Anand,2011-04,22.5584995,72.9625629,9612.0,0.0,0.00017926431805000002,6.0,316.1746667,3235.6666666666665,0.0,456.7142857142857,4,Summer
Gujarat,Anand,2011-11,22.5584995,72.9625629,28.0,0.0,4.24e-05,8.0,307.56,3220.3333333333335,0.0,-0.9970869746150645,11,Post-Monsoon
Gujarat,Anand,2012-02,22.5584995,72.9625629,26.0,0.0,4.81e-05,0.0,301.63,3222.0,0.0,-0.0714285714285714,2,Winter
Gujarat,Anand,2012-07,22.5584995,72.9625629,235247.0,0.0,0.37015621489,5.666666666666667,204.4577778,78433.66666666667,0.0,9046.961538461539,7,Monsoon
Gujarat,Anand,2013-07,22.5584995,72.9625629,2023.0,0.0,1.6879432859999999,2.0,0.0,79098.66666666667,0.0,-0.9914005279557231,7,Monsoon
Gujarat,Anand,2014-03,22.5584995,72.9625629,31.0,0.0,4.46e-05,0.0,311.476,79100.33333333333,0.0,-0.9846762234305487,3,Summer
Gujarat,Anand,2014-11,22.5584995,72.9625629,29.0,0.0,0.09833897068,11.0,305.145,694.3333333333334,0.0,-0.06451612903225812,11,Post-Monsoon
Gujarat,Anand,2014-12,22.5584995,72.9625629,2690.0,0.0,6.445e-05,4.0,301.51750000000004,916.6666666666666,0.0,91.75862068965517,12,Winter
Gujarat,Anand,2015-07,22.5584995,72.9625629,4922.0,0.0,0.09945914505,2.5,308.2483333,2547.0,0.0,0.8297397769516728,7,Monsoon
Gujarat,Anand,2015-09,22.5584995,72.9625629,34.0,0.0,0.03158392558,12.0,305.04400000000004,2548.6666666666665,0.0,-0.9930922389272654,9,Monsoon
Gujarat,Anand,2015-10,22.5584995,72.9625629,72.0,1.0,0.0006117987188,12.0,309.46,1676.0,0.3333333333333333,1.1176470588235294,10,Post-Monsoon
Gujarat,Anand,2017-01,22.5584995,72.9625629,69.0,0.0,2.46e-05,9.0,302.612,58.333333333333336,0.3333333333333333,-0.04166666666666663,1,Winter
Gujarat,Anand,2017-06,22.5584995,72.9625629,57.0,0.0,0.9190543476,4.0,309.04,66.0,0.3333333333333333,-0.17391304347826086,6,Monsoon
Gujarat,Anand,2017-08,22.5584995,72.9625629,33.0,0.0,1.074812929,7.0,299.44,53.0,0.0,-0.42105263157894735,8,Monsoon
Gujarat,Anand,2017-12,22.5584995,72.9625629,87.0,0.0,5.58e-05,8.0,304.2933334,59.0,0.0,1.6363636363636362,12,Winter
Gujarat,Anand,2018-01,22.5584995,72.9625629,196.0,0.0,0.0001094685119,10.0,302.535,105.33333333333333,0.0,1.2528735632183907,1,Winter
Gujarat,Anand,2018-07,22.5584995,72.9625629,31.0,0.0,0.6690163003,4.0,0.0,104.66666666666667,0.0,-0.8418367346938775,7,Monsoon
Gujarat,Anand,2019-01,22.5584995,72.9625629,75.0,0.0,6.69e-05,9.0,298.748,100.66666666666667,0.0,1.4193548387096775,1,Winter
Gujarat,Anand,2019-08,22.5584995,72.9625629,40.0,0.0,0.8088184757,5.0,301.3,48.666666666666664,0.0,-0.4666666666666667,8,Monsoon
Gujarat,Anand,2021-05,22.5584995,72.9625629,15.0,0.0,0.002561268239,9.0,308.588,43.333333333333336,0.0,-0.625,5,Summer
Gujarat,Anand,2022-03,22.5584995,72.9625629,24.0,0.0,5.63e-05,0.0,307.34000000000003,26.333333333333332,0.0,0.6000000000000001,3,Summer
Gujarat,Aravalli,2015-05,23.48345905,73.39881244,30112.0,0.0,0.000101720055,0.0,316.5766666,30112.0,0.0,0.0,5,Summer
Gujarat,Aravalli,2016-04,23.48345905,73.39881244,12.0,0.0,9.33e-05,5.0,316.4533334,15062.0,0.0,-0.9996014877789585,4,Summer
Gujarat,Banaskantha,2011-02,24.172056,72.431134,42.0,0.0,0.0008085716425,10.0,303.3333334,42.0,0.0,0.0,2,Winter
Gujarat,Banaskantha,2011-05,24.172056,72.431134,28732.0,0.0,0.0004629636403,3.0,315.3366667,14387.0,0.0,683.0952380952381,5,Summer
Gujarat,Banaskantha,2012-01,24.172056,72.431134,848425.0,0.0,0.0002519498100666667,8.0,297.8844444666667,292399.6666666667,0.0,28.528922455798412,1,Winter
Gujarat,Banaskantha,2012-07,24.172056,72.431134,468.0,5.0,0.03550232816,0.0,310.34000000000003,292541.6666666667,1.6666666666666667,-0.9994483896631995,7,Monsoon
Gujarat,Banaskantha,2013-05,24.172056,72.431134,141.0,0.0,0.008265910713,7.0,312.5766666,283011.3333333333,1.6666666666666667,-0.6987179487179487,5,Summer
Gujarat,Banaskantha,2013-09,24.172056,72.431134,6.0,0.0,0.02438348543,12.0,307.97,205.0,1.6666666666666667,-0.9574468085106383,9,Monsoon
Gujarat,Banaskantha,2015-06,24.172056,72.431134,38.0,0.0,0.01902643619,6.0,312.375,61.666666666666664,0.0,5.333333333333333,6,Monsoon
Gujarat,Banaskantha,2016-04,24.172056,72.431134,45.0,1.0,0.000208044708,5.0,310.2166666,29.666666666666668,0.3333333333333333,0.18421052631578938,4,Summer
Gujarat,Banaskantha,2016-06,24.172056,72.431134,14.0,0.0,4.93e-05,0.0,318.31,32.333333333333336,0.3333333333333333,-0.6888888888888889,6,Monsoon
Gujarat,Banaskantha,2016-07,24.172056,72.431134,194.0,0.0,0.2124229522,6.0,307.2,84.33333333333333,0.3333333333333333,12.857142857142858,7,Monsoon
Gujarat,Banaskantha,2017-06,24.172056,72.431134,25.0,0.0,0.02636463181,0.0,311.184,77.66666666666667,0.0,-0.8711340206185567,6,Monsoon
Gujarat,Banaskantha,2018-03,24.172056,72.431134,23.0,0.0,5.77e-05,6.0,308.64,80.66666666666667,0.0,-0.07999999999999996,3,Summer
Gujarat,Bharuch,2010-09,21.75,73.0,2.0,0.0,0.08235727429,22.0,300.78400000000005,2.0,0.0,0.0,9,Monsoon
Gujarat,Bharuch,2011-01,21.75,73.0,215.0,0.0,6.28e-05,7.0,304.736,108.5,0.0,106.5,1,Winter
Gujarat,Bharuch,2011-05,21.75,73.0,42.0,0.0,5.55e-05,6.0,315.1266666,86.33333333333333,0.0,-0.8046511627906977,5,Summer
Gujarat,Bharuch,2011-12,21.75,73.0,30.0,0.0,6.02e-05,8.0,306.59200000000004,95.66666666666667,0.0,-0.2857142857142857,12,Winter
Gujarat,Bharuch,2012-02,21.75,73.0,8888.0,0.0,7.730000000000001e-05,6.0,304.734,2986.6666666666665,0.0,295.26666666666665,2,Winter
Gujarat,Bharuch,2012-05,21.75,73.0,15.0,0.0,0.001852235288,6.0,312.016,2977.6666666666665,0.0,-0.9983123312331234,5,Summer
Gujarat,Bharuch,2014-06,21.75,73.0,101.0,0.0,0.09258189551,7.0,307.32,3001.3333333333335,0.0,5.733333333333333,6,Monsoon
Gujarat,Bharuch,2014-09,21.75,73.0,2624.0,0.0,1.0649708595,4.5,298.745,913.3333333333334,0.0,24.980198019801982,9,Monsoon
Gujarat,Bharuch,2015-06,21.75,73.0,45.0,0.0,0.4464055969,0.0,309.28000000000003,923.3333333333334,0.0,-0.9828506097560976,6,Monsoon
Gujarat,Bharuch,2018-04,21.75,73.0,40.0,0.0,3.38e-05,0.0,316.0833334,903.0,0.0,-0.11111111111111116,4,Summer
Gujarat,Bhavnagar,2009-07,21.7718836,72.1416449,125124.0,2.0,0.1828031055,4.0,308.47,125124.0,2.0,0.0,7,Monsoon
Gujarat,Bhavnagar,2010-06,21.7718836,72.1416449,4040.0,0.0,0.04482176549,0.0,311.07,64582.0,1.0,-0.9677120296665708,6,Monsoon
Gujarat,Bhavnagar,2011-11,21.7718836,72.1416449,75.0,0.0,5.82e-05,9.0,310.17,43079.666666666664,0.6666666666666666,-0.9814356435643564,11,Post-Monsoon
Gujarat,Bhavnagar,2011-12,21.7718836,72.1416449,17.0,0.0,4.9e-05,8.0,307.5466666,1377.3333333333333,0.0,-0.7733333333333333,12,Winter
Gujarat,Bhavnagar,2012-05,21.7718836,72.1416449,36.0,0.0,3.56e-05,4.0,322.388,42.666666666666664,0.0,1.1176470588235294,5,Summer
Gujarat,Bhavnagar,2013-05,21.7718836,72.1416449,22.0,0.0,7.59e-05,3.0,321.81,25.0,0.0,-0.38888888888888884,5,Summer
Gujarat,Bhavnagar,2014-08,21.7718836,72.1416449,32.0,0.0,0.2281555344,5.0,0.0,30.0,0.0,0.4545454545454546,8,Monsoon
Gujarat,Bhavnagar,2014-12,21.7718836,72.1416449,17874176.0,0.0,6.616666666666667e-05,4.0,302.61466666666666,5958076.666666667,0.0,558567.0,12,Winter
Gujarat,Bhavnagar,2018-06,21.7718836,72.1416449,103.0,0.0,0.02094828216,0.0,310.65000000000003,5958103.666666667,0.0,-0.9999942374965984,6,Monsoon
Gujarat,Chhota Udepur,2022-06,22.3148736,74.0141067,203.0,0.0,0.2976319834,5.0,309.9733334,203.0,0.0,0.0,6,Monsoon
Gujarat,Chota Udaipur,2014-11,22.3148736,74.0141067,94.0,1.0,7.7e-05,0.0,306.9533334,94.0,1.0,0.0,11,Post-Monsoon
Gujarat,Dahod,2010-02,22.8358542,74.2556782,10.0,0.0,0.001401144212,0.0,305.812,10.0,0.0,0.0,2,Winter
Gujarat,Dahod,2010-06,22.8358542,74.2556782,21.0,1.0,0.005934464198,2.0,321.36,15.5,0.5,1.1,6,Monsoon
Gujarat,Dahod,2011-03,22.8358542,74.2556782,17.0,0.0,0.0001041250099,4.0,314.8233334,16.0,0.3333333333333333,-0.19047619047619047,3,Summer
Gujarat,Dahod,2012-05,22.8358542,74.2556782,47.0,0.0,5.28e-05,3.0,322.416,28.333333333333332,0.3333333333333333,1.7647058823529411,5,Summer
Gujarat,Dahod,2012-08,22.8358542,74.2556782,20.0,0.0,0.9580954113,6.0,300.61,28.0,0.0,-0.574468085106383,8,Monsoon
Gujarat,Dahod,2014-07,22.8358542,74.2556782,9.0,3.0,1.225144503,0.0,0.0,25.333333333333332,1.0,-0.55,7,Monsoon
Gujarat,Dahod,2018-04,22.8358542,74.2556782,23.0,0.0,0.0003618246792,3.0,323.152,17.333333333333332,1.0,1.5555555555555554,4,Summer
Gujarat,Dahod,2018-07,22.8358542,74.2556782,21.0,0.0,0.65438957195,2.5,151.91,17.666666666666668,1.0,-0.08695652173913049,7,Monsoon
Gujarat,Devbhoomi Dwarka,2019-05,22.2105363,69.653336,5.0,0.0,0.0002652657501,2.0,316.036,5.0,0.0,0.0,5,Summer
Gujarat,Devbhumi Dwarka,2017-02,22.2444759,68.96800188,38.0,0.0,6.66e-05,0.0,0.0,38.0,0.0,0.0,2,Winter
Gujarat,Gandhi Nagar,2010-05,23.06016515,72.58063822,57.0,0.0,0.002044044618,4.0,318.5066666,57.0,0.0,0.0,5,Summer
Gujarat,Gandhi Nagar,2010-06,23.06016515,72.58063822,16.0,0.0,0.04410776889,4.0,316.928,36.5,0.0,-0.7192982456140351,6,Monsoon
Gujarat,Gandhi Nagar,2011-06,23.06016515,72.58063822,1660.0,0.0,0.010455489485,2.0,313.61966670000004,577.6666666666666,0.0,102.75,6,Monsoon
Gujarat,Gandhi Nagar,2013-07,23.06016515,72.58063822,6.0,0.0,0.09547742144,0.0,310.2,560.6666666666666,0.0,-0.9963855421686747,7,Monsoon
Gujarat,Gandhi Nagar,2014-11,23.06016515,72.58063822,18.0,0.0,0.0001576567256,0.0,305.82,561.3333333333334,0.0,2.0,11,Post-Monsoon
Gujarat,Gandhi Nagar,2015-05,23.06016515,72.58063822,91.0,0.0,0.0001344182891,0.0,319.152,38.333333333333336,0.0,4.055555555555555,5,Summer
Gujarat,Gandhi Nagar,2016-03,23.06016515,72.58063822,34.0,0.0,7.61e-05,6.0,312.1666666,47.666666666666664,0.0,-0.6263736263736264,3,Summer
Gujarat,Gandhi Nagar,2016-04,23.06016515,72.58063822,2134.0,0.0,3.25e-05,5.0,315.6066666,753.0,0.0,61.76470588235294,4,Summer
Gujarat,Gandhi Nagar,2016-05,23.06016515,72.58063822,97.0,0.0,0.01565446637,5.0,317.2466666,755.0,0.0,-0.9545454545454546,5,Summer
Gujarat,Gandhi Nagar,2016-06,23.06016515,72.58063822,15.0,0.0,0.007965288353,4.0,313.12,748.6666666666666,0.0,-0.845360824742268,6,Monsoon
Gujarat,Gandhi Nagar,2017-05,23.06016515,72.58063822,71.0,0.0,5.35e-05,5.0,319.26,61.0,0.0,3.7333333333333334,5,Summer
Gujarat,Gandhi Nagar,2019-06,23.06016515,72.58063822,3.0,0.0,7.08e-05,4.0,315.6,29.666666666666668,0.0,-0.9577464788732395,6,Monsoon
Gujarat,Gandhi Nagar,2021-07,23.06016515,72.58063822,621.0,0.0,0.018340711364999998,3.0,307.49,231.66666666666666,0.0,206.0,7,Monsoon
Gujarat,Gandhinagar,2010-04,23.2232877,72.6492267,94.0,0.0,5.86e-05,5.0,314.24333340000004,94.0,0.0,0.0,4,Summer
Gujarat,Gandhinagar,2010-06,23.2232877,72.6492267,13115.0,0.0,0.04975466717,2.0,313.09000000000003,6604.5,0.0,138.5212765957447,6,Monsoon
Gujarat,Gandhinagar,2010-07,23.2232877,72.6492267,12.0,0.0,2.152496609,0.0,0.0,4407.0,0.0,-0.9990850171559283,7,Monsoon
Gujarat,Gandhinagar,2010-12,23.2232877,72.6492267,16.0,0.0,2.45e-05,0.0,301.5466666,4381.0,0.0,0.33333333333333326,12,Winter
Gujarat,Gandhinagar,2012-06,23.2232877,72.6492267,60.0,1.0,0.001793252258,4.0,310.28000000000003,29.333333333333332,0.3333333333333333,2.75,6,Monsoon
Gujarat,Gandhinagar,2012-07,23.2232877,72.6492267,62.0,0.0,0.3638519885,3.0,316.08,46.0,0.3333333333333333,0.03333333333333344,7,Monsoon
Gujarat,Gandhinagar,2013-04,23.2232877,72.6492267,1312.0,0.0,0.0140592212365,5.0,314.66033330000005,478.0,0.3333333333333333,20.161290322580644,4,Summer
Gujarat,Gandhinagar,2013-05,23.2232877,72.6492267,87.0,2.0,6.44e-05,5.0,317.24,487.0,0.6666666666666666,-0.9336890243902439,5,Summer
Gujarat,Gandhinagar,2013-06,23.2232877,72.6492267,177.0,0.0,0.6426252955,5.0,303.48,525.3333333333334,0.6666666666666666,1.0344827586206895,6,Monsoon
Gujarat,Gandhinagar,2014-06,23.2232877,72.6492267,13.0,0.0,0.00197039326,4.0,315.99,92.33333333333333,0.6666666666666666,-0.9265536723163842,6,Monsoon
Gujarat,Gandhinagar,2016-03,23.2232877,72.6492267,34.0,0.0,7.61e-05,6.0,312.1666666,74.66666666666667,0.0,1.6153846153846154,3,Summer
Gujarat,Gandhinagar,2016-06,23.2232877,72.6492267,28.0,0.0,0.001888167203,4.0,315.8866666,25.0,0.0,-0.17647058823529416,6,Monsoon
Gujarat,Gandhinagar,2016-07,23.2232877,72.6492267,12.0,0.0,0.6417646359,0.0,316.06,24.666666666666668,0.0,-0.5714285714285714,7,Monsoon
Gujarat,Gandhinagar,2016-08,23.2232877,72.6492267,5252.0,0.0,0.8992496641000001,3.0,0.0,1764.0,0.0,436.6666666666667,8,Monsoon
Gujarat,Gandhinagar,2016-10,23.2232877,72.6492267,14.0,0.0,0.4269231871,13.0,302.325,1759.3333333333333,0.0,-0.9973343488194973,10,Post-Monsoon
Gujarat,Gandhinagar,2017-05,23.2232877,72.6492267,101.0,0.0,0.005320479081,5.0,314.1,1789.0,0.0,6.214285714285714,5,Summer
Gujarat,Gandhinagar,2017-06,23.2232877,72.6492267,189.0,0.0,0.08440429428,5.0,310.24,101.33333333333333,0.0,0.8712871287128714,6,Monsoon
Gujarat,Gandhinagar,2022-03,23.2232877,72.6492267,14.0,0.0,7.1e-05,0.0,307.38,101.33333333333333,0.0,-0.9259259259259259,3,Summer
Gujarat,Gir Somnath,2015-09,20.9911049,70.68806405,82.0,0.0,0.0536668793,21.0,303.2566666,82.0,0.0,0.0,9,Monsoon
Gujarat,Gir Somnath,2017-05,20.9911049,70.68806405,12.0,0.0,0.002096745091,0.0,315.6566666,47.0,0.0,-0.8536585365853658,5,Summer
Gujarat,Jamnagar,2010-12,22.4732415,70.0552102,329.0,0.0,4.04e-05,0.0,301.94,329.0,0.0,0.0,12,Winter
Gujarat,Jamnagar,2011-06,22.4732415,70.0552102,1.0,0.0,0.06156902892,2.0,307.73,165.0,0.0,-0.9969604863221885,6,Monsoon
Gujarat,Jamnagar,2012-04,22.4732415,70.0552102,54.0,0.0,2.87e-05,4.0,318.79200000000003,128.0,0.0,53.0,4,Summer
Gujarat,Jamnagar,2012-06,22.4732415,70.0552102,10.0,0.0,0.002220530685,2.0,313.6733334,21.666666666666668,0.0,-0.8148148148148149,6,Monsoon
Gujarat,Jamnagar,2013-01,22.4732415,70.0552102,11.0,0.0,0.04386575055,4.0,301.36400000000003,25.0,0.0,0.10000000000000009,1,Winter
Gujarat,Jamnagar,2013-06,22.4732415,70.0552102,10.0,0.0,0.1257427299,2.0,315.97200000000004,10.333333333333334,0.0,-0.09090909090909094,6,Monsoon
Gujarat,Jamnagar,2016-04,22.4732415,70.0552102,13.0,0.0,0.0002461407325,2.0,317.03200000000004,11.333333333333334,0.0,0.30000000000000004,4,Summer
Gujarat,Jamnagar,2016-05,22.4732415,70.0552102,47.0,0.0,0.0003191528184,2.0,321.492,23.333333333333332,0.0,2.6153846153846154,5,Summer
Gujarat,Jamnagar,2020-02,22.4732415,70.0552102,37.0,0.0,4.38e-05,10.0,303.0066666,32.333333333333336,0.0,-0.21276595744680848,2,Winter
Gujarat,Junagadh,2009-06,21.5174104,70.4642754,31.0,0.0,0.003849650292,3.0,312.596,31.0,0.0,0.0,6,Monsoon
Gujarat,Junagadh,2010-09,21.5174104,70.4642754,15.0,0.0,0.6634035391,5.0,301.84000000000003,23.0,0.0,-0.5161290322580645,9,Monsoon
Gujarat,Junagadh,2010-10,21.5174104,70.4642754,60142.0,0.0,0.021653050847650002,8.5,307.06,20062.666666666668,0.0,4008.4666666666667,10,Post-Monsoon
Gujarat,Junagadh,2010-11,21.5174104,70.4642754,26.0,0.0,0.1155053409,10.0,302.0,20061.0,0.0,-0.9995676898008048,11,Post-Monsoon
Gujarat,Junagadh,2010-12,21.5174104,70.4642754,2697.0,0.0,5.69e-05,10.0,301.144,20955.0,0.0,102.73076923076923,12,Winter
Gujarat,Junagadh,2011-03,21.5174104,70.4642754,18.0,0.0,0.0001128298492,7.0,310.35,913.6666666666666,0.0,-0.9933259176863182,3,Summer
Gujarat,Junagadh,2012-11,21.5174104,70.4642754,343.0,5.0,0.0001624911054,0.0,312.068,1019.3333333333334,1.6666666666666667,18.055555555555557,11,Post-Monsoon
Gujarat,Junagadh,2015-12,21.5174104,70.4642754,50.0,0.0,0.0007738048045,8.0,304.9233334,137.0,1.6666666666666667,-0.8542274052478134,12,Winter
Gujarat,Junagadh,2016-06,21.5174104,70.4642754,23.0,0.0,0.01192847138,4.0,312.2166666,138.66666666666666,1.6666666666666667,-0.54,6,Monsoon
Gujarat,Junagadh,2017-04,21.5174104,70.4642754,6066.0,0.0,0.00023247263525,2.5,319.218,2046.3333333333333,0.0,262.7391304347826,4,Summer
Gujarat,Junagadh,2017-06,21.5174104,70.4642754,13.0,0.0,0.02067987628,0.0,314.112,2034.0,0.0,-0.9978569073524564,6,Monsoon
Gujarat,Junagadh,2018-04,21.5174104,70.4642754,48.0,0.0,0.0002567973069,0.0,322.4866666,2042.3333333333333,0.0,2.6923076923076925,4,Summer
Gujarat,Junagadh,2022-06,21.5174104,70.4642754,25.0,0.0,0.0008335765121,4.0,315.92400000000004,28.666666666666668,0.0,-0.47916666666666663,6,Monsoon
Gujarat,Junagarh,2010-08,21.25,70.333333,42.0,0.0,0.3228535896,0.0,303.32,42.0,0.0,0.0,8,Monsoon
Gujarat,Junagarh,2017-03,21.25,70.333333,22.0,0.0,0.0001316036471,5.0,314.568,32.0,0.0,-0.47619047619047616,3,Summer
Gujarat,Kheda,2010-03,22.75,72.833333,33.0,0.0,1.97e-05,0.0,316.05,33.0,0.0,0.0,3,Summer
Gujarat,Kheda,2010-06,22.75,72.833333,291023.0,1.0,0.046233605828000006,0.0,313.61788886666665,145528.0,0.5,8817.878787878788,6,Monsoon
Gujarat,Kheda,2010-09,22.75,72.833333,8.0,2.0,0.02042735116,14.0,303.62,97021.33333333333,1.0,-0.999972510763754,9,Monsoon
Gujarat,Kheda,2011-01,22.75,72.833333,95.0,0.0,4.99e-05,10.0,300.83,97042.0,1.0,10.875,1,Winter
Gujarat,Kheda,2011-03,22.75,72.833333,25.0,0.0,2.47e-05,0.0,313.62,42.666666666666664,0.6666666666666666,-0.736842105263158,3,Summer
Gujarat,Kheda,2011-04,22.75,72.833333,19.0,0.0,0.001741688785,5.0,316.0966666,46.333333333333336,0.0,-0.24,4,Summer
Gujarat,Kheda,2011-06,22.75,72.833333,2910.0,1.0,0.01034451457875,0.0,314.653,984.6666666666666,0.3333333333333333,152.1578947368421,6,Monsoon
Gujarat,Kheda,2012-01,22.75,72.833333,41.0,0.0,0.001980834165,0.0,298.87,990.0,0.3333333333333333,-0.9859106529209622,1,Winter
Gujarat,Kheda,2012-04,22.75,72.833333,25.0,0.0,5.55e-05,6.0,315.6066666,992.0,0.3333333333333333,-0.3902439024390244,4,Summer
Gujarat,Kheda,2012-05,22.75,72.833333,6738.0,0.0,4.4200000000000004e-05,5.0,317.32166659999996,2268.0,0.0,268.52,5,Summer
Gujarat,Kheda,2013-04,22.75,72.833333,61.0,0.0,5.57e-05,5.0,313.8,2274.6666666666665,0.0,-0.9909468685069753,4,Summer
Gujarat,Kheda,2013-07,22.75,72.833333,14.0,0.0,1.540231603,2.0,0.0,2271.0,0.0,-0.7704918032786885,7,Monsoon
Gujarat,Kheda,2013-08,22.75,72.833333,13.0,0.0,0.1069196757,10.0,301.6,29.333333333333332,0.0,-0.0714285714285714,8,Monsoon
Gujarat,Kheda,2013-09,22.75,72.833333,41.0,0.0,2.533894167,5.0,0.0,22.666666666666668,0.0,2.1538461538461537,9,Monsoon
Gujarat,Kheda,2014-04,22.75,72.833333,12.0,1.0,0.02083285209,0.0,313.572,22.0,0.3333333333333333,-0.7073170731707317,4,Summer
Gujarat,Kheda,2014-07,22.75,72.833333,31.0,0.0,0.07187423672,1.0,315.94,28.0,0.3333333333333333,1.5833333333333335,7,Monsoon
Gujarat,Kheda,2014-09,22.75,72.833333,13.0,0.0,0.02370517307,0.0,305.0166666,18.666666666666668,0.3333333333333333,-0.5806451612903225,9,Monsoon
Gujarat,Kheda,2015-07,22.75,72.833333,193214.0,1.0,3.667721542,2.0,0.0,64419.333333333336,0.3333333333333333,14861.615384615385,7,Monsoon
Gujarat,Kheda,2016-01,22.75,72.833333,11.0,0.0,5.13e-05,9.0,301.3766666,64412.666666666664,0.3333333333333333,-0.9999430683076795,1,Winter
Gujarat,Kheda,2016-02,22.75,72.833333,24.0,0.0,6.51e-05,9.0,300.6766666,64416.333333333336,0.3333333333333333,1.1818181818181817,2,Winter
Gujarat,Kheda,2016-03,22.75,72.833333,82.0,0.0,8.13e-05,6.0,312.1733334,39.0,0.0,2.4166666666666665,3,Summer
Gujarat,Kheda,2016-05,22.75,72.833333,73.0,0.0,0.01075004829,5.0,317.5866666,59.666666666666664,0.0,-0.1097560975609756,5,Summer
Gujarat,Kheda,2016-07,22.75,72.833333,37.0,0.0,0.6336163037,4.0,316.06,64.0,0.0,-0.4931506849315068,7,Monsoon
Gujarat,Kheda,2016-08,22.75,72.833333,77.0,1.0,0.8092235402,3.0,0.0,62.333333333333336,0.3333333333333333,1.0810810810810811,8,Monsoon
Gujarat,Kheda,2016-09,22.75,72.833333,101.0,0.0,0.02547058312,16.0,305.01,71.66666666666667,0.3333333333333333,0.3116883116883118,9,Monsoon
Gujarat,Kheda,2016-10,22.75,72.833333,51.0,0.0,3.67e-05,10.0,306.8666666,76.33333333333333,0.3333333333333333,-0.49504950495049505,10,Post-Monsoon
Gujarat,Kheda,2017-07,22.75,72.833333,45.0,0.0,5.679999853,3.0,303.62,65.66666666666667,0.0,-0.11764705882352944,7,Monsoon
Gujarat,Kheda,2017-12,22.75,72.833333,232.0,0.0,0.1428627050345,5.5,298.3475,109.33333333333333,0.0,4.155555555555556,12,Winter
Gujarat,Kheda,2018-05,22.75,72.833333,23.0,0.0,6.56e-05,4.0,319.14,100.0,0.0,-0.9008620689655172,5,Summer
Gujarat,Kheda,2018-07,22.75,72.833333,18.0,0.0,1.467803365,0.0,290.44,91.0,0.0,-0.21739130434782605,7,Monsoon
Gujarat,Kheda,2019-05,22.75,72.833333,55.0,0.0,7.54e-05,0.0,317.5933334,32.0,0.0,2.0555555555555554,5,Summer
Gujarat,Kheda,2019-07,22.75,72.833333,18.0,0.0,0.1766005699,5.0,311.89,30.333333333333332,0.0,-0.6727272727272727,7,Monsoon
Gujarat,Kheda,2021-06,22.75,72.833333,10.0,0.0,0.04506399228,7.0,307.52,27.666666666666668,0.0,-0.4444444444444444,6,Monsoon
Gujarat,Kheda,2021-07,22.75,72.833333,10.0,0.0,0.2755054941,5.0,311.66,12.666666666666666,0.0,0.0,7,Monsoon
Gujarat,Kheda,2022-03,22.75,72.833333,19.0,0.0,8.42e-05,6.0,311.62333340000004,13.0,0.0,0.8999999999999999,3,Summer
Gujarat,Kutch,2010-08,23.583333,70.0,175349.0,0.0,0.8300368866,5.0,294.44,175349.0,0.0,0.0,8,Monsoon
Gujarat,Kutch,2011-05,23.583333,70.0,99.0,0.0,0.0002663771331,3.0,316.3833334,87724.0,0.0,-0.9994354116647371,5,Summer
Gujarat,Kutch,2012-03,23.583333,70.0,50.0,0.0,9.53e-05,4.0,312.5266666,58499.333333333336,0.0,-0.4949494949494949,3,Summer
Gujarat,Kutch,2012-08,23.583333,70.0,33.0,0.0,0.01114512451,2.0,312.91,60.666666666666664,0.0,-0.33999999999999997,8,Monsoon
Gujarat,Kutch,2012-10,23.583333,70.0,15.0,1.0,5.61e-05,7.0,314.57,32.666666666666664,0.3333333333333333,-0.5454545454545454,10,Post-Monsoon
Gujarat,Mahesana,2011-05,23.6015557,72.3867981,41117.0,0.0,0.001998657765,6.0,316.1866666,41117.0,0.0,0.0,5,Summer
Gujarat,Mahesana,2014-05,23.6015557,72.3867981,1214.0,0.0,0.0043187536565,0.0,317.8726667,21165.5,0.0,-0.9704744995987061,5,Summer
Gujarat,Mahesana,2014-07,23.6015557,72.3867981,2844.0,0.0,0.60447180656,3.5,155.975,15058.333333333334,0.0,1.342668863261944,7,Monsoon
Gujarat,Mahesana,2015-06,23.6015557,72.3867981,10.0,0.0,0.08118033826,5.0,311.545,1356.0,0.0,-0.9964838255977496,6,Monsoon
Gujarat,Mahesana,2016-10,23.6015557,72.3867981,3827.0,0.0,0.50743532,5.5,304.6016667,2227.0,0.0,381.7,10,Post-Monsoon
Gujarat,Mahesana,2016-11,23.6015557,72.3867981,12.0,0.0,9.91e-05,10.0,307.83,1283.0,0.0,-0.9968643846354848,11,Post-Monsoon
Gujarat,Mahesana,2017-03,23.6015557,72.3867981,18.0,0.0,5.77e-05,7.0,310.69,1285.6666666666667,0.0,0.5,3,Summer
Gujarat,Mahesana,2017-07,23.6015557,72.3867981,59.0,0.0,0.110457854,0.0,310.49,29.666666666666668,0.0,2.2777777777777777,7,Monsoon
Gujarat,Mahesana,2017-11,23.6015557,72.3867981,56.0,0.0,4.78e-05,9.0,307.58,44.333333333333336,0.0,-0.05084745762711862,11,Post-Monsoon
Gujarat,Mahesana,2019-01,23.6015557,72.3867981,12.0,0.0,0.0001120414055,7.0,298.01,42.333333333333336,0.0,-0.7857142857142857,1,Winter
Gujarat,Mahesana,2019-06,23.6015557,72.3867981,13.0,0.0,0.04759859363,5.0,317.5966666,27.0,0.0,0.08333333333333326,6,Monsoon
Gujarat,Mahesana,2019-10,23.6015557,72.3867981,250.0,0.0,0.01058782493,0.0,307.8266666,91.66666666666667,0.0,18.23076923076923,10,Post-Monsoon
Gujarat,Mahesana,2020-01,23.6015557,72.3867981,45.0,0.0,6.17e-05,0.0,297.6633334,102.66666666666667,0.0,-0.8200000000000001,1,Winter
Gujarat,Mehsana,2013-04,23.6015557,72.3867981,73.0,0.0,5.57e-05,6.0,313.43,73.0,0.0,0.0,4,Summer
Gujarat,Mehsana,2013-06,23.6015557,72.3867981,27.0,0.0,0.005066166348,0.0,315.616,50.0,0.0,-0.6301369863013699,6,Monsoon
Gujarat,Mehsana,2015-01,23.6015557,72.3867981,37.0,0.0,0.0003403025753,11.0,297.50333340000003,45.666666666666664,0.0,0.37037037037037046,1,Winter
Gujarat,Mehsana,2015-02,23.6015557,72.3867981,20.0,0.0,6.69e-05,10.0,305.08,28.0,0.0,-0.45945945945945943,2,Winter
Gujarat,Mehsana,2016-01,23.6015557,72.3867981,18.0,0.0,2.4e-05,10.0,300.94,25.0,0.0,-0.09999999999999998,1,Winter
Gujarat,Morbi,2015-06,22.8176662,70.8345928,98.0,0.0,0.05572676094,2.0,315.228,98.0,0.0,0.0,6,Monsoon
Gujarat,Morbi,2016-11,22.8176662,70.8345928,113.0,0.0,5.96e-05,5.0,307.59000000000003,105.5,0.0,0.15306122448979598,11,Post-Monsoon
Gujarat,Morbi,2017-10,22.8176662,70.8345928,19.0,0.0,7.82e-05,9.0,309.9566666,76.66666666666667,0.0,-0.831858407079646,10,Post-Monsoon
Gujarat,Morbi,2018-07,22.8176662,70.8345928,46.0,0.0,0.1675780561,1.0,314.12,59.333333333333336,0.0,1.4210526315789473,7,Monsoon
Gujarat,Morbi,2019-12,22.8176662,70.8345928,190.0,0.0,6.14e-05,9.0,301.62,85.0,0.0,3.1304347826086953,12,Winter
Gujarat,Morbi,2021-06,22.8176662,70.8345928,44.0,0.0,0.01993589005,3.0,309.2566666,93.33333333333333,0.0,-0.7684210526315789,6,Monsoon
Gujarat,Narmada,2010-10,21.8678464,73.5025585,39.0,1.0,0.09825528651,0.0,306.78000000000003,39.0,1.0,0.0,10,Post-Monsoon
Gujarat,Narmada,2010-12,21.8678464,73.5025585,16.0,0.0,0.0001274969872,9.0,302.06,27.5,0.5,-0.5897435897435898,12,Winter
Gujarat,Narmada,2012-04,21.8678464,73.5025585,16.0,0.0,6.86e-05,5.0,315.7866666,23.666666666666668,0.3333333333333333,0.0,4,Summer
Gujarat,Narmada,2013-07,21.8678464,73.5025585,20.0,0.0,0.6817206856,1.0,0.0,17.333333333333332,0.0,0.25,7,Monsoon
Gujarat,Narmada,2014-09,21.8678464,73.5025585,17.0,0.0,1.08466022,5.0,302.08,17.666666666666668,0.0,-0.15000000000000002,9,Monsoon
Gujarat,Narmada,2015-06,21.8678464,73.5025585,15.0,0.0,0.1861349374,7.0,307.94,17.333333333333332,0.0,-0.11764705882352944,6,Monsoon
Gujarat,Narmada,2016-06,21.8678464,73.5025585,41.0,1.0,0.004507394,5.0,313.30400000000003,24.333333333333332,0.3333333333333333,1.7333333333333334,6,Monsoon
Gujarat,Narmada,2018-04,21.8678464,73.5025585,19.0,1.0,6.65e-05,6.0,316.4566666,25.0,0.6666666666666666,-0.5365853658536586,4,Summer
Gujarat,Narmada,2018-07,21.8678464,73.5025585,31.0,0.0,1.033709667,1.0,0.0,30.333333333333332,0.6666666666666666,0.631578947368421,7,Monsoon
Gujarat,Navsari,2010-05,20.952407,72.9323831,9958.0,0.0,0.001019817741,2.5,313.15333340000007,9958.0,0.0,0.0,5,Summer
Gujarat,Navsari,2010-06,20.952407,72.9323831,54251.0,0.0,0.02331308607,5.0,308.12,32104.5,0.0,4.447981522394055,6,Monsoon
Gujarat,Navsari,2010-09,20.952407,72.9323831,7589.0,0.0,1.693848304,5.0,291.94,23932.666666666668,0.0,-0.8601131776372786,9,Monsoon
Gujarat,Navsari,2011-02,20.952407,72.9323831,29.0,0.0,0.0008183304689,4.0,304.848,20623.0,0.0,-0.9961786796679405,2,Winter
Gujarat,Navsari,2011-04,20.952407,72.9323831,28.0,0.0,0.0001314640023,4.0,311.77,2548.6666666666665,0.0,-0.03448275862068961,4,Summer
Gujarat,Navsari,2011-05,20.952407,72.9323831,2132.0,0.0,0.0003037917781,0.0,311.8,729.6666666666666,0.0,75.14285714285714,5,Summer
Gujarat,Navsari,2011-07,20.952407,72.9323831,4619.0,0.0,0.8027774261999999,0.0,153.4,2259.6666666666665,0.0,1.1665103189493435,7,Monsoon
Gujarat,Navsari,2011-08,20.952407,72.9323831,35.0,0.0,1.846970939,0.0,0.0,2262.0,0.0,-0.992422602294869,8,Monsoon
Gujarat,Navsari,2012-07,20.952407,72.9323831,87.0,0.0,0.5929920254,2.0,0.0,1580.3333333333333,0.0,1.4857142857142858,7,Monsoon
Gujarat,Navsari,2013-06,20.952407,72.9323831,32.0,0.0,0.5544591588,4.0,301.64,51.333333333333336,0.0,-0.632183908045977,6,Monsoon
Gujarat,Navsari,2013-10,20.952407,72.9323831,14.0,0.0,0.2864003961,0.0,302.57,44.333333333333336,0.0,-0.5625,10,Post-Monsoon
Gujarat,Navsari,2013-11,20.952407,72.9323831,102.0,1.0,6.01e-05,0.0,305.7,49.333333333333336,0.3333333333333333,6.285714285714286,11,Post-Monsoon
Gujarat,Navsari,2014-08,20.952407,72.9323831,47.0,0.0,0.5151682244,5.0,297.62,54.333333333333336,0.3333333333333333,-0.5392156862745099,8,Monsoon
Gujarat,Navsari,2015-05,20.952407,72.9323831,45.0,0.0,4.55e-05,5.0,312.68333340000004,64.66666666666667,0.3333333333333333,-0.04255319148936165,5,Summer
Gujarat,Navsari,2015-06,20.952407,72.9323831,16.0,0.0,1.366120498,0.0,0.0,36.0,0.0,-0.6444444444444444,6,Monsoon
Gujarat,Navsari,2015-07,20.952407,72.9323831,2621.0,0.0,0.1182589681,2.5,300.68,894.0,0.0,162.8125,7,Monsoon
Gujarat,Navsari,2016-04,20.952407,72.9323831,114.0,0.0,4.11e-05,3.0,312.612,917.0,0.0,-0.9565051507058374,4,Summer
Gujarat,Navsari,2016-07,20.952407,72.9323831,122613172.0,0.0,0.5310265855,3.25,150.60500000000002,40871969.0,0.0,1075553.1403508773,7,Monsoon
Gujarat,Navsari,2016-10,20.952407,72.9323831,42.0,0.0,1.58e-05,0.0,305.5066666,40871109.333333336,0.0,-0.9999996574593144,10,Post-Monsoon
Gujarat,Navsari,2016-12,20.952407,72.9323831,39.0,0.0,4.99e-05,5.0,305.2366666,40871084.333333336,0.0,-0.0714285714285714,12,Winter
Gujarat,Navsari,2017-07,20.952407,72.9323831,47.0,0.0,1.214032591,0.0,0.0,42.666666666666664,0.0,0.20512820512820507,7,Monsoon
Gujarat,Navsari,2018-03,20.952407,72.9323831,27.0,0.0,4.4e-05,3.0,308.408,37.666666666666664,0.0,-0.42553191489361697,3,Summer
Gujarat,Navsari,2018-04,20.952407,72.9323831,22.0,0.0,7.16e-05,0.0,312.2966666,32.0,0.0,-0.18518518518518523,4,Summer
Gujarat,Navsari,2018-07,20.952407,72.9323831,23.0,0.0,0.3879520571,0.0,300.135,24.0,0.0,0.045454545454545414,7,Monsoon
Gujarat,Navsari,2019-07,20.952407,72.9323831,25.0,0.0,0.1795757448,7.0,304.285,23.333333333333332,0.0,0.08695652173913038,7,Monsoon
Gujarat,Navsari,2021-06,20.952407,72.9323831,15.0,0.0,0.07229866355,7.0,305.425,21.0,0.0,-0.4,6,Monsoon
Gujarat,Navsari,2021-07,20.952407,72.9323831,1231.0,0.0,0.5702178237,4.0,0.0,423.6666666666667,0.0,81.06666666666666,7,Monsoon
Gujarat,Navsari,2021-10,20.952407,72.9323831,725.0,0.0,1.1359736455,9.5,302.044,657.0,0.0,-0.41104792851340377,10,Post-Monsoon
Gujarat,Navsari,2021-11,20.952407,72.9323831,12.0,0.0,0.03195768538,7.0,301.8,656.0,0.0,-0.983448275862069,11,Post-Monsoon
Gujarat,Navsari,2022-01,20.952407,72.9323831,21.0,0.0,0.00499654567,5.0,298.955,252.66666666666666,0.0,0.75,1,Winter
Gujarat,Navsari,2022-03,20.952407,72.9323831,5719.0,0.0,0.00011272428214999999,4.0,308.77166669999997,1917.3333333333333,0.0,271.3333333333333,3,Summer
Gujarat,Navsari,2022-05,20.952407,72.9323831,47.0,0.0,8.75e-05,3.0,307.56333340000003,1929.0,0.0,-0.991781780031474,5,Summer
Gujarat,Panchmahal,2010-05,22.7748893,73.620404,6.0,0.0,3e-05,3.0,324.7,6.0,0.0,0.0,5,Summer
Gujarat,Panchmahal,2010-07,22.7748893,73.620404,6.0,6.0,0.4808198686,6.0,307.59000000000003,6.0,3.0,0.0,7,Monsoon
Gujarat,Panchmahal,2011-07,22.7748893,73.620404,44.0,2.0,0.5380064098,2.0,0.0,18.666666666666668,2.6666666666666665,6.333333333333333,7,Monsoon
Gujarat,Panchmahal,2012-05,22.7748893,73.620404,26.0,0.0,3.74e-05,4.0,320.78000000000003,25.333333333333332,2.6666666666666665,-0.40909090909090906,5,Summer
Gujarat,Panchmahal,2012-09,22.7748893,73.620404,1238.0,0.0,1.84157285135,17.0,299.67,436.0,0.6666666666666666,46.61538461538461,9,Monsoon
Gujarat,Panchmahal,2013-04,22.7748893,73.620404,14.0,0.0,0.01125508684,4.0,318.288,426.0,0.0,-0.9886914378029079,4,Summer
Gujarat,Panchmahal,2013-09,22.7748893,73.620404,209.0,1.0,0.08055287730499999,22.5,302.19,487.0,0.3333333333333333,13.928571428571429,9,Monsoon
Gujarat,Panchmahal,2013-11,22.7748893,73.620404,10.0,0.0,4.73e-05,10.0,306.5866666,77.66666666666667,0.3333333333333333,-0.9521531100478469,11,Post-Monsoon
Gujarat,Panchmahal,2014-06,22.7748893,73.620404,11.0,0.0,0.0002850627042,0.0,319.2466666,76.66666666666667,0.3333333333333333,0.10000000000000009,6,Monsoon
Gujarat,Panchmahal,2019-10,22.7748893,73.620404,1.0,1.0,0.06211634838,22.0,302.564,7.333333333333333,0.3333333333333333,-0.9090909090909091,10,Post-Monsoon
Gujarat,Patan,2011-12,23.77405735,71.68373466,13.0,0.0,5.28e-05,4.0,309.75333340000003,13.0,0.0,0.0,12,Winter
Gujarat,Patan,2013-09,23.77405735,71.68373466,49.0,1.0,0.04590138707,6.0,303.632,31.0,0.5,2.769230769230769,9,Monsoon
Gujarat,Patan,2017-02,23.77405735,71.68373466,59.0,1.0,6.74e-05,0.0,311.13,40.333333333333336,0.6666666666666666,0.20408163265306123,2,Winter
Gujarat,Patan,2017-05,23.77405735,71.68373466,147.0,0.0,0.0002845194639,3.0,318.2066666,85.0,0.6666666666666666,1.4915254237288136,5,Summer
Gujarat,Patan,2022-01,23.77405735,71.68373466,7.0,0.0,0.06509449409,9.0,299.08,71.0,0.3333333333333333,-0.9523809523809523,1,Winter
Gujarat,Porbandar,2017-02,21.6409,69.611,44.0,0.0,4.44e-05,0.0,306.78400000000005,44.0,0.0,0.0,2,Winter
Gujarat,Porbandar,2018-07,21.6409,69.611,26.0,0.0,1.264608286,1.0,0.0,35.0,0.0,-0.40909090909090906,7,Monsoon
Gujarat,Rajkot,2010-09,22.3053263,70.8028377,218.0,0.0,0.1354442078,12.0,302.105,218.0,0.0,0.0,9,Monsoon
Gujarat,Rajkot,2010-10,22.3053263,70.8028377,4252.0,0.0,0.1272072970095,12.0,308.28,2235.0,0.0,18.504587155963304,10,Post-Monsoon
Gujarat,Rajkot,2011-09,22.3053263,70.8028377,44.0,0.0,1.011349505,14.0,295.33,1504.6666666666667,0.0,-0.9896519285042333,9,Monsoon
Gujarat,Rajkot,2011-11,22.3053263,70.8028377,2020231.0,0.0,5.886666666666667e-05,10.0,308.86111106666664,674842.3333333334,0.0,45913.34090909091,11,Post-Monsoon
Gujarat,Rajkot,2011-12,22.3053263,70.8028377,29.0,0.0,0.000838247386,0.0,305.225,673434.6666666666,0.0,-0.9999856452059195,12,Winter
Gujarat,Rajkot,2012-03,22.3053263,70.8028377,61.0,0.0,0.0001730151463,5.0,309.1966666,673440.3333333334,0.0,1.103448275862069,3,Summer
Gujarat,Rajkot,2013-06,22.3053263,70.8028377,21.0,0.0,0.1016335968,4.0,310.035,37.0,0.0,-0.6557377049180328,6,Monsoon
Gujarat,Rajkot,2015-01,22.3053263,70.8028377,44.0,0.0,0.005514882421,5.0,303.152,42.0,0.0,1.0952380952380953,1,Winter
Gujarat,Rajkot,2016-06,22.3053263,70.8028377,89.0,0.0,0.01895826123,2.0,309.8433334,51.333333333333336,0.0,1.022727272727273,6,Monsoon
Gujarat,Rajkot,2017-02,22.3053263,70.8028377,23.0,0.0,7.26e-05,4.0,313.4766666,52.0,0.0,-0.7415730337078652,2,Winter
Gujarat,Rajkot,2019-04,22.3053263,70.8028377,70.0,0.0,6.94e-05,0.0,321.5566666,60.666666666666664,0.0,2.0434782608695654,4,Summer
Gujarat,Sabarkantha,2010-09,24.0294885,73.0459884,11.0,0.0,0.00813693022,23.0,302.27,11.0,0.0,0.0,9,Monsoon
Gujarat,Sabarkantha,2011-01,24.0294885,73.0459884,32.0,0.0,8.2e-05,0.0,298.75333340000003,21.5,0.0,1.9090909090909092,1,Winter
Gujarat,Sabarkantha,2011-04,24.0294885,73.0459884,2512.0,0.0,8.772279910000001e-05,5.0,317.31,851.6666666666666,0.0,77.5,4,Summer
Gujarat,Sabarkantha,2011-06,24.0294885,73.0459884,176.0,0.0,0.01258606819,6.0,313.816,906.6666666666666,0.0,-0.9299363057324841,6,Monsoon
Gujarat,Sabarkantha,2011-09,24.0294885,73.0459884,11.0,0.0,0.06785677637,20.0,300.1433334,899.6666666666666,0.0,-0.9375,9,Monsoon
Gujarat,Sabarkantha,2012-05,24.0294885,73.0459884,12.0,0.0,0.00277135941,7.0,315.0133334,66.33333333333333,0.0,0.09090909090909083,5,Summer
Gujarat,Sabarkantha,2013-07,24.0294885,73.0459884,7.0,0.0,0.1712291853,0.0,306.9466666,10.0,0.0,-0.41666666666666663,7,Monsoon
Gujarat,Sabarkantha,2013-10,24.0294885,73.0459884,35.0,0.0,0.9914794766,20.0,299.21,18.0,0.0,4.0,10,Post-Monsoon
Gujarat,Sabarkantha,2014-08,24.0294885,73.0459884,23.0,1.0,1.656777275,0.0,300.72,21.666666666666668,0.3333333333333333,-0.34285714285714286,8,Monsoon
Gujarat,Sabarkantha,2014-10,24.0294885,73.0459884,263.0,0.0,6.66e-05,15.0,305.83,107.0,0.3333333333333333,10.434782608695652,10,Post-Monsoon
Gujarat,Sabarkantha,2015-05,24.0294885,73.0459884,22.0,0.0,0.004588629021,6.0,319.7366666,102.66666666666667,0.3333333333333333,-0.9163498098859315,5,Summer
Gujarat,Sabarkantha,2015-06,24.0294885,73.0459884,633189.0,0.0,0.5394310747378667,4.0,306.74444446666666,211158.0,0.0,28780.31818181818,6,Monsoon
Gujarat,Sabarkantha,2015-07,24.0294885,73.0459884,16.0,0.0,0.0344501256,0.0,301.31,211075.66666666666,0.0,-0.9999747310834521,7,Monsoon
Gujarat,Sabarkantha,2016-06,24.0294885,73.0459884,27.0,0.0,0.009809507705,5.0,311.0433334,211077.33333333334,0.0,0.6875,6,Monsoon
Gujarat,Sabarkantha,2017-09,24.0294885,73.0459884,34.0,0.0,0.3329927846,0.0,303.05333340000004,25.666666666666668,0.0,0.2592592592592593,9,Monsoon
Gujarat,Sabarkantha,2018-05,24.0294885,73.0459884,6018.0,0.0,5.58e-05,3.0,315.755,2026.3333333333333,0.0,176.0,5,Summer
Gujarat,Sabarkantha,2020-06,24.0294885,73.0459884,8.0,0.0,0.2213283721,7.0,309.0366666,2020.0,0.0,-0.998670654702559,6,Monsoon
Gujarat,Sabarkantha,2022-04,24.0294885,73.0459884,4.0,3.0,0.0004518239242,7.0,318.4766666,2010.0,1.0,-0.5,4,Summer
Gujarat,Surat,2010-06,21.19177615,72.95441578,15.0,0.0,0.06013076757,8.0,310.876,15.0,0.0,0.0,6,Monsoon
Gujarat,Surat,2010-08,21.19177615,72.95441578,24.0,0.0,0.5743738278,10.0,291.72,19.5,0.0,0.6000000000000001,8,Monsoon
Gujarat,Surat,2010-09,21.19177615,72.95441578,20.0,0.0,1.20702249,8.0,298.2,19.666666666666668,0.0,-0.16666666666666663,9,Monsoon
Gujarat,Surat,2011-01,21.19177615,72.95441578,1217.0,0.0,0.00012712466055,7.0,301.552,420.3333333333333,0.0,59.85,1,Winter
Gujarat,Surat,2011-03,21.19177615,72.95441578,3432.0,0.0,0.0001238154963,3.5,308.816,1556.3333333333333,0.0,1.820049301561216,3,Summer
Gujarat,Surat,2011-06,21.19177615,72.95441578,15.0,0.0,0.03202568453,7.0,308.94,1554.6666666666667,0.0,-0.9956293706293706,6,Monsoon
Gujarat,Surat,2011-12,21.19177615,72.95441578,40.0,0.0,3.94e-05,8.0,305.40000000000003,1162.3333333333333,0.0,1.6666666666666665,12,Winter
Gujarat,Surat,2012-03,21.19177615,72.95441578,34.0,0.0,7.94e-05,6.0,309.23,29.666666666666668,0.0,-0.15000000000000002,3,Summer
Gujarat,Surat,2012-12,21.19177615,72.95441578,26.0,0.0,7.36e-05,8.0,303.3233334,33.333333333333336,0.0,-0.23529411764705888,12,Winter
Gujarat,Surat,2013-03,21.19177615,72.95441578,32.0,0.0,5.07e-05,6.0,311.6266666,30.666666666666668,0.0,0.23076923076923084,3,Summer
Gujarat,Surat,2013-08,21.19177615,72.95441578,32.0,0.0,1.307068748,6.0,293.14,30.0,0.0,0.0,8,Monsoon
Gujarat,Surat,2014-04,21.19177615,72.95441578,38.0,0.0,0.0002140636356,7.0,312.0233334,34.0,0.0,0.1875,4,Summer
Gujarat,Surat,2014-07,21.19177615,72.95441578,26.0,0.0,1.524562269,2.0,301.56,32.0,0.0,-0.3157894736842105,7,Monsoon
Gujarat,Surat,2014-11,21.19177615,72.95441578,37.0,0.0,5.36e-05,10.0,306.3933334,33.666666666666664,0.0,0.42307692307692313,11,Post-Monsoon
Gujarat,Surat,2015-06,21.19177615,72.95441578,77.0,0.0,0.2175673923,8.0,310.92,46.666666666666664,0.0,1.0810810810810811,6,Monsoon
Gujarat,Surat,2015-07,21.19177615,72.95441578,15.0,0.0,0.1889404997,8.0,301.42,43.0,0.0,-0.8051948051948052,7,Monsoon
Gujarat,Surat,2015-08,21.19177615,72.95441578,61.0,0.0,0.567186819,4.0,298.82,51.0,0.0,3.0666666666666664,8,Monsoon
Gujarat,Surat,2016-03,21.19177615,72.95441578,16.0,0.0,0.0004883834724,7.0,312.6366666,30.666666666666668,0.0,-0.7377049180327868,3,Summer
Gujarat,Surat,2016-05,21.19177615,72.95441578,204.0,0.0,0.01475131112,7.0,312.49,93.66666666666667,0.0,11.75,5,Summer
Gujarat,Surat,2016-07,21.19177615,72.95441578,21121131.0,0.0,0.713356643,2.0,289.6675,7040450.333333333,0.0,103533.95588235294,7,Monsoon
Gujarat,Surat,2017-09,21.19177615,72.95441578,18.0,0.0,0.7513579243,0.0,304.87333340000004,7040451.0,0.0,-0.9999991477729104,9,Monsoon
Gujarat,Surat,2017-12,21.19177615,72.95441578,65.0,0.0,5.48e-05,9.0,298.52500000000003,7040404.666666667,0.0,2.611111111111111,12,Winter
Gujarat,Surat,2018-03,21.19177615,72.95441578,77.0,0.0,0.001935575772,6.0,308.0933334,53.333333333333336,0.0,0.18461538461538463,3,Summer
Gujarat,Surat,2018-06,21.19177615,72.95441578,12.0,0.0,0.1476572732,7.0,303.985,51.333333333333336,0.0,-0.8441558441558441,6,Monsoon
Gujarat,Surat,2018-09,21.19177615,72.95441578,54.0,0.0,0.2671809516,6.0,288.79,47.666666666666664,0.0,3.5,9,Monsoon
Gujarat,Surat,2019-08,21.19177615,72.95441578,43.0,0.0,0.3714204194,7.0,298.34000000000003,36.333333333333336,0.0,-0.20370370370370372,8,Monsoon
Gujarat,Surat,2019-10,21.19177615,72.95441578,88.0,0.0,0.01329498765,13.0,305.7266666,61.666666666666664,0.0,1.0465116279069768,10,Post-Monsoon
Gujarat,Surat,2021-05,21.19177615,72.95441578,108.0,6.0,0.04020598334,10.0,302.808,79.66666666666667,2.0,0.2272727272727273,5,Summer
Gujarat,Surat,2021-09,21.19177615,72.95441578,28.0,0.0,0.3946962448,9.0,300.34000000000003,74.66666666666667,2.0,-0.7407407407407407,9,Monsoon
Gujarat,Surat,2021-10,21.19177615,72.95441578,15.0,0.0,0.1717429095,0.0,298.788,50.333333333333336,2.0,-0.4642857142857143,10,Post-Monsoon
Gujarat,Surat,2021-12,21.19177615,72.95441578,2210.0,0.0,0.00691965996775,6.0,300.735,751.0,0.0,146.33333333333334,12,Winter
Gujarat,Surendranagar,2009-06,22.75,71.666667,137.0,2.0,0.0001163615629,3.0,312.43333340000004,137.0,2.0,0.0,6,Monsoon
Gujarat,Surendranagar,2010-06,22.75,71.666667,76.0,0.0,0.007075568913,2.0,312.744,106.5,1.0,-0.44525547445255476,6,Monsoon
Gujarat,Surendranagar,2010-11,22.75,71.666667,68.0,0.0,0.3640836786,5.0,300.69333340000003,93.66666666666667,0.6666666666666666,-0.10526315789473684,11,Post-Monsoon
Gujarat,Surendranagar,2012-01,22.75,71.666667,138.0,0.0,0.003225627346,0.0,300.97,94.0,0.0,1.0294117647058822,1,Winter
Gujarat,Surendranagar,2012-03,22.75,71.666667,91.0,0.0,0.0001146026329,5.0,312.99,99.0,0.0,-0.3405797101449275,3,Summer
Gujarat,Surendranagar,2012-05,22.75,71.666667,127.0,0.0,5.14e-05,3.0,315.2466666,118.66666666666667,0.0,0.39560439560439553,5,Summer
Gujarat,Surendranagar,2012-07,22.75,71.666667,32.0,1.0,1.243289876,2.0,304.87,83.33333333333333,0.3333333333333333,-0.7480314960629921,7,Monsoon
Gujarat,Surendranagar,2013-10,22.75,71.666667,38.0,0.0,0.0001278605349,8.0,309.6166666,65.66666666666667,0.3333333333333333,0.1875,10,Post-Monsoon
Gujarat,Surendranagar,2017-06,22.75,71.666667,102.0,0.0,0.008551700984,0.0,310.44,57.333333333333336,0.3333333333333333,1.6842105263157894,6,Monsoon
Gujarat,Surendranagar,2018-01,22.75,71.666667,25.0,0.0,5.59e-05,6.0,303.2133334,55.0,0.0,-0.7549019607843137,1,Winter
Gujarat,Tapi,2011-01,21.1060413,72.7008247,153.0,0.0,7.22e-05,5.0,303.5233334,153.0,0.0,0.0,1,Winter
Gujarat,Tapi,2012-10,21.1060413,72.7008247,1217575.0,0.0,0.00011653241423333333,8.333333333333334,307.326,608864.0,0.0,7957.006535947712,10,Post-Monsoon
Gujarat,Tapi,2013-05,21.1060413,72.7008247,32.0,0.0,0.01385899395,4.0,308.2,405920.0,0.0,-0.9999737182514424,5,Summer
Gujarat,Tapi,2015-07,21.1060413,72.7008247,9.0,0.0,1.00982611,0.0,0.0,405872.0,0.0,-0.71875,7,Monsoon
Gujarat,Tapi (Surat),2010-08,21.1060413,72.7008247,10.0,0.0,0.3417858691,8.0,299.31,10.0,0.0,0.0,8,Monsoon
Gujarat,Vadodara,2010-05,22.2973142,73.1942567,21.0,0.0,0.0001021245957,5.0,320.4366666,21.0,0.0,0.0,5,Summer
Gujarat,Vadodara,2010-07,22.2973142,73.1942567,41.0,2.0,0.492251303,5.0,307.72,31.0,1.0,0.9523809523809523,7,Monsoon
Gujarat,Vadodara,2010-08,22.2973142,73.1942567,35.0,0.0,1.547957471,0.0,287.78000000000003,32.333333333333336,0.6666666666666666,-0.14634146341463417,8,Monsoon
Gujarat,Vadodara,2011-05,22.2973142,73.1942567,12.0,0.0,0.0001526603341,0.0,314.628,29.333333333333332,0.6666666666666666,-0.6571428571428571,5,Summer
Gujarat,Vadodara,2011-08,22.2973142,73.1942567,23.0,0.0,0.9328676717,7.0,298.86,23.333333333333332,0.0,0.9166666666666667,8,Monsoon
Gujarat,Vadodara,2011-10,22.2973142,73.1942567,2525.0,0.0,0.001700838664,11.0,308.17,853.3333333333334,0.0,108.78260869565217,10,Post-Monsoon
Gujarat,Vadodara,2014-06,22.2973142,73.1942567,50.0,0.0,0.01781931182,0.0,309.22,866.0,0.0,-0.9801980198019802,6,Monsoon
Gujarat,Vadodara,2014-09,22.2973142,73.1942567,33.0,0.0,0.1068458317,0.0,301.83,869.3333333333334,0.0,-0.33999999999999997,9,Monsoon
Gujarat,Vadodara,2014-10,22.2973142,73.1942567,35.0,0.0,0.05149728213,13.0,305.4266666,39.333333333333336,0.0,0.06060606060606055,10,Post-Monsoon
Gujarat,Vadodara,2014-11,22.2973142,73.1942567,36.0,0.0,7.49e-05,11.0,306.236,34.666666666666664,0.0,0.02857142857142847,11,Post-Monsoon
Gujarat,Vadodara,2015-05,22.2973142,73.1942567,10.0,0.0,7.12e-05,6.0,316.8833334,27.0,0.0,-0.7222222222222222,5,Summer
Gujarat,Vadodara,2016-07,22.2973142,73.1942567,47.0,0.0,0.4174039821,5.0,300.52,31.0,0.0,3.7,7,Monsoon
Gujarat,Vadodara,2017-06,22.2973142,73.1942567,19.0,0.0,0.7961108618,4.0,308.62,25.333333333333332,0.0,-0.5957446808510638,6,Monsoon
Gujarat,Vadodara,2018-02,22.2973142,73.1942567,203.0,0.0,0.0003184515001,8.0,304.98,89.66666666666667,0.0,9.68421052631579,2,Winter
Gujarat,Vadodara,2018-05,22.2973142,73.1942567,15.0,0.0,0.0001097851973,5.0,316.92400000000004,79.0,0.0,-0.9261083743842364,5,Summer
Gujarat,Vadodara,2018-07,22.2973142,73.1942567,1072615.0,2.0,0.5335655656333333,0.6666666666666666,0.0,357611.0,0.6666666666666666,71506.66666666667,7,Monsoon
Gujarat,Vadodara,2019-07,22.2973142,73.1942567,20.0,0.0,0.1829838399,9.0,304.88,357550.0,0.6666666666666666,-0.9999813539806921,7,Monsoon
Gujarat,Vadodara,2019-08,22.2973142,73.1942567,11.0,0.0,2.551227918,0.0,0.0,357548.6666666667,0.6666666666666666,-0.44999999999999996,8,Monsoon
Gujarat,Vadodara,2021-07,22.2973142,73.1942567,3.0,0.0,1.138774169,1.0,0.0,11.333333333333334,0.0,-0.7272727272727273,7,Monsoon
Gujarat,Valsad,2011-05,20.43219565,73.1409893,12.0,0.0,0.004517472025,7.0,314.4666666,12.0,0.0,0.0,5,Summer
Gujarat,Valsad,2013-12,20.43219565,73.1409893,18.0,0.0,0.01662872702,13.0,303.428,15.0,0.0,0.5,12,Winter
Gujarat,Valsad,2014-08,20.43219565,73.1409893,63.0,0.0,0.6625803796,10.0,299.29,31.0,0.0,2.5,8,Monsoon
Gujarat,Valsad,2014-09,20.43219565,73.1409893,1315.0,0.0,2.2595444154999997,8.5,148.945,465.3333333333333,0.0,19.873015873015873,9,Monsoon
Gujarat,Valsad,2015-02,20.43219565,73.1409893,45.0,0.0,0.0001917874173,0.0,307.3833334,474.3333333333333,0.0,-0.9657794676806084,2,Winter
Gujarat,Valsad,2015-05,20.43219565,73.1409893,20.0,0.0,0.05469757396,0.0,317.9133334,460.0,0.0,-0.5555555555555556,5,Summer
Gujarat,Valsad,2016-07,20.43219565,73.1409893,13.0,0.0,1.677390855,4.0,0.0,26.0,0.0,-0.35,7,Monsoon
Gujarat,Valsad,2017-07,20.43219565,73.1409893,13.0,0.0,3.237218046,1.0,0.0,15.333333333333334,0.0,0.0,7,Monsoon
Gujarat,Valsad,2017-09,20.43219565,73.1409893,32.0,0.0,0.4020179356,27.0,299.2933334,19.333333333333332,0.0,1.4615384615384617,9,Monsoon
Gujarat,Valsad,2018-09,20.43219565,73.1409893,48.0,0.0,0.5181203545,22.0,298.01,31.0,0.0,0.5,9,Monsoon
Gujarat,Valsad,2021-09,20.43219565,73.1409893,10.0,0.0,1.520053152,6.0,297.34000000000003,30.0,0.0,-0.7916666666666666,9,Monsoon
Haryana,Ambala,2009-10,30.3843674,76.770421,2124.0,0.0,0.05832963845,14.0,302.5066667,2124.0,0.0,0.0,10,Post-Monsoon
Haryana,Ambala,2009-12,30.3843674,76.770421,49.0,0.0,0.002821091201,6.0,293.14,1086.5,0.0,-0.9769303201506592,12,Winter
Haryana,Ambala,2011-05,30.3843674,76.770421,2021.0,0.0,0.05303068409,6.0,308.18333340000004,1398.0,0.0,40.244897959183675,5,Summer
Haryana,Ambala,2011-08,30.3843674,76.770421,19.0,0.0,0.9099881978,17.0,301.0466666,696.3333333333334,0.0,-0.9905987135081643,8,Monsoon
Haryana,Ambala,2011-12,30.3843674,76.770421,49.0,0.0,0.1705462967,9.0,292.90000000000003,696.3333333333334,0.0,1.5789473684210527,12,Winter
Haryana,Ambala,2012-08,30.3843674,76.770421,38.0,0.0,0.5724908067,0.0,302.72,35.333333333333336,0.0,-0.22448979591836737,8,Monsoon
Haryana,Ambala,2013-10,30.3843674,76.770421,60.0,1.0,0.1967678515,12.0,299.41,49.0,0.3333333333333333,0.5789473684210527,10,Post-Monsoon
Haryana,Ambala,2014-11,30.3843674,76.770421,2428.0,0.0,0.01122619996,0.0,300.24,842.0,0.3333333333333333,39.46666666666667,11,Post-Monsoon
Haryana,Ambala,2016-02,30.3843674,76.770421,31.0,0.0,0.01446901059,0.0,293.85200000000003,839.6666666666666,0.3333333333333333,-0.9872322899505767,2,Winter
Haryana,Ambala,2016-03,30.3843674,76.770421,25.0,0.0,0.1070902614,0.0,297.82,828.0,0.0,-0.19354838709677424,3,Summer
Haryana,Ambala,2016-04,30.3843674,76.770421,57.0,0.0,0.02152862875,6.0,313.11333340000004,37.666666666666664,0.0,1.2799999999999998,4,Summer
Haryana,Ambala,2016-09,30.3843674,76.770421,116.0,0.0,0.2867421352,0.0,303.085,66.0,0.0,1.0350877192982457,9,Monsoon
Haryana,Ambala,2018-07,30.3843674,76.770421,21.0,0.0,1.117438312,10.0,302.28000000000003,64.66666666666667,0.0,-0.8189655172413793,7,Monsoon
Haryana,Ambala,2019-01,30.3843674,76.770421,15.0,0.0,0.00143451636,13.0,289.27,50.666666666666664,0.0,-0.2857142857142857,1,Winter
Haryana,Ambala,2019-09,30.3843674,76.770421,2853.0,2.0,0.2011654714,22.0,300.184,963.0,0.6666666666666666,189.2,9,Monsoon
Haryana,Ambala,2019-10,30.3843674,76.770421,60.0,2.0,0.00961377013,12.0,301.8533334,976.0,1.3333333333333333,-0.9789695057833859,10,Post-Monsoon
Haryana,Faridabad,2011-10,28.4031478,77.3105561,5069.0,2.0,0.0117964173,6.0,308.5766666,5069.0,2.0,0.0,10,Post-Monsoon
Haryana,Fatehabad,2016-09,29.51238035,75.42917898,108.0,2.0,0.0009089087277,25.0,304.3166666,108.0,2.0,0.0,9,Monsoon
Haryana,Fatehabad,2016-10,29.51238035,75.42917898,294.0,2.0,0.01608966947,14.0,306.7266666,201.0,2.0,1.7222222222222223,10,Post-Monsoon
Haryana,Fatehabad,2018-06,29.51238035,75.42917898,13481.0,1.0,0.00345743643165,1.0,313.0566666,4627.666666666667,1.6666666666666667,44.85374149659864,6,Monsoon
Haryana,Gurgaon,2010-05,28.42826235,77.00270015,230.0,1.0,0.005179284233,3.0,319.1,230.0,1.0,0.0,5,Summer
Haryana,Gurgaon,2010-07,28.42826235,77.00270015,155586.0,12.0,0.6950235812,2.0,309.295,77908.0,6.5,675.4608695652174,7,Monsoon
Haryana,Gurgaon,2011-07,28.42826235,77.00270015,23.0,2.0,0.4909773682,7.0,307.66,51946.333333333336,5.0,-0.9998521717892356,7,Monsoon
Haryana,Gurgaon,2011-08,28.42826235,77.00270015,113.0,0.0,0.6470240605,11.0,309.42,51907.333333333336,4.666666666666667,3.913043478260869,8,Monsoon
Haryana,Gurgaon,2011-09,28.42826235,77.00270015,25326.0,0.0,0.46983030909999995,10.5,304.525,8487.333333333334,0.6666666666666666,223.12389380530973,9,Monsoon
Haryana,Gurgaon,2011-12,28.42826235,77.00270015,109.0,0.0,5.77e-05,0.0,298.504,8516.0,0.0,-0.9956961225617942,12,Winter
Haryana,Gurgaon,2013-06,28.42826235,77.00270015,20.0,0.0,0.1193703896,4.0,311.17,8485.0,0.0,-0.8165137614678899,6,Monsoon
Haryana,Gurgaon,2014-06,28.42826235,77.00270015,60.0,0.0,3.86e-05,0.0,316.1533334,63.0,0.0,2.0,6,Monsoon
Haryana,Gurgaon,2017-07,28.42826235,77.00270015,40.0,0.0,0.3273653217,8.0,304.0866666,40.0,0.0,-0.33333333333333337,7,Monsoon
Haryana,Gurugram,2018-05,28.4646148,77.0299194,52.0,0.0,0.0001483086675,3.0,317.9233334,52.0,0.0,0.0,5,Summer
Haryana,Gurugram,2021-09,28.4646148,77.0299194,20.0,0.0,0.1899488085,0.0,304.72,36.0,0.0,-0.6153846153846154,9,Monsoon
Haryana,Gurugram,2022-05,28.4646148,77.0299194,6.0,0.0,0.06665708229,5.0,303.99333340000004,26.0,0.0,-0.7,5,Summer
Haryana,Jhajjar,2009-08,28.53364155,76.68981478,37.0,0.0,0.008671530823,10.0,308.548,37.0,0.0,0.0,8,Monsoon
Haryana,Jind,2010-05,29.30182625,76.33847077,610784.0,2.0,0.01700769048,0.0,320.14,610784.0,2.0,0.0,5,Summer
Haryana,Jind,2010-08,29.30182625,76.33847077,120.0,0.0,0.2777880534,16.0,303.05333340000004,305452.0,1.0,-0.9998035311992456,8,Monsoon
Haryana,Jind,2012-08,29.30182625,76.33847077,119.0,0.0,2.084676426,11.0,302.14,203674.33333333334,0.6666666666666666,-0.008333333333333304,8,Monsoon
Haryana,Jind,2018-05,29.30182625,76.33847077,61.0,0.0,0.003302127174,0.0,315.6633334,100.0,0.0,-0.4873949579831933,5,Summer
Haryana,Kaithal,2009-10,29.82282075,76.37830987,34.0,0.0,4.26e-05,0.0,302.56,34.0,0.0,0.0,10,Post-Monsoon
Haryana,Kaithal,2012-06,29.82282075,76.37830987,76.0,0.0,0.02904895053,2.0,304.08,55.0,0.0,1.2352941176470589,6,Monsoon
Haryana,Kaithal,2014-09,29.82282075,76.37830987,1414.0,1.0,0.7375409567,0.0,300.8266666,508.0,0.3333333333333333,17.605263157894736,9,Monsoon
Haryana,Kaithal,2016-06,29.82282075,76.37830987,28.0,0.0,0.04098758289,2.0,309.2766666,506.0,0.3333333333333333,-0.9801980198019802,6,Monsoon
Haryana,Kaithal,2019-04,29.82282075,76.37830987,28.0,0.0,0.04091918687,3.0,309.8933334,490.0,0.3333333333333333,0.0,4,Summer
Haryana,Kaithal,2021-10,29.82282075,76.37830987,38.0,0.0,1.399919414,0.0,302.845,31.333333333333332,0.0,0.3571428571428572,10,Post-Monsoon
Haryana,Karnal,2010-07,29.6803266,76.9896254,1046142.0,0.0,0.32139383466666666,5.333333333333333,301.8566666666666,1046142.0,0.0,0.0,7,Monsoon
Haryana,Karnal,2010-09,29.6803266,76.9896254,39179242.0,6.0,2.594754971,0.0,299.0,20112692.0,3.0,36.451170108838,9,Monsoon
Haryana,Karnal,2011-10,29.6803266,76.9896254,37.0,0.0,0.04768943848,9.0,304.448,13408473.666666666,2.0,-0.9999990556223625,10,Post-Monsoon
Haryana,Karnal,2012-08,29.6803266,76.9896254,13.0,0.0,0.6979880794,22.0,304.08,13059764.0,2.0,-0.6486486486486487,8,Monsoon
Haryana,Karnal,2012-09,29.6803266,76.9896254,26.0,0.0,0.5788694536,22.0,300.14,25.333333333333332,0.0,1.0,9,Monsoon
Haryana,Karnal,2017-07,29.6803266,76.9896254,10.0,0.0,0.1339377585,0.0,301.112,16.333333333333332,0.0,-0.6153846153846154,7,Monsoon
Haryana,Karnal,2021-08,29.6803266,76.9896254,3626.0,0.0,0.47879780245,22.0,301.83500000000004,1220.6666666666667,0.0,361.6,8,Monsoon
Haryana,Kurukshetra,2009-10,29.9693747,76.8482787,41.0,1.0,0.002794920697,10.0,302.8566666,41.0,1.0,0.0,10,Post-Monsoon
Haryana,Kurukshetra,2010-07,29.9693747,76.8482787,55.0,0.0,1.240352412,0.0,303.045,48.0,0.5,0.3414634146341464,7,Monsoon
Haryana,Kurukshetra,2011-01,29.9693747,76.8482787,12.0,0.0,0.0001306651459,12.0,289.6033334,36.0,0.3333333333333333,-0.7818181818181819,1,Winter
Haryana,Kurukshetra,2012-07,29.9693747,76.8482787,378316.0,0.0,0.0406073827,1.5,307.948,126127.66666666667,0.0,31525.333333333332,7,Monsoon
Haryana,Kurukshetra,2013-09,29.9693747,76.8482787,6113.0,0.0,0.3282719552,0.0,300.8566666,128147.0,0.0,-0.9838415504498884,9,Monsoon
Haryana,Kurukshetra,2018-07,29.9693747,76.8482787,11.0,0.0,1.029942644,14.0,300.65000000000003,128146.66666666667,0.0,-0.9982005561917225,7,Monsoon
Haryana,Kurukshetra,2018-08,29.9693747,76.8482787,20.0,0.0,0.1532728888,16.0,298.675,2048.0,0.0,0.8181818181818181,8,Monsoon
Haryana,Kurukshetra,2018-09,29.9693747,76.8482787,11.0,0.0,0.946116861,19.0,302.0,14.0,0.0,-0.44999999999999996,9,Monsoon
Haryana,Kurukshetra,2019-09,29.9693747,76.8482787,28.0,0.0,0.1537639687,21.0,302.1333334,19.666666666666668,0.0,1.5454545454545454,9,Monsoon
Haryana,Kurukshetra,2021-09,29.9693747,76.8482787,16.0,0.0,0.3041257083,16.0,300.32,18.333333333333332,0.0,-0.4285714285714286,9,Monsoon
Haryana,Mewat,2015-09,27.993178,77.04073903,727.0,2.0,0.01042826838,17.0,304.24333340000004,727.0,2.0,0.0,9,Monsoon
Haryana,Narnaul,2010-07,27.99708325,76.07576218,220245.0,0.0,0.2608407146,6.0,311.92,220245.0,0.0,0.0,7,Monsoon
Haryana,Nuh,2021-09,28.09734515,77.05085582,19.0,0.0,0.5809280116,12.0,299.94,19.0,0.0,0.0,9,Monsoon
Haryana,Palwal,2009-07,28.1769589,77.37311204,57.0,0.0,0.1547586485,4.0,307.83,57.0,0.0,0.0,7,Monsoon
Haryana,Palwal,2011-08,28.1769589,77.37311204,159171.0,11.0,0.6427361151,13.0,303.125,79614.0,5.5,2791.4736842105262,8,Monsoon
Haryana,Palwal,2013-09,28.1769589,77.37311204,68.0,5.0,0.002385195117,17.0,302.528,53098.666666666664,5.333333333333333,-0.9995727865000534,9,Monsoon
Haryana,Panchkula,2011-08,30.7137692,76.868276,5.0,0.0,1.956093124,0.0,300.11333340000004,5.0,0.0,0.0,8,Monsoon
Haryana,Panchkula,2011-10,30.7137692,76.868276,37.0,0.0,0.07678103099,15.0,302.0333334,21.0,0.0,6.4,10,Post-Monsoon
Haryana,Panchkula,2012-06,30.7137692,76.868276,59.0,0.0,0.012767892,5.0,314.752,33.666666666666664,0.0,0.5945945945945945,6,Monsoon
Haryana,Panchkula,2014-08,30.7137692,76.868276,761791.0,0.0,0.03640993686,0.0,303.76,253962.33333333334,0.0,12910.71186440678,8,Monsoon
Haryana,Panchkula,2019-09,30.7137692,76.868276,108.0,0.0,0.4429856255,23.0,300.276,253986.0,0.0,-0.9998582288317924,9,Monsoon
Haryana,Panchkula,2021-07,30.7137692,76.868276,440511.0,2.0,0.453999401,8.0,305.1,400803.3333333333,0.6666666666666666,4077.8055555555557,7,Monsoon
Haryana,Panipat,2009-09,29.3912753,76.9771675,373447.0,14.0,1.189492367,20.0,301.37333340000004,373447.0,14.0,0.0,9,Monsoon
Haryana,Panipat,2015-07,29.3912753,76.9771675,37196.0,4.0,0.2045576086,0.0,303.1466666,205321.5,9.0,-0.9003981823391272,7,Monsoon
Haryana,Panipat,2022-04,29.3912753,76.9771675,6.0,0.0,0.007797900735,0.0,309.8166666,136883.0,6.0,-0.9998386923325089,4,Summer
Haryana,Rohtak,2011-05,28.9010899,76.5801935,58.0,0.0,0.04773047419,3.0,316.53000000000003,58.0,0.0,0.0,5,Summer
Haryana,Rohtak,2012-06,28.9010899,76.5801935,121.0,0.0,0.007715406346,2.0,318.248,89.5,0.0,1.0862068965517242,6,Monsoon
Haryana,Sirsa,2013-11,29.583333,75.083333,100.0,0.0,0.008162282452,6.0,302.06333340000003,100.0,0.0,0.0,11,Post-Monsoon
Haryana,Sirsa,2014-11,29.583333,75.083333,31.0,0.0,0.01078927966,0.0,303.572,65.5,0.0,-0.69,11,Post-Monsoon
Haryana,Yamuna Nagar,2011-05,30.1389108,77.301064,1518.0,0.0,0.001068512926,4.0,309.6633334,1518.0,0.0,0.0,5,Summer
Haryana,Yamuna Nagar,2011-10,30.1389108,77.301064,14.0,0.0,0.04768943848,9.0,304.448,766.0,0.0,-0.9907773386034255,10,Post-Monsoon
Haryana,Yamuna Nagar,2012-05,30.1389108,77.301064,27.0,0.0,6.4e-05,3.0,314.1766666,519.6666666666666,0.0,0.9285714285714286,5,Summer
Haryana,Yamuna Nagar,2013-08,30.1389108,77.301064,133.0,0.0,0.1675920974,0.0,299.95,58.0,0.0,3.9259259259259256,8,Monsoon
Haryana,Yamuna Nagar,2015-02,30.1389108,77.301064,110.0,0.0,0.02581062705,17.0,289.475,90.0,0.0,-0.17293233082706772,2,Winter
Haryana,Yamuna Nagar,2015-07,30.1389108,77.301064,41.0,0.0,0.714428752,4.0,300.66,94.66666666666667,0.0,-0.6272727272727272,7,Monsoon
Haryana,Yamuna Nagar,2015-08,30.1389108,77.301064,80.0,0.0,0.1322717098,15.0,301.38,77.0,0.0,0.9512195121951219,8,Monsoon
Haryana,Yamuna Nagar,2016-07,30.1389108,77.301064,12.0,0.0,0.2067710959,5.0,305.1533334,44.333333333333336,0.0,-0.85,7,Monsoon
Haryana,Yamuna Nagar,2018-06,30.1389108,77.301064,99.0,0.0,0.1112401818,5.0,303.94,63.666666666666664,0.0,7.25,6,Monsoon
Haryana,Yamuna Nagar,2019-01,30.1389108,77.301064,45.0,0.0,0.5302098992,13.0,291.4133334,52.0,0.0,-0.5454545454545454,1,Winter
Haryana,Yamuna Nagar,2021-07,30.1389108,77.301064,1331.0,0.0,1.52509925425,10.5,151.9466667,491.6666666666667,0.0,28.57777777777778,7,Monsoon
Haryana,Yamuna Nagar,2021-08,30.1389108,77.301064,2121.0,0.0,2.54223063,12.0,0.0,1165.6666666666667,0.0,0.5935386927122464,8,Monsoon
Haryana,Yamunanagar,2010-07,30.2112003,77.28638972,219.0,0.0,0.3794397078,7.0,302.36,219.0,0.0,0.0,7,Monsoon
Haryana,Yamunanagar,2010-08,30.2112003,77.28638972,90.0,0.0,0.6187983069,9.0,302.27,154.5,0.0,-0.589041095890411,8,Monsoon
Himachal Pradesh,Bilaspur,2009-07,31.3380959,76.7611631,14.0,0.0,2.286832073,23.0,296.34000000000003,14.0,0.0,0.0,7,Monsoon
Himachal Pradesh,Bilaspur,2013-11,31.3380959,76.7611631,573.0,1.0,6.75e-05,12.0,292.5933334,293.5,0.5,39.92857142857143,11,Post-Monsoon
Himachal Pradesh,Bilaspur,2017-10,31.3380959,76.7611631,3213.0,0.0,0.002334592571,0.0,298.25333340000003,1266.6666666666667,0.3333333333333333,4.607329842931938,10,Post-Monsoon
Himachal Pradesh,Bilaspur,2018-06,31.3380959,76.7611631,23341.0,0.0,0.3000817268,23.0,294.5333334,9042.333333333334,0.3333333333333333,6.264550264550264,6,Monsoon
Himachal Pradesh,Bilaspur,2018-07,31.3380959,76.7611631,339.0,0.0,0.7324642694,28.0,295.38,8964.333333333334,0.0,-0.9854762006769204,7,Monsoon
Himachal Pradesh,Bilaspur,2018-08,31.3380959,76.7611631,416680339.0,0.0,0.9873107641666667,23.0,295.36833333333334,138901339.66666666,0.0,1229144.5427728614,8,Monsoon
Himachal Pradesh,Bilaspur,2021-02,31.3380959,76.7611631,309.0,0.0,0.2279965979,12.0,287.772,138893662.33333334,0.0,-0.9999992584243338,2,Winter
Himachal Pradesh,Chamba,2009-09,32.518429,76.23086566,30223.0,0.0,1.026490179,0.0,298.41,30223.0,0.0,0.0,9,Monsoon
Himachal Pradesh,Chamba,2009-11,32.518429,76.23086566,53.0,0.0,0.1160935897,10.0,288.4266666,15138.0,0.0,-0.9982463686596301,11,Post-Monsoon
Himachal Pradesh,Hamirpur,2009-06,31.687996,76.51925223,33.0,0.0,0.06685814675,0.0,310.1666666,33.0,0.0,0.0,6,Monsoon
Himachal Pradesh,Hamirpur,2012-05,31.687996,76.51925223,20.0,0.0,0.02572132906,11.0,312.6333334,26.5,0.0,-0.3939393939393939,5,Summer
Himachal Pradesh,Hamirpur,2015-09,31.687996,76.51925223,190.0,0.0,0.09575289392,33.0,301.2666666,81.0,0.0,8.5,9,Monsoon
Himachal Pradesh,Kangra,2009-10,32.166667,76.25,101115.0,0.0,0.1613780847,20.0,296.70500000000004,101115.0,0.0,0.0,10,Post-Monsoon
Himachal Pradesh,Kangra,2014-01,32.166667,76.25,390.0,0.0,0.03201482876,9.0,279.86,50752.5,0.0,-0.9961430054887999,1,Winter
Himachal Pradesh,Kangra,2015-04,32.166667,76.25,13.0,0.0,0.149828417,13.0,294.084,33839.333333333336,0.0,-0.9666666666666667,4,Summer
Himachal Pradesh,Kangra,2015-11,32.166667,76.25,151.0,0.0,0.112395337,0.0,289.332,184.66666666666666,0.0,10.615384615384615,11,Post-Monsoon
Himachal Pradesh,Kangra,2015-12,32.166667,76.25,2525.0,0.0,0.00478940965,9.0,289.1533334,896.3333333333334,0.0,15.721854304635762,12,Winter
Himachal Pradesh,Kangra,2017-06,32.166667,76.25,40.0,0.0,0.2305334774,0.0,303.4666666,905.3333333333334,0.0,-0.9841584158415841,6,Monsoon
Himachal Pradesh,Kangra,2017-07,32.166667,76.25,32.0,0.0,1.668347205,0.0,289.99,865.6666666666666,0.0,-0.19999999999999996,7,Monsoon
Himachal Pradesh,Kangra,2017-11,32.166667,76.25,302.0,0.0,0.4606819828,11.0,289.232,124.66666666666667,0.0,8.4375,11,Post-Monsoon
Himachal Pradesh,Kangra,2017-12,32.166667,76.25,5020.0,0.0,0.6054374208,0.0,283.395,1784.6666666666667,0.0,15.62251655629139,12,Winter
Himachal Pradesh,Kangra,2018-05,32.166667,76.25,397.0,0.0,0.5611138927,0.0,300.345,1906.3333333333333,0.0,-0.9209163346613546,5,Summer
Himachal Pradesh,Kangra,2018-07,32.166667,76.25,5637.0,0.0,0.7885911709,21.0,301.18,3684.6666666666665,0.0,13.198992443324936,7,Monsoon
Himachal Pradesh,Kangra,2019-03,32.166667,76.25,225.0,0.0,0.3749970267,14.0,288.272,2086.3333333333335,0.0,-0.9600851516764236,3,Summer
Himachal Pradesh,Kangra,2019-08,32.166667,76.25,122.0,0.0,0.461887375,33.0,299.204,1994.6666666666667,0.0,-0.45777777777777773,8,Monsoon
Himachal Pradesh,Kangra,2020-06,32.166667,76.25,28.0,0.0,0.4374365403,22.0,301.612,125.0,0.0,-0.7704918032786885,6,Monsoon
Himachal Pradesh,Kullu,2017-07,32.00186325,77.3789964,210.0,0.0,0.5009017968,20.0,288.008,210.0,0.0,0.0,7,Monsoon
Himachal Pradesh,Kullu,2018-04,32.00186325,77.3789964,23.0,0.0,0.01484013113,0.0,288.77,116.5,0.0,-0.8904761904761904,4,Summer
Himachal Pradesh,Kullu,2018-10,32.00186325,77.3789964,17.0,0.0,0.03333946896,16.0,286.1333334,83.33333333333333,0.0,-0.26086956521739135,10,Post-Monsoon
Himachal Pradesh,Kullu,2019-09,32.00186325,77.3789964,51.0,1.0,0.3177570528,0.0,286.232,30.333333333333332,0.3333333333333333,2.0,9,Monsoon
Himachal Pradesh,Lahaul & Spiti,2009-06,32.5038495,77.58227188,9.0,0.0,0.007848185143,22.0,287.1466666,9.0,0.0,0.0,6,Monsoon
Himachal Pradesh,Mandi,2009-07,31.6723392,76.95331691,53.0,0.0,0.3242249213,20.0,301.0866666,53.0,0.0,0.0,7,Monsoon
Himachal Pradesh,Mandi,2012-06,31.6723392,76.95331691,27.0,0.0,0.167399079,17.0,300.868,40.0,0.0,-0.49056603773584906,6,Monsoon
Himachal Pradesh,Mandi,2012-07,31.6723392,76.95331691,67.0,0.0,0.08524201051,0.0,302.7233334,49.0,0.0,1.4814814814814814,7,Monsoon
Himachal Pradesh,Mandi,2013-08,31.6723392,76.95331691,89.0,0.0,2.408572902,0.0,288.5,61.0,0.0,0.32835820895522394,8,Monsoon
Himachal Pradesh,Mandi,2014-06,31.6723392,76.95331691,39.0,0.0,0.3178199835,18.0,299.54400000000004,65.0,0.0,-0.5617977528089888,6,Monsoon
Himachal Pradesh,Mandi,2014-07,31.6723392,76.95331691,16.0,0.0,0.242984163,0.0,298.1366666,48.0,0.0,-0.5897435897435898,7,Monsoon
Himachal Pradesh,Mandi,2014-08,31.6723392,76.95331691,163.0,0.0,1.182367579,35.0,295.7,72.66666666666667,0.0,9.1875,8,Monsoon
Himachal Pradesh,Mandi,2014-12,31.6723392,76.95331691,120.0,0.0,0.002475753501,9.0,284.1466666,99.66666666666667,0.0,-0.2638036809815951,12,Winter
Himachal Pradesh,Mandi,2015-02,31.6723392,76.95331691,39.0,0.0,0.6427159967,14.0,284.225,107.33333333333333,0.0,-0.675,2,Winter
Himachal Pradesh,Mandi,2015-03,31.6723392,76.95331691,1627.0,0.0,0.91520296355,7.5,284.66333340000006,595.3333333333334,0.0,40.717948717948715,3,Summer
Himachal Pradesh,Mandi,2015-07,31.6723392,76.95331691,25.0,0.0,2.769888611,0.0,295.7266666,563.6666666666666,0.0,-0.9846342962507683,7,Monsoon
Himachal Pradesh,Mandi,2016-08,31.6723392,76.95331691,214950.0,1.0,1.440969423,24.666666666666668,296.877,72200.66666666667,0.3333333333333333,8597.0,8,Monsoon
Himachal Pradesh,Mandi,2016-10,31.6723392,76.95331691,39.0,0.0,0.1099529082,28.0,295.1666666,71671.33333333333,0.3333333333333333,-0.9998185624563852,10,Post-Monsoon
Himachal Pradesh,Mandi,2017-02,31.6723392,76.95331691,81.0,0.0,0.2162809324,11.0,284.02500000000003,71690.0,0.3333333333333333,1.076923076923077,2,Winter
Himachal Pradesh,Mandi,2017-05,31.6723392,76.95331691,2113.0,2.0,0.20555447785000003,22.0,301.2666667,744.3333333333334,0.6666666666666666,25.08641975308642,5,Summer
Himachal Pradesh,Mandi,2017-06,31.6723392,76.95331691,60.0,0.0,0.1276555437,0.0,301.88,751.3333333333334,0.6666666666666666,-0.9716043539990534,6,Monsoon
Himachal Pradesh,Mandi,2017-12,31.6723392,76.95331691,44.0,0.0,0.01519217774,9.0,286.57,739.0,0.6666666666666666,-0.2666666666666667,12,Winter
Himachal Pradesh,Mandi,2018-02,31.6723392,76.95331691,25.0,0.0,0.3966010649,0.0,286.448,43.0,0.0,-0.43181818181818177,2,Winter
Himachal Pradesh,Mandi,2018-03,31.6723392,76.95331691,25.0,0.0,0.02561128055,0.0,297.3933334,31.333333333333332,0.0,0.0,3,Summer
Himachal Pradesh,Mandi,2018-04,31.6723392,76.95331691,27.0,0.0,0.03625767117,17.0,300.02,25.666666666666668,0.0,0.08000000000000007,4,Summer
Himachal Pradesh,Mandi,2018-07,31.6723392,76.95331691,92.0,0.0,1.647024207,0.0,293.772,48.0,0.0,2.4074074074074074,7,Monsoon
Himachal Pradesh,Mandi,2019-03,31.6723392,76.95331691,126.0,0.0,0.5797664278,14.0,285.91,81.66666666666667,0.0,0.36956521739130443,3,Summer
Himachal Pradesh,Mandi,2019-04,31.6723392,76.95331691,74.0,0.0,0.3928754947,0.0,298.072,97.33333333333333,0.0,-0.4126984126984127,4,Summer
Himachal Pradesh,Mandi,2019-06,31.6723392,76.95331691,104.0,0.0,0.2238471877,23.0,302.968,101.33333333333333,0.0,0.4054054054054055,6,Monsoon
Himachal Pradesh,Mandi,2019-08,31.6723392,76.95331691,598742.0,0.0,1.0175280982,12.666666666666666,297.70933333333335,199640.0,0.0,5756.134615384615,8,Monsoon
Himachal Pradesh,Mandi,2020-03,31.6723392,76.95331691,33.0,0.0,0.4705645454,16.0,289.26,199626.33333333334,0.0,-0.9999448844410447,3,Summer
Himachal Pradesh,Mandi,2021-07,31.6723392,76.95331691,65.0,0.0,2.046384693,21.0,296.96,199613.33333333334,0.0,0.9696969696969697,7,Monsoon
Himachal Pradesh,Shimla,2009-09,31.1041526,77.1709729,45.0,0.0,2.897754535,0.0,299.17,45.0,0.0,0.0,9,Monsoon
Himachal Pradesh,Shimla,2010-03,31.1041526,77.1709729,14.0,0.0,1.46e-05,15.0,301.9833334,29.5,0.0,-0.6888888888888889,3,Summer
Himachal Pradesh,Shimla,2010-05,31.1041526,77.1709729,64.0,0.0,0.02221137909,17.0,308.30400000000003,41.0,0.0,3.571428571428571,5,Summer
Himachal Pradesh,Shimla,2010-07,31.1041526,77.1709729,4040235.0,3.0,0.7396077053,29.0,297.395,1346771.0,1.0,63127.671875,7,Monsoon
Himachal Pradesh,Shimla,2010-08,31.1041526,77.1709729,37.0,0.0,1.342600571,26.0,262.75,1346778.6666666667,1.0,-0.9999908421168571,8,Monsoon
Himachal Pradesh,Sirmaur,2012-06,30.75,77.5,16.0,1.0,0.5707521164,10.0,305.996,16.0,1.0,0.0,6,Monsoon
Himachal Pradesh,Sirmaur,2015-03,30.75,77.5,36.0,0.0,1.278782817,16.0,292.672,26.0,0.5,1.25,3,Summer
Himachal Pradesh,Solan,2013-10,30.92589585,77.08200509,30.0,0.0,0.004539964919,0.0,296.3666666,30.0,0.0,0.0,10,Post-Monsoon
Himachal Pradesh,Solan,2014-06,30.92589585,77.08200509,10.0,1.0,0.06460958829,22.0,306.11333340000004,20.0,0.5,-0.6666666666666667,6,Monsoon
Himachal Pradesh,Solan,2015-09,30.92589585,77.08200509,151.0,2.0,0.03760034753,36.0,297.87,63.666666666666664,1.0,14.1,9,Monsoon
Himachal Pradesh,Solan,2016-04,30.92589585,77.08200509,17.0,0.0,0.02504466222,19.0,302.0733334,59.333333333333336,1.0,-0.8874172185430463,4,Summer
Himachal Pradesh,Solan,2017-08,30.92589585,77.08200509,10.0,0.0,0.5833126291,34.0,295.90000000000003,59.333333333333336,0.6666666666666666,-0.4117647058823529,8,Monsoon
Himachal Pradesh,Solan,2018-05,30.92589585,77.08200509,4.0,0.0,0.03705054763,18.0,303.2933334,10.333333333333334,0.0,-0.6,5,Summer
Himachal Pradesh,Solan,2018-07,30.92589585,77.08200509,2047.0,0.0,0.96342463805,22.0,295.0341667,687.0,0.0,510.75,7,Monsoon
Himachal Pradesh,Solan,2019-06,30.92589585,77.08200509,46.0,0.0,0.3992460076,22.0,303.0266666,699.0,0.0,-0.9775280898876404,6,Monsoon
Himachal Pradesh,Solan,2022-06,30.92589585,77.08200509,34.0,0.0,7.63e-05,0.0,305.7866666,709.0,0.0,-0.26086956521739135,6,Monsoon
Himachal Pradesh,Una,2013-08,31.4787354,76.2750706,196.0,0.0,1.943781248,0.0,298.6266666,196.0,0.0,0.0,8,Monsoon
Himachal Pradesh,Una,2015-02,31.4787354,76.2750706,50.0,0.0,0.2999054151,14.0,291.855,123.0,0.0,-0.7448979591836735,2,Winter
Himachal Pradesh,Una,2015-09,31.4787354,76.2750706,12.0,0.0,0.1250183666,33.0,300.6466666,86.0,0.0,-0.76,9,Monsoon
Jammu and Kashmir,Anantnag,2011-08,33.7368773,75.1455138,41.0,0.0,0.2492130329,20.0,295.94,41.0,0.0,0.0,8,Monsoon
Jammu and Kashmir,Anantnag,2013-08,33.7368773,75.1455138,35.0,0.0,1.22855445,15.0,296.156,38.0,0.0,-0.14634146341463417,8,Monsoon
Jammu and Kashmir,Anantnag,2014-08,33.7368773,75.1455138,8679.0,0.0,0.7008359070000001,20.5,296.6533333,2918.3333333333335,0.0,246.97142857142856,8,Monsoon
Jammu and Kashmir,Anantnag,2015-03,33.7368773,75.1455138,160.0,0.0,1.122902167,0.0,285.27,2958.0,0.0,-0.9815646963935938,3,Summer
Jammu and Kashmir,Anantnag,2015-07,33.7368773,75.1455138,9051.0,0.0,0.7305525598,9.0,293.64200000000005,5963.333333333333,0.0,55.56875,7,Monsoon
Jammu and Kashmir,Anantnag,2016-08,33.7368773,75.1455138,780.0,0.0,0.2453523926,22.0,295.66,3330.3333333333335,0.0,-0.9138216771627444,8,Monsoon
Jammu and Kashmir,Anantnag,2017-07,33.7368773,75.1455138,13.0,0.0,0.6963826516,20.0,292.63,3281.3333333333335,0.0,-0.9833333333333333,7,Monsoon
Jammu and Kashmir,Anantnag,2018-07,33.7368773,75.1455138,12.0,0.0,0.7896168243,17.0,295.48400000000004,268.3333333333333,0.0,-0.07692307692307687,7,Monsoon
Jammu and Kashmir,Badgam,2011-08,34.0154721,74.7220085,163423.0,0.0,0.3409176875,18.5,299.006,163423.0,0.0,0.0,8,Monsoon
Jammu and Kashmir,Badgam,2013-08,34.0154721,74.7220085,137.0,0.0,0.9263008481,20.0,297.796,81780.0,0.0,-0.9991616847077829,8,Monsoon
Jammu and Kashmir,Bandipora,2012-09,34.4232433,74.635965,97.0,0.0,0.5425308792,0.0,291.2,97.0,0.0,0.0,9,Monsoon
Jammu and Kashmir,Bandipora,2013-07,34.4232433,74.635965,62.0,0.0,0.5672215797,25.0,295.732,79.5,0.0,-0.3608247422680413,7,Monsoon
Jammu and Kashmir,Bandipora,2013-10,34.4232433,74.635965,48.0,0.0,0.01279391623,0.0,296.0466666,69.0,0.0,-0.22580645161290325,10,Post-Monsoon
Jammu and Kashmir,Bandipora,2016-12,34.4232433,74.635965,16.0,0.0,0.04952390072,6.0,280.1033334,42.0,0.0,-0.6666666666666667,12,Winter
Jammu and Kashmir,Bandipora,2017-08,34.4232433,74.635965,24.0,0.0,0.04996701226,0.0,296.9233334,29.333333333333332,0.0,0.5,8,Monsoon
Jammu and Kashmir,Baramulla,2012-06,34.20500565,74.36221081,87.0,0.0,0.1265253611,0.0,298.18,87.0,0.0,0.0,6,Monsoon
Jammu and Kashmir,Baramulla,2012-07,34.20500565,74.36221081,348.0,0.0,0.09106377984,21.0,297.79,217.5,0.0,3.0,7,Monsoon
Jammu and Kashmir,Baramulla,2012-08,34.20500565,74.36221081,44.0,0.0,0.1017104946,19.0,297.98400000000004,159.66666666666666,0.0,-0.8735632183908046,8,Monsoon
Jammu and Kashmir,Baramulla,2012-09,34.20500565,74.36221081,238.0,0.0,0.6331318758,17.0,292.096,210.0,0.0,4.409090909090909,9,Monsoon
Jammu and Kashmir,Baramulla,2014-07,34.20500565,74.36221081,120.0,0.0,0.2247694331,22.0,293.15000000000003,134.0,0.0,-0.4957983193277311,7,Monsoon
Jammu and Kashmir,Baramulla,2015-07,34.20500565,74.36221081,53.0,0.0,0.4498289947,19.0,294.6,137.0,0.0,-0.5583333333333333,7,Monsoon
Jammu and Kashmir,Baramulla,2015-08,34.20500565,74.36221081,80.0,0.0,0.1043157386,27.0,291.80333340000004,84.33333333333333,0.0,0.509433962264151,8,Monsoon
Jammu and Kashmir,Baramulla,2016-05,34.20500565,74.36221081,62.0,0.0,0.3197687328,16.0,293.1266666,65.0,0.0,-0.22499999999999998,5,Summer
Jammu and Kashmir,Baramulla,2016-07,34.20500565,74.36221081,279720.0,0.0,0.36006493553333335,6.333333333333333,295.19944446666665,93287.33333333333,0.0,4510.612903225807,7,Monsoon
Jammu and Kashmir,Baramulla,2017-07,34.20500565,74.36221081,289.0,0.0,0.2338324777,22.0,297.0233334,93357.0,0.0,-0.998966823966824,7,Monsoon
Jammu and Kashmir,Baramulla,2017-08,34.20500565,74.36221081,13.0,0.0,0.4893587008,24.0,297.02,93340.66666666667,0.0,-0.9550173010380623,8,Monsoon
Jammu and Kashmir,Baramulla,2018-05,34.20500565,74.36221081,273.0,0.0,0.2954569885,20.0,290.97,191.66666666666666,0.0,20.0,5,Summer
Jammu and Kashmir,Budgam,2010-08,33.9099319,74.62914426,2229.0,3.0,0.7071783286,11.0,293.76,2229.0,3.0,0.0,8,Monsoon
Jammu and Kashmir,Budgam,2012-05,33.9099319,74.62914426,34.0,0.0,0.453736733,0.0,290.98,1131.5,1.5,-0.9847465231045311,5,Summer
Jammu and Kashmir,Budgam,2012-08,33.9099319,74.62914426,140.0,0.0,1.804827325,18.0,295.66400000000004,801.0,1.0,3.117647058823529,8,Monsoon
Jammu and Kashmir,Budgam,2013-03,33.9099319,74.62914426,233.0,0.0,0.9200913598,6.0,276.19,135.66666666666666,0.0,0.6642857142857144,3,Summer
Jammu and Kashmir,Budgam,2014-07,33.9099319,74.62914426,155.0,0.0,0.8847361057,17.0,290.95,176.0,0.0,-0.33476394849785407,7,Monsoon
Jammu and Kashmir,Budgam,2014-08,33.9099319,74.62914426,160.0,0.0,0.7060567343,17.0,291.64,182.66666666666666,0.0,0.032258064516129004,8,Monsoon
Jammu and Kashmir,Doda,2010-08,33.1449112,75.5473969,1388.0,1.0,0.6038596979,24.0,290.9133334,1388.0,1.0,0.0,8,Monsoon
Jammu and Kashmir,Doda,2015-09,33.1449112,75.5473969,36.0,0.0,0.03186654549,20.0,295.7333334,712.0,0.5,-0.9740634005763689,9,Monsoon
Jammu and Kashmir,Doda,2019-05,33.1449112,75.5473969,615.0,0.0,0.6510872795,19.0,290.64,679.6666666666666,0.3333333333333333,16.083333333333332,5,Summer
Jammu and Kashmir,Doda,2019-08,33.1449112,75.5473969,435.0,0.0,1.27725959,24.0,289.0266666,362.0,0.0,-0.29268292682926833,8,Monsoon
Jammu and Kashmir,Ganderbal,2011-07,34.1934255,74.83434977,27.0,0.0,0.1832444345,16.0,296.6166666,27.0,0.0,0.0,7,Monsoon
Jammu and Kashmir,Ganderbal,2012-07,34.1934255,74.83434977,72.0,0.0,0.3445817908,0.0,294.816,49.5,0.0,1.6666666666666665,7,Monsoon
Jammu and Kashmir,Ganderbal,2012-08,34.1934255,74.83434977,33.0,0.0,0.8245407016,14.0,292.6,44.0,0.0,-0.5416666666666667,8,Monsoon
Jammu and Kashmir,Ganderbal,2013-08,34.1934255,74.83434977,60.0,1.0,0.7145166478,17.0,286.5766666,55.0,0.3333333333333333,0.8181818181818181,8,Monsoon
Jammu and Kashmir,Ganderbal,2018-09,34.1934255,74.83434977,363.0,0.0,0.2451434777,12.0,295.628,152.0,0.3333333333333333,5.05,9,Monsoon
Jammu and Kashmir,Jammu and Kashmir,2012-04,32.7185614,74.8580917,70.0,0.0,0.2349068775,0.0,287.62,70.0,0.0,0.0,4,Summer
Jammu and Kashmir,Jammu and Kashmir,2014-07,32.7185614,74.8580917,427.0,0.0,0.9780432684,20.0,296.975,248.5,0.0,5.1,7,Monsoon
Jammu and Kashmir,Jammu and Kashmir,2015-03,32.7185614,74.8580917,410.0,0.0,0.06441370565,7.0,279.3533334,302.3333333333333,0.0,-0.03981264637002346,3,Summer
Jammu and Kashmir,Jammu and Kashmir,2015-05,32.7185614,74.8580917,50.0,0.0,0.02483071517,15.0,296.69,295.6666666666667,0.0,-0.8780487804878049,5,Summer
Jammu and Kashmir,Jammu and Kashmir,2015-09,32.7185614,74.8580917,66108132.0,0.0,0.1003939873,26.0,296.6366666,22036197.333333332,0.0,1322161.64,9,Monsoon
Jammu and Kashmir,Jammu and Kashmir,2017-08,32.7185614,74.8580917,12.0,0.0,1.594628235,0.0,286.9866666,22036064.666666668,0.0,-0.9999998184792153,8,Monsoon
Jammu and Kashmir,Jammu and Kashmir,2019-08,32.7185614,74.8580917,435.0,0.0,1.982460361,18.0,296.09000000000003,22036193.0,0.0,35.25,8,Monsoon
Jammu and Kashmir,Kathua,2012-04,32.4288215,75.56286458,126.0,0.0,0.04889600175,8.0,302.6,126.0,0.0,0.0,4,Summer
Jammu and Kashmir,Kathua,2015-07,32.4288215,75.56286458,152152.0,0.0,1.049810362,12.0,303.18,76139.0,0.0,1206.5555555555557,7,Monsoon
Jammu and Kashmir,Kathua,2016-10,32.4288215,75.56286458,116.0,0.0,0.01632603646,14.0,301.80333340000004,50798.0,0.0,-0.9992376045007624,10,Post-Monsoon
Jammu and Kashmir,Kulgam,2013-05,33.66980055,75.01480232,103.0,0.0,0.9050134833,14.0,293.3066666,103.0,0.0,0.0,5,Summer
Jammu and Kashmir,Kulgam,2013-08,33.66980055,75.01480232,8146.0,0.0,1.6592023029999998,18.5,297.9413333,4124.5,0.0,78.0873786407767,8,Monsoon
Jammu and Kashmir,Kulgam,2014-05,33.66980055,75.01480232,697.0,0.0,1.065492495,11.0,282.4233334,2982.0,0.0,-0.9144365332678616,5,Summer
Jammu and Kashmir,Kulgam,2014-07,33.66980055,75.01480232,83.0,0.0,0.7749021226,18.0,297.48,2975.3333333333335,0.0,-0.8809182209469153,7,Monsoon
Jammu and Kashmir,Kulgam,2017-08,33.66980055,75.01480232,85.0,0.0,0.7091477616,20.0,293.25,288.3333333333333,0.0,0.024096385542168752,8,Monsoon
Jammu and Kashmir,Kulgam,2018-06,33.66980055,75.01480232,20.0,0.0,0.7341841191,16.0,295.62333340000004,62.666666666666664,0.0,-0.7647058823529411,6,Monsoon
Jammu and Kashmir,Kupwara,2011-06,34.6110236,74.23847867,2041533030.0,0.0,0.0776677025775,13.25,292.8766667,2041533030.0,0.0,0.0,6,Monsoon
Jammu and Kashmir,Kupwara,2012-06,34.6110236,74.23847867,15.0,0.0,0.1579262272,9.0,285.6733334,1020766522.5,0.0,-0.9999999926525803,6,Monsoon
Jammu and Kashmir,Kupwara,2012-09,34.6110236,74.23847867,130.0,2.0,0.3233541594,13.0,291.504,680511058.3333334,0.6666666666666666,7.666666666666666,9,Monsoon
Jammu and Kashmir,Kupwara,2013-08,34.6110236,74.23847867,54.0,0.0,0.4784641837,13.0,292.524,66.33333333333333,0.6666666666666666,-0.5846153846153845,8,Monsoon
Jammu and Kashmir,Kupwara,2014-08,34.6110236,74.23847867,1496.0,0.0,0.2775758705,16.0,292.72,560.0,0.6666666666666666,26.703703703703702,8,Monsoon
Jammu and Kashmir,Kupwara,2015-08,34.6110236,74.23847867,7862.0,0.0,0.69838534,16.0,287.968,3137.3333333333335,0.0,4.255347593582887,8,Monsoon
Jammu and Kashmir,Kupwara,2017-02,34.6110236,74.23847867,17.0,0.0,0.4358234496,0.0,259.68,3125.0,0.0,-0.9978377003307046,2,Winter
Jammu and Kashmir,Kupwara,2017-07,34.6110236,74.23847867,75325.0,0.0,0.49249900004999997,5.5,291.7941667,27734.666666666668,0.0,4429.882352941177,7,Monsoon
Jammu and Kashmir,Kupwara,2017-08,34.6110236,74.23847867,104.0,0.0,0.5467073798,0.0,295.42,25148.666666666668,0.0,-0.9986193162960505,8,Monsoon
Jammu and Kashmir,Kupwara,2018-08,34.6110236,74.23847867,9042.0,0.0,0.3403820217,8.0,291.948,28157.0,0.0,85.9423076923077,8,Monsoon
Jammu and Kashmir,Kupwara,2019-07,34.6110236,74.23847867,21.0,0.0,0.1575381378,16.0,293.0133334,3055.6666666666665,0.0,-0.9976775049767751,7,Monsoon
Jammu and Kashmir,Kupwara,2019-08,34.6110236,74.23847867,2463230.0,4.0,0.12455705406333334,5.666666666666667,290.86755553333336,824097.6666666666,1.3333333333333333,117295.66666666667,8,Monsoon
Jammu and Kashmir,Kupwara,2019-09,34.6110236,74.23847867,29.0,0.0,0.3271626639,12.0,288.95,821093.3333333334,1.3333333333333333,-0.9999882268403681,9,Monsoon
Jammu and Kashmir,Kupwara,2020-10,34.6110236,74.23847867,20.0,0.0,0.1917575963,8.0,290.06333340000003,821093.0,1.3333333333333333,-0.31034482758620685,10,Post-Monsoon
Jammu and Kashmir,Leh,2017-03,34.0846151,74.8230135,25.0,0.0,0.3567167085,7.0,275.8233334,25.0,0.0,0.0,3,Summer
Jammu and Kashmir,Leh (Ladakh),2017-09,34.1634271,77.5843437,30.0,0.0,0.0970785931,5.0,293.0166666,30.0,0.0,0.0,9,Monsoon
Jammu and Kashmir,Leh (ladakh),2014-10,34.1634271,77.5843437,17.0,0.0,0.08021718614,4.0,289.28000000000003,17.0,0.0,0.0,10,Post-Monsoon
Jammu and Kashmir,Leh (ladakh),2014-11,34.1634271,77.5843437,22.0,0.0,0.1200676694,2.0,275.1966666,19.5,0.0,0.2941176470588236,11,Post-Monsoon
Jammu and Kashmir,Poonch,2017-04,33.7670004,74.0957143,35.0,0.0,0.04266753781,13.0,297.356,35.0,0.0,0.0,4,Summer
Jammu and Kashmir,Poonch,2017-05,33.7670004,74.0957143,892.0,0.0,0.05117537977,17.0,303.25,463.5,0.0,24.485714285714284,5,Summer
Jammu and Kashmir,Poonch,2019-06,33.7670004,74.0957143,117.0,0.0,0.1477448799,18.0,304.52,348.0,0.0,-0.8688340807174888,6,Monsoon
Jammu and Kashmir,Pulwama,2012-08,33.89829355,74.89634094,34.0,0.0,0.6637921426,17.0,294.95,34.0,0.0,0.0,8,Monsoon
Jammu and Kashmir,Pulwama,2013-04,33.89829355,74.89634094,60.0,0.0,0.5088448167,10.0,286.848,47.0,0.0,0.7647058823529411,4,Summer
Jammu and Kashmir,Pulwama,2013-08,33.89829355,74.89634094,40.0,0.0,1.607048176,4.0,288.16,44.666666666666664,0.0,-0.33333333333333337,8,Monsoon
Jammu and Kashmir,Pulwama,2016-07,33.89829355,74.89634094,49.0,0.0,0.5073875308,20.0,298.43333340000004,49.666666666666664,0.0,0.2250000000000001,7,Monsoon
Jammu and Kashmir,Pulwama,2017-08,33.89829355,74.89634094,3131.0,0.0,0.9501646551,0.0,286.6633334,1073.3333333333333,0.0,62.89795918367347,8,Monsoon
Jammu and Kashmir,Rajouri,2015-06,33.3772495,74.3132332,35.0,0.0,1.310911652,13.0,296.98,35.0,0.0,0.0,6,Monsoon
Jammu and Kashmir,Ramban,2016-08,33.2116371,75.20509891,6262.0,2.0,0.07875460975,0.0,298.18333340000004,6262.0,2.0,0.0,8,Monsoon
Jammu and Kashmir,Reasi,2013-08,33.06910315,74.83786982,201.0,1.0,1.12292574,22.0,297.945,201.0,1.0,0.0,8,Monsoon
Jammu and Kashmir,Reasi,2016-05,33.06910315,74.83786982,56.0,0.0,0.1403411263,15.0,297.455,128.5,0.5,-0.7213930348258706,5,Summer
Jammu and Kashmir,Samba(Jammu and Kashmir),2019-09,32.57591175,75.12034456,15.0,0.0,0.1989624925,23.0,303.06,15.0,0.0,0.0,9,Monsoon
Jammu and Kashmir,Shopian,2013-05,33.718807,74.8333311,194.0,0.0,0.956087794,14.0,295.1266666,194.0,0.0,0.0,5,Summer
Jammu and Kashmir,Shopian,2013-07,33.718807,74.8333311,128.0,0.0,1.25844149,20.0,294.928,161.0,0.0,-0.3402061855670103,7,Monsoon
Jammu and Kashmir,Shopian,2014-02,33.718807,74.8333311,16.0,0.0,0.2503841664,0.0,275.048,112.66666666666667,0.0,-0.875,2,Winter
Jammu and Kashmir,Shopian,2015-07,33.718807,74.8333311,55.0,0.0,0.9054757219,19.0,293.496,66.33333333333333,0.0,2.4375,7,Monsoon
Jammu and Kashmir,Shopian,2017-08,33.718807,74.8333311,18.0,0.0,0.3273365824,0.0,295.53000000000003,29.666666666666668,0.0,-0.6727272727272727,8,Monsoon
Jammu and Kashmir,Shopian,2019-09,33.718807,74.8333311,43.0,0.0,0.2483930092,11.0,295.48,38.666666666666664,0.0,1.3888888888888888,9,Monsoon
Jammu and Kashmir,Srinagar,2011-07,34.0747444,74.8204443,27.0,0.0,0.4291256851,23.0,296.8533334,27.0,0.0,0.0,7,Monsoon
Jammu and Kashmir,Srinagar,2020-10,34.0747444,74.8204443,35.0,0.0,0.03060003385,8.0,291.0666666,31.0,0.0,0.2962962962962963,10,Post-Monsoon
Jammu and Kashmir,Udhampur,2015-07,33.0,75.166667,12.0,1.0,1.196293799,20.0,294.28000000000003,12.0,1.0,0.0,7,Monsoon
Jammu and Kashmir,Udhampur,2018-06,33.0,75.166667,12.0,0.0,0.3359000444,0.0,298.99333340000004,12.0,0.5,0.0,6,Monsoon
Jammu and Kashmir,Udhampur,2019-09,33.0,75.166667,3737.0,0.0,0.2873381265,22.0,296.66,1253.6666666666667,0.3333333333333333,310.4166666666667,9,Monsoon
Jharkhand,Bokaro,2012-10,23.69912795,85.99106894,27.0,0.0,0.158100154,0.0,300.556,27.0,0.0,0.0,10,Post-Monsoon
Jharkhand,Bokaro,2015-10,23.69912795,85.99106894,134.0,0.0,0.002508768122,0.0,305.0566666,80.5,0.0,3.962962962962963,10,Post-Monsoon
Jharkhand,Bokaro,2018-05,23.69912795,85.99106894,112.0,0.0,0.01681506446,8.0,311.4166666,91.0,0.0,-0.16417910447761197,5,Summer
Jharkhand,Bokaro,2018-08,23.69912795,85.99106894,3148.0,0.0,0.94789993965,4.0,150.57500000000002,1131.3333333333333,0.0,27.107142857142858,8,Monsoon
Jharkhand,Bokaro,2019-09,23.69912795,85.99106894,86.0,0.0,0.36302264075,17.0,303.33900000000006,1115.3333333333333,0.0,-0.9726810673443456,9,Monsoon
Jharkhand,Chatra,2009-11,24.20162495,84.87817692,60.0,0.0,0.01399211753,16.0,302.6166666,60.0,0.0,0.0,11,Post-Monsoon
Jharkhand,Chatra,2011-07,24.20162495,84.87817692,8.0,0.0,0.2006667068,10.0,306.89,34.0,0.0,-0.8666666666666667,7,Monsoon
Jharkhand,Chatra,2018-08,24.20162495,84.87817692,72.0,0.0,0.7429069229,17.0,0.0,46.666666666666664,0.0,8.0,8,Monsoon
Jharkhand,Deoghar,2014-10,24.4766423,86.60673245,28.0,0.0,0.03162830155,0.0,302.875,28.0,0.0,0.0,10,Post-Monsoon
Jharkhand,Deoghar,2017-08,24.4766423,86.60673245,23.0,0.0,0.864363253,5.0,0.0,25.5,0.0,-0.1785714285714286,8,Monsoon
Jharkhand,Deoghar,2019-09,24.4766423,86.60673245,19.0,0.0,0.382680352,14.0,299.8,23.333333333333332,0.0,-0.17391304347826086,9,Monsoon
Jharkhand,Dhanbad,2011-10,23.7952809,86.4309638,33.0,0.0,0.05961393745,14.0,303.14,33.0,0.0,0.0,10,Post-Monsoon
Jharkhand,Dhanbad,2012-11,23.7952809,86.4309638,60.0,0.0,2.47e-05,8.0,299.632,46.5,0.0,0.8181818181818181,11,Post-Monsoon
Jharkhand,Dhanbad,2013-06,23.7952809,86.4309638,13.0,0.0,0.5242693763,15.0,305.676,35.333333333333336,0.0,-0.7833333333333333,6,Monsoon
Jharkhand,Dhanbad,2017-07,23.7952809,86.4309638,91.0,0.0,0.3566631723,5.0,298.76,54.666666666666664,0.0,6.0,7,Monsoon
Jharkhand,Dhanbad,2018-06,23.7952809,86.4309638,45.0,0.0,0.03974542646,11.0,307.425,49.666666666666664,0.0,-0.5054945054945055,6,Monsoon
Jharkhand,Dhanbad,2018-09,23.7952809,86.4309638,38.0,0.0,0.4311538211,19.0,302.21500000000003,58.0,0.0,-0.15555555555555556,9,Monsoon
Jharkhand,Dhanbad,2018-11,23.7952809,86.4309638,10.0,0.0,4.56e-05,6.0,301.535,31.0,0.0,-0.736842105263158,11,Post-Monsoon
Jharkhand,Dhanbad,2019-11,23.7952809,86.4309638,34.0,0.0,6.65e-05,9.0,299.68,27.333333333333332,0.0,2.4,11,Post-Monsoon
Jharkhand,Dhanbad,2019-12,23.7952809,86.4309638,3411.0,0.0,0.11975876628,2.5,296.9625,1151.6666666666667,0.0,99.32352941176471,12,Winter
Jharkhand,Dhanbad,2021-09,23.7952809,86.4309638,15.0,0.0,0.9377158394,9.0,300.7333334,1153.3333333333333,0.0,-0.9956024626209323,9,Monsoon
Jharkhand,Dhanbad,2021-10,23.7952809,86.4309638,31.0,0.0,0.4744137595,17.0,303.148,1152.3333333333333,0.0,1.0666666666666669,10,Post-Monsoon
Jharkhand,Dhanbad,2021-11,23.7952809,86.4309638,19.0,0.0,0.001782728319,14.0,300.94,21.666666666666668,0.0,-0.3870967741935484,11,Post-Monsoon
Jharkhand,Dumka,2009-10,24.2538512,87.30064714,25.0,0.0,0.4589699681,17.0,302.195,25.0,0.0,0.0,10,Post-Monsoon
Jharkhand,Dumka,2010-11,24.2538512,87.30064714,746746.0,2.0,0.02855312357,11.0,302.99,373385.5,1.0,29868.84,11,Post-Monsoon
Jharkhand,Dumka,2014-08,24.2538512,87.30064714,4243.0,0.0,0.49315806954999997,12.5,301.8333333,250338.0,0.6666666666666666,-0.994318014425253,8,Monsoon
Jharkhand,Dumka,2015-08,24.2538512,87.30064714,13.0,0.0,1.326505426,11.0,303.93,250334.0,0.6666666666666666,-0.9969361300966297,8,Monsoon
Jharkhand,Dumka,2019-06,24.2538512,87.30064714,67.0,0.0,0.2690874119,9.0,306.4166666,1441.0,0.0,4.153846153846154,6,Monsoon
Jharkhand,Dumka,2019-07,24.2538512,87.30064714,16.0,0.0,0.1860454064,0.0,305.5266666,32.0,0.0,-0.7611940298507462,7,Monsoon
Jharkhand,East Singhbhum,2010-01,22.8092139,86.2091549,14.0,0.0,0.007247662728,4.0,297.12,14.0,0.0,0.0,1,Winter
Jharkhand,East Singhbhum,2010-10,22.8092139,86.2091549,35.0,0.0,0.3291564272,14.0,303.2666666,24.5,0.0,1.5,10,Post-Monsoon
Jharkhand,East Singhbhum,2010-11,22.8092139,86.2091549,2224.0,0.0,0.08766739926,11.0,301.94,757.6666666666666,0.0,62.542857142857144,11,Post-Monsoon
Jharkhand,East Singhbhum,2011-07,22.8092139,86.2091549,1351014345535.0,0.0,0.458236754125,4.5,229.05,450338115931.3333,0.0,607470478.1074641,7,Monsoon
Jharkhand,East Singhbhum,2011-08,22.8092139,86.2091549,61569.0,0.0,0.8749570327,8.5,148.64000000000001,450338136442.6667,0.0,-0.9999999544275749,8,Monsoon
Jharkhand,East Singhbhum,2011-09,22.8092139,86.2091549,14.0,1.0,0.1687497203,0.0,300.935,450338135706.0,0.3333333333333333,-0.9997726128408777,9,Monsoon
Jharkhand,East Singhbhum,2011-10,22.8092139,86.2091549,501224.0,3.0,0.10699694873333333,18.0,302.4053333333333,187602.33333333334,1.3333333333333333,35800.71428571428,10,Post-Monsoon
Jharkhand,East Singhbhum,2012-10,22.8092139,86.2091549,4673.0,0.0,0.3196659628,18.0,301.99,168637.0,1.3333333333333333,-0.9906768231369607,10,Post-Monsoon
Jharkhand,East Singhbhum,2014-11,22.8092139,86.2091549,76.0,4.0,0.0002390002314,0.0,301.12,168657.66666666666,2.3333333333333335,-0.9837363578001284,11,Post-Monsoon
Jharkhand,East Singhbhum,2016-01,22.8092139,86.2091549,82.0,0.0,0.0007417870808,5.0,295.28000000000003,1610.3333333333333,1.3333333333333333,0.07894736842105265,1,Winter
Jharkhand,East Singhbhum,2016-03,22.8092139,86.2091549,40.0,0.0,0.01803331899,5.0,312.05,66.0,1.3333333333333333,-0.5121951219512195,3,Summer
Jharkhand,East Singhbhum,2016-07,22.8092139,86.2091549,507.0,1.0,0.78794163315,4.5,0.0,209.66666666666666,0.3333333333333333,11.675,7,Monsoon
Jharkhand,East Singhbhum,2016-08,22.8092139,86.2091549,10.0,1.0,1.003223374,7.0,0.0,185.66666666666666,0.6666666666666666,-0.980276134122288,8,Monsoon
Jharkhand,East Singhbhum,2016-09,22.8092139,86.2091549,1822.0,0.0,1.7213070474999999,9.0,0.0,779.6666666666666,0.6666666666666666,181.2,9,Monsoon
Jharkhand,East Singhbhum,2016-10,22.8092139,86.2091549,1567.0,0.0,0.4044096657,19.0,300.625,1133.0,0.3333333333333333,-0.13995609220636662,10,Post-Monsoon
Jharkhand,East Singhbhum,2016-11,22.8092139,86.2091549,706.0,0.0,0.029734928,11.0,301.51,1365.0,0.0,-0.5494575622208041,11,Post-Monsoon
Jharkhand,East Singhbhum,2017-02,22.8092139,86.2091549,40.0,0.0,0.0001523435949,5.0,305.54,771.0,0.0,-0.943342776203966,2,Winter
Jharkhand,East Singhbhum,2017-08,22.8092139,86.2091549,105911.0,1.0,0.72075250745,7.75,301.1125,35552.333333333336,0.3333333333333333,2646.775,8,Monsoon
Jharkhand,East Singhbhum,2017-09,22.8092139,86.2091549,19.0,0.0,0.7879642519,0.0,302.2266666,35323.333333333336,0.3333333333333333,-0.999820604092115,9,Monsoon
Jharkhand,East Singhbhum,2017-10,22.8092139,86.2091549,22.0,0.0,0.5184649703,15.0,301.88,35317.333333333336,0.3333333333333333,0.1578947368421053,10,Post-Monsoon
Jharkhand,East Singhbhum,2017-11,22.8092139,86.2091549,7010.0,3.0,0.124128862625,9.0,298.245,2350.3333333333335,1.0,317.6363636363636,11,Post-Monsoon
Jharkhand,East Singhbhum,2018-05,22.8092139,86.2091549,17.0,0.0,0.6638510517,10.0,304.672,2349.6666666666665,1.0,-0.9975748930099857,5,Summer
Jharkhand,East Singhbhum,2018-08,22.8092139,86.2091549,4743.0,0.0,1.1571565585,4.5,0.0,3923.3333333333335,1.0,278.0,8,Monsoon
Jharkhand,East Singhbhum,2019-06,22.8092139,86.2091549,844.0,1.0,0.13749514257,9.0,306.06100000000004,1868.0,0.3333333333333333,-0.8220535526038373,6,Monsoon
Jharkhand,East Singhbhum,2019-11,22.8092139,86.2091549,6.0,1.0,0.003567116011,0.0,300.628,1864.3333333333333,0.6666666666666666,-0.9928909952606635,11,Post-Monsoon
Jharkhand,East Singhbhum,2020-02,22.8092139,86.2091549,65.0,0.0,0.01933481332,8.0,297.4066666,305.0,0.6666666666666666,9.833333333333334,2,Winter
Jharkhand,East Singhbhum,2021-10,22.8092139,86.2091549,4.0,0.0,0.05030142239,0.0,300.452,25.0,0.3333333333333333,-0.9384615384615385,10,Post-Monsoon
Jharkhand,East Singhbhum,2021-11,22.8092139,86.2091549,23.0,0.0,0.003687256675,14.0,300.268,30.666666666666668,0.0,4.75,11,Post-Monsoon
Jharkhand,East Singhbhum,2022-04,22.8092139,86.2091549,37.0,1.0,0.04142995706,7.0,311.8366666,21.333333333333332,0.3333333333333333,0.6086956521739131,4,Summer
Jharkhand,East Singhbhum,2022-06,22.8092139,86.2091549,21.0,1.0,0.08390716839,10.0,306.504,27.0,0.6666666666666666,-0.43243243243243246,6,Monsoon
Jharkhand,Garhwa,2012-07,24.15529035,83.82522584,140.0,3.0,1.017013337,0.0,0.0,140.0,3.0,0.0,7,Monsoon
Jharkhand,Garhwa,2021-10,24.15529035,83.82522584,4.0,0.0,0.3276684066,23.0,299.45,72.0,1.5,-0.9714285714285714,10,Post-Monsoon
Jharkhand,Giridih,2019-08,24.1608897,86.25113503,15.0,0.0,0.8635612783,11.0,0.0,15.0,0.0,0.0,8,Monsoon
Jharkhand,Godda,2013-08,24.74334305,87.29285062,13.0,0.0,0.8585724847,9.0,300.0,13.0,0.0,0.0,8,Monsoon
Jharkhand,Godda,2014-11,24.74334305,87.29285062,59.0,0.0,7.2e-05,8.0,303.4266666,36.0,0.0,3.5384615384615383,11,Post-Monsoon
Jharkhand,Godda,2017-10,24.74334305,87.29285062,14.0,0.0,0.01186157431,14.0,302.3066666,28.666666666666668,0.0,-0.7627118644067796,10,Post-Monsoon
Jharkhand,Godda,2018-11,24.74334305,87.29285062,16.0,0.0,1.6e-05,6.0,301.688,29.666666666666668,0.0,0.1428571428571428,11,Post-Monsoon
Jharkhand,Godda,2019-10,24.74334305,87.29285062,25.0,0.0,0.01703408874,14.0,303.48,18.333333333333332,0.0,0.5625,10,Post-Monsoon
Jharkhand,Godda,2019-11,24.74334305,87.29285062,2323.0,0.0,0.01204277216,10.0,301.55333340000004,788.0,0.0,91.92,11,Post-Monsoon
Jharkhand,Godda,2021-07,24.74334305,87.29285062,8812.0,0.0,0.5883687392333333,8.333333333333334,297.22333333333336,3720.0,0.0,2.7933706414119674,7,Monsoon
Jharkhand,Godda,2021-08,24.74334305,87.29285062,38.0,0.0,0.5068591472,0.0,0.0,3724.3333333333335,0.0,-0.9956876985928279,8,Monsoon
Jharkhand,Gumla,2013-10,23.0916741,84.57384807,15.0,1.0,0.3546821689,15.0,299.0133334,15.0,1.0,0.0,10,Post-Monsoon
Jharkhand,Jamtara,2010-07,23.9232867,86.77353494,30.0,0.0,0.9552154317,7.0,0.0,30.0,0.0,0.0,7,Monsoon
Jharkhand,Jamtara,2013-05,23.9232867,86.77353494,10.0,0.0,0.0006390585241,6.0,315.5766666,20.0,0.0,-0.6666666666666667,5,Summer
Jharkhand,Jamtara,2015-09,23.9232867,86.77353494,12.0,0.0,0.1172399266,19.0,304.42,17.333333333333332,0.0,0.19999999999999996,9,Monsoon
Jharkhand,Jamtara,2016-08,23.9232867,86.77353494,21.0,0.0,0.5421693717,7.0,299.14,14.333333333333334,0.0,0.75,8,Monsoon
Jharkhand,Jamtara,2017-10,23.9232867,86.77353494,22.0,0.0,0.1234599698,16.0,302.68,18.333333333333332,0.0,0.04761904761904767,10,Post-Monsoon
Jharkhand,Jamtara,2018-06,23.9232867,86.77353494,125.0,0.0,0.4551578085,9.0,309.485,56.0,0.0,4.681818181818182,6,Monsoon
Jharkhand,Khunti,2019-03,23.10018105,85.34545936,23.0,0.0,0.01662686566,9.0,304.47,23.0,0.0,0.0,3,Summer
Jharkhand,Khunti,2019-10,23.10018105,85.34545936,7.0,0.0,0.6411428953,21.0,297.925,15.0,0.0,-0.6956521739130435,10,Post-Monsoon
Jharkhand,Latehar,2009-07,23.74186545,84.51301367,22.0,0.0,0.6545638936,0.0,299.41,22.0,0.0,0.0,7,Monsoon
Jharkhand,Latehar,2009-09,23.74186545,84.51301367,25.0,12.0,0.06765355443,24.0,300.02,23.5,6.0,0.13636363636363646,9,Monsoon
Jharkhand,Latehar,2014-08,23.74186545,84.51301367,148.0,0.0,0.2989697937,0.0,300.4733334,65.0,4.0,4.92,8,Monsoon
Jharkhand,Latehar,2015-07,23.74186545,84.51301367,173.0,4.0,0.8320989077,18.0,0.0,115.33333333333333,5.333333333333333,0.16891891891891886,7,Monsoon
Jharkhand,Latehar,2015-10,23.74186545,84.51301367,24162.0,10.0,0.004968234459,27.0,301.2666666,8161.0,4.666666666666667,138.66473988439307,10,Post-Monsoon
Jharkhand,Latehar,2016-06,23.74186545,84.51301367,17.0,0.0,0.04299109535,12.0,309.9466666,8117.333333333333,4.666666666666667,-0.9992964158596143,6,Monsoon
Jharkhand,Latehar,2017-11,23.74186545,84.51301367,18.0,1.0,4.75e-05,20.0,297.48400000000004,8065.666666666667,3.6666666666666665,0.05882352941176472,11,Post-Monsoon
Jharkhand,Loharda,2013-09,22.6526507,85.6895399,10.0,0.0,0.4509968461,20.0,302.90000000000003,10.0,0.0,0.0,9,Monsoon
Jharkhand,Lohardaga,2013-07,23.46920055,84.73568423,51.0,0.0,0.3826473737,7.0,302.66,51.0,0.0,0.0,7,Monsoon
Jharkhand,Lohardaga,2013-08,23.46920055,84.73568423,66.0,0.0,1.060786269,14.0,300.9666666,58.5,0.0,0.2941176470588236,8,Monsoon
Jharkhand,Lohardaga,2014-08,23.46920055,84.73568423,39.0,1.0,0.3128925433,24.0,300.0,52.0,0.3333333333333333,-0.40909090909090906,8,Monsoon
Jharkhand,Lohardaga,2015-06,23.46920055,84.73568423,23.0,0.0,0.9753135469,8.0,310.0,42.666666666666664,0.3333333333333333,-0.41025641025641024,6,Monsoon
Jharkhand,Lohardaga,2015-08,23.46920055,84.73568423,53.0,0.0,0.4757177979,21.0,300.03000000000003,38.333333333333336,0.3333333333333333,1.3043478260869565,8,Monsoon
Jharkhand,Lohardaga,2015-11,23.46920055,84.73568423,35.0,0.0,7.21e-05,18.0,299.024,37.0,0.0,-0.339622641509434,11,Post-Monsoon
Jharkhand,Lohardaga,2016-07,23.46920055,84.73568423,24.0,0.0,0.8248498832,6.0,303.08,37.333333333333336,0.0,-0.3142857142857143,7,Monsoon
Jharkhand,Lohardaga,2016-09,23.46920055,84.73568423,18.0,0.0,0.8742669453,6.0,0.0,25.666666666666668,0.0,-0.25,9,Monsoon
Jharkhand,Lohardaga,2017-08,23.46920055,84.73568423,12.0,0.0,1.036276621,18.0,299.84000000000003,18.0,0.0,-0.33333333333333337,8,Monsoon
Jharkhand,Pakur,2012-07,24.6379647,87.8558666,56.0,0.0,0.4878417512,8.0,299.4266666,56.0,0.0,0.0,7,Monsoon
Jharkhand,Pakur,2012-10,24.6379647,87.8558666,29.0,0.0,0.2983947084,23.0,302.615,42.5,0.0,-0.4821428571428571,10,Post-Monsoon
Jharkhand,Pakur,2013-09,24.6379647,87.8558666,21.0,1.0,0.5739575719,17.0,302.39,35.333333333333336,0.3333333333333333,-0.27586206896551724,9,Monsoon
Jharkhand,Pakur,2013-10,24.6379647,87.8558666,39.0,1.0,0.687358326,23.0,300.5,29.666666666666668,0.6666666666666666,0.8571428571428572,10,Post-Monsoon
Jharkhand,Pakur,2015-10,24.6379647,87.8558666,91.0,0.0,0.1856940127,22.0,303.21,50.333333333333336,0.6666666666666666,1.3333333333333335,10,Post-Monsoon
Jharkhand,Pakur,2016-03,24.6379647,87.8558666,40.0,1.0,0.03743638404,7.0,307.2233334,56.666666666666664,0.6666666666666666,-0.5604395604395604,3,Summer
Jharkhand,Pakur,2016-06,24.6379647,87.8558666,34.0,0.0,0.7328551646,11.0,301.34000000000003,55.0,0.3333333333333333,-0.15000000000000002,6,Monsoon
Jharkhand,Pakur,2016-08,24.6379647,87.8558666,20.0,0.0,0.4000106475,10.0,299.88,31.333333333333332,0.3333333333333333,-0.4117647058823529,8,Monsoon
Jharkhand,Pakur,2016-09,24.6379647,87.8558666,33.0,0.0,0.6502303816,14.0,300.57,29.0,0.0,0.6499999999999999,9,Monsoon
Jharkhand,Pakur,2016-11,24.6379647,87.8558666,2012.0,3.0,0.00107958122,0.0,302.36,688.3333333333334,1.0,59.96969696969697,11,Post-Monsoon
Jharkhand,Palamu,2009-07,23.916667,84.083333,21.0,3.0,0.5593367203,8.0,300.805,21.0,3.0,0.0,7,Monsoon
Jharkhand,Ranchi,2012-07,23.3700501,85.3250387,18.0,1.0,0.9699154423,9.0,303.53000000000003,18.0,1.0,0.0,7,Monsoon
Jharkhand,Ranchi,2013-08,23.3700501,85.3250387,15.0,0.0,1.226471407,11.0,298.0,16.5,0.5,-0.16666666666666663,8,Monsoon
Jharkhand,Ranchi,2013-09,23.3700501,85.3250387,35.0,0.0,0.5774816134,0.0,301.4066666,22.666666666666668,0.3333333333333333,1.3333333333333335,9,Monsoon
Jharkhand,Ranchi,2013-10,23.3700501,85.3250387,20.0,0.0,0.9117285145,0.0,301.6,23.333333333333332,0.0,-0.4285714285714286,10,Post-Monsoon
Jharkhand,Ranchi,2014-08,23.3700501,85.3250387,24.0,0.0,0.7521532157,12.0,301.04,26.333333333333332,0.0,0.19999999999999996,8,Monsoon
Jharkhand,Ranchi,2015-07,23.3700501,85.3250387,169.0,0.0,1.368249241,11.0,0.0,71.0,0.0,6.041666666666667,7,Monsoon
Jharkhand,Ranchi,2016-07,23.3700501,85.3250387,13.0,0.0,1.453732408,7.0,0.0,68.66666666666667,0.0,-0.9230769230769231,7,Monsoon
Jharkhand,Ranchi,2019-08,23.3700501,85.3250387,13.0,0.0,1.417752193,11.0,0.0,65.0,0.0,0.0,8,Monsoon
Jharkhand,Ranchi,2019-10,23.3700501,85.3250387,16.0,0.0,0.5888525573,0.0,299.335,14.0,0.0,0.23076923076923084,10,Post-Monsoon
Jharkhand,Ranchi,2021-06,23.3700501,85.3250387,8.0,0.0,0.8343968076,14.0,302.925,12.333333333333334,0.0,-0.5,6,Monsoon
Jharkhand,Ranchi,2022-05,23.3700501,85.3250387,21.0,0.0,0.06576300589,8.0,308.388,15.0,0.0,1.625,5,Summer
Jharkhand,Sahebganj,2014-08,25.244263,87.6348084,14.0,0.0,0.8494099634,0.0,298.0,14.0,0.0,0.0,8,Monsoon
Jharkhand,Sahebganj,2015-12,25.244263,87.6348084,61.0,1.0,0.011344233,0.0,298.695,37.5,0.5,3.3571428571428568,12,Winter
Jharkhand,Sahebganj,2016-08,25.244263,87.6348084,51.0,0.0,0.5411956907,0.0,300.96,42.0,0.3333333333333333,-0.16393442622950816,8,Monsoon
Jharkhand,Sahebganj,2016-09,25.244263,87.6348084,1982.0,1.0,0.7714430701,12.0,301.90000000000003,698.0,0.6666666666666666,37.86274509803921,9,Monsoon
Jharkhand,Sahebganj,2017-11,25.244263,87.6348084,20.0,0.0,0.04942020582,9.0,300.985,684.3333333333334,0.3333333333333333,-0.9899091826437941,11,Post-Monsoon
Jharkhand,Sahebganj,2019-05,25.244263,87.6348084,30.0,0.0,0.05639530422,12.0,305.18333340000004,677.3333333333334,0.3333333333333333,0.5,5,Summer
Jharkhand,Saraikela Kharsawan,2011-12,22.7464225,85.91689291,62.0,0.0,3.48e-05,0.0,299.672,62.0,0.0,0.0,12,Winter
Jharkhand,Saraikela Kharsawan,2017-06,22.7464225,85.91689291,8.0,0.0,1.191417932,16.0,309.2866666,35.0,0.0,-0.8709677419354839,6,Monsoon
Jharkhand,Saraikela Kharsawan,2019-10,22.7464225,85.91689291,357.0,0.0,0.20061698441999998,22.0,301.15083330000004,142.33333333333334,0.0,43.625,10,Post-Monsoon
Jharkhand,Saraikela Kharsawan,2019-11,22.7464225,85.91689291,128311.0,0.0,0.00378448032,9.333333333333334,299.426,42892.0,0.0,358.41456582633054,11,Post-Monsoon
Jharkhand,Seraikela- Kharsawan (West Singhbhum),2011-12,22.8232012,85.91973202,38.0,0.0,6.02e-05,13.0,298.76,38.0,0.0,0.0,12,Winter
Jharkhand,Simdega,2011-09,22.6664325,84.55026791,18.0,0.0,1.267343351,10.0,298.68,18.0,0.0,0.0,9,Monsoon
Jharkhand,Simdega,2012-06,22.6664325,84.55026791,22.0,3.0,6.95e-05,5.0,314.19333340000003,20.0,1.5,0.22222222222222232,6,Monsoon
Jharkhand,Simdega,2018-08,22.6664325,84.55026791,820.0,1.0,1.0580499533999999,8.0,149.21666670000002,286.6666666666667,1.3333333333333333,36.27272727272727,8,Monsoon
Jharkhand,West Singhbhum,2011-08,22.7859232,86.1716093,19422561551.0,0.0,0.936559373525,4.25,227.06,19422561551.0,0.0,0.0,8,Monsoon
Jharkhand,West Singhbhum,2011-09,22.7859232,86.1716093,13.0,0.0,0.9817768412,16.0,299.54,9711280782.0,0.0,-0.9999999993306753,9,Monsoon
Jharkhand,West Singhbhum,2011-10,22.7859232,86.1716093,9.0,0.0,0.0543284848,14.0,302.376,6474187191.0,0.0,-0.3076923076923077,10,Post-Monsoon
Jharkhand,West Singhbhum,2011-11,22.7859232,86.1716093,104438.0,0.0,0.0147135359,8.0,302.0741667,34820.0,0.0,11603.222222222223,11,Post-Monsoon
Jharkhand,West Singhbhum,2011-12,22.7859232,86.1716093,2499.0,0.0,4.9449999999999996e-05,3.5,300.15,35648.666666666664,0.0,-0.9760719278423562,12,Winter
Jharkhand,West Singhbhum,2012-06,22.7859232,86.1716093,14.0,0.0,0.0378576321,5.0,313.6533334,35650.333333333336,0.0,-0.9943977591036415,6,Monsoon
Jharkhand,West Singhbhum,2012-08,22.7859232,86.1716093,20.0,0.0,0.8207767465,6.0,301.38,844.3333333333334,0.0,0.4285714285714286,8,Monsoon
Jharkhand,West Singhbhum,2012-09,22.7859232,86.1716093,27.0,0.0,0.9664100428,0.0,300.40000000000003,20.333333333333332,0.0,0.3500000000000001,9,Monsoon
Jharkhand,West Singhbhum,2012-11,22.7859232,86.1716093,73.0,0.0,0.5929240506,10.0,299.76,40.0,0.0,1.7037037037037037,11,Post-Monsoon
Jharkhand,West Singhbhum,2013-06,22.7859232,86.1716093,18.0,0.0,0.3209138409,7.0,0.0,39.333333333333336,0.0,-0.7534246575342466,6,Monsoon
Jharkhand,West Singhbhum,2013-07,22.7859232,86.1716093,36.0,0.0,0.842585107,10.0,298.31,42.333333333333336,0.0,1.0,7,Monsoon
Jharkhand,West Singhbhum,2013-08,22.7859232,86.1716093,16.0,0.0,0.5869232529,9.0,298.98,23.333333333333332,0.0,-0.5555555555555556,8,Monsoon
Jharkhand,West Singhbhum,2013-09,22.7859232,86.1716093,2315.0,0.0,0.5963074609,17.0,300.1933333,789.0,0.0,143.6875,9,Monsoon
Jharkhand,West Singhbhum,2013-10,22.7859232,86.1716093,132224.0,1.0,1.2074006646666666,8.333333333333334,300.1433333333334,44851.666666666664,0.3333333333333333,56.116198704103674,10,Post-Monsoon
Jharkhand,West Singhbhum,2013-11,22.7859232,86.1716093,50.0,0.0,0.0008095229639,10.0,300.01,44863.0,0.3333333333333333,-0.9996218538238142,11,Post-Monsoon
Jharkhand,West Singhbhum,2014-10,22.7859232,86.1716093,20.0,0.0,0.6140622043,19.0,299.62,44098.0,0.3333333333333333,-0.6,10,Post-Monsoon
Jharkhand,West Singhbhum,2015-08,22.7859232,86.1716093,16.0,0.0,0.06427996443,10.0,301.59000000000003,28.666666666666668,0.0,-0.19999999999999996,8,Monsoon
Jharkhand,West Singhbhum,2015-10,22.7859232,86.1716093,21.0,0.0,0.02185326164,19.0,303.36,19.0,0.0,0.3125,10,Post-Monsoon
Jharkhand,West Singhbhum,2016-06,22.7859232,86.1716093,11.0,0.0,0.7326548415,8.0,307.90000000000003,16.0,0.0,-0.47619047619047616,6,Monsoon
Jharkhand,West Singhbhum,2016-09,22.7859232,86.1716093,70.0,0.0,0.638386779,15.0,301.94,34.0,0.0,5.363636363636363,9,Monsoon
Jharkhand,West Singhbhum,2016-11,22.7859232,86.1716093,32.0,0.0,0.05251916939,0.0,301.895,37.666666666666664,0.0,-0.5428571428571429,11,Post-Monsoon
Jharkhand,West Singhbhum,2017-07,22.7859232,86.1716093,9.0,0.0,1.572192569,2.0,301.88,37.0,0.0,-0.71875,7,Monsoon
Jharkhand,West Singhbhum,2017-12,22.7859232,86.1716093,28.0,0.0,0.0005118347548,8.0,297.232,23.0,0.0,2.111111111111111,12,Winter
Jharkhand,West Singhbhum,2018-06,22.7859232,86.1716093,13.0,0.0,0.2447092993,0.0,306.6,16.666666666666668,0.0,-0.5357142857142857,6,Monsoon
Jharkhand,West Singhbhum,2018-07,22.7859232,86.1716093,12.0,0.0,0.431932435,0.0,0.0,17.666666666666668,0.0,-0.07692307692307687,7,Monsoon
Jharkhand,West Singhbhum,2018-08,22.7859232,86.1716093,21.0,0.0,0.3339525484,6.0,301.71,15.333333333333334,0.0,0.75,8,Monsoon
Jharkhand,West Singhbhum,2018-09,22.7859232,86.1716093,12.0,0.0,0.430351649,21.0,301.64,15.0,0.0,-0.4285714285714286,9,Monsoon
Jharkhand,West Singhbhum,2019-06,22.7859232,86.1716093,49.0,0.0,0.4037023958,0.0,306.28000000000003,27.333333333333332,0.0,3.083333333333333,6,Monsoon
Jharkhand,West Singhbhum,2019-09,22.7859232,86.1716093,741163.0,0.0,0.48998762889999997,7.666666666666667,302.53000000000003,247074.66666666666,0.0,15124.775510204081,9,Monsoon
Jharkhand,West Singhbhum,2019-10,22.7859232,86.1716093,4222.0,0.0,0.5480931936,8.5,301.25,248478.0,0.0,-0.9943035472628828,10,Post-Monsoon
Jharkhand,West Singhbhum,2021-07,22.7859232,86.1716093,9.0,1.0,0.2153289702,5.0,299.88,248464.66666666666,0.3333333333333333,-0.997868308858361,7,Monsoon
Jharkhand,West Singhbhum,2021-09,22.7859232,86.1716093,8306611.0,0.0,0.622701719975,4.0,224.98125,2770280.6666666665,0.3333333333333333,922955.7777777778,9,Monsoon
Jharkhand,West Singhbhum,2021-10,22.7859232,86.1716093,264824.0,0.0,1.1897450108333334,14.666666666666666,302.0453333333333,2857148.0,0.3333333333333333,-0.9681188874740854,10,Post-Monsoon
Jharkhand,West Singhbhum,2021-11,22.7859232,86.1716093,12.0,0.0,0.536352205,0.0,295.72,2857149.0,0.0,-0.9999546868863849,11,Post-Monsoon
Jharkhand,West Singhbhum,2022-06,22.7859232,86.1716093,4.0,0.0,0.1341750695,11.0,306.05333340000004,88280.0,0.0,-0.6666666666666667,6,Monsoon
Karnataka,BBMP,2022-05,13.058135,77.50646228,169.0,1.0,0.04676073172,12.0,302.68333340000004,169.0,1.0,0.0,5,Summer
Karnataka,Bagalkot,2009-10,16.1853166,75.6967919,210.0,10.0,0.006981012193,0.0,309.90000000000003,210.0,10.0,0.0,10,Post-Monsoon
Karnataka,Bagalkot,2009-11,16.1853166,75.6967919,31.0,0.0,0.516517418,6.0,298.5,120.5,5.0,-0.8523809523809524,11,Post-Monsoon
Karnataka,Bagalkot,2011-07,16.1853166,75.6967919,1212.0,0.0,0.451196074,0.0,306.12,484.3333333333333,3.3333333333333335,38.096774193548384,7,Monsoon
Karnataka,Bagalkot,2013-08,16.1853166,75.6967919,19.0,0.0,0.2559595711,4.0,302.85,420.6666666666667,0.0,-0.9843234323432343,8,Monsoon
Karnataka,Bagalkot,2014-06,16.1853166,75.6967919,163.0,0.0,0.3390834177,5.0,312.5266666,464.6666666666667,0.0,7.578947368421053,6,Monsoon
Karnataka,Bagalkot,2015-09,16.1853166,75.6967919,66.0,0.0,0.7026356322,5.0,304.88,82.66666666666667,0.0,-0.5950920245398773,9,Monsoon
Karnataka,Bagalkot,2015-10,16.1853166,75.6967919,650.0,0.0,8.96e-05,9.0,312.856,293.0,0.0,8.848484848484848,10,Post-Monsoon
Karnataka,Bagalkot,2016-06,16.1853166,75.6967919,24.0,0.0,0.5345282857,2.0,308.64,246.66666666666666,0.0,-0.963076923076923,6,Monsoon
Karnataka,Bagalkot,2016-07,16.1853166,75.6967919,11.0,0.0,0.2048601581,3.0,305.63,228.33333333333334,0.0,-0.5416666666666667,7,Monsoon
Karnataka,Bagalkot,2017-04,16.1853166,75.6967919,20.0,0.0,9.12e-05,4.0,320.128,18.333333333333332,0.0,0.8181818181818181,4,Summer
Karnataka,Bagalkot,2018-03,16.1853166,75.6967919,32.0,0.0,0.0837246015,5.0,314.5,21.0,0.0,0.6000000000000001,3,Summer
Karnataka,Bagalkot,2018-08,16.1853166,75.6967919,2013.0,0.0,0.123990867,3.0,297.92,688.3333333333334,0.0,61.90625,8,Monsoon
Karnataka,Bagalkot,2018-09,16.1853166,75.6967919,38.0,0.0,0.2538451491,0.0,308.835,694.3333333333334,0.0,-0.9811227024341779,9,Monsoon
Karnataka,Bagalkot,2019-01,16.1853166,75.6967919,33.0,0.0,9.99e-05,0.0,308.1733334,694.6666666666666,0.0,-0.13157894736842102,1,Winter
Karnataka,Bagalkot,2019-11,16.1853166,75.6967919,2725.0,0.0,0.0241659785305,11.5,304.8,932.0,0.0,81.57575757575758,11,Post-Monsoon
Karnataka,Bagalkot,2021-01,16.1853166,75.6967919,18.0,0.0,5.22e-05,0.0,304.2133334,925.3333333333334,0.0,-0.9933944954128441,1,Winter
Karnataka,Bagalkot,2021-09,16.1853166,75.6967919,10.0,0.0,0.4823008269,6.0,301.72,917.6666666666666,0.0,-0.4444444444444444,9,Monsoon
Karnataka,Ballari,2009-08,15.2485413,76.8323648,26.0,0.0,0.0353783345,4.0,306.61333340000004,26.0,0.0,0.0,8,Monsoon
Karnataka,Ballari,2009-11,15.2485413,76.8323648,3329.0,0.0,0.3544496138,4.0,300.87,1677.5,0.0,127.03846153846155,11,Post-Monsoon
Karnataka,Ballari,2010-05,15.2485413,76.8323648,41.0,1.0,0.0002340342828,4.0,311.108,1132.0,0.3333333333333333,-0.9876839891859417,5,Summer
Karnataka,Ballari,2010-06,15.2485413,76.8323648,62.0,0.0,0.0454535452,4.0,311.5933334,1144.0,0.3333333333333333,0.5121951219512195,6,Monsoon
Karnataka,Ballari,2010-10,15.2485413,76.8323648,631.0,19.0,0.05694064759,12.0,301.744,244.66666666666666,6.666666666666667,9.17741935483871,10,Post-Monsoon
Karnataka,Ballari,2011-01,15.2485413,76.8323648,48.0,0.0,7.28e-05,6.0,306.35200000000003,247.0,6.333333333333333,-0.9239302694136291,1,Winter
Karnataka,Ballari,2011-06,15.2485413,76.8323648,62.0,0.0,0.1718040284,4.0,310.62,247.0,6.333333333333333,0.29166666666666674,6,Monsoon
Karnataka,Ballari,2011-07,15.2485413,76.8323648,7628.0,3.0,0.29205936165,4.0,154.49,2579.3333333333335,1.0,122.03225806451613,7,Monsoon
Karnataka,Ballari,2012-05,15.2485413,76.8323648,52.0,0.0,0.0001694238721,5.0,312.59200000000004,2580.6666666666665,1.0,-0.9931830099632931,5,Summer
Karnataka,Ballari,2012-06,15.2485413,76.8323648,14.0,0.0,0.001467437758,3.0,312.05,2564.6666666666665,1.0,-0.7307692307692308,6,Monsoon
Karnataka,Ballari,2013-05,15.2485413,76.8323648,55.0,1.0,0.02311997569,4.0,315.932,40.333333333333336,0.3333333333333333,2.9285714285714284,5,Summer
Karnataka,Ballari,2013-06,15.2485413,76.8323648,333655.0,2.0,0.2189346049666667,2.0,205.35333333333332,111241.33333333333,1.0,6065.454545454545,6,Monsoon
Karnataka,Ballari,2013-07,15.2485413,76.8323648,16.0,0.0,0.8808416879,2.0,0.0,111242.0,1.0,-0.9999520462753443,7,Monsoon
Karnataka,Ballari,2013-09,15.2485413,76.8323648,1220.0,0.0,0.18415224502500002,8.5,303.31600000000003,111630.33333333333,0.6666666666666666,75.25,9,Monsoon
Karnataka,Ballari,2013-11,15.2485413,76.8323648,18.0,0.0,0.04969189118,10.0,303.8766666,418.0,0.0,-0.9852459016393442,11,Post-Monsoon
Karnataka,Ballari,2014-07,15.2485413,76.8323648,3131.0,0.0,0.19323636563000002,3.0,152.835,1456.3333333333333,0.0,172.94444444444446,7,Monsoon
Karnataka,Ballari,2014-09,15.2485413,76.8323648,8328.0,0.0,0.056812457215,10.0,302.3333333,3825.6666666666665,0.0,1.6598530820824018,9,Monsoon
Karnataka,Ballari,2015-10,15.2485413,76.8323648,66.0,0.0,0.1483971941,14.0,305.77,3841.6666666666665,0.0,-0.9920749279538905,10,Post-Monsoon
Karnataka,Ballari,2016-04,15.2485413,76.8323648,73.0,0.0,0.0004560763987,5.0,318.2,2822.3333333333335,0.0,0.10606060606060597,4,Summer
Karnataka,Ballari,2016-07,15.2485413,76.8323648,61.0,0.0,0.2858358297,2.0,0.0,66.66666666666667,0.0,-0.1643835616438356,7,Monsoon
Karnataka,Ballari,2017-04,15.2485413,76.8323648,58.0,0.0,5.98e-05,4.0,319.072,64.0,0.0,-0.049180327868852514,4,Summer
Karnataka,Ballari,2018-03,15.2485413,76.8323648,23.0,0.0,6.24e-05,0.0,312.64,47.333333333333336,0.0,-0.603448275862069,3,Summer
Karnataka,Ballari,2019-10,15.2485413,76.8323648,61.0,0.0,0.3169809523,11.0,305.8666666,47.333333333333336,0.0,1.652173913043478,10,Post-Monsoon
Karnataka,Ballari,2021-01,15.2485413,76.8323648,4714.0,1.0,1.5265e-05,7.5,304.7506667,1599.3333333333333,0.3333333333333333,76.27868852459017,1,Winter
Karnataka,Ballari,2021-08,15.2485413,76.8323648,25.0,0.0,0.1445197081,0.0,302.88,1600.0,0.3333333333333333,-0.994696648281714,8,Monsoon
Karnataka,Ballari,2021-10,15.2485413,76.8323648,11.0,0.0,0.1862644303,0.0,303.035,1583.3333333333333,0.3333333333333333,-0.56,10,Post-Monsoon
Karnataka,Ballari,2022-05,15.2485413,76.8323648,22.0,0.0,0.2310053668,0.0,312.53000000000003,19.333333333333332,0.0,1.0,5,Summer
Karnataka,Bangalore,2010-04,12.9767936,77.590082,79.0,1.0,0.002262508157,6.0,314.1766666,79.0,1.0,0.0,4,Summer
Karnataka,Bangalore,2010-10,12.9767936,77.590082,16.0,0.0,0.1479009716,11.0,299.84000000000003,47.5,0.5,-0.7974683544303798,10,Post-Monsoon
Karnataka,Bangalore,2015-10,12.9767936,77.590082,30.0,0.0,0.4045233608,10.0,301.40000000000003,41.666666666666664,0.3333333333333333,0.875,10,Post-Monsoon
Karnataka,Bangalore,2018-05,12.9767936,77.590082,54.0,0.0,0.9432298712,0.0,302.356,33.333333333333336,0.0,0.8,5,Summer
Karnataka,Bangalore,2019-12,12.9767936,77.590082,42.0,0.0,0.4518235661,0.0,0.0,42.0,0.0,-0.2222222222222222,12,Winter
Karnataka,Bangalore Rural,2016-05,13.0010872,77.3361225,19.0,0.0,0.08964089824,9.0,308.035,19.0,0.0,0.0,5,Summer
Karnataka,Bangalore Rural,2016-06,13.0010872,77.3361225,24.0,0.0,0.7653578634,6.0,0.0,21.5,0.0,0.26315789473684204,6,Monsoon
Karnataka,Bangalore Rural,2017-07,13.0010872,77.3361225,13.0,0.0,0.2667103882,0.0,0.0,18.666666666666668,0.0,-0.45833333333333337,7,Monsoon
Karnataka,Bangalore Rural,2019-06,13.0010872,77.3361225,27.0,0.0,0.3778528099,0.0,306.38,21.333333333333332,0.0,1.076923076923077,6,Monsoon
Karnataka,Bangalore Rural,2019-07,13.0010872,77.3361225,28.0,0.0,0.08700888881,6.0,308.27,22.666666666666668,0.0,0.03703703703703698,7,Monsoon
Karnataka,Bangalore Urban,2011-06,12.94514225,77.553645,52.0,0.0,0.1649797868,7.0,303.11,52.0,0.0,0.0,6,Monsoon
Karnataka,Bangalore Urban,2012-05,12.94514225,77.553645,14.0,0.0,0.2984734998,8.0,302.584,33.0,0.0,-0.7307692307692308,5,Summer
Karnataka,Bangalore Urban,2012-06,12.94514225,77.553645,9.0,0.0,0.3064362942,5.0,304.52,25.0,0.0,-0.3571428571428571,6,Monsoon
Karnataka,Bangalore Urban,2013-05,12.94514225,77.553645,25.0,0.0,0.7138440645,6.0,307.865,16.0,0.0,1.7777777777777777,5,Summer
Karnataka,Bangalore Urban,2013-07,12.94514225,77.553645,56.0,0.0,0.3346791728,2.0,0.0,30.0,0.0,1.2400000000000002,7,Monsoon
Karnataka,Bangalore Urban,2013-12,12.94514225,77.553645,64.0,0.0,0.002383167021,0.0,300.42400000000004,48.333333333333336,0.0,0.1428571428571428,12,Winter
Karnataka,Bangalore Urban,2015-06,12.94514225,77.553645,1616.0,0.0,0.5778571142,5.0,304.43,578.6666666666666,0.0,24.25,6,Monsoon
Karnataka,Bangalore Urban,2016-03,12.94514225,77.553645,4.0,1.0,0.0001452273142,0.0,309.5,561.3333333333334,0.3333333333333333,-0.9975247524752475,3,Summer
Karnataka,Bangalore Urban,2017-10,12.94514225,77.553645,19.0,0.0,0.03129464766,0.0,300.40500000000003,546.3333333333334,0.3333333333333333,3.75,10,Post-Monsoon
Karnataka,Bangalore Urban,2017-12,12.94514225,77.553645,19.0,2.0,0.0001615998913,10.0,300.8766666,14.0,1.0,0.0,12,Winter
Karnataka,Bangalore Urban,2019-06,12.94514225,77.553645,40.0,0.0,0.7047662041,10.0,305.5733334,26.0,0.6666666666666666,1.1052631578947367,6,Monsoon
Karnataka,Bangalore urban,2014-06,12.94514225,77.553645,18.0,0.0,0.6347980133,0.0,305.508,18.0,0.0,0.0,6,Monsoon
Karnataka,Bangalore urban,2014-09,12.94514225,77.553645,20.0,0.0,0.02224671712,0.0,305.0433334,19.0,0.0,0.11111111111111116,9,Monsoon
Karnataka,Belagavi,2016-05,15.8572666,74.5069343,53.0,0.0,0.1117671629,8.0,317.61333340000004,53.0,0.0,0.0,5,Summer
Karnataka,Belagavi,2018-06,15.8572666,74.5069343,32.0,0.0,0.7051409364,10.0,309.268,42.5,0.0,-0.39622641509433965,6,Monsoon
Karnataka,Belagavi,2018-11,15.8572666,74.5069343,10.0,0.0,9.41e-05,0.0,306.65000000000003,31.666666666666668,0.0,-0.6875,11,Post-Monsoon
Karnataka,Belagavi,2019-02,15.8572666,74.5069343,37.0,0.0,0.0003425621281,7.0,311.3166666,26.333333333333332,0.0,2.7,2,Winter
Karnataka,Belagavi,2019-04,15.8572666,74.5069343,13.0,0.0,0.1043416407,9.0,316.60400000000004,20.0,0.0,-0.6486486486486487,4,Summer
Karnataka,Belagavi,2019-05,15.8572666,74.5069343,7.0,2.0,0.11950825,8.0,314.2333334,19.0,0.6666666666666666,-0.46153846153846156,5,Summer
Karnataka,Belagavi,2019-08,15.8572666,74.5069343,14.0,0.0,2.487819,0.0,294.96,11.333333333333334,0.6666666666666666,1.0,8,Monsoon
Karnataka,Belagavi,2019-09,15.8572666,74.5069343,143.0,2.0,0.8328742014,9.5,298.25,54.666666666666664,1.3333333333333333,9.214285714285714,9,Monsoon
Karnataka,Belgaum,2009-06,15.8572666,74.5069343,10.0,0.0,0.3929388113,3.0,305.90000000000003,10.0,0.0,0.0,6,Monsoon
Karnataka,Belgaum,2009-07,15.8572666,74.5069343,2886.0,0.0,1.5857547484999999,4.5,147.8433333,1448.0,0.0,287.6,7,Monsoon
Karnataka,Belgaum,2009-08,15.8572666,74.5069343,53.0,0.0,0.2304774701,0.0,299.1,983.0,0.0,-0.9816354816354816,8,Monsoon
Karnataka,Belgaum,2009-09,15.8572666,74.5069343,18.0,0.0,1.479555975,0.0,0.0,985.6666666666666,0.0,-0.6603773584905661,9,Monsoon
Karnataka,Belgaum,2009-10,15.8572666,74.5069343,1616.0,0.0,1.0030976544499999,17.5,149.84,562.3333333333334,0.0,88.77777777777777,10,Post-Monsoon
Karnataka,Belgaum,2010-03,15.8572666,74.5069343,10.0,0.0,0.001086491657,7.0,312.99333340000004,548.0,0.0,-0.9938118811881188,3,Summer
Karnataka,Belgaum,2010-04,15.8572666,74.5069343,5552.0,0.0,0.07287030204,0.0,314.62333340000004,2392.6666666666665,0.0,554.2,4,Summer
Karnataka,Belgaum,2010-08,15.8572666,74.5069343,431025.0,0.0,1.0007641571666666,6.0,197.12,145529.0,0.0,76.63418587896254,8,Monsoon
Karnataka,Belgaum,2010-09,15.8572666,74.5069343,19.0,0.0,0.4920265469,0.0,298.08,145532.0,0.0,-0.9999559190302186,9,Monsoon
Karnataka,Belgaum,2011-05,15.8572666,74.5069343,212435.0,0.0,0.043448952553333337,6.0,312.05222226666666,214493.0,0.0,11179.78947368421,5,Summer
Karnataka,Belgaum,2011-06,15.8572666,74.5069343,271414.0,0.0,0.5430927611666667,6.0,303.13777780000004,161289.33333333334,0.0,0.27763315837785685,6,Monsoon
Karnataka,Belgaum,2011-08,15.8572666,74.5069343,1788.0,0.0,0.6471053298,4.5,147.44,161879.0,0.0,-0.9934122779222885,8,Monsoon
Karnataka,Belgaum,2011-10,15.8572666,74.5069343,2025.0,0.0,0.3454477905,20.0,302.85,91742.33333333333,0.0,0.1325503355704698,10,Post-Monsoon
Karnataka,Belgaum,2011-12,15.8572666,74.5069343,1010.0,0.0,6.76e-05,18.0,305.28400000000005,1607.6666666666667,0.0,-0.5012345679012346,12,Winter
Karnataka,Belgaum,2012-01,15.8572666,74.5069343,24.0,0.0,7.39e-05,6.0,305.2666666,1019.6666666666666,0.0,-0.9762376237623762,1,Winter
Karnataka,Belgaum,2012-04,15.8572666,74.5069343,12.0,0.0,0.1755570859,0.0,311.4266666,348.6666666666667,0.0,-0.5,4,Summer
Karnataka,Belgaum,2012-05,15.8572666,74.5069343,50.0,0.0,0.01659407463,9.0,313.996,28.666666666666668,0.0,3.166666666666667,5,Summer
Karnataka,Belgaum,2012-07,15.8572666,74.5069343,13.0,0.0,1.05088295,6.0,303.36,25.0,0.0,-0.74,7,Monsoon
Karnataka,Belgaum,2012-08,15.8572666,74.5069343,17.0,0.0,0.5907845249,0.0,297.4866666,26.666666666666668,0.0,0.3076923076923077,8,Monsoon
Karnataka,Belgaum,2012-10,15.8572666,74.5069343,151.0,2.0,0.0002997741897,20.0,304.0466666,60.333333333333336,0.6666666666666666,7.882352941176471,10,Post-Monsoon
Karnataka,Belgaum,2013-05,15.8572666,74.5069343,70.0,0.0,0.2690983977,7.0,311.46,79.33333333333333,0.6666666666666666,-0.5364238410596027,5,Summer
Karnataka,Belgaum,2013-07,15.8572666,74.5069343,13.0,0.0,0.6168928176,7.0,301.93,78.0,0.6666666666666666,-0.8142857142857143,7,Monsoon
Karnataka,Belgaum,2013-12,15.8572666,74.5069343,29.0,0.0,5.7e-05,17.0,303.332,37.333333333333336,0.0,1.2307692307692308,12,Winter
Karnataka,Belgaum,2014-02,15.8572666,74.5069343,2532.0,0.0,7.585e-05,3.5,305.0508333,858.0,0.0,86.3103448275862,2,Winter
Karnataka,Belgaum,2014-05,15.8572666,74.5069343,11.0,0.0,0.2383477363,0.0,313.42,857.3333333333334,0.0,-0.9956556082148499,5,Summer
Karnataka,Belgaum,2015-06,15.8572666,74.5069343,9.0,0.0,0.6720285708,10.0,299.32,850.6666666666666,0.0,-0.18181818181818177,6,Monsoon
Karnataka,Belgaum,2016-02,15.8572666,74.5069343,5.0,0.0,5.65e-05,6.0,308.964,8.333333333333334,0.0,-0.4444444444444444,2,Winter
Karnataka,Bengaluru,2018-08,12.9767936,77.590082,22.0,0.0,0.06711051424,3.0,300.52,22.0,0.0,0.0,8,Monsoon
Karnataka,Bengaluru,2019-07,12.9767936,77.590082,13.0,0.0,0.07216526129,5.0,306.76,17.5,0.0,-0.40909090909090906,7,Monsoon
Karnataka,Bengaluru Urban,2019-11,12.94514225,77.553645,46.0,0.0,0.08024081939,10.0,300.305,46.0,0.0,0.0,11,Post-Monsoon
Karnataka,Bengaluru Urban,2021-10,12.94514225,77.553645,171.0,0.0,0.9697460078,9.0,300.48,108.5,0.0,2.717391304347826,10,Post-Monsoon
Karnataka,Bidar,2009-06,18.083333,77.333333,18.0,1.0,0.3957329304,2.0,313.48400000000004,18.0,1.0,0.0,6,Monsoon
Karnataka,Bidar,2009-07,18.083333,77.333333,28.0,0.0,0.5114891179,3.0,303.44,23.0,0.5,0.5555555555555556,7,Monsoon
Karnataka,Bidar,2010-06,18.083333,77.333333,45.0,0.0,0.0241116297,0.0,318.66400000000004,30.333333333333332,0.3333333333333333,0.6071428571428572,6,Monsoon
Karnataka,Bidar,2010-08,18.083333,77.333333,12.0,0.0,0.9286082083,0.0,301.46,28.333333333333332,0.0,-0.7333333333333334,8,Monsoon
Karnataka,Bidar,2011-02,18.083333,77.333333,7256.0,0.0,0.033522864449999995,4.0,308.785,2437.6666666666665,0.0,603.6666666666666,2,Winter
Karnataka,Bidar,2011-04,18.083333,77.333333,510.0,0.0,0.018190562650000002,3.0,319.7623333,2592.6666666666665,0.0,-0.9297133406835723,4,Summer
Karnataka,Bidar,2011-06,18.083333,77.333333,162734.0,0.0,0.4457557901,1.6666666666666667,309.68966666666665,56833.333333333336,0.0,318.0862745098039,6,Monsoon
Karnataka,Bidar,2011-07,18.083333,77.333333,78.0,1.0,0.6174244665,0.0,303.93,54440.666666666664,0.3333333333333333,-0.9995206902061032,7,Monsoon
Karnataka,Bidar,2011-08,18.083333,77.333333,266.0,0.0,0.51840289365,1.5,153.4,54359.333333333336,0.3333333333333333,2.41025641025641,8,Monsoon
Karnataka,Bidar,2011-09,18.083333,77.333333,4110.0,0.0,0.32862633068999997,10.5,303.5175,1484.6666666666667,0.3333333333333333,14.451127819548873,9,Monsoon
Karnataka,Bidar,2011-10,18.083333,77.333333,151569.0,0.0,0.19645516119999998,3.6666666666666665,306.7366666666667,51981.666666666664,0.0,35.878102189781025,10,Post-Monsoon
Karnataka,Bidar,2012-06,18.083333,77.333333,23.0,0.0,0.08780226221,1.0,312.3666666,51900.666666666664,0.0,-0.9998482539305531,6,Monsoon
Karnataka,Bidar,2012-07,18.083333,77.333333,301719.0,2.0,0.4679823935,1.6666666666666667,205.55000000000004,151103.66666666666,0.6666666666666666,13117.217391304348,7,Monsoon
Karnataka,Bidar,2013-06,18.083333,77.333333,17.0,0.0,0.6173556021,0.0,0.0,100586.33333333333,0.6666666666666666,-0.9999436561834024,6,Monsoon
Karnataka,Bidar,2013-07,18.083333,77.333333,181817.0,0.0,1.0011165666,2.6666666666666665,202.88,161184.33333333334,0.6666666666666666,10694.117647058823,7,Monsoon
Karnataka,Bidar,2013-10,18.083333,77.333333,20.0,0.0,0.07444477377,13.0,304.095,60618.0,0.0,-0.9998899992849953,10,Post-Monsoon
Karnataka,Bidar,2014-09,18.083333,77.333333,19.0,1.0,0.6419066108,10.0,301.61333340000004,60618.666666666664,0.3333333333333333,-0.050000000000000044,9,Monsoon
Karnataka,Bidar,2015-03,18.083333,77.333333,12.0,0.0,0.1480944681,3.0,313.436,17.0,0.3333333333333333,-0.368421052631579,3,Summer
Karnataka,Bidar,2015-04,18.083333,77.333333,22.0,0.0,0.03635194456,3.0,319.99,17.666666666666668,0.3333333333333333,0.8333333333333333,4,Summer
Karnataka,Bidar,2015-07,18.083333,77.333333,242015.0,0.0,0.06835432064000001,1.0,206.6372222,80683.0,0.0,10999.681818181818,7,Monsoon
Karnataka,Bidar,2015-10,18.083333,77.333333,12.0,0.0,0.004023363363,9.0,308.2966666,80683.0,0.0,-0.9999504162965105,10,Post-Monsoon
Karnataka,Bidar,2015-12,18.083333,77.333333,15.0,0.0,0.0001210373101,4.0,308.072,80680.66666666667,0.0,0.25,12,Winter
Karnataka,Bidar,2016-06,18.083333,77.333333,26.0,0.0,0.06141703074,2.0,314.2,17.666666666666668,0.0,0.7333333333333334,6,Monsoon
Karnataka,Bidar,2016-07,18.083333,77.333333,22.0,0.0,1.193017326,4.0,302.96,21.0,0.0,-0.15384615384615385,7,Monsoon
Karnataka,Bidar,2016-08,18.083333,77.333333,13.0,0.0,1.083564583,5.0,300.28000000000003,20.333333333333332,0.0,-0.40909090909090906,8,Monsoon
Karnataka,Bidar,2016-10,18.083333,77.333333,3113.0,0.0,0.19607090755,14.0,303.11,1049.3333333333333,0.0,238.46153846153845,10,Post-Monsoon
Karnataka,Bidar,2017-08,18.083333,77.333333,17.0,0.0,1.507768512,14.0,0.0,1047.6666666666667,0.0,-0.9945390298747189,8,Monsoon
Karnataka,Bidar,2017-09,18.083333,77.333333,49.0,0.0,1.150282197,14.0,303.04,1059.6666666666667,0.0,1.8823529411764706,9,Monsoon
Karnataka,Bidar,2017-10,18.083333,77.333333,2422.0,0.0,0.6083577098999999,5.5,304.4,829.3333333333334,0.0,48.42857142857143,10,Post-Monsoon
Karnataka,Bidar,2018-01,18.083333,77.333333,23.0,0.0,4.64e-05,6.0,307.2933334,831.3333333333334,0.0,-0.990503715937242,1,Winter
Karnataka,Bidar,2018-05,18.083333,77.333333,22.0,0.0,0.0003511772483,3.0,321.3166666,822.3333333333334,0.0,-0.04347826086956519,5,Summer
Karnataka,Bidar,2019-09,18.083333,77.333333,44.0,0.0,0.1599483745,15.0,297.485,29.666666666666668,0.0,1.0,9,Monsoon
Karnataka,Bidar,2021-02,18.083333,77.333333,30.0,0.0,0.02307911892,4.0,308.84000000000003,32.0,0.0,-0.31818181818181823,2,Winter
Karnataka,Bijapur,2009-06,16.8269911,75.7175387,14320040.0,0.0,0.48826915919999997,1.3333333333333333,310.98199999999997,14320040.0,0.0,0.0,6,Monsoon
Karnataka,Bijapur,2009-07,16.8269911,75.7175387,74.0,0.0,0.1513143212,2.0,311.6,7160057.0,0.0,-0.9999948324166692,7,Monsoon
Karnataka,Bijapur,2009-11,16.8269911,75.7175387,6815877.0,0.0,0.21688285452666664,2.0,305.69166666666666,7045330.333333333,0.0,92105.44594594595,11,Post-Monsoon
Karnataka,Bijapur,2010-03,16.8269911,75.7175387,26192.0,0.0,0.0015148562495,4.0,317.1983333,2280714.3333333335,0.0,-0.9961572076491404,3,Summer
Karnataka,Bijapur,2010-05,16.8269911,75.7175387,10.0,0.0,0.1412039097,4.0,317.1466666,2280693.0,0.0,-0.9996182040317654,5,Summer
Karnataka,Bijapur,2010-07,16.8269911,75.7175387,44.0,0.0,0.4555576312,3.0,303.13,8748.666666666666,0.0,3.4000000000000004,7,Monsoon
Karnataka,Bijapur,2011-06,16.8269911,75.7175387,202031.0,0.0,0.1059465824,3.0,304.2,67361.66666666667,0.0,4590.613636363636,6,Monsoon
Karnataka,Bijapur,2011-07,16.8269911,75.7175387,27.0,0.0,0.5030010184,3.0,0.0,67367.33333333333,0.0,-0.9998663571432107,7,Monsoon
Karnataka,Bijapur,2011-09,16.8269911,75.7175387,12.0,1.0,0.1358767485,7.0,305.54,67356.66666666667,0.3333333333333333,-0.5555555555555556,9,Monsoon
Karnataka,Bijapur,2011-10,16.8269911,75.7175387,29.0,0.0,0.04022930555,6.0,308.152,22.666666666666668,0.3333333333333333,1.4166666666666665,10,Post-Monsoon
Karnataka,Bijapur,2012-06,16.8269911,75.7175387,15.0,0.0,0.2985260395,3.0,311.12,18.666666666666668,0.3333333333333333,-0.48275862068965514,6,Monsoon
Karnataka,Bijapur,2012-07,16.8269911,75.7175387,32.0,0.0,0.2115485399,2.0,309.66,25.333333333333332,0.0,1.1333333333333333,7,Monsoon
Karnataka,Bijapur,2012-08,16.8269911,75.7175387,2185.0,0.0,0.1256140467,1.0,306.1666667,744.0,0.0,67.28125,8,Monsoon
Karnataka,Bijapur,2013-06,16.8269911,75.7175387,13.0,0.0,0.4375792352,2.0,310.32,743.3333333333334,0.0,-0.9940503432494279,6,Monsoon
Karnataka,Bijapur,2013-07,16.8269911,75.7175387,10.0,0.0,0.5386506808,1.0,291.87,736.0,0.0,-0.23076923076923073,7,Monsoon
Karnataka,Bijapur,2014-04,16.8269911,75.7175387,10.0,0.0,0.112154878,4.0,319.716,11.0,0.0,0.0,4,Summer
Karnataka,Bijapur,2014-06,16.8269911,75.7175387,17.0,0.0,0.1320276313,3.0,309.096,12.333333333333334,0.0,0.7,6,Monsoon
Karnataka,Bijapur,2015-05,16.8269911,75.7175387,55.0,0.0,0.002501309021,3.0,314.8233334,27.333333333333332,0.0,2.235294117647059,5,Summer
Karnataka,Bijapur,2015-12,16.8269911,75.7175387,23.0,0.0,0.03819964696,9.0,305.94333340000003,31.666666666666668,0.0,-0.5818181818181818,12,Winter
Karnataka,Bijapur,2016-03,16.8269911,75.7175387,86.0,0.0,0.0849281048,4.0,311.212,54.666666666666664,0.0,2.739130434782609,3,Summer
Karnataka,Bijapur,2017-07,16.8269911,75.7175387,18.0,0.0,0.06490278469,3.0,303.74,42.333333333333336,0.0,-0.7906976744186046,7,Monsoon
Karnataka,Bijapur,2018-04,16.8269911,75.7175387,2649.0,0.0,0.0370996807608,4.0,317.2943333,917.6666666666666,0.0,146.16666666666666,4,Summer
Karnataka,Bijapur,2018-06,16.8269911,75.7175387,15.0,0.0,0.2205118565,2.0,308.94,894.0,0.0,-0.9943374858437146,6,Monsoon
Karnataka,Bijapur,2018-08,16.8269911,75.7175387,18.0,0.0,0.1090592869,0.0,305.81,894.0,0.0,0.19999999999999996,8,Monsoon
Karnataka,Chamarajanagar,2011-06,11.9346006,76.9328209,14.0,0.0,1.395057564,9.0,304.3933334,14.0,0.0,0.0,6,Monsoon
Karnataka,Chamarajanagar,2012-04,11.9346006,76.9328209,15.0,1.0,0.01786651145,7.0,312.4133334,14.5,0.5,0.0714285714285714,4,Summer
Karnataka,Chamarajanagar,2012-08,11.9346006,76.9328209,24.0,0.0,0.2089304114,7.0,304.40000000000003,17.666666666666668,0.3333333333333333,0.6000000000000001,8,Monsoon
Karnataka,Chamarajanagar,2013-03,11.9346006,76.9328209,23.0,0.0,0.06279117713,6.0,314.216,20.666666666666668,0.3333333333333333,-0.04166666666666663,3,Summer
Karnataka,Chamarajanagar,2013-04,11.9346006,76.9328209,1011.0,1.0,0.113443248675,7.0,312.65633330000003,352.6666666666667,0.3333333333333333,42.95652173913044,4,Summer
Karnataka,Chamarajanagar,2013-05,11.9346006,76.9328209,1717.0,0.0,0.181417377065,7.0,307.58000000000004,917.0,0.3333333333333333,0.6983184965380811,5,Summer
Karnataka,Chamarajanagar,2013-07,11.9346006,76.9328209,30.0,0.0,0.7409027245,0.0,299.02,919.3333333333334,0.3333333333333333,-0.982527664531159,7,Monsoon
Karnataka,Chamarajanagar,2013-11,11.9346006,76.9328209,16.0,0.0,0.2746687737,22.0,302.5,587.6666666666666,0.0,-0.4666666666666667,11,Post-Monsoon
Karnataka,Chamarajanagar,2014-06,11.9346006,76.9328209,28.0,0.0,0.2795103905,0.0,304.72400000000005,24.666666666666668,0.0,0.75,6,Monsoon
Karnataka,Chamarajanagar,2015-09,11.9346006,76.9328209,21.0,0.0,0.1675545916,0.0,307.63,21.666666666666668,0.0,-0.25,9,Monsoon
Karnataka,Chamarajanagar,2016-03,11.9346006,76.9328209,49.0,0.0,0.1149614227,8.0,310.66,32.666666666666664,0.0,1.3333333333333335,3,Summer
Karnataka,Chamarajanagar,2017-01,11.9346006,76.9328209,46.0,0.0,0.3232436796,17.0,306.6066666,38.666666666666664,0.0,-0.061224489795918324,1,Winter
Karnataka,Chamarajanagar,2018-08,11.9346006,76.9328209,16.0,0.0,0.09080546768,8.0,300.01,37.0,0.0,-0.6521739130434783,8,Monsoon
Karnataka,Chamarajanagar,2018-09,11.9346006,76.9328209,24.0,0.0,0.06568375134,14.0,305.012,28.666666666666668,0.0,0.5,9,Monsoon
Karnataka,Chamarajanagar,2019-06,11.9346006,76.9328209,32.0,0.0,0.2789780155,14.0,303.48400000000004,24.0,0.0,0.33333333333333326,6,Monsoon
Karnataka,Chamarajanagar,2020-02,11.9346006,76.9328209,10.0,0.0,0.0406840316,8.0,306.81333340000003,22.0,0.0,-0.6875,2,Winter
Karnataka,Chamarajanagar,2021-01,11.9346006,76.9328209,15.0,0.0,0.2146496303,16.0,302.82,19.0,0.0,0.5,1,Winter
Karnataka,Chamarajnagar,2009-11,14.3683154,76.6538415,7.0,0.0,0.1268362457,8.0,303.075,7.0,0.0,0.0,11,Post-Monsoon
Karnataka,Chamarajnagar,2010-05,14.3683154,76.6538415,18.0,0.0,0.1732381209,7.0,308.5333334,12.5,0.0,1.5714285714285716,5,Summer
Karnataka,Chamarajnagar,2010-06,14.3683154,76.6538415,35.0,1.0,0.09476088853,8.0,308.616,20.0,0.3333333333333333,0.9444444444444444,6,Monsoon
Karnataka,Chamarajnagar,2011-04,14.3683154,76.6538415,43.0,0.0,0.0001184704674,6.0,314.736,32.0,0.3333333333333333,0.22857142857142865,4,Summer
Karnataka,Chamarajnagar,2011-06,14.3683154,76.6538415,13.0,0.0,0.3223808711,0.0,303.94,30.333333333333332,0.3333333333333333,-0.6976744186046512,6,Monsoon
Karnataka,Chamarajnagar,2012-01,14.3683154,76.6538415,72.0,0.0,5.88e-05,5.0,308.49,42.666666666666664,0.0,4.538461538461538,1,Winter
Karnataka,Chamarajnagar,2012-05,14.3683154,76.6538415,1612.0,1.0,0.1824160537603,6.0,309.444,565.6666666666666,0.3333333333333333,21.38888888888889,5,Summer
Karnataka,Chamrajnagar,2013-12,11.9269937,76.9424311,30.0,0.0,0.2165095117,0.0,303.74,30.0,0.0,0.0,12,Winter
Karnataka,Chamrajnagar,2014-05,11.9269937,76.9424311,14.0,0.0,0.3599561886,12.0,306.355,22.0,0.0,-0.5333333333333333,5,Summer
Karnataka,Chikballapur,2015-09,13.4274405,77.7321433,12.0,0.0,0.6730291946,9.0,305.43,12.0,0.0,0.0,9,Monsoon
Karnataka,Chikkaballapur,2009-08,13.6102243,77.5127721,29.0,0.0,0.0782734883,0.0,305.81,29.0,0.0,0.0,8,Monsoon
Karnataka,Chikkaballapur,2010-04,13.6102243,77.5127721,18.0,0.0,0.03988783414,6.0,310.488,23.5,0.0,-0.3793103448275862,4,Summer
Karnataka,Chikkaballapur,2010-05,13.6102243,77.5127721,1025.0,0.0,0.21264616318500001,4.0,307.01250000000005,357.3333333333333,0.0,55.94444444444444,5,Summer
Karnataka,Chikkaballapur,2010-11,13.6102243,77.5127721,1110.0,3.0,0.502086909,5.5,148.9766667,717.6666666666666,1.0,0.08292682926829276,11,Post-Monsoon
Karnataka,Chikkaballapur,2011-02,13.6102243,77.5127721,10.0,0.0,0.0001792670163,6.0,306.156,715.0,1.0,-0.990990990990991,2,Winter
Karnataka,Chikkaballapur,2011-05,13.6102243,77.5127721,13.0,0.0,0.4553198241,0.0,308.7233334,377.6666666666667,1.0,0.30000000000000004,5,Summer
Karnataka,Chikkaballapur,2012-02,13.6102243,77.5127721,29.0,0.0,4.88e-05,5.0,311.652,17.333333333333332,0.0,1.2307692307692308,2,Winter
Karnataka,Chikkaballapur,2012-08,13.6102243,77.5127721,20.0,0.0,0.05339180257,8.0,305.5,20.666666666666668,0.0,-0.31034482758620685,8,Monsoon
Karnataka,Chikkaballapur,2013-08,13.6102243,77.5127721,2415.0,0.0,0.42427199234999996,5.0,305.155,821.3333333333334,0.0,119.75,8,Monsoon
Karnataka,Chikkaballapur,2013-12,13.6102243,77.5127721,24.0,0.0,0.04065148897,9.0,301.76,819.6666666666666,0.0,-0.9900621118012423,12,Winter
Karnataka,Chikkaballapur,2014-07,13.6102243,77.5127721,54.0,0.0,0.258432822,3.0,309.56,831.0,0.0,1.25,7,Monsoon
Karnataka,Chikkaballapur,2014-10,13.6102243,77.5127721,69.0,0.0,0.3633717724,0.0,304.12,49.0,0.0,0.2777777777777777,10,Post-Monsoon
Karnataka,Chikkaballapur,2015-04,13.6102243,77.5127721,657.0,0.0,0.1991597667,6.0,308.2633334,260.0,0.0,8.521739130434783,4,Summer
Karnataka,Chikkaballapur,2016-09,13.6102243,77.5127721,1223.0,0.0,0.21895318425,2.0,0.0,649.6666666666666,0.0,0.8614916286149163,9,Monsoon
Karnataka,Chikkaballapur,2017-06,13.6102243,77.5127721,12.0,0.0,0.2772478729,0.0,307.2,630.6666666666666,0.0,-0.9901880621422731,6,Monsoon
Karnataka,Chikkaballapur,2017-07,13.6102243,77.5127721,95.0,0.0,0.09972418158,6.0,306.624,443.3333333333333,0.0,6.916666666666667,7,Monsoon
Karnataka,Chikkaballapur,2017-10,13.6102243,77.5127721,10.0,0.0,0.01043083872,14.0,302.16400000000004,39.0,0.0,-0.8947368421052632,10,Post-Monsoon
Karnataka,Chikkaballapur,2019-07,13.6102243,77.5127721,17288.0,0.0,0.5768975515666667,3.6666666666666665,202.70000000000002,5797.666666666667,0.0,1727.8,7,Monsoon
Karnataka,Chikkaballapur,2019-08,13.6102243,77.5127721,71408.0,1.0,0.2479753242,6.0,202.70000000000002,29568.666666666668,0.3333333333333333,3.130495141138362,8,Monsoon
Karnataka,Chikkaballapur,2019-10,13.6102243,77.5127721,1926241115.0,0.0,0.72313480808,6.0,301.3956,642109937.0,0.3333333333333333,26974.14445160206,10,Post-Monsoon
Karnataka,Chikkaballapur,2019-11,13.6102243,77.5127721,2125.0,0.0,0.07545472795000001,5.0,301.85333330000003,642104882.6666666,0.3333333333333333,-0.9999988968151581,11,Post-Monsoon
Karnataka,Chikkaballapur,2021-01,13.6102243,77.5127721,61.0,0.0,0.0009201762932,0.0,303.09000000000003,642081100.3333334,0.0,-0.9712941176470589,1,Winter
Karnataka,Chikkaballapur,2022-06,13.6102243,77.5127721,28.0,1.0,0.3458920887,10.0,304.065,738.0,0.3333333333333333,-0.540983606557377,6,Monsoon
Karnataka,Chikkaballapura,2015-03,13.4358702,77.7312434,10.0,0.0,0.111061779,5.0,305.084,10.0,0.0,0.0,3,Summer
Karnataka,Chikkaballapura,2015-04,13.4358702,77.7312434,50970.0,0.0,0.1595827171,6.0,309.2116667,25490.0,0.0,5096.0,4,Summer
Karnataka,Chikkaballapura,2015-05,13.4358702,77.7312434,1614.0,0.0,0.39285168319999997,3.5,153.2575,17531.333333333332,0.0,-0.9683343143025309,5,Summer
Karnataka,Chikkaballapura,2015-11,13.4358702,77.7312434,25.0,0.0,0.5916726985,11.0,300.09000000000003,17536.333333333332,0.0,-0.9845105328376704,11,Post-Monsoon
Karnataka,Chikkaballapura,2016-08,13.4358702,77.7312434,28.0,0.0,0.09883120074,8.0,302.13,555.6666666666666,0.0,0.1200000000000001,8,Monsoon
Karnataka,Chikkaballapura,2017-05,13.4358702,77.7312434,20.0,0.0,0.1709897815,6.0,310.82,24.333333333333332,0.0,-0.2857142857142857,5,Summer
Karnataka,Chikkaballapura,2017-07,13.4358702,77.7312434,2162.0,0.0,0.08082511579999999,3.0,306.04600000000005,736.6666666666666,0.0,107.1,7,Monsoon
Karnataka,Chikkaballapura,2017-10,13.4358702,77.7312434,36.0,0.0,0.6298140204,15.0,298.28000000000003,739.3333333333334,0.0,-0.9833487511563367,10,Post-Monsoon
Karnataka,Chikkaballapura,2018-08,13.4358702,77.7312434,15.0,0.0,0.3055434906,0.0,304.46,737.6666666666666,0.0,-0.5833333333333333,8,Monsoon
Karnataka,Chikkaballapura,2018-12,13.4358702,77.7312434,17.0,0.0,0.001765755868,6.0,304.1566666,22.666666666666668,0.0,0.1333333333333333,12,Winter
Karnataka,Chikkaballapura,2019-06,13.4358702,77.7312434,45.0,0.0,0.09329984611,6.0,307.19,25.666666666666668,0.0,1.6470588235294117,6,Monsoon
Karnataka,Chikkaballapura,2020-11,13.4358702,77.7312434,15.0,0.0,0.07124832105,13.0,300.085,25.666666666666668,0.0,-0.6666666666666667,11,Post-Monsoon
Karnataka,Chikkamagaluru,2018-06,13.5,75.5,3021.0,0.0,0.6005970511000001,6.5,149.0833333,3021.0,0.0,0.0,6,Monsoon
Karnataka,Chikkamagaluru,2019-05,13.5,75.5,4515.0,0.0,0.11135504230000001,29.0,304.45500000000004,3768.0,0.0,0.49453823237338623,5,Summer
Karnataka,Chikkamagaluru,2022-06,13.5,75.5,37.0,0.0,0.1975323486,22.0,297.78000000000003,2524.3333333333335,0.0,-0.9918050941306755,6,Monsoon
Karnataka,Chikmagalur,2009-07,13.318014,75.7738743,26.0,0.0,1.194602971,12.0,0.0,26.0,0.0,0.0,7,Monsoon
Karnataka,Chikmagalur,2009-08,13.318014,75.7738743,22.0,0.0,0.3617060745,16.0,296.27,24.0,0.0,-0.15384615384615385,8,Monsoon
Karnataka,Chikmagalur,2009-09,13.318014,75.7738743,104.0,0.0,0.6798118479,25.0,298.22,50.666666666666664,0.0,3.7272727272727275,9,Monsoon
Karnataka,Chikmagalur,2009-10,13.318014,75.7738743,10.0,0.0,2.12128118,16.0,295.72,45.333333333333336,0.0,-0.9038461538461539,10,Post-Monsoon
Karnataka,Chikmagalur,2009-11,13.318014,75.7738743,73.0,0.0,0.6280803267,15.0,297.36,62.333333333333336,0.0,6.3,11,Post-Monsoon
Karnataka,Chikmagalur,2010-01,13.318014,75.7738743,21.0,0.0,0.2223733145,20.0,298.265,34.666666666666664,0.0,-0.7123287671232876,1,Winter
Karnataka,Chikmagalur,2010-02,13.318014,75.7738743,10.0,0.0,0.01700633473,21.0,301.732,34.666666666666664,0.0,-0.5238095238095238,2,Winter
Karnataka,Chikmagalur,2010-05,13.318014,75.7738743,76.0,0.0,0.06944070316,29.0,302.9533334,35.666666666666664,0.0,6.6,5,Summer
Karnataka,Chikmagalur,2011-01,13.318014,75.7738743,24.0,0.0,0.006727641584,16.0,298.24,36.666666666666664,0.0,-0.6842105263157895,1,Winter
Karnataka,Chikmagalur,2011-09,13.318014,75.7738743,10.0,0.0,0.2878670428,7.0,300.26,36.666666666666664,0.0,-0.5833333333333333,9,Monsoon
Karnataka,Chikmagalur,2012-06,13.318014,75.7738743,14.0,0.0,0.2665153402,0.0,301.46,16.0,0.0,0.3999999999999999,6,Monsoon
Karnataka,Chikmagalur,2020-04,13.318014,75.7738743,50.0,0.0,0.2869848918,27.0,305.456,24.666666666666668,0.0,2.5714285714285716,4,Summer
Karnataka,Chitradurga,2009-07,14.2266443,76.4005122,1823.0,0.0,0.40672707269999997,2.0,300.04,1823.0,0.0,0.0,7,Monsoon
Karnataka,Chitradurga,2009-08,14.2266443,76.4005122,8.0,0.0,0.5682094018,0.0,294.2266666,915.5,0.0,-0.9956116291826659,8,Monsoon
Karnataka,Chitradurga,2009-11,14.2266443,76.4005122,36.0,0.0,0.2946294343,0.0,300.2133334,622.3333333333334,0.0,3.5,11,Post-Monsoon
Karnataka,Chitradurga,2010-05,14.2266443,76.4005122,2012.0,0.0,0.044419582794999996,4.0,307.2008333,685.3333333333334,0.0,54.888888888888886,5,Summer
Karnataka,Chitradurga,2010-06,14.2266443,76.4005122,16.0,0.0,0.06987823442,8.0,307.39,688.0,0.0,-0.9920477137176938,6,Monsoon
Karnataka,Chitradurga,2010-07,14.2266443,76.4005122,212.0,0.0,0.5157051303,3.0,308.76,746.6666666666666,0.0,12.25,7,Monsoon
Karnataka,Chitradurga,2010-09,14.2266443,76.4005122,18.0,0.0,0.2620837093,7.0,301.84000000000003,82.0,0.0,-0.9150943396226415,9,Monsoon
Karnataka,Chitradurga,2011-03,14.2266443,76.4005122,28.0,0.0,3.53e-05,6.0,314.844,86.0,0.0,0.5555555555555556,3,Summer
Karnataka,Chitradurga,2011-05,14.2266443,76.4005122,14.0,0.0,0.04366439091,0.0,310.67,20.0,0.0,-0.5,5,Summer
Karnataka,Chitradurga,2011-06,14.2266443,76.4005122,162020.0,0.0,0.37413847613333334,4.333333333333333,302.6466666666667,54020.666666666664,0.0,11571.857142857143,6,Monsoon
Karnataka,Chitradurga,2011-07,14.2266443,76.4005122,1616.0,2.0,0.2982476916,6.0,0.0,54550.0,0.6666666666666666,-0.9900259227255894,7,Monsoon
Karnataka,Chitradurga,2011-08,14.2266443,76.4005122,22.0,0.0,0.09168479754,5.0,305.12,54552.666666666664,0.6666666666666666,-0.9863861386138614,8,Monsoon
Karnataka,Chitradurga,2012-06,14.2266443,76.4005122,18.0,0.0,0.2830008473,4.0,0.0,552.0,0.6666666666666666,-0.18181818181818177,6,Monsoon
Karnataka,Chitradurga,2012-09,14.2266443,76.4005122,13.0,0.0,0.1398023521,9.0,304.48,17.666666666666668,0.0,-0.2777777777777778,9,Monsoon
Karnataka,Chitradurga,2013-03,14.2266443,76.4005122,3310.0,1.0,0.00961967197605,5.0,313.664,1113.6666666666667,0.3333333333333333,253.6153846153846,3,Summer
Karnataka,Chitradurga,2013-04,14.2266443,76.4005122,224056.0,2.0,0.03221802581266666,3.3333333333333335,317.79733333333337,75793.0,1.0,66.69063444108761,4,Summer
Karnataka,Chitradurga,2013-06,14.2266443,76.4005122,3317.0,0.0,0.35508582575000003,1.0,155.76,76894.33333333333,1.0,-0.985195665369372,6,Monsoon
Karnataka,Chitradurga,2013-08,14.2266443,76.4005122,14.0,0.0,0.177782786,4.0,302.1,75795.66666666667,0.6666666666666666,-0.9957793186614411,8,Monsoon
Karnataka,Chitradurga,2013-10,14.2266443,76.4005122,15.0,0.0,0.6359730471,10.0,301.68,1115.3333333333333,0.0,0.0714285714285714,10,Post-Monsoon
Karnataka,Chitradurga,2014-05,14.2266443,76.4005122,13.0,0.0,0.05775833983,6.0,312.60400000000004,14.0,0.0,-0.1333333333333333,5,Summer
Karnataka,Chitradurga,2014-06,14.2266443,76.4005122,25.0,0.0,0.1300227558,8.0,304.51,17.666666666666668,0.0,0.9230769230769231,6,Monsoon
Karnataka,Chitradurga,2014-08,14.2266443,76.4005122,1438.0,0.0,0.45902781175,4.0,302.6333333,492.0,0.0,56.52,8,Monsoon
Karnataka,Chitradurga,2014-12,14.2266443,76.4005122,36.0,0.0,0.003343891535,8.0,301.41200000000003,499.6666666666667,0.0,-0.9749652294853964,12,Winter
Karnataka,Chitradurga,2015-05,14.2266443,76.4005122,23.0,0.0,0.3616282443,7.0,307.005,499.0,0.0,-0.36111111111111116,5,Summer
Karnataka,Chitradurga,2015-06,14.2266443,76.4005122,55.0,0.0,0.1091319372,7.0,302.1733334,38.0,0.0,1.391304347826087,6,Monsoon
Karnataka,Chitradurga,2016-01,14.2266443,76.4005122,4.0,0.0,1.38e-05,7.0,305.2066666,27.333333333333332,0.0,-0.9272727272727272,1,Winter
Karnataka,Chitradurga,2016-02,14.2266443,76.4005122,33.0,0.0,5.9e-05,0.0,308.93333340000004,30.666666666666668,0.0,7.25,2,Winter
Karnataka,Chitradurga,2016-12,14.2266443,76.4005122,13.0,0.0,0.0005039284898,4.0,302.012,16.666666666666668,0.0,-0.6060606060606061,12,Winter
Karnataka,Chitradurga,2017-02,14.2266443,76.4005122,31.0,0.0,6.69e-05,4.0,311.9366666,25.666666666666668,0.0,1.3846153846153846,2,Winter
Karnataka,Chitradurga,2017-05,14.2266443,76.4005122,17.0,0.0,0.0210387157,5.0,313.99,20.333333333333332,0.0,-0.4516129032258065,5,Summer
Karnataka,Chitradurga,2017-08,14.2266443,76.4005122,23.0,0.0,0.0765415076,5.0,308.88,23.666666666666668,0.0,0.3529411764705883,8,Monsoon
Karnataka,Chitradurga,2017-10,14.2266443,76.4005122,29.0,0.0,0.007614924707,14.0,302.028,23.0,0.0,0.26086956521739135,10,Post-Monsoon
Karnataka,Chitradurga,2019-03,14.2266443,76.4005122,18.0,0.0,0.0002862262239,5.0,313.62,23.333333333333332,0.0,-0.3793103448275862,3,Summer
Karnataka,Chitradurga,2019-11,14.2266443,76.4005122,17.0,1.0,0.136642746,13.0,301.79200000000003,21.333333333333332,0.3333333333333333,-0.05555555555555558,11,Post-Monsoon
Karnataka,Dakshin Kannada,2011-07,12.8827367,75.0309089,2.0,1.0,0.9799181476,2.0,298.93,2.0,1.0,0.0,7,Monsoon
Karnataka,Dakshin Kannada,2022-03,12.8827367,75.0309089,29.0,0.0,0.1548463487,23.0,303.66,15.5,0.5,13.5,3,Summer
Karnataka,Dakshina Kannada,2019-02,12.9324457,74.9813132,2713.0,0.0,0.00055529454175,0.0,304.45399999999995,2713.0,0.0,0.0,2,Winter
Karnataka,Dakshina Kannada,2019-06,12.9324457,74.9813132,21.0,0.0,0.2751211743,16.0,304.36,1367.0,0.0,-0.9922594913380022,6,Monsoon
Karnataka,Dakshina Kannada,2019-11,12.9324457,74.9813132,30.0,0.0,0.2765966378,0.0,302.56,921.3333333333334,0.0,0.4285714285714286,11,Post-Monsoon
Karnataka,Dakshina Kannada,2022-04,12.9324457,74.9813132,12.0,0.0,0.1516883933,19.0,303.228,21.0,0.0,-0.6,4,Summer
Karnataka,Dakshina Kannada,2022-06,12.9324457,74.9813132,18.0,0.0,1.388208146,12.0,301.76,20.0,0.0,0.5,6,Monsoon
Karnataka,Davanagere,2009-11,14.4661266,75.9206361,198.0,0.0,0.05165890853,10.0,302.77500000000003,198.0,0.0,0.0,11,Post-Monsoon
Karnataka,Davanagere,2010-04,14.4661266,75.9206361,12.0,0.0,0.03900964172,0.0,312.588,105.0,0.0,-0.9393939393939394,4,Summer
Karnataka,Davanagere,2013-06,14.4661266,75.9206361,13.0,0.0,0.3118113575,5.0,297.76,74.33333333333333,0.0,0.08333333333333326,6,Monsoon
Karnataka,Davanagere,2017-05,14.4661266,75.9206361,28.0,0.0,0.09575843529,0.0,314.295,17.666666666666668,0.0,1.1538461538461537,5,Summer
Karnataka,Davanagere,2019-07,14.4661266,75.9206361,32.0,0.0,0.4822923075,6.0,302.46,24.333333333333332,0.0,0.1428571428571428,7,Monsoon
Karnataka,Davanagere,2021-06,14.4661266,75.9206361,31.0,0.0,0.2757729468,6.0,304.64,30.333333333333332,0.0,-0.03125,6,Monsoon
Karnataka,Davanagere,2021-08,14.4661266,75.9206361,96.0,0.0,0.2605566259,16.0,302.54,53.0,0.0,2.096774193548387,8,Monsoon
Karnataka,Davanagere,2021-12,14.4661266,75.9206361,41.0,0.0,0.003273129677,11.0,300.6,56.0,0.0,-0.5729166666666667,12,Winter
Karnataka,Davanagere,2022-03,14.4661266,75.9206361,21.0,0.0,0.0152337369,0.0,307.625,52.666666666666664,0.0,-0.4878048780487805,3,Summer
Karnataka,Davangere,2009-06,14.4679807,75.9195682,253117.0,0.0,0.6377644828,3.6666666666666665,306.2177777333333,253117.0,0.0,0.0,6,Monsoon
Karnataka,Davangere,2009-07,14.4679807,75.9195682,1946.0,0.0,0.55135655305,6.0,301.28,127531.5,0.0,-0.9923118557821087,7,Monsoon
Karnataka,Davangere,2009-10,14.4679807,75.9195682,44.0,0.0,2.450416403,12.0,297.38,85035.66666666667,0.0,-0.9773895169578622,10,Post-Monsoon
Karnataka,Davangere,2009-11,14.4679807,75.9195682,34.0,0.0,0.5859287336,10.0,0.0,674.6666666666666,0.0,-0.2272727272727273,11,Post-Monsoon
Karnataka,Davangere,2011-05,14.4679807,75.9195682,13.0,1.0,0.03452846388,0.0,310.196,30.333333333333332,0.3333333333333333,-0.6176470588235294,5,Summer
Karnataka,Davangere,2011-06,14.4679807,75.9195682,29.0,0.0,0.2486476566,4.0,297.78000000000003,25.333333333333332,0.3333333333333333,1.2307692307692308,6,Monsoon
Karnataka,Davangere,2012-01,14.4679807,75.9195682,50.0,0.0,6.34e-05,6.0,307.376,30.666666666666668,0.3333333333333333,0.7241379310344827,1,Winter
Karnataka,Davangere,2013-04,14.4679807,75.9195682,3630.0,0.0,0.0001713190346,6.0,317.60966670000005,1236.3333333333333,0.0,71.6,4,Summer
Karnataka,Davangere,2013-05,14.4679807,75.9195682,23172732.0,0.0,0.07124134456975001,2.75,311.223,7725470.666666667,0.0,6382.672727272728,5,Summer
Karnataka,Davangere,2013-07,14.4679807,75.9195682,3621.0,0.0,0.7382730831000001,0.0,150.06,7726661.0,0.0,-0.9998437387529446,7,Monsoon
Karnataka,Davangere,2013-08,14.4679807,75.9195682,22.0,0.0,0.3466214151,6.0,0.0,7725458.333333333,0.0,-0.9939243302954984,8,Monsoon
Karnataka,Davangere,2014-04,14.4679807,75.9195682,17.0,0.0,0.02856250008,7.0,314.244,1220.0,0.0,-0.2272727272727273,4,Summer
Karnataka,Davangere,2014-05,14.4679807,75.9195682,9830.0,2.0,0.092468203125,4.0,309.5765,3289.6666666666665,0.6666666666666666,577.2352941176471,5,Summer
Karnataka,Davangere,2016-09,14.4679807,75.9195682,51.0,0.0,0.3197981134,10.0,0.0,3299.3333333333335,0.6666666666666666,-0.9948118006103764,9,Monsoon
Karnataka,Davangere,2016-11,14.4679807,75.9195682,3350.0,0.0,0.0218570543035,4.5,307.1346667,4410.333333333333,0.6666666666666666,64.68627450980392,11,Post-Monsoon
Karnataka,Davangere,2017-04,14.4679807,75.9195682,26.0,0.0,0.001408977287,5.0,314.34000000000003,1142.3333333333333,0.0,-0.9922388059701492,4,Summer
Karnataka,Davangere,2017-07,14.4679807,75.9195682,48.0,0.0,0.1599315507,5.0,305.58,1141.3333333333333,0.0,0.8461538461538463,7,Monsoon
Karnataka,Davangere,2018-01,14.4679807,75.9195682,15.0,0.0,8.28e-05,7.0,307.28400000000005,29.666666666666668,0.0,-0.6875,1,Winter
Karnataka,Davangere,2018-03,14.4679807,75.9195682,48149.0,0.0,0.0815100689,0.0,311.7955,16070.666666666666,0.0,3208.9333333333334,3,Summer
Karnataka,Davangere,2018-12,14.4679807,75.9195682,32.0,0.0,0.0003752598041,7.0,302.25,16065.333333333334,0.0,-0.9993353963737565,12,Winter
Karnataka,Davangere.,2010-01,14.4679807,75.9195682,23.0,1.0,0.06785192587,8.0,303.71,23.0,1.0,0.0,1,Winter
Karnataka,Dharwad,2009-07,15.4540505,75.0066516,31.0,0.0,0.2891041037,4.0,301.74,31.0,0.0,0.0,7,Monsoon
Karnataka,Dharwad,2009-09,15.4540505,75.0066516,32.0,0.0,1.251536453,9.0,302.34000000000003,31.5,0.0,0.032258064516129004,9,Monsoon
Karnataka,Dharwad,2009-10,15.4540505,75.0066516,22.0,0.0,2.240300593,7.0,0.0,28.333333333333332,0.0,-0.3125,10,Post-Monsoon
Karnataka,Dharwad,2010-08,15.4540505,75.0066516,26.0,0.0,0.7308538414,4.0,302.02,26.666666666666668,0.0,0.18181818181818188,8,Monsoon
Karnataka,Dharwad,2010-09,15.4540505,75.0066516,15.0,0.0,0.7194116689,0.0,305.78000000000003,21.0,0.0,-0.42307692307692313,9,Monsoon
Karnataka,Dharwad,2011-06,15.4540505,75.0066516,16162323.0,0.0,0.49600762490000005,2.5,154.28,5387454.666666667,0.0,1077487.2,6,Monsoon
Karnataka,Dharwad,2011-11,15.4540505,75.0066516,12.0,0.0,0.05433591077,14.0,306.02,5387450.0,0.0,-0.9999992575324723,11,Post-Monsoon
Karnataka,Dharwad,2012-07,15.4540505,75.0066516,19.0,0.0,0.2783195951,0.0,306.1,5387451.333333333,0.0,0.5833333333333333,7,Monsoon
Karnataka,Dharwad,2014-03,15.4540505,75.0066516,25.0,0.0,0.02563086009,5.0,311.09000000000003,18.666666666666668,0.0,0.3157894736842106,3,Summer
Karnataka,Dharwad,2014-09,15.4540505,75.0066516,1323.0,0.0,0.391600181,4.5,305.1785,455.6666666666667,0.0,51.92,9,Monsoon
Karnataka,Dharwad,2014-11,15.4540505,75.0066516,2316.0,0.0,0.8234594063,7.0,304.15999999999997,1221.3333333333333,0.0,0.7505668934240364,11,Post-Monsoon
Karnataka,Dharwad,2015-01,15.4540505,75.0066516,36.0,0.0,0.04006455077,10.5,303.9366666,1225.0,0.0,-0.9844559585492227,1,Winter
Karnataka,Dharwad,2015-08,15.4540505,75.0066516,41.0,0.0,0.2520707477,4.0,306.7666666,797.6666666666666,0.0,0.13888888888888884,8,Monsoon
Karnataka,Dharwad,2015-12,15.4540505,75.0066516,10.0,0.0,5e-05,0.0,305.628,29.0,0.0,-0.7560975609756098,12,Winter
Karnataka,Dharwad,2016-04,15.4540505,75.0066516,1615.0,0.0,0.006333396969,2.0,321.9533333,555.3333333333334,0.0,160.5,4,Summer
Karnataka,Dharwad,2016-06,15.4540505,75.0066516,14.0,0.0,1.377494785,2.0,0.0,546.3333333333334,0.0,-0.9913312693498452,6,Monsoon
Karnataka,Dharwad,2016-07,15.4540505,75.0066516,35.0,0.0,0.5382516958,3.0,304.04,554.6666666666666,0.0,1.5,7,Monsoon
Karnataka,Dharwad,2016-08,15.4540505,75.0066516,25.0,0.0,0.1622688087,4.0,307.74,24.666666666666668,0.0,-0.2857142857142857,8,Monsoon
Karnataka,Dharwad,2017-07,15.4540505,75.0066516,46.0,0.0,0.1981826217,4.0,304.375,35.333333333333336,0.0,0.8400000000000001,7,Monsoon
Karnataka,Dharwad,2017-08,15.4540505,75.0066516,78.0,0.0,0.2489865175,3.0,309.22,49.666666666666664,0.0,0.6956521739130435,8,Monsoon
Karnataka,Dharwad,2017-10,15.4540505,75.0066516,9718.0,0.0,0.24264677375,5.5,305.647,3280.6666666666665,0.0,123.58974358974359,10,Post-Monsoon
Karnataka,Dharwad,2018-01,15.4540505,75.0066516,12.0,0.0,0.0002835892085,0.0,308.904,3269.3333333333335,0.0,-0.9987651780201687,1,Winter
Karnataka,Dharwad,2018-06,15.4540505,75.0066516,4543.0,0.0,0.45723532275,3.0,308.9573333,4757.666666666667,0.0,377.5833333333333,6,Monsoon
Karnataka,Dharwad,2019-04,15.4540505,75.0066516,20.0,0.0,0.06617019652,4.0,318.404,1525.0,0.0,-0.9955976227162668,4,Summer
Karnataka,Dharwad,2019-05,15.4540505,75.0066516,96.0,0.0,0.08211990857,0.0,318.505,1553.0,0.0,3.8,5,Summer
Karnataka,Dharwad,2019-07,15.4540505,75.0066516,126910.0,0.0,0.65815287915,2.5,230.8225,42342.0,0.0,1320.9791666666667,7,Monsoon
Karnataka,Dharwad,2019-09,15.4540505,75.0066516,6.0,0.0,0.9479681131,6.0,0.0,42337.333333333336,0.0,-0.999952722401702,9,Monsoon
Karnataka,Dharwad,2019-10,15.4540505,75.0066516,7.0,0.0,0.520312312,5.0,300.94,42307.666666666664,0.0,0.16666666666666674,10,Post-Monsoon
Karnataka,Dharwad,2020-10,15.4540505,75.0066516,8.0,0.0,0.0714202973,0.0,306.372,7.0,0.0,0.1428571428571428,10,Post-Monsoon
Karnataka,Dharwad,2021-02,15.4540505,75.0066516,3.0,0.0,8.81e-05,0.0,306.96,6.0,0.0,-0.625,2,Winter
Karnataka,Dharwad,2021-07,15.4540505,75.0066516,2.0,0.0,0.2825220683,5.0,309.1,4.333333333333333,0.0,-0.33333333333333337,7,Monsoon
Karnataka,Gadag,2011-04,15.4206667,75.6225644,33.0,1.0,0.1352444608,4.0,314.668,33.0,1.0,0.0,4,Summer
Karnataka,Gadag,2011-05,15.4206667,75.6225644,27.0,0.0,0.07771244308,4.0,314.42,30.0,0.5,-0.18181818181818177,5,Summer
Karnataka,Gadag,2011-07,15.4206667,75.6225644,25.0,0.0,0.3450842097,0.0,303.82,28.333333333333332,0.3333333333333333,-0.07407407407407407,7,Monsoon
Karnataka,Gadag,2011-08,15.4206667,75.6225644,10.0,0.0,0.112245109,4.0,306.07,20.666666666666668,0.0,-0.6,8,Monsoon
Karnataka,Gadag,2013-01,15.4206667,75.6225644,10.0,0.0,3.18e-05,5.0,311.552,15.0,0.0,0.0,1,Winter
Karnataka,Gadag,2013-03,15.4206667,75.6225644,17.0,0.0,4.54e-05,4.0,318.968,12.333333333333334,0.0,0.7,3,Summer
Karnataka,Gadag,2013-06,15.4206667,75.6225644,27.0,0.0,0.6761306948,0.0,311.14,18.0,0.0,0.588235294117647,6,Monsoon
Karnataka,Gadag,2013-08,15.4206667,75.6225644,1118.0,0.0,0.3438536018,4.0,307.78000000000003,387.3333333333333,0.0,40.407407407407405,8,Monsoon
Karnataka,Gadag,2013-10,15.4206667,75.6225644,37.0,0.0,1.070944934,10.0,0.0,394.0,0.0,-0.9669051878354203,10,Post-Monsoon
Karnataka,Gadag,2014-07,15.4206667,75.6225644,39.0,0.0,0.8684174826,3.0,312.48,398.0,0.0,0.054054054054053946,7,Monsoon
Karnataka,Gadag,2014-12,15.4206667,75.6225644,39.0,0.0,0.001510933783,0.0,305.94,38.333333333333336,0.0,0.0,12,Winter
Karnataka,Gadag,2015-01,15.4206667,75.6225644,46.0,0.0,8.59e-05,6.0,307.34000000000003,41.333333333333336,0.0,0.17948717948717952,1,Winter
Karnataka,Gadag,2015-07,15.4206667,75.6225644,30.0,0.0,0.1558220431,0.0,306.01,38.333333333333336,0.0,-0.34782608695652173,7,Monsoon
Karnataka,Gadag,2015-08,15.4206667,75.6225644,20.0,0.0,0.1755867361,0.0,308.9133334,32.0,0.0,-0.33333333333333337,8,Monsoon
Karnataka,Gadag,2016-02,15.4206667,75.6225644,2121.0,0.0,7.64e-05,4.0,314.00333340000003,723.6666666666666,0.0,105.05,2,Winter
Karnataka,Gadag,2016-06,15.4206667,75.6225644,2012.0,0.0,0.55826846395,2.0,310.5925,1384.3333333333333,0.0,-0.051390853371051426,6,Monsoon
Karnataka,Gadag,2016-07,15.4206667,75.6225644,12.0,0.0,0.5586812993,2.0,0.0,1381.6666666666667,0.0,-0.9940357852882704,7,Monsoon
Karnataka,Gadag,2016-10,15.4206667,75.6225644,21.0,0.0,0.1970885558,7.0,308.4533334,681.6666666666666,0.0,0.75,10,Post-Monsoon
Karnataka,Gadag,2016-11,15.4206667,75.6225644,7.0,0.0,5e-05,5.0,311.3266666,13.333333333333334,0.0,-0.6666666666666667,11,Post-Monsoon
Karnataka,Gadag,2017-08,15.4206667,75.6225644,15.0,0.0,0.7469720715,0.0,303.68,14.333333333333334,0.0,1.1428571428571428,8,Monsoon
Karnataka,Gadag,2018-02,15.4206667,75.6225644,27.0,0.0,0.0354748733,5.0,309.896,16.333333333333332,0.0,0.8,2,Winter
Karnataka,Gadag,2018-06,15.4206667,75.6225644,26.0,0.0,0.2408099412,0.0,311.455,22.666666666666668,0.0,-0.03703703703703709,6,Monsoon
Karnataka,Gulbarga,2010-02,17.166667,77.083333,39.0,0.0,5.57e-05,4.0,311.56,39.0,0.0,0.0,2,Winter
Karnataka,Gulbarga,2010-08,17.166667,77.083333,31.0,0.0,1.008117548,2.0,0.0,35.0,0.0,-0.20512820512820518,8,Monsoon
Karnataka,Gulbarga,2010-09,17.166667,77.083333,51.0,2.0,0.5970369366,5.0,301.54,40.333333333333336,0.6666666666666666,0.6451612903225807,9,Monsoon
Karnataka,Gulbarga,2010-12,17.166667,77.083333,19.0,0.0,0.02491382342,0.0,299.5,33.666666666666664,0.6666666666666666,-0.6274509803921569,12,Winter
Karnataka,Gulbarga,2011-03,17.166667,77.083333,14.0,0.0,9.87e-05,4.0,316.7133334,28.0,0.6666666666666666,-0.26315789473684215,3,Summer
Karnataka,Gulbarga,2011-04,17.166667,77.083333,34.0,0.0,0.05886559346,3.0,317.065,22.333333333333332,0.0,1.4285714285714284,4,Summer
Karnataka,Gulbarga,2012-04,17.166667,77.083333,21.0,0.0,0.1051220981,3.0,318.428,23.0,0.0,-0.38235294117647056,4,Summer
Karnataka,Gulbarga,2012-07,17.166667,77.083333,29.0,0.0,0.3076447973,5.0,305.0,28.0,0.0,0.38095238095238093,7,Monsoon
Karnataka,Gulbarga,2012-10,17.166667,77.083333,83.0,0.0,0.3253765017,12.0,307.285,44.333333333333336,0.0,1.8620689655172415,10,Post-Monsoon
Karnataka,Gulbarga,2013-01,17.166667,77.083333,22.0,0.0,0.0132814686,5.0,308.172,44.666666666666664,0.0,-0.7349397590361446,1,Winter
Karnataka,Gulbarga,2013-03,17.166667,77.083333,27.0,1.0,8.04e-05,0.0,318.704,44.0,0.3333333333333333,0.2272727272727273,3,Summer
Karnataka,Gulbarga,2013-04,17.166667,77.083333,15.0,0.0,0.02061508514,0.0,320.9033334,21.333333333333332,0.3333333333333333,-0.4444444444444444,4,Summer
Karnataka,Gulbarga,2013-05,17.166667,77.083333,234829.0,0.0,0.005857034197433333,2.0,321.90044446666667,78290.33333333333,0.3333333333333333,15654.266666666666,5,Summer
Karnataka,Gulbarga,2013-06,17.166667,77.083333,152515.0,2.0,0.420101966,1.3333333333333333,208.6355556,129119.66666666667,0.6666666666666666,-0.35052740504792845,6,Monsoon
Karnataka,Gulbarga,2013-07,17.166667,77.083333,103922.0,1.0,0.8298630018666667,2.0,0.0,163755.33333333334,1.0,-0.3186112841359866,7,Monsoon
Karnataka,Gulbarga,2013-08,17.166667,77.083333,2127.0,0.0,0.81623287505,0.0,154.72,86188.0,1.0,-0.9795327264679279,8,Monsoon
Karnataka,Gulbarga,2013-10,17.166667,77.083333,20.0,0.0,0.2125759374,0.0,304.5133334,35356.333333333336,0.3333333333333333,-0.9905970850963799,10,Post-Monsoon
Karnataka,Hassan,2009-08,13.0070817,76.0992703,54.0,0.0,0.4590881111,6.0,305.01,54.0,0.0,0.0,8,Monsoon
Karnataka,Hassan,2009-09,13.0070817,76.0992703,2440.0,1.0,0.58747434365,9.5,300.875,1247.0,0.5,44.18518518518518,9,Monsoon
Karnataka,Hassan,2009-12,13.0070817,76.0992703,50.0,0.0,0.1148265916,11.0,302.25,848.0,0.3333333333333333,-0.9795081967213115,12,Winter
Karnataka,Hassan,2010-03,13.0070817,76.0992703,5485.0,0.0,0.0093907425788,7.0,311.501,2658.3333333333335,0.3333333333333333,108.7,3,Summer
Karnataka,Hassan,2010-05,13.0070817,76.0992703,6610411.0,0.0,0.23683777115666668,6.0,305.9753333333333,2205315.3333333335,0.0,1204.1797629899727,5,Summer
Karnataka,Hassan,2010-06,13.0070817,76.0992703,83.0,0.0,0.5399800777,4.0,303.66,2205326.3333333335,0.0,-0.9999874440484865,6,Monsoon
Karnataka,Hassan,2010-07,13.0070817,76.0992703,15.0,0.0,0.2510458025,6.0,299.6,2203503.0,0.0,-0.8192771084337349,7,Monsoon
Karnataka,Hassan,2010-08,13.0070817,76.0992703,17.0,0.0,0.632952293,3.0,299.2,38.333333333333336,0.0,0.1333333333333333,8,Monsoon
Karnataka,Hassan,2010-12,13.0070817,76.0992703,4532.0,0.0,0.0149769877175,6.0,299.24199999999996,1521.3333333333333,0.0,265.5882352941176,12,Winter
Karnataka,Hassan,2011-02,13.0070817,76.0992703,14.0,0.0,8.02e-05,0.0,306.7033334,1521.0,0.0,-0.9969108561341571,2,Winter
Karnataka,Hassan,2011-03,13.0070817,76.0992703,40.0,0.0,0.0153692416,8.0,310.744,1528.6666666666667,0.0,1.8571428571428572,3,Summer
Karnataka,Hassan,2011-04,13.0070817,76.0992703,6497.0,1.0,0.141506375675,4.5,306.86,2183.6666666666665,0.3333333333333333,161.425,4,Summer
Karnataka,Hassan,2011-06,13.0070817,76.0992703,868330866262.0,0.0,0.23396067346666669,4.0,299.21999999999997,289443624266.3333,0.3333333333333333,133651048.13991073,6,Monsoon
Karnataka,Hassan,2011-07,13.0070817,76.0992703,73.0,0.0,0.3536393273,8.0,0.0,289443624277.3333,0.3333333333333333,-0.9999999999159307,7,Monsoon
Karnataka,Hassan,2011-10,13.0070817,76.0992703,19.0,0.0,0.3373461118,0.0,301.892,289443622118.0,0.0,-0.7397260273972603,10,Post-Monsoon
Karnataka,Hassan,2012-01,13.0070817,76.0992703,50.0,0.0,0.0001103381145,7.0,304.04,47.333333333333336,0.0,1.6315789473684212,1,Winter
Karnataka,Hassan,2012-02,13.0070817,76.0992703,30.0,0.0,0.0001169003837,0.0,304.496,33.0,0.0,-0.4,2,Winter
Karnataka,Hassan,2012-03,13.0070817,76.0992703,198.0,0.0,0.0001134994854,0.0,313.088,92.66666666666667,0.0,5.6,3,Summer
Karnataka,Hassan,2012-05,13.0070817,76.0992703,211238201428.0,0.0,0.33169652047,7.5,305.372,70412733885.33333,0.0,1066859602.1717172,5,Summer
Karnataka,Hassan,2012-12,13.0070817,76.0992703,12.0,0.0,0.0001266356137,0.0,301.564,70412733879.33333,0.0,-0.9999999999431921,12,Winter
Karnataka,Hassan,2013-04,13.0070817,76.0992703,51.0,0.0,0.00079910906,6.0,315.86400000000003,70412733830.33333,0.0,3.25,4,Summer
Karnataka,Hassan,2013-05,13.0070817,76.0992703,126.0,0.0,0.5441373499,5.0,305.2466666,63.0,0.0,1.4705882352941178,5,Summer
Karnataka,Hassan,2013-08,13.0070817,76.0992703,20.0,0.0,0.6656446021,0.0,0.0,65.66666666666667,0.0,-0.8412698412698413,8,Monsoon
Karnataka,Hassan,2014-05,13.0070817,76.0992703,3932.0,0.0,0.032449198125,10.0,308.82899999999995,1359.3333333333333,0.0,195.6,5,Summer
Karnataka,Hassan,2015-07,13.0070817,76.0992703,87.0,0.0,0.4328176049,7.0,299.12,1346.3333333333333,0.0,-0.9778738555442523,7,Monsoon
Karnataka,Hassan,2015-11,13.0070817,76.0992703,47.0,0.0,0.4320581174,7.0,298.36,1355.3333333333333,0.0,-0.45977011494252873,11,Post-Monsoon
Karnataka,Hassan,2016-04,13.0070817,76.0992703,384029.0,0.0,0.003966934358,2.6666666666666665,315.25600000000003,128054.33333333333,0.0,8169.829787234043,4,Summer
Karnataka,Hassan,2016-05,13.0070817,76.0992703,2312.0,0.0,0.34884877085,7.0,310.27933329999996,128796.0,0.0,-0.9939796213306807,5,Summer
Karnataka,Hassan,2016-06,13.0070817,76.0992703,45.0,0.0,0.7723056961,7.0,297.49,128795.33333333333,0.0,-0.9805363321799307,6,Monsoon
Karnataka,Hassan,2017-04,13.0070817,76.0992703,25.0,0.0,0.003641963798,7.0,309.508,794.0,0.0,-0.4444444444444444,4,Summer
Karnataka,Hassan,2017-05,13.0070817,76.0992703,35.0,0.0,0.170913066,0.0,311.504,35.0,0.0,0.3999999999999999,5,Summer
Karnataka,Hassan,2017-06,13.0070817,76.0992703,16.0,0.0,0.2201276374,5.0,303.6866666,25.333333333333332,0.0,-0.5428571428571429,6,Monsoon
Karnataka,Hassan,2017-07,13.0070817,76.0992703,2015.0,0.0,0.30070929,2.0,306.71000000000004,688.6666666666666,0.0,124.9375,7,Monsoon
Karnataka,Hassan,2017-08,13.0070817,76.0992703,26.0,0.0,0.1875091292,7.0,305.82,685.6666666666666,0.0,-0.9870967741935484,8,Monsoon
Karnataka,Hassan,2017-09,13.0070817,76.0992703,4.0,2.0,0.2711384885,12.0,301.5266666,681.6666666666666,0.6666666666666666,-0.8461538461538461,9,Monsoon
Karnataka,Hassan,2018-05,13.0070817,76.0992703,15.0,0.0,0.6991572395,11.0,301.57,15.0,0.6666666666666666,2.75,5,Summer
Karnataka,Hassan,2019-01,13.0070817,76.0992703,28.0,0.0,8.92e-05,7.0,305.464,15.666666666666666,0.6666666666666666,0.8666666666666667,1,Winter
Karnataka,Hassan,2019-03,13.0070817,76.0992703,15.0,0.0,0.003303466915,7.0,311.428,19.333333333333332,0.0,-0.4642857142857143,3,Summer
Karnataka,Hassan,2019-06,13.0070817,76.0992703,6011.0,0.0,0.27395605515,6.0,303.3225,2018.0,0.0,399.73333333333335,6,Monsoon
Karnataka,Hassan,2019-11,13.0070817,76.0992703,39.0,0.0,0.03567280058,13.0,301.056,2021.6666666666667,0.0,-0.9935118948594244,11,Post-Monsoon
Karnataka,Hassan,2020-04,13.0070817,76.0992703,17.0,0.0,0.08969011065,8.0,310.248,2022.3333333333333,0.0,-0.5641025641025641,4,Summer
Karnataka,Hassan,2020-11,13.0070817,76.0992703,37.0,0.0,0.01716113645,16.0,301.036,31.0,0.0,1.176470588235294,11,Post-Monsoon
Karnataka,Hassan,2021-02,13.0070817,76.0992703,14.0,0.0,0.0006280313912,0.0,304.448,22.666666666666668,0.0,-0.6216216216216216,2,Winter
Karnataka,Hassan,2022-04,13.0070817,76.0992703,4040.0,0.0,0.051877781114,10.0,303.8075,1363.6666666666667,0.0,287.57142857142856,4,Summer
Karnataka,Hassan,2022-05,13.0070817,76.0992703,20.0,0.0,0.1548253362,0.0,302.324,1358.0,0.0,-0.995049504950495,5,Summer
Karnataka,Haveri,2009-08,14.7874825,75.3996731,82.0,0.0,0.4083501786,0.0,295.0666666,82.0,0.0,0.0,8,Monsoon
Karnataka,Haveri,2009-10,14.7874825,75.3996731,2521.0,0.0,1.99491862555,6.5,147.885,1301.5,0.0,29.74390243902439,10,Post-Monsoon
Karnataka,Haveri,2011-05,14.7874825,75.3996731,12.0,0.0,0.09915531393,24.0,304.996,871.6666666666666,0.0,-0.9952399841332804,5,Summer
Karnataka,Haveri,2011-06,14.7874825,75.3996731,13.0,0.0,0.9349355541,5.0,0.0,848.6666666666666,0.0,0.08333333333333326,6,Monsoon
Karnataka,Haveri,2011-07,14.7874825,75.3996731,10.0,0.0,2.526187658,0.0,294.52,11.666666666666666,0.0,-0.23076923076923073,7,Monsoon
Karnataka,Haveri,2011-11,14.7874825,75.3996731,54.0,0.0,0.06889091659,25.0,298.515,25.666666666666668,0.0,4.4,11,Post-Monsoon
Karnataka,Haveri,2012-01,14.7874825,75.3996731,62.0,0.0,0.007740531519,13.0,300.60400000000004,42.0,0.0,0.14814814814814814,1,Winter
Karnataka,Haveri,2012-02,14.7874825,75.3996731,30.0,0.0,8.75e-05,18.0,303.2266666,48.666666666666664,0.0,-0.5161290322580645,2,Winter
Karnataka,Haveri,2012-05,14.7874825,75.3996731,2512.0,0.0,0.0976552928075,21.0,303.60333330000003,868.0,0.0,82.73333333333333,5,Summer
Karnataka,Haveri,2013-03,14.7874825,75.3996731,72.0,1.0,0.05220078404,18.0,307.4966666,871.3333333333334,0.3333333333333333,-0.9713375796178344,3,Summer
Karnataka,Haveri,2013-07,14.7874825,75.3996731,15.0,0.0,1.818451938,3.0,0.0,866.3333333333334,0.3333333333333333,-0.7916666666666666,7,Monsoon
Karnataka,Haveri,2013-09,14.7874825,75.3996731,24.0,0.0,0.1798263374,20.0,298.3466666,37.0,0.3333333333333333,0.6000000000000001,9,Monsoon
Karnataka,Haveri,2013-10,14.7874825,75.3996731,14.0,0.0,0.8517434263,27.0,298.40000000000003,17.666666666666668,0.0,-0.41666666666666663,10,Post-Monsoon
Karnataka,Haveri,2013-11,14.7874825,75.3996731,50.0,0.0,0.009238923566,0.0,301.056,29.333333333333332,0.0,2.5714285714285716,11,Post-Monsoon
Karnataka,Haveri,2014-03,14.7874825,75.3996731,63.0,0.0,0.0009976202588,0.0,309.7466666,42.333333333333336,0.0,0.26,3,Summer
Karnataka,Haveri,2014-10,14.7874825,75.3996731,1310.0,0.0,0.49320860624999996,14.5,300.5025,474.3333333333333,0.0,19.793650793650794,10,Post-Monsoon
Karnataka,Haveri,2014-11,14.7874825,75.3996731,15.0,0.0,4.98e-05,19.0,298.088,462.6666666666667,0.0,-0.9885496183206107,11,Post-Monsoon
Karnataka,Haveri,2015-01,14.7874825,75.3996731,10.0,0.0,4.16e-05,14.0,301.6266666,445.0,0.0,-0.33333333333333337,1,Winter
Karnataka,Haveri,2015-07,14.7874825,75.3996731,4314.0,0.0,0.4946589217,0.0,297.94,1446.3333333333333,0.0,430.4,7,Monsoon
Karnataka,Haveri,2015-08,14.7874825,75.3996731,27.0,0.0,0.194807854,24.0,296.925,1450.3333333333333,0.0,-0.9937413073713491,8,Monsoon
Karnataka,Haveri,2016-02,14.7874825,75.3996731,1313.0,0.0,0.0003251037678,0.0,306.8266666,1884.6666666666667,0.0,47.629629629629626,2,Winter
Karnataka,Haveri,2016-03,14.7874825,75.3996731,24.0,0.0,0.006549313166,0.0,308.2933334,454.6666666666667,0.0,-0.9817212490479817,3,Summer
Karnataka,Haveri,2016-08,14.7874825,75.3996731,16.0,0.0,1.237900123,7.0,0.0,451.0,0.0,-0.33333333333333337,8,Monsoon
Karnataka,Haveri,2016-09,14.7874825,75.3996731,21.0,0.0,0.5420854062,7.0,0.0,20.333333333333332,0.0,0.3125,9,Monsoon
Karnataka,Haveri,2016-10,14.7874825,75.3996731,65.0,0.0,0.1668701217,26.0,298.96,34.0,0.0,2.0952380952380953,10,Post-Monsoon
Karnataka,Haveri,2017-04,14.7874825,75.3996731,14.0,0.0,0.03111928673,0.0,308.4966666,33.333333333333336,0.0,-0.7846153846153846,4,Summer
Karnataka,Haveri,2017-05,14.7874825,75.3996731,28.0,0.0,0.1321517983,0.0,309.24333340000004,35.666666666666664,0.0,1.0,5,Summer
Karnataka,Haveri,2017-06,14.7874825,75.3996731,31.0,0.0,0.5294294941,9.0,305.5466666,24.333333333333332,0.0,0.1071428571428572,6,Monsoon
Karnataka,Haveri,2017-08,14.7874825,75.3996731,1431.0,0.0,0.74444179605,14.5,149.065,496.6666666666667,0.0,45.16129032258065,8,Monsoon
Karnataka,Haveri,2018-02,14.7874825,75.3996731,26.0,0.0,3.28e-05,13.0,304.404,496.0,0.0,-0.9818308874912649,2,Winter
Karnataka,Haveri,2018-05,14.7874825,75.3996731,17.0,0.0,0.2815893183,10.0,300.705,491.3333333333333,0.0,-0.34615384615384615,5,Summer
Karnataka,Haveri,2018-06,14.7874825,75.3996731,13.0,0.0,0.3708185645,14.0,302.54,18.666666666666668,0.0,-0.23529411764705888,6,Monsoon
Karnataka,Haveri,2018-07,14.7874825,75.3996731,5015.0,0.0,0.793741432,1.5,0.0,1681.6666666666667,0.0,384.7692307692308,7,Monsoon
Karnataka,Haveri,2018-09,14.7874825,75.3996731,18.0,0.0,0.007379255122,26.0,300.68,1682.0,0.0,-0.9964107676969093,9,Monsoon
Karnataka,Haveri,2018-12,14.7874825,75.3996731,25.0,0.0,0.004688353514,13.0,300.98,1686.0,0.0,0.38888888888888884,12,Winter
Karnataka,Haveri,2019-01,14.7874825,75.3996731,13.0,0.0,0.0002796250378,12.0,300.84000000000003,18.666666666666668,0.0,-0.48,1,Winter
Karnataka,Haveri,2019-03,14.7874825,75.3996731,65.0,0.0,0.04261680977,19.0,307.188,34.333333333333336,0.0,4.0,3,Summer
Karnataka,Haveri,2019-06,14.7874825,75.3996731,33.0,0.0,0.4827226115,0.0,298.48,37.0,0.0,-0.49230769230769234,6,Monsoon
Karnataka,Haveri,2019-07,14.7874825,75.3996731,6354.0,0.0,1.0233543921,6.0,149.705,2150.6666666666665,0.0,191.54545454545453,7,Monsoon
Karnataka,Haveri,2022-03,14.7874825,75.3996731,2536.0,0.0,0.0011761856440000002,20.0,307.04200000000003,2974.3333333333335,0.0,-0.6008813345923827,3,Summer
Karnataka,Kalaburagi,2015-04,17.166667,77.083333,82.0,0.0,0.01748067822,0.0,317.4633334,82.0,0.0,0.0,4,Summer
Karnataka,Kalaburagi,2016-10,17.166667,77.083333,17.0,0.0,6.02e-05,13.0,307.152,49.5,0.0,-0.7926829268292683,10,Post-Monsoon
Karnataka,Kalaburagi,2017-06,17.166667,77.083333,23353828.0,0.0,1.222161589975,1.0,77.17,7784642.333333333,0.0,1373753.5882352942,6,Monsoon
Karnataka,Kalaburagi,2017-07,17.166667,77.083333,24.0,0.0,1.271991719,0.0,302.2,7784623.0,0.0,-0.9999989723312169,7,Monsoon
Karnataka,Kalaburagi,2017-10,17.166667,77.083333,17221925.0,0.0,0.44071367299,9.5,303.5145,13525259.0,0.0,717579.2083333334,10,Post-Monsoon
Karnataka,Kalaburagi,2018-01,17.166667,77.083333,55.0,0.0,4.34e-05,6.5,306.588,5740668.0,0.0,-0.9999968063964975,1,Winter
Karnataka,Kalaburagi,2018-04,17.166667,77.083333,22.0,0.0,0.001087584582,3.0,322.6533334,5740667.333333333,0.0,-0.6,4,Summer
Karnataka,Kalaburagi,2018-05,17.166667,77.083333,39.0,0.0,0.07397282498,0.0,317.03000000000003,38.666666666666664,0.0,0.7727272727272727,5,Summer
Karnataka,Kalaburagi,2018-06,17.166667,77.083333,50.0,0.0,0.9179569282,3.0,314.90000000000003,37.0,0.0,0.28205128205128216,6,Monsoon
Karnataka,Kalaburagi,2018-09,17.166667,77.083333,28.0,0.0,0.1273356553,16.0,306.0466666,39.0,0.0,-0.43999999999999995,9,Monsoon
Karnataka,Kalaburagi,2018-11,17.166667,77.083333,33.0,0.0,5.29e-05,0.0,312.312,37.0,0.0,0.1785714285714286,11,Post-Monsoon
Karnataka,Kalaburagi,2018-12,17.166667,77.083333,37.0,0.0,0.007915876432,6.0,306.94,32.666666666666664,0.0,0.1212121212121211,12,Winter
Karnataka,Kalaburagi,2019-06,17.166667,77.083333,2140.0,0.0,0.11036722762000001,2.5,315.68,736.6666666666666,0.0,56.83783783783784,6,Monsoon
Karnataka,Kalaburagi,2019-09,17.166667,77.083333,2523.0,0.0,0.93595979695,4.0,0.0,1566.6666666666667,0.0,0.17897196261682247,9,Monsoon
Karnataka,Kalaburagi,2019-10,17.166667,77.083333,6027.0,0.0,0.40478433235,0.0,302.555,3563.3333333333335,0.0,1.3888228299643282,10,Post-Monsoon
Karnataka,Kalaburagi,2019-11,17.166667,77.083333,2112.0,0.0,0.007256945323150001,16.0,304.3016667,3554.0,0.0,-0.6495769039323046,11,Post-Monsoon
Karnataka,Kalaburagi,2020-02,17.166667,77.083333,35.0,0.0,0.00297749847,0.0,312.9066666,2724.6666666666665,0.0,-0.9834280303030303,2,Winter
Karnataka,Kalaburagi,2021-10,17.166667,77.083333,155.0,0.0,0.479176252,15.0,302.46,767.3333333333334,0.0,3.428571428571429,10,Post-Monsoon
Karnataka,Kalaburagi,2021-12,17.166667,77.083333,14.0,0.0,0.006512980139,9.0,303.34000000000003,68.0,0.0,-0.9096774193548387,12,Winter
Karnataka,Kalaburagi,2022-05,17.166667,77.083333,144.0,0.0,0.006687553635,3.0,318.132,104.33333333333333,0.0,9.285714285714286,5,Summer
Karnataka,Kalaburagi,2022-06,17.166667,77.083333,16.0,0.0,0.009536169368,0.0,315.56,58.0,0.0,-0.8888888888888888,6,Monsoon
Karnataka,Kalaburgi,2018-01,17.31506295,76.83148612,85.0,0.0,9.23e-05,5.0,305.13,85.0,0.0,0.0,1,Winter
Karnataka,Kalaburgi,2019-09,17.31506295,76.83148612,12.0,0.0,0.1665694378,11.0,305.1533334,48.5,0.0,-0.8588235294117648,9,Monsoon
Karnataka,Kalaburgi,2019-10,17.31506295,76.83148612,3360.0,0.0,0.4642879491,0.0,301.42,1152.3333333333333,0.0,279.0,10,Post-Monsoon
Karnataka,Kalaburgi (Gulbarga),2016-07,17.31506295,76.83148612,18.0,0.0,0.6289542189,3.0,0.0,18.0,0.0,0.0,7,Monsoon
Karnataka,Kalburgi,2015-04,17.166667,77.083333,22.0,1.0,0.001001715921,0.0,320.9633334,22.0,1.0,0.0,4,Summer
Karnataka,Kalburgi,2015-05,17.166667,77.083333,5317.0,0.0,0.0073834882409,2.0,318.30666670000005,2669.5,0.5,240.6818181818182,5,Summer
Karnataka,Kalburgi,2015-06,17.166667,77.083333,156.0,0.0,0.687426363,2.0,318.38,1831.6666666666667,0.3333333333333333,-0.9706601466992665,6,Monsoon
Karnataka,Kalburgi,2015-07,17.166667,77.083333,23.0,0.0,0.02482665559,3.0,312.79,1832.0,0.0,-0.8525641025641025,7,Monsoon
Karnataka,Kalburgi,2021-08,17.166667,77.083333,46.0,0.0,0.5430774122,7.0,0.0,75.0,0.0,1.0,8,Monsoon
Karnataka,Kodagu,2009-09,12.38217745,75.66531992,9.0,2.0,0.8888429839,24.0,298.66,9.0,2.0,0.0,9,Monsoon
Karnataka,Kodagu,2010-08,12.38217745,75.66531992,22.0,0.0,2.301587439,7.0,296.40000000000003,15.5,1.0,1.4444444444444446,8,Monsoon
Karnataka,Kodagu,2010-12,12.38217745,75.66531992,5.0,2.0,0.03366392864,0.0,297.245,12.0,1.3333333333333333,-0.7727272727272727,12,Winter
Karnataka,Kodagu,2011-02,12.38217745,75.66531992,204.0,1.0,5.1e-05,0.0,301.73,77.0,1.0,39.8,2,Winter
Karnataka,Kodagu,2011-04,12.38217745,75.66531992,16.0,0.0,0.5232196598,28.0,306.51,75.0,1.0,-0.9215686274509804,4,Summer
Karnataka,Kodagu,2012-07,12.38217745,75.66531992,12.0,0.0,1.315590081,12.0,303.44,77.33333333333333,0.3333333333333333,-0.25,7,Monsoon
Karnataka,Kolar,2010-04,13.1367201,78.1337246,12.0,0.0,0.01115520086,0.0,309.0866666,12.0,0.0,0.0,4,Summer
Karnataka,Kolar,2010-06,13.1367201,78.1337246,28.0,0.0,0.4200000067,10.0,304.34000000000003,20.0,0.0,1.3333333333333335,6,Monsoon
Karnataka,Kolar,2010-10,13.1367201,78.1337246,50.0,3.0,0.2063165732,0.0,303.39,30.0,1.0,0.7857142857142858,10,Post-Monsoon
Karnataka,Kolar,2010-11,13.1367201,78.1337246,13.0,0.0,0.5835292488,8.0,297.55333340000004,30.333333333333332,1.0,-0.74,11,Post-Monsoon
Karnataka,Kolar,2011-03,13.1367201,78.1337246,21.0,1.0,0.005400195014,0.0,309.376,28.0,1.3333333333333333,0.6153846153846154,3,Summer
Karnataka,Kolar,2011-05,13.1367201,78.1337246,12.0,0.0,0.04706139085,10.0,305.9633334,15.333333333333334,0.3333333333333333,-0.4285714285714286,5,Summer
Karnataka,Kolar,2012-05,13.1367201,78.1337246,20.0,0.0,0.02268053704,0.0,306.616,17.666666666666668,0.3333333333333333,0.6666666666666667,5,Summer
Karnataka,Kolar,2012-11,13.1367201,78.1337246,5391.0,0.0,0.0002290093862,11.0,303.464,1807.6666666666667,0.0,268.55,11,Post-Monsoon
Karnataka,Kolar,2013-04,13.1367201,78.1337246,23.0,0.0,0.006552201117,0.0,310.9533334,1811.3333333333333,0.0,-0.9957336301242812,4,Summer
Karnataka,Kolar,2013-05,13.1367201,78.1337246,21161414.0,0.0,0.1962685734025,6.5,310.40875,7055609.333333333,0.0,920060.4782608695,5,Summer
Karnataka,Kolar,2013-06,13.1367201,78.1337246,42.0,0.0,0.1006295903,7.0,306.16,7053826.333333333,0.0,-0.9999980152555022,6,Monsoon
Karnataka,Kolar,2013-08,13.1367201,78.1337246,44.0,0.0,0.1059743327,6.0,307.01,7053833.333333333,0.0,0.04761904761904767,8,Monsoon
Karnataka,Kolar,2013-09,13.1367201,78.1337246,221413.0,0.0,0.4844817499233333,7.666666666666667,203.083,73833.0,0.0,5031.113636363636,9,Monsoon
Karnataka,Kolar,2013-10,13.1367201,78.1337246,23.0,0.0,0.4646247216,12.0,302.02,73826.66666666667,0.0,-0.9998961217272698,10,Post-Monsoon
Karnataka,Kolar,2014-05,13.1367201,78.1337246,15.0,0.0,0.247025253,7.0,309.26,73817.0,0.0,-0.34782608695652173,5,Summer
Karnataka,Kolar,2014-08,13.1367201,78.1337246,48.0,1.0,0.4409721508,0.0,309.82,28.666666666666668,0.3333333333333333,2.2,8,Monsoon
Karnataka,Kolar,2014-09,13.1367201,78.1337246,2236.0,1.0,0.24840787595,6.0,153.88,766.3333333333334,0.6666666666666666,45.583333333333336,9,Monsoon
Karnataka,Kolar,2014-10,13.1367201,78.1337246,20.0,0.0,0.6437505132,10.0,303.575,768.0,0.6666666666666666,-0.9910554561717353,10,Post-Monsoon
Karnataka,Kolar,2014-12,13.1367201,78.1337246,23.0,0.0,0.09701726259,0.0,302.2066666,759.6666666666666,0.3333333333333333,0.1499999999999999,12,Winter
Karnataka,Kolar,2015-05,13.1367201,78.1337246,66.0,0.0,0.533721342,9.0,304.5866666,36.333333333333336,0.0,1.8695652173913042,5,Summer
Karnataka,Kolar,2015-06,13.1367201,78.1337246,2753.0,0.0,0.3998907465,11.0,307.71,947.3333333333334,0.0,40.71212121212121,6,Monsoon
Karnataka,Kolar,2015-07,13.1367201,78.1337246,49.0,0.0,0.05295033987,7.0,307.62,956.0,0.0,-0.9822012350163458,7,Monsoon
Karnataka,Kolar,2015-08,13.1367201,78.1337246,1924.0,0.0,0.3524937651,8.0,307.15000000000003,1575.3333333333333,0.0,38.265306122448976,8,Monsoon
Karnataka,Kolar,2015-10,13.1367201,78.1337246,38.0,0.0,0.0003733410855,12.0,306.632,670.3333333333334,0.0,-0.9802494802494802,10,Post-Monsoon
Karnataka,Kolar,2016-06,13.1367201,78.1337246,5.0,0.0,0.7027168798,7.0,306.68,655.6666666666666,0.0,-0.868421052631579,6,Monsoon
Karnataka,Kolar,2016-08,13.1367201,78.1337246,28.0,0.0,0.4500734702,0.0,299.82,23.666666666666668,0.0,4.6,8,Monsoon
Karnataka,Kolar,2016-09,13.1367201,78.1337246,23.0,0.0,0.09665757873,9.0,306.66,18.666666666666668,0.0,-0.1785714285714286,9,Monsoon
Karnataka,Kolar,2017-02,13.1367201,78.1337246,48.0,0.0,0.0001148005372,0.0,308.384,33.0,0.0,1.0869565217391304,2,Winter
Karnataka,Kolar,2017-06,13.1367201,78.1337246,70.0,0.0,0.1600123614,9.0,305.7066666,47.0,0.0,0.45833333333333326,6,Monsoon
Karnataka,Kolar,2019-06,13.1367201,78.1337246,23.0,0.0,0.6459420959,10.0,306.7266666,47.0,0.0,-0.6714285714285715,6,Monsoon
Karnataka,Kolar,2021-02,13.1367201,78.1337246,43.0,0.0,0.1233345256,8.0,303.528,45.333333333333336,0.0,0.8695652173913044,2,Winter
Karnataka,Kolar,2022-06,13.1367201,78.1337246,13.0,0.0,0.1031526961,13.0,305.2066666,26.333333333333332,0.0,-0.6976744186046512,6,Monsoon
Karnataka,Koppal,2009-07,15.3484144,76.1547421,3542.0,0.0,0.1677695141,4.0,0.0,3542.0,0.0,0.0,7,Monsoon
Karnataka,Koppal,2009-08,15.3484144,76.1547421,2626.0,0.0,0.05754802396,4.0,306.6266666,3084.0,0.0,-0.2586109542631282,8,Monsoon
Karnataka,Koppal,2009-09,15.3484144,76.1547421,36.0,0.0,0.2901426965,8.0,297.16,2068.0,0.0,-0.9862909367859863,9,Monsoon
Karnataka,Koppal,2010-04,15.3484144,76.1547421,2310.0,0.0,0.014065336368,5.5,315.2263333,1657.3333333333333,0.0,63.16666666666667,4,Summer
Karnataka,Koppal,2010-07,15.3484144,76.1547421,11.0,0.0,0.6510764482,3.0,0.0,785.6666666666666,0.0,-0.9952380952380953,7,Monsoon
Karnataka,Koppal,2010-09,15.3484144,76.1547421,10.0,0.0,0.106953595,6.0,301.43,777.0,0.0,-0.09090909090909094,9,Monsoon
Karnataka,Koppal,2011-02,15.3484144,76.1547421,4072.0,0.0,2.84e-05,5.0,307.22,1364.3333333333333,0.0,406.2,2,Winter
Karnataka,Koppal,2011-04,15.3484144,76.1547421,14.0,0.0,0.02226015918,7.0,314.05,1365.3333333333333,0.0,-0.9965618860510805,4,Summer
Karnataka,Koppal,2011-07,15.3484144,76.1547421,2833.0,0.0,0.256857266,4.0,302.38,2306.3333333333335,0.0,201.35714285714286,7,Monsoon
Karnataka,Koppal,2012-04,15.3484144,76.1547421,104.0,0.0,0.06150317098,4.0,312.99,983.6666666666666,0.0,-0.9632897987998588,4,Summer
Karnataka,Koppal,2012-09,15.3484144,76.1547421,16.0,0.0,0.0651922313,8.0,301.868,984.3333333333334,0.0,-0.8461538461538461,9,Monsoon
Karnataka,Koppal,2013-06,15.3484144,76.1547421,32.0,0.0,0.1384388139,3.0,305.885,50.666666666666664,0.0,1.0,6,Monsoon
Karnataka,Koppal,2013-08,15.3484144,76.1547421,27367531.0,0.0,0.20408290607500001,2.25,303.415,9122526.333333334,0.0,855234.34375,8,Monsoon
Karnataka,Koppal,2013-09,15.3484144,76.1547421,1919.0,0.0,0.56194448875,12.0,303.9791667,9123160.666666666,0.0,-0.9999298804119378,9,Monsoon
Karnataka,Koppal,2014-07,15.3484144,76.1547421,24.0,0.0,0.7893956956,3.0,302.16,9123158.0,0.0,-0.9874934861907243,7,Monsoon
Karnataka,Koppal,2014-09,15.3484144,76.1547421,18.0,0.0,0.2291705405,9.0,304.36,653.6666666666666,0.0,-0.25,9,Monsoon
Karnataka,Koppal,2015-07,15.3484144,76.1547421,24.0,1.0,0.05781604817,4.0,307.315,22.0,0.3333333333333333,0.33333333333333326,7,Monsoon
Karnataka,Koppal,2016-06,15.3484144,76.1547421,111713.0,0.0,0.19405524998,3.3333333333333335,312.1566666666667,37251.666666666664,0.3333333333333333,4653.708333333333,6,Monsoon
Karnataka,Koppal,2016-07,15.3484144,76.1547421,56.0,0.0,0.1997034943,3.0,0.0,37264.333333333336,0.3333333333333333,-0.9994987154583621,7,Monsoon
Karnataka,Koppal,2016-09,15.3484144,76.1547421,21.0,0.0,0.8230239189,4.0,0.0,37263.333333333336,0.0,-0.625,9,Monsoon
Karnataka,Koppal,2019-05,15.3484144,76.1547421,49.0,0.0,0.004287511142,3.0,316.74,42.0,0.0,1.3333333333333335,5,Summer
Karnataka,Mandya,2009-11,12.5238888,76.8961961,51.0,1.0,1.31990027,7.0,297.62,51.0,1.0,0.0,11,Post-Monsoon
Karnataka,Mandya,2010-05,12.5238888,76.8961961,24.0,0.0,0.1862156877,11.0,305.05333340000004,37.5,0.5,-0.5294117647058824,5,Summer
Karnataka,Mandya,2010-11,12.5238888,76.8961961,35.0,1.0,0.6768394778,14.0,297.99333340000004,36.666666666666664,0.6666666666666666,0.45833333333333326,11,Post-Monsoon
Karnataka,Mandya,2011-05,12.5238888,76.8961961,42.0,0.0,0.1299463155,0.0,304.67,33.666666666666664,0.3333333333333333,0.19999999999999996,5,Summer
Karnataka,Mandya,2011-08,12.5238888,76.8961961,2016.0,0.0,0.6991117119,1.0,0.0,697.6666666666666,0.3333333333333333,47.0,8,Monsoon
Karnataka,Mandya,2012-04,12.5238888,76.8961961,172914.0,0.0,0.2237502824066667,5.333333333333333,308.4642222,58324.0,0.0,84.77083333333333,4,Summer
Karnataka,Mandya,2012-05,12.5238888,76.8961961,25.0,0.0,0.1829032262,11.0,304.35,58318.333333333336,0.0,-0.9998554194570711,5,Summer
Karnataka,Mandya,2012-06,12.5238888,76.8961961,4112.0,0.0,0.18892378255,8.0,305.91999999999996,59017.0,0.0,163.48,6,Monsoon
Karnataka,Mandya,2012-11,12.5238888,76.8961961,12.0,0.0,0.05954296318,0.0,300.416,1383.0,0.0,-0.9970817120622568,11,Post-Monsoon
Karnataka,Mandya,2013-05,12.5238888,76.8961961,52.0,0.0,0.2012237413,0.0,309.975,1392.0,0.0,3.333333333333333,5,Summer
Karnataka,Mandya,2013-06,12.5238888,76.8961961,8038.0,0.0,0.53323923225,2.5,303.19,2700.6666666666665,0.0,153.57692307692307,6,Monsoon
Karnataka,Mandya,2013-07,12.5238888,76.8961961,15.0,0.0,0.2619368899,0.0,297.86,2701.6666666666665,0.0,-0.9981338641453098,7,Monsoon
Karnataka,Mandya,2013-10,12.5238888,76.8961961,226.0,0.0,0.3210568671,10.0,301.15500000000003,2759.6666666666665,0.0,14.066666666666666,10,Post-Monsoon
Karnataka,Mandya,2013-11,12.5238888,76.8961961,39.0,0.0,0.1767140603,15.0,300.396,93.33333333333333,0.0,-0.8274336283185841,11,Post-Monsoon
Karnataka,Mandya,2014-04,12.5238888,76.8961961,28.0,0.0,0.0001786908948,0.0,311.9466666,97.66666666666667,0.0,-0.28205128205128205,4,Summer
Karnataka,Mandya,2016-01,12.5238888,76.8961961,19.0,0.0,0.02558807215,8.0,302.66,28.666666666666668,0.0,-0.3214285714285714,1,Winter
Karnataka,Mandya,2016-06,12.5238888,76.8961961,3150.0,0.0,0.53302070505,5.5,304.71000000000004,1065.6666666666667,0.0,164.78947368421052,6,Monsoon
Karnataka,Mandya,2016-08,12.5238888,76.8961961,2828.0,0.0,0.1056179559,7.0,304.76,1999.0,0.0,-0.10222222222222221,8,Monsoon
Karnataka,Mandya,2017-01,12.5238888,76.8961961,6520.0,0.0,5.365e-05,3.0,305.1783333,4166.0,0.0,1.3055162659123054,1,Winter
Karnataka,Mandya,2017-04,12.5238888,76.8961961,15.0,0.0,0.1119295581,8.0,306.04400000000004,3121.0,0.0,-0.9976993865030674,4,Summer
Karnataka,Mandya,2017-05,12.5238888,76.8961961,60.0,0.0,0.07972766786,0.0,311.21,2198.3333333333335,0.0,3.0,5,Summer
Karnataka,Mandya,2017-06,12.5238888,76.8961961,28.0,0.0,0.4289524388,6.0,300.18,34.333333333333336,0.0,-0.5333333333333333,6,Monsoon
Karnataka,Mandya,2017-09,12.5238888,76.8961961,111.0,0.0,0.5440129053,11.0,302.18,66.33333333333333,0.0,2.9642857142857144,9,Monsoon
Karnataka,Mandya,2017-10,12.5238888,76.8961961,11.0,0.0,0.2048545801,9.0,296.536,50.0,0.0,-0.9009009009009009,10,Post-Monsoon
Karnataka,Mandya,2019-07,12.5238888,76.8961961,19.0,0.0,0.5058077133,4.0,307.32,47.0,0.0,0.7272727272727273,7,Monsoon
Karnataka,Mandya,2021-02,12.5238888,76.8961961,26.0,0.0,0.0001563311037,8.0,303.812,18.666666666666668,0.0,0.368421052631579,2,Winter
Karnataka,Mandya,2022-06,12.5238888,76.8961961,14.0,0.0,0.0585492164,9.0,303.26,19.666666666666668,0.0,-0.46153846153846156,6,Monsoon
Karnataka,Mangalore,2011-03,12.8698101,74.8430082,28.0,1.0,0.007782872932,22.0,306.356,28.0,1.0,0.0,3,Summer
Karnataka,Mysore,2010-04,12.3051828,76.6553609,5.0,0.0,0.3193126372,0.0,308.40500000000003,5.0,0.0,0.0,4,Summer
Karnataka,Mysore,2010-06,12.3051828,76.6553609,17.0,0.0,0.5189039267,11.0,303.3766666,11.0,0.0,2.4,6,Monsoon
Karnataka,Mysore,2011-04,12.3051828,76.6553609,12162126.0,0.0,0.23924804109925,8.25,309.50125,4054049.3333333335,0.0,715418.1764705882,4,Summer
Karnataka,Mysore,2011-06,12.3051828,76.6553609,3317.0,0.0,0.7136435808499999,4.5,301.225,4055153.3333333335,0.0,-0.999727268077966,6,Monsoon
Karnataka,Mysore,2012-03,12.3051828,76.6553609,12.0,0.0,0.0001503895409,0.0,308.184,4055151.6666666665,0.0,-0.996382273138378,3,Summer
Karnataka,Mysore,2012-04,12.3051828,76.6553609,181.0,0.0,0.006427930948,7.0,312.02,1170.0,0.0,14.083333333333334,4,Summer
Karnataka,Mysore,2012-05,12.3051828,76.6553609,3644.0,0.0,0.07198429007,4.0,306.0126667,1279.0,0.0,19.132596685082873,5,Summer
Karnataka,Mysore,2013-04,12.3051828,76.6553609,129.0,0.0,0.0279683846,6.0,313.4266666,1318.0,0.0,-0.9645993413830956,4,Summer
Karnataka,Mysore,2013-05,12.3051828,76.6553609,2446361121.0,0.0,0.20238776671999997,6.4,306.46973332000005,815454964.6666666,0.0,18964038.69767442,5,Summer
Karnataka,Mysore,2013-06,12.3051828,76.6553609,231011.0,0.0,0.9534816533333333,2.0,102.16000000000001,815530753.6666666,0.0,-0.9999055695424454,6,Monsoon
Karnataka,Mysore,2013-08,12.3051828,76.6553609,1416.0,0.0,0.392584956,5.5,150.09,815531182.6666666,0.0,-0.9938704217548082,8,Monsoon
Karnataka,Mysore,2014-04,12.3051828,76.6553609,33.0,0.0,0.04065912015,7.0,314.085,77486.66666666667,0.0,-0.9766949152542372,4,Summer
Karnataka,Mysore,2014-05,12.3051828,76.6553609,32.0,0.0,0.04793818271,10.0,307.315,493.6666666666667,0.0,-0.030303030303030276,5,Summer
Karnataka,Mysore,2014-06,12.3051828,76.6553609,15.0,0.0,0.1786120892,7.0,0.0,26.666666666666668,0.0,-0.53125,6,Monsoon
Karnataka,Mysore,2014-07,12.3051828,76.6553609,66.0,0.0,1.221592079,0.0,0.0,37.666666666666664,0.0,3.4000000000000004,7,Monsoon
Karnataka,Mysore,2016-02,12.3051828,76.6553609,33.0,0.0,5.89e-05,10.0,306.79200000000003,38.0,0.0,-0.5,2,Winter
Karnataka,Mysuru,2015-11,12.3051828,76.6553609,6565.0,0.0,0.6656072342,8.0,148.93,6565.0,0.0,0.0,11,Post-Monsoon
Karnataka,Mysuru,2016-01,12.3051828,76.6553609,40.0,0.0,3.35e-05,13.0,302.54400000000004,3302.5,0.0,-0.993907083015994,1,Winter
Karnataka,Mysuru,2016-03,12.3051828,76.6553609,4040.0,0.0,8.34e-05,0.0,312.47,3548.3333333333335,0.0,100.0,3,Summer
Karnataka,Mysuru,2016-04,12.3051828,76.6553609,3022.0,0.0,0.006936743657,7.0,315.4556667,2367.3333333333335,0.0,-0.251980198019802,4,Summer
Karnataka,Mysuru,2017-04,12.3051828,76.6553609,40.0,0.0,0.1757524902,8.0,307.705,2367.3333333333335,0.0,-0.986763732627399,4,Summer
Karnataka,Mysuru,2019-03,12.3051828,76.6553609,61.0,0.0,0.004683109691,7.0,313.856,1041.0,0.0,0.5249999999999999,3,Summer
Karnataka,Mysuru,2019-11,12.3051828,76.6553609,5810.0,0.0,0.3720231507,27.0,300.5866666,1970.3333333333333,0.0,94.24590163934427,11,Post-Monsoon
Karnataka,Mysuru,2020-01,12.3051828,76.6553609,37.0,0.0,0.0003671647281,15.0,303.016,1969.3333333333333,0.0,-0.993631669535284,1,Winter
Karnataka,Mysuru,2021-09,12.3051828,76.6553609,13.0,0.0,0.07497948777,10.0,304.67,1953.3333333333333,0.0,-0.6486486486486487,9,Monsoon
Karnataka,Mysuru,2022-05,12.3051828,76.6553609,41.0,0.0,0.1448342286,12.0,301.868,30.333333333333332,0.0,2.1538461538461537,5,Summer
Karnataka,Raichur,2010-02,16.083333,77.166667,46.0,0.0,5.4e-05,0.0,307.896,46.0,0.0,0.0,2,Winter
Karnataka,Raichur,2011-04,16.083333,77.166667,24.0,0.0,0.08251434248,6.0,316.796,35.0,0.0,-0.4782608695652174,4,Summer
Karnataka,Raichur,2011-07,16.083333,77.166667,1817.0,0.0,0.47453906185,3.0,155.46,629.0,0.0,74.70833333333333,7,Monsoon
Karnataka,Raichur,2012-03,16.083333,77.166667,19.0,1.0,0.0002889213578,0.0,317.112,620.0,0.3333333333333333,-0.9895432030820033,3,Summer
Karnataka,Raichur,2012-04,16.083333,77.166667,31.0,0.0,0.02457086849,4.0,314.42,622.3333333333334,0.3333333333333333,0.631578947368421,4,Summer
Karnataka,Raichur,2013-03,16.083333,77.166667,3054.0,0.0,3.05e-05,6.0,314.736,1034.6666666666667,0.3333333333333333,97.51612903225806,3,Summer
Karnataka,Raichur,2013-04,16.083333,77.166667,95.0,0.0,3.08e-05,4.0,320.72,1060.0,0.0,-0.9688932547478717,4,Summer
Karnataka,Raichur,2013-08,16.083333,77.166667,40202021.0,0.0,0.5985343698750001,0.75,74.825,13401723.333333334,0.0,423178.16842105263,8,Monsoon
Karnataka,Raichur,2013-10,16.083333,77.166667,1615.0,0.0,0.056832103854999996,18.0,305.36166660000004,13401243.666666666,0.0,-0.9999598278902446,10,Post-Monsoon
Karnataka,Raichur,2014-03,16.083333,77.166667,303220.0,0.0,0.01219046693233333,5.333333333333333,309.684,13502285.333333334,0.0,186.75232198142416,3,Summer
Karnataka,Raichur,2014-06,16.083333,77.166667,506.0,0.0,0.0756798985,0.0,311.936,101780.33333333333,0.0,-0.9983312446408549,6,Monsoon
Karnataka,Raichur,2014-08,16.083333,77.166667,104.0,1.0,0.0882070196,6.0,312.04,101276.66666666667,0.3333333333333333,-0.7944664031620553,8,Monsoon
Karnataka,Raichur,2014-10,16.083333,77.166667,2242.0,0.0,0.2300996231295,16.5,304.844,950.6666666666666,0.3333333333333333,20.557692307692307,10,Post-Monsoon
Karnataka,Raichur,2014-11,16.083333,77.166667,72.0,0.0,0.0100554877,12.0,302.04,806.0,0.3333333333333333,-0.967885816235504,11,Post-Monsoon
Karnataka,Raichur,2015-04,16.083333,77.166667,15.0,0.0,0.3718947415,5.0,307.86,776.3333333333334,0.0,-0.7916666666666666,4,Summer
Karnataka,Raichur,2015-05,16.083333,77.166667,9.0,0.0,0.03347972318,4.0,317.86,32.0,0.0,-0.4,5,Summer
Karnataka,Raichur,2015-07,16.083333,77.166667,5926.0,0.0,0.026721983535,3.0,309.3483333,1983.3333333333333,0.0,657.4444444444445,7,Monsoon
Karnataka,Raichur,2016-06,16.083333,77.166667,19.0,0.0,0.6693297443,0.0,296.22,1984.6666666666667,0.0,-0.996793790077624,6,Monsoon
Karnataka,Raichur,2016-08,16.083333,77.166667,36.0,0.0,0.03971997321,7.0,306.53000000000003,1993.6666666666667,0.0,0.894736842105263,8,Monsoon
Karnataka,Raichur,2017-04,16.083333,77.166667,14.0,0.0,7.11e-05,5.0,319.64,23.0,0.0,-0.6111111111111112,4,Summer
Karnataka,Raichur,2017-06,16.083333,77.166667,4.0,0.0,0.03419328942,0.0,314.46,18.0,0.0,-0.7142857142857143,6,Monsoon
Karnataka,Raichur,2017-09,16.083333,77.166667,11.0,0.0,0.34379597,0.0,303.42,9.666666666666666,0.0,1.75,9,Monsoon
Karnataka,Raichur,2018-11,16.083333,77.166667,12.0,0.0,5.29e-05,0.0,311.576,9.0,0.0,0.09090909090909083,11,Post-Monsoon
Karnataka,Raichur,2019-04,16.083333,77.166667,7.0,0.0,0.001452589777,3.0,322.428,10.0,0.0,-0.41666666666666663,4,Summer
Karnataka,Raichur,2019-07,16.083333,77.166667,4.0,0.0,0.2706563897,3.0,310.54,7.666666666666667,0.0,-0.4285714285714286,7,Monsoon
Karnataka,Raichur,2019-11,16.083333,77.166667,15.0,0.0,0.1166670188,0.0,305.168,8.666666666666666,0.0,2.75,11,Post-Monsoon
Karnataka,Raichur,2019-12,16.083333,77.166667,7.0,0.0,0.1333712912,0.0,304.072,8.666666666666666,0.0,-0.5333333333333333,12,Winter
Karnataka,Raichur,2020-02,16.083333,77.166667,6.0,0.0,5.82e-05,7.0,310.66400000000004,9.333333333333334,0.0,-0.1428571428571429,2,Winter
Karnataka,Raichur,2020-03,16.083333,77.166667,15.0,0.0,0.001050071649,7.0,312.60400000000004,9.333333333333334,0.0,1.5,3,Summer
Karnataka,Raichur,2020-04,16.083333,77.166667,42.0,0.0,0.05949866626,6.0,316.736,21.0,0.0,1.7999999999999998,4,Summer
Karnataka,Raichur,2020-12,16.083333,77.166667,29.0,0.0,0.0004314396273,10.0,304.98400000000004,28.666666666666668,0.0,-0.30952380952380953,12,Winter
Karnataka,Raichur,2021-01,16.083333,77.166667,1311.0,0.0,1.5484999999999998e-05,4.0,305.79766670000004,460.6666666666667,0.0,44.206896551724135,1,Winter
Karnataka,Raichur,2021-02,16.083333,77.166667,18.0,0.0,7.82e-05,7.0,306.61333340000004,452.6666666666667,0.0,-0.9862700228832952,2,Winter
Karnataka,Raichur,2022-05,16.083333,77.166667,321.0,3.0,0.0016348589,4.0,310.876,550.0,1.0,16.833333333333332,5,Summer
Karnataka,Ramanagar,2014-06,16.811241,75.7114214,19.0,0.0,0.09214621759,0.0,311.64,19.0,0.0,0.0,6,Monsoon
Karnataka,Ramanagara,2011-07,12.7252766,77.2804797,1616.0,0.0,0.2616385256,6.0,304.94,1616.0,0.0,0.0,7,Monsoon
Karnataka,Ramanagara,2011-08,12.7252766,77.2804797,19.0,0.0,1.051534091,4.0,0.0,817.5,0.0,-0.9882425742574258,8,Monsoon
Karnataka,Ramanagara,2012-05,12.7252766,77.2804797,41.0,0.0,0.4853331735,9.0,304.33,558.6666666666666,0.0,1.1578947368421053,5,Summer
Karnataka,Ramanagara,2015-03,12.7252766,77.2804797,36.0,0.0,0.01896294392,7.0,308.435,32.0,0.0,-0.12195121951219512,3,Summer
Karnataka,Ramanagara,2015-05,12.7252766,77.2804797,8.0,0.0,0.542609589,10.0,302.7133334,28.333333333333332,0.0,-0.7777777777777778,5,Summer
Karnataka,Ramanagara,2015-09,12.7252766,77.2804797,18.0,0.0,0.02718189489,15.0,302.085,20.666666666666668,0.0,1.25,9,Monsoon
Karnataka,Ramanagara,2016-02,12.7252766,77.2804797,27.0,0.0,6.89e-05,0.0,305.896,17.666666666666668,0.0,0.5,2,Winter
Karnataka,Ramanagara,2016-07,12.7252766,77.2804797,84.0,0.0,0.08884931667,6.0,297.1,43.0,0.0,2.111111111111111,7,Monsoon
Karnataka,Ramanagara,2016-08,12.7252766,77.2804797,4341.0,0.0,0.1180023052,3.0,298.8866667,1484.0,0.0,50.67857142857143,8,Monsoon
Karnataka,Ramanagara,2017-03,12.7252766,77.2804797,23.0,0.0,0.04138586992,6.0,307.856,1482.6666666666667,0.0,-0.994701681640175,3,Summer
Karnataka,Ramanagara,2017-07,12.7252766,77.2804797,1934.0,0.0,0.31953367115,0.0,304.2033333,2099.3333333333335,0.0,83.08695652173913,7,Monsoon
Karnataka,Ramanagara,2018-01,12.7252766,77.2804797,33.0,0.0,0.0003598093465,0.0,304.788,663.3333333333334,0.0,-0.9829369183040331,1,Winter
Karnataka,Ramanagara,2018-06,12.7252766,77.2804797,52.0,0.0,0.5952799922,9.0,300.47,673.0,0.0,0.5757575757575757,6,Monsoon
Karnataka,Ramanagara,2019-08,12.7252766,77.2804797,87.0,0.0,0.2647096714,8.0,0.0,57.333333333333336,0.0,0.6730769230769231,8,Monsoon
Karnataka,Ramanagara,2020-03,12.7252766,77.2804797,62.0,0.0,0.0001834974605,7.0,311.1433334,67.0,0.0,-0.28735632183908044,3,Summer
Karnataka,Shimoga,2011-01,13.9326093,75.574978,28.0,0.0,0.0003410643847,8.0,301.44,28.0,0.0,0.0,1,Winter
Karnataka,Shimoga,2013-05,13.9326093,75.574978,19322222.0,0.0,0.10121914556,9.5,307.264,9661125.0,0.0,690078.3571428572,5,Summer
Karnataka,Shimoga,2013-06,13.9326093,75.574978,42.0,0.0,0.4859653322,0.0,0.0,6440764.0,0.0,-0.9999978263369502,6,Monsoon
Karnataka,Shimoga,2013-07,13.9326093,75.574978,16.0,0.0,1.218428846,2.0,0.0,6440760.0,0.0,-0.6190476190476191,7,Monsoon
Karnataka,Shimoga,2014-05,13.9326093,75.574978,31.0,0.0,0.0008555537395,14.0,306.7233334,29.666666666666668,0.0,0.9375,5,Summer
Karnataka,Shimoga,2015-04,13.9326093,75.574978,3818.0,0.0,0.033684816325,12.0,308.95000000000005,1288.3333333333333,0.0,122.16129032258064,4,Summer
Karnataka,Shimoga,2015-05,13.9326093,75.574978,45.0,0.0,0.3822371089,13.0,301.395,1298.0,0.0,-0.9882137244630697,5,Summer
Karnataka,Shimoga,2015-06,13.9326093,75.574978,16.0,0.0,0.7811891202,4.0,0.0,1293.0,0.0,-0.6444444444444444,6,Monsoon
Karnataka,Shimoga,2015-11,13.9326093,75.574978,4350.0,0.0,0.4269258731,14.0,300.11,1470.3333333333333,0.0,270.875,11,Post-Monsoon
Karnataka,Shimoga,2016-06,13.9326093,75.574978,6414.0,0.0,0.56841255655,3.0,309.295,3593.3333333333335,0.0,0.47448275862068967,6,Monsoon
Karnataka,Shimoga,2016-12,13.9326093,75.574978,26.0,0.0,0.0001870727494,6.0,306.25333340000003,3596.6666666666665,0.0,-0.9959463673214842,12,Winter
Karnataka,Shimoga,2017-09,13.9326093,75.574978,18.0,0.0,0.8462083696,17.0,299.5666666,2152.6666666666665,0.0,-0.3076923076923077,9,Monsoon
Karnataka,Shimoga,2018-02,13.9326093,75.574978,5412.0,3.0,0.0167784893805,3.5,305.70000000000005,1818.6666666666667,1.0,299.6666666666667,2,Winter
Karnataka,Shimoga,2018-08,13.9326093,75.574978,19.0,0.0,0.2462196016,15.0,295.76,1816.3333333333333,1.0,-0.9964892830746489,8,Monsoon
Karnataka,Shimoga,2019-06,13.9326093,75.574978,32.0,0.0,0.142101161,11.0,307.99333340000004,1821.0,1.0,0.6842105263157894,6,Monsoon
Karnataka,Shivamogga,2016-01,13.9326093,75.574978,12.0,0.0,7.73e-06,7.0,304.8,12.0,0.0,0.0,1,Winter
Karnataka,Shivamogga,2018-06,13.9326093,75.574978,11.0,0.0,0.4231431664,10.0,302.26,11.5,0.0,-0.08333333333333337,6,Monsoon
Karnataka,Shivamogga,2018-12,13.9326093,75.574978,170.0,0.0,0.0006016571436,7.0,303.684,64.33333333333333,0.0,14.454545454545455,12,Winter
Karnataka,Shivamogga,2022-05,13.9326093,75.574978,85.0,0.0,0.01528495932,16.0,302.1966666,88.66666666666667,0.0,-0.5,5,Summer
Karnataka,Shivamogga,2022-06,13.9326093,75.574978,45.0,0.0,0.1825781613,12.0,301.66,100.0,0.0,-0.47058823529411764,6,Monsoon
Karnataka,Tumakuru,2020-01,13.3400771,77.1006208,15.0,0.0,0.02698392215,8.0,301.34000000000003,15.0,0.0,0.0,1,Winter
Karnataka,Tumakuru,2022-03,13.3400771,77.1006208,27.0,0.0,6.49e-05,7.0,308.4633334,21.0,0.0,0.8,3,Summer
Karnataka,Tumakuru,2022-05,13.3400771,77.1006208,13.0,0.0,0.1539146664,9.0,304.56,18.333333333333332,0.0,-0.5185185185185186,5,Summer
Karnataka,Tumkur,2009-06,13.3400771,77.1006208,1010.0,6.0,0.2868031124,0.0,305.7066666,1010.0,6.0,0.0,6,Monsoon
Karnataka,Tumkur,2009-09,13.3400771,77.1006208,25.0,0.0,0.3599459233,0.0,301.3533334,517.5,3.0,-0.9752475247524752,9,Monsoon
Karnataka,Tumkur,2010-01,13.3400771,77.1006208,26.0,0.0,0.1174521109,6.0,302.696,353.6666666666667,2.0,0.040000000000000036,1,Winter
Karnataka,Tumkur,2010-04,13.3400771,77.1006208,63.0,0.0,0.1481715215,8.0,309.884,38.0,0.0,1.423076923076923,4,Summer
Karnataka,Tumkur,2010-06,13.3400771,77.1006208,6.0,1.0,0.1902162296,10.0,305.388,31.666666666666668,0.3333333333333333,-0.9047619047619048,6,Monsoon
Karnataka,Tumkur,2010-07,13.3400771,77.1006208,5097.0,0.0,0.2839371757,2.5,301.37,1722.0,0.3333333333333333,848.5,7,Monsoon
Karnataka,Tumkur,2010-10,13.3400771,77.1006208,50.0,0.0,0.5690810838,0.0,301.41,1717.6666666666667,0.3333333333333333,-0.9901903080243281,10,Post-Monsoon
Karnataka,Tumkur,2010-11,13.3400771,77.1006208,14.0,0.0,0.2840473305,10.0,299.885,1720.3333333333333,0.0,-0.72,11,Post-Monsoon
Karnataka,Tumkur,2011-04,13.3400771,77.1006208,25.0,0.0,0.1759958813,8.0,308.656,29.666666666666668,0.0,0.7857142857142858,4,Summer
Karnataka,Tumkur,2011-05,13.3400771,77.1006208,20.0,0.0,0.0328835695,8.0,309.59000000000003,19.666666666666668,0.0,-0.19999999999999996,5,Summer
Karnataka,Tumkur,2011-07,13.3400771,77.1006208,15.0,0.0,0.3013353432,0.0,305.86,20.0,0.0,-0.25,7,Monsoon
Karnataka,Tumkur,2011-11,13.3400771,77.1006208,337.0,0.0,0.2684606019,8.0,301.12,124.0,0.0,21.466666666666665,11,Post-Monsoon
Karnataka,Tumkur,2012-04,13.3400771,77.1006208,27265716.0,1.0,0.23502342333825002,4.5,310.96500000000003,9088689.333333334,0.3333333333333333,80906.16913946587,4,Summer
Karnataka,Tumkur,2012-05,13.3400771,77.1006208,4512591211.0,0.0,0.0315031631746,6.4,307.57360000000006,1513285754.6666667,0.3333333333333333,164.5042255629744,5,Summer
Karnataka,Tumkur,2012-06,13.3400771,77.1006208,70.0,0.0,0.1015759834,7.0,307.02,1513285665.6666667,0.3333333333333333,-0.9999999844878482,6,Monsoon
Karnataka,Tumkur,2012-07,13.3400771,77.1006208,30.0,0.0,0.2349863903,0.0,306.29,1504197103.6666667,0.0,-0.5714285714285714,7,Monsoon
Karnataka,Tumkur,2013-01,13.3400771,77.1006208,2676.0,0.0,6.0950000000000004e-05,0.0,307.20799999999997,925.3333333333334,0.0,88.2,1,Winter
Karnataka,Tumkur,2013-03,13.3400771,77.1006208,27.0,0.0,3.82e-05,6.0,312.892,911.0,0.0,-0.9899103139013453,3,Summer
Karnataka,Tumkur,2013-04,13.3400771,77.1006208,15104425.0,0.0,0.026704279052175,3.0,315.6295,5035709.333333333,0.0,559422.1481481482,4,Summer
Karnataka,Tumkur,2013-06,13.3400771,77.1006208,253145.0,0.0,0.48578386170000004,2.3333333333333335,101.91666666666667,5119199.0,0.0,-0.9832403418203606,6,Monsoon
Karnataka,Tumkur,2013-07,13.3400771,77.1006208,1534.0,0.0,0.37018553255,4.0,152.58,5119701.333333333,0.0,-0.9939402318829129,7,Monsoon
Karnataka,Tumkur,2013-11,13.3400771,77.1006208,11.0,0.0,0.001289629646,10.0,304.372,84896.66666666667,0.0,-0.9928292046936115,11,Post-Monsoon
Karnataka,Tumkur,2014-05,13.3400771,77.1006208,2622.0,0.0,0.33985295652,7.5,310.944,1389.0,0.0,237.36363636363637,5,Summer
Karnataka,Tumkur,2014-06,13.3400771,77.1006208,20312520.0,0.0,0.176328554875,6.75,303.78500005,6771717.666666667,0.0,7745.95652173913,6,Monsoon
Karnataka,Tumkur,2014-07,13.3400771,77.1006208,3318402218.0,0.0,0.31391790852,3.6,243.9864,1112905786.6666667,0.0,162.3673329552414,7,Monsoon
Karnataka,Tumkur,2014-08,13.3400771,77.1006208,18.0,0.0,0.1473087852,3.0,304.52,1112904918.6666667,0.0,-0.9999999945757028,8,Monsoon
Karnataka,Tumkur,2014-09,13.3400771,77.1006208,51.0,0.0,0.5507075275,6.0,0.0,1106134095.6666667,0.0,1.8333333333333335,9,Monsoon
Karnataka,Tumkur,2015-01,13.3400771,77.1006208,11.0,0.0,0.0006444705188,6.0,304.288,26.666666666666668,0.0,-0.7843137254901961,1,Winter
Karnataka,Tumkur,2015-04,13.3400771,77.1006208,7114.0,0.0,0.1861886107,8.0,308.64,2392.0,0.0,645.7272727272727,4,Summer
Karnataka,Tumkur,2015-05,13.3400771,77.1006208,384612231635.0,0.0,0.17483022989,6.0,307.7225,128204079586.66667,0.0,54064130.520241775,5,Summer
Karnataka,Tumkur,2015-06,13.3400771,77.1006208,3240.0,0.0,0.50774934705,8.0,150.655,128204080663.0,0.0,-0.9999999915759309,6,Monsoon
Karnataka,Tumkur,2015-07,13.3400771,77.1006208,21.0,0.0,0.1264339372,8.0,304.28000000000003,128204078298.66667,0.0,-0.9935185185185185,7,Monsoon
Karnataka,Tumkur,2015-08,13.3400771,77.1006208,18.0,0.0,0.3810709887,9.0,304.77,1093.0,0.0,-0.1428571428571429,8,Monsoon
Karnataka,Tumkur,2015-09,13.3400771,77.1006208,231615.0,0.0,0.6149725015933333,10.0,303.66833333333335,77218.0,0.0,12866.5,9,Monsoon
Karnataka,Tumkur,2015-10,13.3400771,77.1006208,21.0,0.0,0.4118845203,16.0,301.7266666,77218.0,0.0,-0.999909332297131,10,Post-Monsoon
Karnataka,Tumkur,2016-05,13.3400771,77.1006208,71.0,0.0,7.24e-05,7.0,316.904,77235.66666666667,0.0,2.380952380952381,5,Summer
Karnataka,Tumkur,2016-06,13.3400771,77.1006208,1949.0,1.0,0.47254304955,3.0,303.3225,680.3333333333334,0.3333333333333333,26.450704225352112,6,Monsoon
Karnataka,Tumkur,2016-07,13.3400771,77.1006208,2317.0,0.0,0.39008424855,6.0,0.0,1445.6666666666667,0.3333333333333333,0.1888147768086199,7,Monsoon
Karnataka,Tumkur,2016-08,13.3400771,77.1006208,30.0,0.0,0.1366665503,7.0,301.295,1432.0,0.3333333333333333,-0.9870522227017695,8,Monsoon
Karnataka,Tumkur,2016-09,13.3400771,77.1006208,2114.0,0.0,0.09476907757,5.5,305.58000000000004,1487.0,0.0,69.46666666666667,9,Monsoon
Karnataka,Tumkur,2016-10,13.3400771,77.1006208,25.0,0.0,0.1751609768,11.0,307.995,723.0,0.0,-0.9881740775780511,10,Post-Monsoon
Karnataka,Tumkur,2017-01,13.3400771,77.1006208,25.0,0.0,0.1186286328,5.0,306.5,721.3333333333334,0.0,0.0,1,Winter
Karnataka,Tumkur,2017-02,13.3400771,77.1006208,35.0,0.0,3.36e-05,6.0,309.216,28.333333333333332,0.0,0.3999999999999999,2,Winter
Karnataka,Tumkur,2017-04,13.3400771,77.1006208,1313.0,0.0,0.0056574677602499995,6.0,313.69000000000005,457.6666666666667,0.0,36.51428571428571,4,Summer
Karnataka,Tumkur,2017-05,13.3400771,77.1006208,39.0,0.0,0.2094716422,8.0,305.86,462.3333333333333,0.0,-0.9702970297029703,5,Summer
Karnataka,Tumkur,2017-06,13.3400771,77.1006208,73132330.0,0.0,0.26990465802499997,4.25,228.6366667,24377894.0,0.0,1875186.9487179487,6,Monsoon
Karnataka,Tumkur,2017-07,13.3400771,77.1006208,34.0,0.0,0.1679182584,5.0,304.12,24377467.666666668,0.0,-0.9999995350893374,7,Monsoon
Karnataka,Tumkur,2017-08,13.3400771,77.1006208,5632482515.0,0.0,0.34069921764,4.0,120.76000000000002,1901871626.3333333,0.0,165661249.44117647,8,Monsoon
Karnataka,Tumkur,2017-09,13.3400771,77.1006208,302210.0,0.0,0.42028735496666664,4.666666666666667,305.74666666666667,1877594919.6666667,0.0,-0.9999463451507936,9,Monsoon
Karnataka,Tumkur,2017-10,13.3400771,77.1006208,3181.0,0.0,0.5755016337500001,11.5,150.374,1877595968.6666667,0.0,-0.9894742066774759,10,Post-Monsoon
Karnataka,Tumkur,2018-03,13.3400771,77.1006208,13.0,0.0,0.4398618066,0.0,308.205,101801.33333333333,0.0,-0.9959132348318139,3,Summer
Karnataka,Tumkur,2018-04,13.3400771,77.1006208,92.0,0.0,0.003319928221,8.0,310.088,1095.3333333333333,0.0,6.076923076923077,4,Summer
Karnataka,Tumkur,2018-11,13.3400771,77.1006208,21.0,0.0,0.09549042497,11.0,302.425,42.0,0.0,-0.7717391304347826,11,Post-Monsoon
Karnataka,Tumkur,2019-01,13.3400771,77.1006208,137.0,0.0,8.61e-05,0.0,305.3433334,83.33333333333333,0.0,5.523809523809524,1,Winter
Karnataka,Tumkur,2019-03,13.3400771,77.1006208,49.0,0.0,0.0002054410762,6.0,312.9366666,69.0,0.0,-0.6423357664233577,3,Summer
Karnataka,Tumkur,2019-08,13.3400771,77.1006208,1421.0,1.0,0.31838292255,5.5,153.17000000000002,535.6666666666666,0.3333333333333333,28.0,8,Monsoon
Karnataka,Tumkur,2019-09,13.3400771,77.1006208,2231.0,0.0,0.51128416895,6.5,300.9333333,1233.6666666666667,0.3333333333333333,0.5700211118930332,9,Monsoon
Karnataka,Tumkur,2019-10,13.3400771,77.1006208,2033.0,0.0,0.83827192365,11.0,300.996,1895.0,0.3333333333333333,-0.0887494397131331,10,Post-Monsoon
Karnataka,Tumkur,2019-11,13.3400771,77.1006208,15184914161914.0,1.0,0.19001766990000002,14.428571428571429,300.10866665714286,5061638055392.667,0.3333333333333333,7469215031.91392,11,Post-Monsoon
Karnataka,Tumkur,2020-08,13.3400771,77.1006208,31.0,0.0,0.8928106134,3.0,0.0,5061638054659.333,0.3333333333333333,-0.9999999999979585,8,Monsoon
Karnataka,Tumkur,2020-11,13.3400771,77.1006208,30.0,0.0,0.1394223998,12.0,300.065,5061638053991.667,0.3333333333333333,-0.032258064516129004,11,Post-Monsoon
Karnataka,Tumkur,2021-08,13.3400771,77.1006208,63.0,0.0,0.4009891219,6.0,0.0,41.333333333333336,0.0,1.1,8,Monsoon
Karnataka,Tumkur,2022-05,13.3400771,77.1006208,13.0,0.0,0.44945788,9.0,303.58,35.333333333333336,0.0,-0.7936507936507937,5,Summer
Karnataka,Udupi,2010-04,13.3419169,74.7473232,7550.0,0.0,0.057159565455000005,17.0,306.252,7550.0,0.0,0.0,4,Summer
Karnataka,Udupi,2011-01,13.3419169,74.7473232,15.0,0.0,0.0001119022877,22.0,304.612,3782.5,0.0,-0.9980132450331126,1,Winter
Karnataka,Udupi,2011-04,13.3419169,74.7473232,13.0,0.0,0.2143703741,16.0,305.44,2526.0,0.0,-0.1333333333333333,4,Summer
Karnataka,Udupi,2011-07,13.3419169,74.7473232,130.0,0.0,3.118854669,4.0,0.0,52.666666666666664,0.0,9.0,7,Monsoon
Karnataka,Udupi,2011-09,13.3419169,74.7473232,10.0,0.0,5.564746436,0.0,294.1,51.0,0.0,-0.9230769230769231,9,Monsoon
Karnataka,Udupi,2012-03,13.3419169,74.7473232,38.0,0.0,0.002505923217,14.0,303.37,59.333333333333336,0.0,2.8,3,Summer
Karnataka,Udupi,2013-06,13.3419169,74.7473232,11.0,0.0,4.426548237,2.0,0.0,19.666666666666668,0.0,-0.7105263157894737,6,Monsoon
Karnataka,Udupi,2014-06,13.3419169,74.7473232,10.0,0.0,1.943347978,13.0,301.92,19.666666666666668,0.0,-0.09090909090909094,6,Monsoon
Karnataka,Udupi,2014-07,13.3419169,74.7473232,15.0,0.0,4.06237796,0.0,299.1,12.0,0.0,0.5,7,Monsoon
Karnataka,Udupi,2015-06,13.3419169,74.7473232,176.0,0.0,0.3156843163,0.0,305.0,67.0,0.0,10.733333333333333,6,Monsoon
Karnataka,Udupi,2015-08,13.3419169,74.7473232,7.0,2.0,0.4823376214,14.0,300.61,66.0,0.6666666666666666,-0.9602272727272727,8,Monsoon
Karnataka,Udupi,2016-03,13.3419169,74.7473232,7.0,0.0,0.0203458745,0.0,304.88,63.333333333333336,0.6666666666666666,0.0,3,Summer
Karnataka,Udupi,2016-05,13.3419169,74.7473232,13.0,0.0,0.4378357045,18.0,303.24,9.0,0.6666666666666666,0.8571428571428572,5,Summer
Karnataka,Udupi,2016-06,13.3419169,74.7473232,20.0,0.0,1.153979421,10.0,303.37333340000004,13.333333333333334,0.0,0.5384615384615385,6,Monsoon
Karnataka,Udupi,2016-08,13.3419169,74.7473232,13.0,0.0,1.722122339,0.0,300.6,15.333333333333334,0.0,-0.35,8,Monsoon
Karnataka,Udupi,2016-12,13.3419169,74.7473232,16.0,0.0,0.0001395841599,25.0,302.624,16.333333333333332,0.0,0.23076923076923084,12,Winter
Karnataka,Udupi,2017-06,13.3419169,74.7473232,63.0,0.0,1.017164019,0.0,302.71500000000003,30.666666666666668,0.0,2.9375,6,Monsoon
Karnataka,Udupi,2018-06,13.3419169,74.7473232,57.0,0.0,3.235902898,7.0,0.0,45.333333333333336,0.0,-0.09523809523809523,6,Monsoon
Karnataka,Udupi,2019-02,13.3419169,74.7473232,8.0,0.0,0.004265874878,16.0,305.06,42.666666666666664,0.0,-0.8596491228070176,2,Winter
Karnataka,Udupi,2019-07,13.3419169,74.7473232,13.0,0.0,3.089131455,8.0,300.46,26.0,0.0,0.625,7,Monsoon
Karnataka,Udupi,2022-05,13.3419169,74.7473232,92.0,0.0,0.8331679728,0.0,302.55,37.666666666666664,0.0,6.076923076923077,5,Summer
Karnataka,Uttara Kannada,2010-05,14.72447415,74.64223734,40.0,0.0,0.1287411941,0.0,303.92,40.0,0.0,0.0,5,Summer
Karnataka,Uttara Kannada,2010-08,14.72447415,74.64223734,10.0,0.0,1.211412844,9.0,298.06,25.0,0.0,-0.75,8,Monsoon
Karnataka,Uttara Kannada,2011-04,14.72447415,74.64223734,83.0,0.0,0.04801188945,34.0,303.4766666,44.333333333333336,0.0,7.300000000000001,4,Summer
Karnataka,Uttara Kannada,2011-09,14.72447415,74.64223734,15.0,1.0,1.037688386,15.0,299.2,36.0,0.3333333333333333,-0.8192771084337349,9,Monsoon
Karnataka,Uttara Kannada,2012-08,14.72447415,74.64223734,20.0,0.0,1.794866666,2.0,299.86,39.333333333333336,0.3333333333333333,0.33333333333333326,8,Monsoon
Karnataka,Uttara Kannada,2012-09,14.72447415,74.64223734,66.0,0.0,1.124768659,0.0,300.33,33.666666666666664,0.3333333333333333,2.3,9,Monsoon
Karnataka,Uttara Kannada,2013-07,14.72447415,74.64223734,14.0,1.0,1.796459431,2.0,0.0,33.333333333333336,0.3333333333333333,-0.7878787878787878,7,Monsoon
Karnataka,Uttara Kannada,2016-05,14.72447415,74.64223734,1033.0,0.0,0.18694592069,29.5,304.836,371.0,0.3333333333333333,72.78571428571429,5,Summer
Karnataka,Uttara Kannada,2016-08,14.72447415,74.64223734,21.0,0.0,2.200098313,5.0,299.16,356.0,0.3333333333333333,-0.9796708615682478,8,Monsoon
Karnataka,Uttara Kannada,2019-07,14.72447415,74.64223734,20.0,0.0,1.685498884,8.0,0.0,358.0,0.0,-0.04761904761904767,7,Monsoon
Karnataka,Uttara Kannada,2019-08,14.72447415,74.64223734,43.0,0.0,1.296575106,3.0,300.64,28.0,0.0,1.15,8,Monsoon
Karnataka,Uttara Kannada,2019-11,14.72447415,74.64223734,20.0,0.0,0.2178832856,42.0,300.75,27.666666666666668,0.0,-0.5348837209302326,11,Post-Monsoon
Karnataka,Uttara Kannada,2019-12,14.72447415,74.64223734,14.0,0.0,0.03427887668,37.0,301.376,25.666666666666668,0.0,-0.30000000000000004,12,Winter
Karnataka,Vijapura,2015-01,16.8269911,75.7175387,13.0,0.0,0.0001286302995,5.0,305.512,13.0,0.0,0.0,1,Winter
Karnataka,Vijayapur,2015-04,16.8054103,75.7179353,2833.0,0.0,0.0027273056400000002,2.0,318.476,2833.0,0.0,0.0,4,Summer
Karnataka,Vijayapur,2016-03,16.8054103,75.7179353,11128.0,0.0,0.000221185141,3.0,320.35066670000003,6980.5,0.0,2.9279915284151077,3,Summer
Karnataka,Vijayapur,2016-11,16.8054103,75.7179353,10.0,0.0,0.0123252014,10.0,307.96,4657.0,0.0,-0.9991013659237958,11,Post-Monsoon
Karnataka,Vijayapur,2019-05,16.8054103,75.7179353,21.0,0.0,0.03798668708,3.0,315.448,3719.6666666666665,0.0,1.1,5,Summer
Karnataka,Vijayapur,2020-01,16.8054103,75.7179353,4848.0,0.0,0.06088962777,7.0,302.42,1626.3333333333333,0.0,229.85714285714286,1,Winter
Karnataka,Vijayapura,2017-08,16.666667,75.916667,20.0,0.0,0.3364169723,3.0,309.05,20.0,0.0,0.0,8,Monsoon
Karnataka,Vijayapura,2021-10,16.666667,75.916667,17.0,0.0,5.31e-05,13.0,306.076,18.5,0.0,-0.15000000000000002,10,Post-Monsoon
Karnataka,Vijayapura,2022-06,16.666667,75.916667,1316.0,0.0,0.08377228106000001,2.0,309.56800000000004,451.0,0.0,76.41176470588235,6,Monsoon
Karnataka,Yadgir,2013-01,16.7670964,77.1403984,21.0,0.0,5.12e-05,6.0,305.93,21.0,0.0,0.0,1,Winter
Karnataka,Yadgir,2013-03,16.7670964,77.1403984,16.0,0.0,3.21e-05,6.0,316.74333340000004,18.5,0.0,-0.23809523809523814,3,Summer
Karnataka,Yadgir,2013-04,16.7670964,77.1403984,109.0,0.0,0.0002385867716,5.0,320.228,48.666666666666664,0.0,5.8125,4,Summer
Karnataka,Yadgir,2013-05,16.7670964,77.1403984,18.0,0.0,0.0003869269016,0.0,314.856,47.666666666666664,0.0,-0.8348623853211009,5,Summer
Karnataka,Yadgir,2013-07,16.7670964,77.1403984,16301920.0,0.0,0.9884941675750001,1.75,152.835,5434015.666666667,0.0,905661.2222222222,7,Monsoon
Karnataka,Yadgiri,2011-02,16.7469536,77.1327594,66.0,0.0,4.12e-05,0.0,307.18,66.0,0.0,0.0,2,Winter
Karnataka,Yadgiri,2013-02,16.7469536,77.1327594,101.0,0.0,9.33e-05,6.0,311.69333340000003,83.5,0.0,0.5303030303030303,2,Winter
Karnataka,Yadgiri,2013-03,16.7469536,77.1327594,38.0,0.0,4.6e-05,0.0,314.644,68.33333333333333,0.0,-0.6237623762376238,3,Summer
Karnataka,Yadgiri,2013-07,16.7469536,77.1327594,15.0,0.0,0.1337317801,0.0,307.1,51.333333333333336,0.0,-0.6052631578947368,7,Monsoon
Karnataka,Yadgiri,2015-05,16.7469536,77.1327594,40.0,0.0,0.01680371033,5.0,314.75,31.0,0.0,1.6666666666666665,5,Summer
Karnataka,Yadgiri,2017-02,16.7469536,77.1327594,10.0,0.0,4.43e-05,7.0,308.056,21.666666666666668,0.0,-0.75,2,Winter
Karnataka,Yadgiri,2017-11,16.7469536,77.1327594,25.0,0.0,0.02984346,0.0,305.59000000000003,25.0,0.0,1.5,11,Post-Monsoon
Karnataka,Yadgiri,2018-03,16.7469536,77.1327594,23.0,0.0,6.24e-05,0.0,312.64,19.333333333333332,0.0,-0.07999999999999996,3,Summer
Karnataka,Yadgiri,2019-03,16.7469536,77.1327594,20.0,0.0,0.0001087863941,0.0,316.9133334,22.666666666666668,0.0,-0.13043478260869568,3,Summer
Karnataka,Yadgiri,2019-09,16.7469536,77.1327594,9.0,0.0,0.4594371424,0.0,300.7733334,17.333333333333332,0.0,-0.55,9,Monsoon
Karnataka,Yadgiri,2019-10,16.7469536,77.1327594,48.0,0.0,0.3777391155,0.0,302.385,25.666666666666668,0.0,4.333333333333333,10,Post-Monsoon
Karnataka,Yadgiri,2020-02,16.7469536,77.1327594,13.0,0.0,0.001953100681,0.0,308.4233334,23.333333333333332,0.0,-0.7291666666666667,2,Winter
Kerala,Alappuzha,2012-02,9.5006651,76.41241429,23.0,0.0,0.01407752493,0.0,302.78000000000003,23.0,0.0,0.0,2,Winter
Kerala,Alappuzha,2012-04,9.5006651,76.41241429,12.0,0.0,0.4179458287,15.0,302.476,17.5,0.0,-0.4782608695652174,4,Summer
Kerala,Alappuzha,2013-04,9.5006651,76.41241429,16.0,0.0,0.0834816022,21.0,303.8466666,17.0,0.0,0.33333333333333326,4,Summer
Kerala,Alappuzha,2013-05,9.5006651,76.41241429,10.0,0.0,0.4616282498,10.0,301.16,12.666666666666666,0.0,-0.375,5,Summer
Kerala,Alappuzha,2016-04,9.5006651,76.41241429,10.0,0.0,0.1614527834,25.0,302.692,12.0,0.0,0.0,4,Summer
Kerala,Alappuzha,2016-12,9.5006651,76.41241429,12.0,0.0,0.3212249717,34.0,302.2,10.666666666666666,0.0,0.19999999999999996,12,Winter
Kerala,Alappuzha,2017-06,9.5006651,76.41241429,8.0,0.0,1.965705483,0.0,304.16,10.0,0.0,-0.33333333333333337,6,Monsoon
Kerala,Alappuzha,2019-07,9.5006651,76.41241429,94.0,0.0,0.5964717478,21.0,298.86,38.0,0.0,10.75,7,Monsoon
Kerala,Alappuzha,2022-05,9.5006651,76.41241429,79.0,0.0,1.3277729778,12.0,149.6175,60.333333333333336,0.0,-0.15957446808510634,5,Summer
Kerala,Cannanore (Kannur),2018-04,11.8763836,75.3737973,41.0,1.0,0.0,23.0,303.932,41.0,1.0,0.0,4,Summer
Kerala,Ernakulam,2010-03,9.98408,76.2741457,9.0,0.0,0.06360179315,0.0,304.98,9.0,0.0,0.0,3,Summer
Kerala,Ernakulam,2011-06,9.98408,76.2741457,3.0,0.0,0.8872893945,20.0,298.85,6.0,0.0,-0.6666666666666667,6,Monsoon
Kerala,Ernakulam,2014-04,9.98408,76.2741457,15.0,0.0,0.2809742984,0.0,303.188,9.0,0.0,4.0,4,Summer
Kerala,Ernakulam,2014-08,9.98408,76.2741457,32.0,0.0,1.421237601,22.0,0.0,16.666666666666668,0.0,1.1333333333333333,8,Monsoon
Kerala,Ernakulam,2015-03,9.98408,76.2741457,18.0,0.0,0.02981573457,34.0,304.24,21.666666666666668,0.0,-0.4375,3,Summer
Kerala,Ernakulam,2015-04,9.98408,76.2741457,156.0,0.0,0.6876976766,0.0,303.5666666,68.66666666666667,0.0,7.666666666666666,4,Summer
Kerala,Ernakulam,2015-05,9.98408,76.2741457,14.0,0.0,1.663088349,10.0,0.0,62.666666666666664,0.0,-0.9102564102564102,5,Summer
Kerala,Ernakulam,2015-06,9.98408,76.2741457,1561825.0,0.0,1.1318196663333333,28.666666666666668,299.5205555333334,520665.0,0.0,111557.92857142857,6,Monsoon
Kerala,Ernakulam,2015-11,9.98408,76.2741457,260.0,0.0,1.486673325,21.0,304.1666666,520699.6666666667,0.0,-0.9998335280841324,11,Post-Monsoon
Kerala,Ernakulam,2015-12,9.98408,76.2741457,8615.0,0.0,0.372289295845,17.5,300.65,523566.6666666667,0.0,32.13461538461539,12,Winter
Kerala,Ernakulam,2016-02,9.98408,76.2741457,16.0,0.0,0.01937690434,0.0,305.16,2963.6666666666665,0.0,-0.9981427742309924,2,Winter
Kerala,Ernakulam,2016-03,9.98408,76.2741457,22.0,0.0,0.02103839556,35.0,305.42400000000004,2884.3333333333335,0.0,0.375,3,Summer
Kerala,Ernakulam,2016-04,9.98408,76.2741457,916.0,0.0,0.197316345,12.5,302.435,318.0,0.0,40.63636363636363,4,Summer
Kerala,Ernakulam,2016-05,9.98408,76.2741457,129.0,0.0,1.243686401,9.5,152.45000000000002,355.6666666666667,0.0,-0.8591703056768559,5,Summer
Kerala,Ernakulam,2016-06,9.98408,76.2741457,12.0,0.0,1.340526498,10.0,296.1,352.3333333333333,0.0,-0.9069767441860466,6,Monsoon
Kerala,Ernakulam,2016-07,9.98408,76.2741457,13.0,0.0,1.277379741,0.0,299.74,51.333333333333336,0.0,0.08333333333333326,7,Monsoon
Kerala,Ernakulam,2016-09,9.98408,76.2741457,1623.0,0.0,0.60765777155,16.5,300.34000000000003,549.3333333333334,0.0,123.84615384615384,9,Monsoon
Kerala,Ernakulam,2016-10,9.98408,76.2741457,17.0,0.0,0.169403714,24.0,301.752,551.0,0.0,-0.9895255699322243,10,Post-Monsoon
Kerala,Ernakulam,2016-12,9.98408,76.2741457,1716.0,0.0,0.3212249717,34.0,302.2,1118.6666666666667,0.0,99.94117647058823,12,Winter
Kerala,Ernakulam,2017-03,9.98408,76.2741457,351343.0,0.0,0.07884307548333334,10.333333333333334,304.6766666666667,117692.0,0.0,203.745337995338,3,Summer
Kerala,Ernakulam,2017-05,9.98408,76.2741457,14.0,0.0,0.9568227508,15.0,303.44,117691.0,0.0,-0.999960152899019,5,Summer
Kerala,Ernakulam,2018-04,9.98408,76.2741457,37.0,0.0,0.2008377022,24.0,303.78400000000005,117131.33333333333,0.0,1.6428571428571428,4,Summer
Kerala,Ernakulam,2018-05,9.98408,76.2741457,3739.0,0.0,0.9827143238,20.0,151.145,1263.3333333333333,0.0,100.05405405405405,5,Summer
Kerala,Ernakulam,2019-05,9.98408,76.2741457,3036.0,0.0,0.42460909835,10.0,303.335,2270.6666666666665,0.0,-0.18801818668093073,5,Summer
Kerala,Ernakulam,2019-06,9.98408,76.2741457,24.0,0.0,1.353752104,13.0,302.1,2266.3333333333335,0.0,-0.9920948616600791,6,Monsoon
Kerala,Ernakulam,2019-08,9.98408,76.2741457,15.0,0.0,1.541419047,6.0,298.74,1025.0,0.0,-0.375,8,Monsoon
Kerala,Ernakulam,2019-10,9.98408,76.2741457,1818.0,0.0,0.6994130118,31.0,302.855,619.0,0.0,120.2,10,Post-Monsoon
Kerala,Ernakulam,2019-11,9.98408,76.2741457,17.0,0.0,0.8733692722,36.0,303.4133334,616.6666666666666,0.0,-0.9906490649064906,11,Post-Monsoon
Kerala,Ernakulam,2020-04,9.98408,76.2741457,1743.0,0.0,0.14511369266,14.5,305.052,1192.6666666666667,0.0,101.52941176470588,4,Summer
Kerala,Ernakulam,2020-05,9.98408,76.2741457,20.0,0.0,0.5217521455,25.0,301.58,593.3333333333334,0.0,-0.9885255306942053,5,Summer
Kerala,Ernakulam,2021-01,9.98408,76.2741457,9223.0,0.0,0.2378102049,17.0,302.126,3662.0,0.0,460.15,1,Winter
Kerala,Ernakulam,2021-02,9.98408,76.2741457,26.0,0.0,0.077130138,37.0,303.536,3089.6666666666665,0.0,-0.9971809606418736,2,Winter
Kerala,Ernakulam,2021-03,9.98408,76.2741457,3719.0,0.0,0.06437195201,30.0,305.8633333,4322.666666666667,0.0,142.03846153846155,3,Summer
Kerala,Ernakulam,2021-04,9.98408,76.2741457,50.0,0.0,0.3541519613,27.0,303.65000000000003,1265.0,0.0,-0.986555525678946,4,Summer
Kerala,Ernakulam,2021-05,9.98408,76.2741457,24.0,1.0,0.6079043601,28.0,304.5,1264.3333333333333,0.3333333333333333,-0.52,5,Summer
Kerala,Ernakulam,2021-10,9.98408,76.2741457,61.0,0.0,1.379797856,32.0,301.78000000000003,45.0,0.3333333333333333,1.5416666666666665,10,Post-Monsoon
Kerala,Ernakulam,2021-12,9.98408,76.2741457,152414.0,0.0,0.12700494594333334,33.333333333333336,302.9893333333334,50833.0,0.3333333333333333,2497.590163934426,12,Winter
Kerala,Ernakulam,2022-02,9.98408,76.2741457,2121.0,0.0,0.05127556617,40.0,302.8933334,51532.0,0.0,-0.9860839555421418,2,Winter
Kerala,Ernakulam,2022-03,9.98408,76.2741457,162116.0,0.0,0.20700025611333336,22.666666666666668,303.22266666666667,105550.33333333333,0.0,75.43375766148043,3,Summer
Kerala,Ernakulam,2022-04,9.98408,76.2741457,69.0,0.0,0.3389977729,26.0,302.5733334,54768.666666666664,0.0,-0.9995743788398431,4,Summer
Kerala,Ernakulam,2022-05,9.98408,76.2741457,65.0,0.0,0.5794966868,0.0,300.8066666,54083.333333333336,0.0,-0.05797101449275366,5,Summer
Kerala,Idukki,2010-03,9.8497872,76.9797914,20.0,0.0,0.2618764544,44.0,303.7966666,20.0,0.0,0.0,3,Summer
Kerala,Idukki,2010-05,9.8497872,76.9797914,10.0,0.0,0.7124163658,36.0,300.36,15.0,0.0,-0.5,5,Summer
Kerala,Idukki,2012-01,9.8497872,76.9797914,4.0,0.0,0.02851955237,0.0,300.80400000000003,11.333333333333334,0.0,-0.6,1,Winter
Kerala,Idukki,2013-02,9.8497872,76.9797914,27.0,0.0,0.4091474477,48.0,302.504,13.666666666666666,0.0,5.75,2,Winter
Kerala,Idukki,2013-03,9.8497872,76.9797914,1122.0,0.0,0.183100077335,47.5,304.977,384.3333333333333,0.0,40.55555555555556,3,Summer
Kerala,Idukki,2013-04,9.8497872,76.9797914,15.0,0.0,0.1608826753,0.0,302.49333340000004,388.0,0.0,-0.9866310160427807,4,Summer
Kerala,Idukki,2015-04,9.8497872,76.9797914,16.0,0.0,0.3146914144,42.0,303.79,384.3333333333333,0.0,0.06666666666666665,4,Summer
Kerala,Idukki,2015-05,9.8497872,76.9797914,11.0,0.0,1.219305999,0.0,0.0,14.0,0.0,-0.3125,5,Summer
Kerala,Idukki,2016-02,9.8497872,76.9797914,14.0,0.0,0.1501876818,50.0,301.36,13.666666666666666,0.0,0.2727272727272727,2,Winter
Kerala,Idukki,2016-05,9.8497872,76.9797914,29.0,0.0,0.9974525153,34.0,300.26,18.0,0.0,1.0714285714285716,5,Summer
Kerala,Idukki,2018-04,9.8497872,76.9797914,25.0,1.0,0.3526171693,0.0,302.2333334,22.666666666666668,0.3333333333333333,-0.13793103448275867,4,Summer
Kerala,Idukki,2019-05,9.8497872,76.9797914,15.0,0.0,1.130569641,38.0,300.43,23.0,0.3333333333333333,-0.4,5,Summer
Kerala,Idukki,2019-07,9.8497872,76.9797914,10.0,0.0,0.7307986165,20.0,299.31,16.666666666666668,0.3333333333333333,-0.33333333333333337,7,Monsoon
Kerala,Kannur,2009-06,11.8763836,75.3737973,14.0,0.0,0.0,0.0,301.2466666,14.0,0.0,0.0,6,Monsoon
Kerala,Kannur,2010-05,11.8763836,75.3737973,2380.0,0.0,0.0,0.0,301.3933334,1197.0,0.0,169.0,5,Summer
Kerala,Kannur,2015-03,11.8763836,75.3737973,41.0,0.0,0.0,28.0,305.26,811.6666666666666,0.0,-0.9827731092436974,3,Summer
Kerala,Kannur,2017-04,11.8763836,75.3737973,5353.0,0.0,0.0,22.0,303.92,2591.3333333333335,0.0,129.5609756097561,4,Summer
Kerala,Kannur,2018-04,11.8763836,75.3737973,32.0,0.0,0.0,0.0,302.63,1808.6666666666667,0.0,-0.9940220437138053,4,Summer
Kerala,Kannur,2019-04,11.8763836,75.3737973,20.0,0.0,0.0,0.0,306.6,1801.6666666666667,0.0,-0.375,4,Summer
Kerala,Kannur,2019-06,11.8763836,75.3737973,3.0,0.0,0.0,0.0,304.0666666,18.333333333333332,0.0,-0.85,6,Monsoon
Kerala,Kannur,2020-06,11.8763836,75.3737973,17494.0,4.0,0.0,4.0,301.56,5839.0,1.3333333333333333,5830.333333333333,6,Monsoon
Kerala,Kannur,2020-07,11.8763836,75.3737973,35.0,0.0,0.0,0.0,299.12,5844.0,1.3333333333333333,-0.9979993140505317,7,Monsoon
Kerala,Kannur,2020-12,11.8763836,75.3737973,16.0,0.0,0.0,0.0,303.365,5848.333333333333,1.3333333333333333,-0.5428571428571429,12,Winter
Kerala,Kannur,2021-05,11.8763836,75.3737973,32.0,0.0,0.0,26.0,301.71500000000003,27.666666666666668,0.0,1.0,5,Summer
Kerala,Kasaragod,2015-06,12.5035577,74.9907022,33.0,1.0,0.5665897706,0.0,298.02,33.0,1.0,0.0,6,Monsoon
Kerala,Kasaragod,2016-07,12.5035577,74.9907022,75.0,0.0,1.698260094,0.0,304.7,54.0,0.5,1.272727272727273,7,Monsoon
Kerala,Kasaragod,2018-03,12.5035577,74.9907022,53.0,0.0,0.08893042082,48.0,303.68333340000004,53.666666666666664,0.3333333333333333,-0.29333333333333333,3,Summer
Kerala,Kasaragod,2018-05,12.5035577,74.9907022,11.0,1.0,0.6504201472,32.0,301.4733334,46.333333333333336,0.3333333333333333,-0.7924528301886793,5,Summer
Kerala,Kasaragod,2018-06,12.5035577,74.9907022,17.0,0.0,3.28036651,0.0,300.3,27.0,0.3333333333333333,0.5454545454545454,6,Monsoon
Kerala,Kasaragod,2018-12,12.5035577,74.9907022,49.0,0.0,0.06508428612,0.0,301.172,25.666666666666668,0.3333333333333333,1.8823529411764706,12,Winter
Kerala,Kasaragod,2019-06,12.5035577,74.9907022,195.0,0.0,1.989803839,9.5,299.70000000000005,87.0,0.0,2.979591836734694,6,Monsoon
Kerala,Kasaragod,2020-01,12.5035577,74.9907022,5.0,0.0,0.01159277929,34.0,302.0833334,83.0,0.0,-0.9743589743589743,1,Winter
Kerala,Kasaragod,2020-05,12.5035577,74.9907022,44.0,0.0,0.1237147272,0.0,298.84000000000003,81.33333333333333,0.0,7.800000000000001,5,Summer
Kerala,Kasaragod,2021-05,12.5035577,74.9907022,51.0,0.0,0.5826390959,14.0,301.27,33.333333333333336,0.0,0.15909090909090917,5,Summer
Kerala,Kollam,2012-06,8.8879509,76.5955013,26.0,2.0,0.4308742201,13.0,300.92,26.0,2.0,0.0,6,Monsoon
Kerala,Kollam,2013-03,8.8879509,76.5955013,20.0,0.0,0.01439876941,33.0,304.73,23.0,1.0,-0.23076923076923073,3,Summer
Kerala,Kollam,2013-05,8.8879509,76.5955013,15.0,0.0,0.3476455499,7.0,304.73,20.333333333333332,0.6666666666666666,-0.25,5,Summer
Kerala,Kollam,2013-06,8.8879509,76.5955013,15.0,0.0,1.473708033,8.0,0.0,16.666666666666668,0.0,0.0,6,Monsoon
Kerala,Kollam,2015-12,8.8879509,76.5955013,1266.0,0.0,0.1356922267825,24.5,302.461,432.0,0.0,83.4,12,Winter
Kerala,Kollam,2016-01,8.8879509,76.5955013,5.0,0.0,0.0213646781,46.0,301.92400000000004,428.6666666666667,0.0,-0.9960505529225908,1,Winter
Kerala,Kollam,2016-05,8.8879509,76.5955013,1311.0,0.0,0.1499878501,20.0,303.94500000000005,860.6666666666666,0.0,261.2,5,Summer
Kerala,Kollam,2016-06,8.8879509,76.5955013,119.0,0.0,1.492939397,0.0,302.36,478.3333333333333,0.0,-0.9092295957284515,6,Monsoon
Kerala,Kollam,2017-04,8.8879509,76.5955013,30.0,0.0,0.2980428675,0.0,302.704,486.6666666666667,0.0,-0.7478991596638656,4,Summer
Kerala,Kollam,2017-05,8.8879509,76.5955013,4230.0,0.0,0.24545872045,11.5,304.174,1459.6666666666667,0.0,140.0,5,Summer
Kerala,Kollam,2020-05,8.8879509,76.5955013,13.0,1.0,0.511848352,18.0,303.7,1424.3333333333333,0.3333333333333333,-0.9969267139479906,5,Summer
Kerala,Kollam,2021-06,8.8879509,76.5955013,22.0,0.0,1.052681601,21.0,299.96,1421.6666666666667,0.3333333333333333,0.6923076923076923,6,Monsoon
Kerala,Kollam,2022-04,8.8879509,76.5955013,6163.0,0.0,0.32057888,13.0,302.07000000000005,2066.0,0.3333333333333333,279.1363636363636,4,Summer
Kerala,Kottayam,2009-09,9.6287383,76.64553257,18.0,0.0,1.30666739,23.0,300.61,18.0,0.0,0.0,9,Monsoon
Kerala,Kottayam,2010-04,9.6287383,76.64553257,7.1014326668251016e+16,6.0,0.6191426775222222,32.333333333333336,304.1075555111111,3.5507163334125516e+16,3.0,3945240370458389.0,4,Summer
Kerala,Kottayam,2010-05,9.6287383,76.64553257,8.0,0.0,0.5751514704,32.0,306.156,2.3671442222750348e+16,2.0,-0.9999999999999999,5,Summer
Kerala,Kottayam,2011-05,9.6287383,76.64553257,3.0,0.0,0.8308098035,15.0,300.3666666,2.367144222275034e+16,2.0,-0.625,5,Summer
Kerala,Kottayam,2011-06,9.6287383,76.64553257,3.0,0.0,0.4907402117,0.0,299.57,4.666666666666667,0.0,0.0,6,Monsoon
Kerala,Kottayam,2014-03,9.6287383,76.64553257,13.0,0.0,0.004219194732,30.0,308.156,6.333333333333333,0.0,3.333333333333333,3,Summer
Kerala,Kottayam,2015-03,9.6287383,76.64553257,1829.0,0.0,0.02981573457,34.0,304.24,615.0,0.0,139.69230769230768,3,Summer
Kerala,Kottayam,2018-11,9.6287383,76.64553257,24.0,0.0,0.1175007872,0.0,303.068,622.0,0.0,-0.9868780754510662,11,Post-Monsoon
Kerala,Kottayam,2021-03,9.6287383,76.64553257,19.0,0.0,0.04293383034,35.0,306.34000000000003,624.0,0.0,-0.20833333333333337,3,Summer
Kerala,Kozhikode,2009-07,11.2450558,75.7754716,4141.0,0.0,0.4191226556,0.0,0.0,4141.0,0.0,0.0,7,Monsoon
Kerala,Kozhikode,2010-02,11.2450558,75.7754716,13.0,0.0,0.0001400088107,0.0,0.0,2077.0,0.0,-0.9968606616759237,2,Winter
Kerala,Kozhikode,2012-02,11.2450558,75.7754716,17.0,0.0,0.06874044258,0.0,0.0,1390.3333333333333,0.0,0.3076923076923077,2,Winter
Kerala,Kozhikode,2015-04,11.2450558,75.7754716,11.0,0.0,0.3052894557,0.0,0.0,13.666666666666666,0.0,-0.3529411764705882,4,Summer
Kerala,Kozhikode,2015-05,11.2450558,75.7754716,2424.0,1.0,0.2353115639,0.0,0.0,817.3333333333334,0.3333333333333333,219.36363636363637,5,Summer
Kerala,Kozhikode,2015-11,11.2450558,75.7754716,12.0,0.0,0.3749719226,13.0,0.0,815.6666666666666,0.3333333333333333,-0.995049504950495,11,Post-Monsoon
Kerala,Kozhikode,2016-04,11.2450558,75.7754716,22.0,0.0,0.05814592071,0.0,0.0,819.3333333333334,0.3333333333333333,0.8333333333333333,4,Summer
Kerala,Kozhikode,2016-05,11.2450558,75.7754716,16.0,0.0,0.8611298316,0.0,0.0,16.666666666666668,0.0,-0.2727272727272727,5,Summer
Kerala,Kozhikode,2017-03,11.2450558,75.7754716,4065.0,0.0,0.092865583912,0.0,0.0,1367.6666666666667,0.0,253.0625,3,Summer
Kerala,Kozhikode,2017-04,11.2450558,75.7754716,32.0,0.0,0.1561128919,0.0,0.0,1371.0,0.0,-0.9921279212792128,4,Summer
Kerala,Kozhikode,2017-05,11.2450558,75.7754716,65.0,0.0,0.4024733048,0.0,0.0,1387.3333333333333,0.0,1.03125,5,Summer
Kerala,Kozhikode,2017-08,11.2450558,75.7754716,6.0,0.0,0.2666190138,0.0,0.0,34.333333333333336,0.0,-0.9076923076923077,8,Monsoon
Kerala,Kozhikode,2018-06,11.2450558,75.7754716,37.0,0.0,2.122187999,0.0,0.0,36.0,0.0,5.166666666666667,6,Monsoon
Kerala,Kozhikode,2019-04,11.2450558,75.7754716,2320.0,0.0,0.21488241945,0.0,0.0,787.6666666666666,0.0,61.7027027027027,4,Summer
Kerala,Kozhikode,2019-12,11.2450558,75.7754716,25.0,0.0,0.7639986811,34.0,0.0,794.0,0.0,-0.9892241379310345,12,Winter
Kerala,Kozhikode,2020-01,11.2450558,75.7754716,30.0,0.0,0.002652047895,31.0,0.0,791.6666666666666,0.0,0.19999999999999996,1,Winter
Kerala,Kozhikode,2020-05,11.2450558,75.7754716,33.0,0.0,0.4320908522,0.0,0.0,29.333333333333332,0.0,0.10000000000000009,5,Summer
Kerala,Kozhikode,2021-04,11.2450558,75.7754716,43.0,0.0,0.1248424286,0.0,0.0,35.333333333333336,0.0,0.303030303030303,4,Summer
Kerala,Kozhikode,2021-05,11.2450558,75.7754716,646424.0,0.0,1.5154937167333333,0.0,0.0,215500.0,0.0,15032.116279069767,5,Summer
Kerala,Kozhikode,2021-12,11.2450558,75.7754716,1.0,0.0,0.06338663021,33.0,0.0,215489.33333333334,0.0,-0.9999984530277342,12,Winter
Kerala,Kozhikode,2022-05,11.2450558,75.7754716,10042.0,0.0,1.5818785334999999,0.0,0.0,218822.33333333334,0.0,10041.0,5,Summer
Kerala,Malappuram,2009-08,11.10684475,76.1099551,133.0,0.0,0.4440940566,16.0,298.97,133.0,0.0,0.0,8,Monsoon
Kerala,Malappuram,2010-08,11.10684475,76.1099551,9.0,0.0,0.969344964,0.0,300.2,71.0,0.0,-0.9323308270676691,8,Monsoon
Kerala,Malappuram,2015-02,11.10684475,76.1099551,20.0,0.0,0.003702936163,21.0,306.01,54.0,0.0,1.2222222222222223,2,Winter
Kerala,Malappuram,2015-04,11.10684475,76.1099551,17.0,0.0,1.008540852,29.0,303.27500000000003,15.333333333333334,0.0,-0.15000000000000002,4,Summer
Kerala,Malappuram,2015-05,11.10684475,76.1099551,15.0,1.0,2.92197665,18.0,300.92,17.333333333333332,0.3333333333333333,-0.11764705882352944,5,Summer
Kerala,Malappuram,2015-12,11.10684475,76.1099551,13.0,0.0,0.2690884813,0.0,297.81333340000003,15.0,0.3333333333333333,-0.1333333333333333,12,Winter
Kerala,Malappuram,2016-02,11.10684475,76.1099551,14.0,0.0,0.006801565888,0.0,306.08,14.0,0.3333333333333333,0.07692307692307687,2,Winter
Kerala,Malappuram,2016-05,11.10684475,76.1099551,16.0,0.0,0.8427010245,21.0,301.42,14.333333333333334,0.0,0.1428571428571428,5,Summer
Kerala,Malappuram,2016-06,11.10684475,76.1099551,5050.0,0.0,1.18092678,0.0,304.255,1693.3333333333333,0.0,314.625,6,Monsoon
Kerala,Malappuram,2016-07,11.10684475,76.1099551,14.0,2.0,1.190482969,0.0,0.0,1693.3333333333333,0.6666666666666666,-0.9972277227722772,7,Monsoon
Kerala,Malappuram,2017-03,11.10684475,76.1099551,4665.0,0.0,0.3129664297,0.0,304.43,3243.0,0.6666666666666666,332.2142857142857,3,Summer
Kerala,Malappuram,2017-04,11.10684475,76.1099551,2935.0,0.0,0.8016727413,22.0,306.2966666,2538.0,0.6666666666666666,-0.37084673097534837,4,Summer
Kerala,Malappuram,2017-05,11.10684475,76.1099551,79.0,1.0,0.6657383103,25.0,307.25,2559.6666666666665,0.3333333333333333,-0.9730834752981261,5,Summer
Kerala,Malappuram,2018-04,11.10684475,76.1099551,39.0,0.0,1.045423093,25.0,305.12,1017.6666666666666,0.3333333333333333,-0.5063291139240507,4,Summer
Kerala,Malappuram,2018-10,11.10684475,76.1099551,50.0,0.0,1.514968198,20.0,300.62,56.0,0.3333333333333333,0.28205128205128216,10,Post-Monsoon
Kerala,Malappuram,2021-03,11.10684475,76.1099551,37.0,0.0,0.2116405502,25.0,305.488,42.0,0.0,-0.26,3,Summer
Kerala,Malappuram,2021-05,11.10684475,76.1099551,20.0,0.0,2.625326529,0.0,0.0,35.666666666666664,0.0,-0.45945945945945943,5,Summer
Kerala,Mallapuram,2009-08,10.82220375,76.46703714,216.0,0.0,0.4440940566,16.0,298.97,216.0,0.0,0.0,8,Monsoon
Kerala,Mallapuram,2010-05,10.82220375,76.46703714,28.0,0.0,0.9784548929,20.0,302.90000000000003,122.0,0.0,-0.8703703703703703,5,Summer
Kerala,Palakkad,2011-07,10.78789845,76.47408711,2.0,0.0,0.5278793096,18.0,299.384,2.0,0.0,0.0,7,Monsoon
Kerala,Palakkad,2011-11,10.78789845,76.47408711,10.0,0.0,0.7693924512,10.0,300.11,6.0,0.0,4.0,11,Post-Monsoon
Kerala,Palakkad,2013-03,10.78789845,76.47408711,64.0,0.0,0.3955894326,21.0,307.5466666,25.333333333333332,0.0,5.4,3,Summer
Kerala,Palakkad,2013-06,10.78789845,76.47408711,1618.0,0.0,2.065251683,4.0,0.0,564.0,0.0,24.28125,6,Monsoon
Kerala,Palakkad,2014-03,10.78789845,76.47408711,15.0,0.0,0.1837255224,22.0,302.62,565.6666666666666,0.0,-0.9907292954264524,3,Summer
Kerala,Palakkad,2014-11,10.78789845,76.47408711,2.0,0.0,0.8608148946,18.0,298.4533334,545.0,0.0,-0.8666666666666667,11,Post-Monsoon
Kerala,Palakkad,2015-06,10.78789845,76.47408711,4234.0,0.0,0.7483121477000001,12.0,296.57000000000005,1417.0,0.0,2116.0,6,Monsoon
Kerala,Palakkad,2015-10,10.78789845,76.47408711,10.0,0.0,1.222213381,20.0,300.445,1415.3333333333333,0.0,-0.997638167217761,10,Post-Monsoon
Kerala,Palakkad,2016-01,10.78789845,76.47408711,25.0,1.0,5.66e-05,31.0,301.824,1423.0,0.3333333333333333,1.5,1,Winter
Kerala,Palakkad,2016-07,10.78789845,76.47408711,58102.0,3.0,0.81729735755,2.0,295.21,19379.0,1.3333333333333333,2323.08,7,Monsoon
Kerala,Palakkad,2017-04,10.78789845,76.47408711,3564.0,4.0,0.08788491187,24.0,308.372,20563.666666666668,2.6666666666666665,-0.93865959863688,4,Summer
Kerala,Palakkad,2017-05,10.78789845,76.47408711,30076617.0,7.0,0.6551171401,14.0,304.315,10046094.333333334,4.666666666666667,8438.005892255893,5,Summer
Kerala,Palakkad,2020-04,10.78789845,76.47408711,12.0,0.0,0.4110630692,23.0,305.49,10026731.0,3.6666666666666665,-0.9999996010189577,4,Summer
Kerala,Palakkad,2021-04,10.78789845,76.47408711,7.0,0.0,0.6474464086,22.0,305.312,10025545.333333334,2.3333333333333335,-0.41666666666666663,4,Summer
Kerala,Palakkad,2021-05,10.78789845,76.47408711,816.0,0.0,1.8302582365,12.0,300.6675,278.3333333333333,0.0,115.57142857142857,5,Summer
Kerala,Palakkad,2021-06,10.78789845,76.47408711,1711.0,0.0,0.5658371089,4.0,302.62466670000003,844.6666666666666,0.0,1.096813725490196,6,Monsoon
Kerala,Palakkad,2022-03,10.78789845,76.47408711,18.0,0.0,0.2079999161,23.0,305.46,848.3333333333334,0.0,-0.98947983635301,3,Summer
Kerala,Palakkad,2022-05,10.78789845,76.47408711,1829.0,0.0,1.3011768587,10.5,299.4883333,1186.0,0.0,100.61111111111111,5,Summer
Kerala,Pathanamthitta,2010-06,9.2780841,76.9737443,7.0,0.0,0.5190299173,26.0,305.88,7.0,0.0,0.0,6,Monsoon
Kerala,Pathanamthitta,2012-05,9.2780841,76.9737443,10.0,1.0,0.7194546851,35.0,302.672,8.5,0.5,0.4285714285714286,5,Summer
Kerala,Pathanamthitta,2012-06,9.2780841,76.9737443,10.0,1.0,0.5750328376,26.0,305.34000000000003,9.0,0.6666666666666666,0.0,6,Monsoon
Kerala,Pathanamthitta,2015-04,9.2780841,76.9737443,10.0,0.0,0.4929908649,33.0,302.505,10.0,0.6666666666666666,0.0,4,Summer
Kerala,Pathanamthitta,2016-04,9.2780841,76.9737443,1513.0,0.0,0.6330778489,35.5,304.12,511.0,0.3333333333333333,150.3,4,Summer
Kerala,Pathanamthitta,2016-05,9.2780841,76.9737443,15.0,1.0,0.6815547546,0.0,306.2066666,512.6666666666666,0.3333333333333333,-0.9900859220092532,5,Summer
Kerala,Pathanamthitta,2017-07,9.2780841,76.9737443,4.0,1.0,0.4166274169,0.0,298.85,510.6666666666667,0.6666666666666666,-0.7333333333333334,7,Monsoon
Kerala,Pathanamthitta,2018-05,9.2780841,76.9737443,38.0,0.0,0.9166189303,26.0,300.22,19.0,0.6666666666666666,8.5,5,Summer
Kerala,Pathanamthitta,2019-02,9.2780841,76.9737443,6.0,0.0,0.2312094282,32.0,302.02500000000003,16.0,0.3333333333333333,-0.8421052631578947,2,Winter
Kerala,Pathanamthitta,2019-03,9.2780841,76.9737443,3.0,0.0,0.1896526638,0.0,302.53200000000004,15.666666666666666,0.0,-0.5,3,Summer
Kerala,Pathanamthitta,2019-12,9.2780841,76.9737443,10.0,0.0,0.6304841581,36.0,299.11,6.333333333333333,0.0,2.3333333333333335,12,Winter
Kerala,Pathanamthitta,2020-02,9.2780841,76.9737443,12.0,0.0,0.04280886152,33.0,302.305,8.333333333333334,0.0,0.19999999999999996,2,Winter
Kerala,Pathanamthitta,2020-04,9.2780841,76.9737443,18.0,0.0,0.05433800572,37.0,306.66400000000004,13.333333333333334,0.0,0.5,4,Summer
Kerala,Thiruvananthapuram,2010-04,8.4882267,76.947551,37.0,0.0,0.8458228073,0.0,303.708,37.0,0.0,0.0,4,Summer
Kerala,Thiruvananthapuram,2015-07,8.4882267,76.947551,41.0,0.0,1.117371798,26.0,307.86,39.0,0.0,0.10810810810810811,7,Monsoon
Kerala,Thiruvananthapuram,2016-11,8.4882267,76.947551,7.0,0.0,0.8412459293,39.0,301.95,28.333333333333332,0.0,-0.8292682926829268,11,Post-Monsoon
Kerala,Thiruvananthapuram,2017-10,8.4882267,76.947551,8686.0,0.0,0.4923871873,31.5,302.11249999999995,2911.3333333333335,0.0,1239.857142857143,10,Post-Monsoon
Kerala,Thiruvananthapuram,2021-06,8.4882267,76.947551,16.0,0.0,0.7189253545,23.0,299.4133334,2903.0,0.0,-0.9981579553304167,6,Monsoon
Kerala,Thiruvananthapuram,2022-05,8.4882267,76.947551,10711.0,0.0,0.4409251710666667,29.666666666666668,301.6788888666667,6471.0,0.0,668.4375,5,Summer
Kerala,Thiruvananthapuram,2022-06,8.4882267,76.947551,9.0,0.0,0.3557420819,25.0,300.896,3578.6666666666665,0.0,-0.9991597423209785,6,Monsoon
Kerala,Thrissur,2017-04,10.5256264,76.2132542,836.0,0.0,0.1867733102,29.0,303.008,836.0,0.0,0.0,4,Summer
Kerala,Thrissur,2017-05,10.5256264,76.2132542,11.0,0.0,0.598148184,29.0,302.8266666,423.5,0.0,-0.9868421052631579,5,Summer
Kerala,Thrissur,2018-03,10.5256264,76.2132542,30.0,0.0,0.01381820318,0.0,304.824,292.3333333333333,0.0,1.727272727272727,3,Summer
Kerala,Thrissur,2018-04,10.5256264,76.2132542,9.0,0.0,0.3101793397,32.0,303.52,16.666666666666668,0.0,-0.7,4,Summer
Kerala,Thrissur,2021-11,10.5256264,76.2132542,5720.0,0.0,0.7015964957,13.0,299.4366667,1919.6666666666667,0.0,634.5555555555555,11,Post-Monsoon
Kerala,Thrissur,2022-03,10.5256264,76.2132542,7.0,0.0,0.6296586828,0.0,302.385,1912.0,0.0,-0.9987762237762238,3,Summer
Kerala,Trivandrum,2011-02,8.4882267,76.947551,25.0,0.0,0.005482273612,0.0,301.996,25.0,0.0,0.0,2,Winter
Kerala,Trivandrum,2011-12,8.4882267,76.947551,178.0,0.0,0.01756768168,0.0,301.46500000000003,101.5,0.0,6.12,12,Winter
Kerala,Trivandrum,2018-01,8.4882267,76.947551,21112.0,0.0,0.021583450849999998,38.5,299.774,7105.0,0.0,117.6067415730337,1,Winter
Kerala,Trivandrum,2019-11,8.4882267,76.947551,18.0,0.0,0.612975951,37.0,300.988,7102.666666666667,0.0,-0.9991474043198181,11,Post-Monsoon
Kerala,Trivandrum,2020-12,8.4882267,76.947551,11.0,0.0,0.473091389,31.0,300.76,7047.0,0.0,-0.38888888888888884,12,Winter
Kerala,Trivandrum,2021-05,8.4882267,76.947551,10.0,0.0,1.219771472,9.0,300.26,13.0,0.0,-0.09090909090909094,5,Summer
Kerala,Trivandrum,2022-02,8.4882267,76.947551,59.0,0.0,0.22123340317,41.5,302.2255,26.666666666666668,0.0,4.9,2,Winter
Kerala,Trivandrum,2022-04,8.4882267,76.947551,6.0,0.0,0.7656736237,40.0,302.245,25.0,0.0,-0.8983050847457628,4,Summer
Kerala,Wayanad,2010-07,11.715219,76.12690295,13.0,0.0,0.696739417,7.0,294.48,13.0,0.0,0.0,7,Monsoon
Kerala,Wayanad,2010-09,11.715219,76.12690295,13.0,0.0,0.2522648532,9.0,297.64,13.0,0.0,0.0,9,Monsoon
Kerala,Wayanad,2011-06,11.715219,76.12690295,7474183.0,12.0,0.7442965965333332,10.666666666666666,295.76,2491403.0,4.0,574936.1538461539,6,Monsoon
Kerala,Wayanad,2011-09,11.715219,76.12690295,18.0,0.0,0.1529031283,28.0,299.585,2491404.6666666665,4.0,-0.9999975917100237,9,Monsoon
Kerala,Wayanad,2011-10,11.715219,76.12690295,12.0,0.0,0.2615466939,0.0,302.075,2491404.3333333335,4.0,-0.33333333333333337,10,Post-Monsoon
Kerala,Wayanad,2011-11,11.715219,76.12690295,10.0,0.0,0.0165509464,0.0,297.8066666,13.333333333333334,0.0,-0.16666666666666663,11,Post-Monsoon
Kerala,Wayanad,2012-02,11.715219,76.12690295,10.0,0.0,0.007765483685,38.0,303.3566666,10.666666666666666,0.0,0.0,2,Winter
Kerala,Wayanad,2012-04,11.715219,76.12690295,138810.0,3.0,0.68459888205,4.75,305.587,46276.666666666664,1.0,13880.0,4,Summer
Kerala,Wayanad,2012-05,11.715219,76.12690295,82513.0,2.0,1.1500892315666666,20.0,101.14666666666666,73777.66666666667,1.6666666666666667,-0.4055687630574166,5,Summer
Kerala,Wayanad,2012-06,11.715219,76.12690295,7.0,1.0,1.259767462,10.0,0.0,73776.66666666667,2.0,-0.9999151648831093,6,Monsoon
Kerala,Wayanad,2013-02,11.715219,76.12690295,21.0,0.0,0.2146761336,13.0,304.92400000000004,27513.666666666668,1.0,2.0,2,Winter
Kerala,Wayanad,2013-04,11.715219,76.12690295,18.0,2.0,0.4562315655,20.0,309.648,15.333333333333334,1.0,-0.1428571428571429,4,Summer
Kerala,Wayanad,2013-05,11.715219,76.12690295,13.0,0.0,0.7511014026,13.0,305.192,17.333333333333332,0.6666666666666666,-0.2777777777777778,5,Summer
Kerala,Wayanad,2013-06,11.715219,76.12690295,118.0,0.0,1.35392677,9.0,297.7,49.666666666666664,0.6666666666666666,8.076923076923077,6,Monsoon
Kerala,Wayanad,2014-01,11.715219,76.12690295,17.0,0.0,0.03402712508,0.0,302.444,49.333333333333336,0.0,-0.8559322033898304,1,Winter
Kerala,Wayanad,2014-10,11.715219,76.12690295,28.0,0.0,0.6581345425,0.0,299.752,54.333333333333336,0.0,0.6470588235294117,10,Post-Monsoon
Kerala,Wayanad,2015-11,11.715219,76.12690295,13.0,0.0,1.830789432,35.0,298.86,19.333333333333332,0.0,-0.5357142857142857,11,Post-Monsoon
Kerala,Wayanad,2016-10,11.715219,76.12690295,16.0,0.0,0.8947029178,28.0,302.825,19.0,0.0,0.23076923076923084,10,Post-Monsoon
Kerala,Wayanad,2017-01,11.715219,76.12690295,11.0,0.0,0.5860934901,33.0,300.645,13.333333333333334,0.0,-0.3125,1,Winter
Kerala,Wayanad,2017-10,11.715219,76.12690295,12.0,0.0,0.8702677311,30.0,295.96,13.0,0.0,0.09090909090909083,10,Post-Monsoon
Kerala,Wayanad,2017-11,11.715219,76.12690295,12.0,0.0,0.1162831625,31.0,298.95,11.666666666666666,0.0,0.0,11,Post-Monsoon
Kerala,Wayanad,2018-03,11.715219,76.12690295,30.0,0.0,0.07328487022,0.0,307.30400000000003,18.0,0.0,1.5,3,Summer
Kerala,Wayanad,2018-11,11.715219,76.12690295,12.0,0.0,0.04950499713,43.0,299.276,18.0,0.0,-0.6,11,Post-Monsoon
Kerala,Wayanad,2018-12,11.715219,76.12690295,70.0,0.0,0.2933887851,33.0,298.97,37.333333333333336,0.0,4.833333333333333,12,Winter
Kerala,Wayanad,2019-05,11.715219,76.12690295,15.0,0.0,0.2700844835,25.0,302.2666666,32.333333333333336,0.0,-0.7857142857142857,5,Summer
Kerala,Wayanad,2019-06,11.715219,76.12690295,17.0,0.0,0.5663232926,0.0,299.53200000000004,34.0,0.0,0.1333333333333333,6,Monsoon
Kerala,Wayanad,2020-02,11.715219,76.12690295,47.0,0.0,0.00106720025,17.0,305.848,26.333333333333332,0.0,1.7647058823529411,2,Winter
Kerala,Wayanad,2020-08,11.715219,76.12690295,31.0,0.0,3.115720094,3.0,0.0,31.666666666666668,0.0,-0.34042553191489366,8,Monsoon
Kerala,Wayanad,2021-10,11.715219,76.12690295,28.0,0.0,1.26539098,15.0,299.79,35.333333333333336,0.0,-0.09677419354838712,10,Post-Monsoon
Kerala,Wayanad,2022-05,11.715219,76.12690295,22.0,0.0,0.6217835649,6.0,301.55,27.0,0.0,-0.2142857142857143,5,Summer
Kerala,Wayanad (Kalpetta),2011-09,11.62614485,76.0888761,23.0,0.0,0.2998769143,11.0,298.68,23.0,0.0,0.0,9,Monsoon
Kerala,thiruvananthapuram,2022-03,8.4882267,76.947551,8.0,0.0,0.07619242379,38.0,305.112,8.0,0.0,0.0,3,Summer
Lakshadweep,Kavaratti,2015-12,10.55905,72.6365688,1111.0,0.0,0.0,7.0,0.0,1111.0,0.0,0.0,12,Winter
Lakshadweep,Kavaratti Island,2014-03,10.55905,72.6365688,6.0,0.0,0.0,9.0,0.0,6.0,0.0,0.0,3,Summer
Lakshadweep,Kavaratti Island,2014-06,10.55905,72.6365688,1929.0,0.0,0.0,8.0,0.0,967.5,0.0,320.5,6,Monsoon
Lakshadweep,Lakshadweep,2014-06,10.8132489,73.68046209,14.0,0.0,0.0,13.0,0.0,14.0,0.0,0.0,6,Monsoon
Lakshadweep,Lakshadweep,2015-10,10.8132489,73.68046209,56.0,0.0,0.0,53.0,0.0,35.0,0.0,3.0,10,Post-Monsoon
Lakshadweep,Lakshadweep,2015-12,10.8132489,73.68046209,15.0,0.0,0.0,30.0,300.38,28.333333333333332,0.0,-0.7321428571428572,12,Winter
Lakshadweep,Lakshadweep,2016-11,10.8132489,73.68046209,5.0,0.0,0.0,0.0,300.64,25.333333333333332,0.0,-0.6666666666666667,11,Post-Monsoon
Lakshadweep,Minicoy,2015-12,8.295235,73.06483943,2525.0,0.0,0.0,56.0,0.0,2525.0,0.0,0.0,12,Winter
Madhya Pradesh,Agar Malwa,2014-06,23.9342963,76.14523314,23.0,0.0,0.002868922076,3.0,319.9466666,23.0,0.0,0.0,6,Monsoon
Madhya Pradesh,Agar Malwa,2015-06,23.9342963,76.14523314,18.0,0.0,0.02695224412,3.0,320.9233334,20.5,0.0,-0.21739130434782605,6,Monsoon
Madhya Pradesh,Agar Malwa,2019-08,23.9342963,76.14523314,221.0,0.0,3.024033542,0.0,300.07,87.33333333333333,0.0,11.277777777777779,8,Monsoon
Madhya Pradesh,Alirajpur,2016-06,22.28593955,74.35389643,12.0,1.0,0.3914854695,4.0,310.3,12.0,1.0,0.0,6,Monsoon
Madhya Pradesh,Ashok Nagar,2011-07,24.6185442,77.8788306,5.0,1.0,1.688110326,0.0,304.8,5.0,1.0,0.0,7,Monsoon
Madhya Pradesh,Ashok Nagar,2016-07,24.6185442,77.8788306,1626.0,0.0,0.6705411106,6.0,155.34,815.5,0.5,324.2,7,Monsoon
Madhya Pradesh,Ashok Nagar,2019-09,24.6185442,77.8788306,19.0,0.0,0.6939747746,17.0,299.48,550.0,0.3333333333333333,-0.9883148831488315,9,Monsoon
Madhya Pradesh,Ashok Nagar,2019-10,24.6185442,77.8788306,22.0,0.0,0.0001052404516,9.0,305.8233334,555.6666666666666,0.0,0.1578947368421053,10,Post-Monsoon
Madhya Pradesh,Ashok Nagar,2019-11,24.6185442,77.8788306,6.0,0.0,0.304420055,6.0,302.856,15.666666666666666,0.0,-0.7272727272727273,11,Post-Monsoon
Madhya Pradesh,Ashok nagar,2015-07,24.6185442,77.8788306,13.0,0.0,1.405021819,7.0,304.3,13.0,0.0,0.0,7,Monsoon
Madhya Pradesh,Ashoknagar,2010-06,24.576189,77.7302895,19.0,0.0,0.03357821764,2.0,318.3333334,19.0,0.0,0.0,6,Monsoon
Madhya Pradesh,Balaghat,2015-05,21.966667,80.333333,45.0,0.0,0.008519770745,8.0,311.78000000000003,45.0,0.0,0.0,5,Summer
Madhya Pradesh,Balaghat,2015-07,21.966667,80.333333,11.0,0.0,0.5734874196,8.0,0.0,28.0,0.0,-0.7555555555555555,7,Monsoon
Madhya Pradesh,Balaghat,2015-08,21.966667,80.333333,53.0,0.0,2.292812581,17.0,302.46,36.333333333333336,0.0,3.8181818181818183,8,Monsoon
Madhya Pradesh,Balaghat,2015-09,21.966667,80.333333,12.0,0.0,0.1891862946,28.0,300.54400000000004,25.333333333333332,0.0,-0.7735849056603774,9,Monsoon
Madhya Pradesh,Balaghat,2016-10,21.966667,80.333333,29.0,0.0,1.016702419,21.0,299.2933334,31.333333333333332,0.0,1.4166666666666665,10,Post-Monsoon
Madhya Pradesh,Barwani,2013-05,22.0333621,74.8978374,165.0,0.0,2.85e-05,3.0,323.608,165.0,0.0,0.0,5,Summer
Madhya Pradesh,Barwani,2015-07,22.0333621,74.8978374,1314.0,2.0,0.10874010323,2.0,305.51750000000004,739.5,1.0,6.963636363636364,7,Monsoon
Madhya Pradesh,Barwani,2016-06,22.0333621,74.8978374,15.0,1.0,0.293674433,2.0,311.48,498.0,1.0,-0.9885844748858448,6,Monsoon
Madhya Pradesh,Barwani,2016-07,22.0333621,74.8978374,161713.0,1.0,1.2655914243,3.0,100.46,54347.333333333336,1.3333333333333333,10779.866666666667,7,Monsoon
Madhya Pradesh,Barwani,2016-10,22.0333621,74.8978374,25.0,1.0,0.004007040888,11.0,306.2833334,53917.666666666664,1.0,-0.9998454051313129,10,Post-Monsoon
Madhya Pradesh,Barwani,2016-11,22.0333621,74.8978374,25.0,0.0,8.94e-05,9.0,307.3166666,53921.0,0.6666666666666666,0.0,11,Post-Monsoon
Madhya Pradesh,Barwani,2017-09,22.0333621,74.8978374,18126.0,0.0,0.68758755615,16.0,302.9975,6058.666666666667,0.3333333333333333,724.04,9,Monsoon
Madhya Pradesh,Barwani,2017-10,22.0333621,74.8978374,12.0,1.0,0.0009335829903,14.0,309.06333340000003,6054.333333333333,0.3333333333333333,-0.9993379675604105,10,Post-Monsoon
Madhya Pradesh,Barwani,2018-06,22.0333621,74.8978374,36.0,0.0,0.03846788495,3.0,309.488,6058.0,0.3333333333333333,2.0,6,Monsoon
Madhya Pradesh,Barwani,2018-07,22.0333621,74.8978374,138.0,0.0,0.5893501689,3.0,306.6,62.0,0.3333333333333333,2.8333333333333335,7,Monsoon
Madhya Pradesh,Barwani,2019-06,22.0333621,74.8978374,31.0,0.0,0.03313022845,3.0,318.572,68.33333333333333,0.0,-0.7753623188405797,6,Monsoon
Madhya Pradesh,Barwani,2021-07,22.0333621,74.8978374,17.0,0.0,0.3220098129,4.0,307.84000000000003,62.0,0.0,-0.4516129032258065,7,Monsoon
Madhya Pradesh,Betul,2009-06,21.8796162,77.87568125,59.0,1.0,0.2457861444,5.0,311.185,59.0,1.0,0.0,6,Monsoon
Madhya Pradesh,Betul,2009-07,21.8796162,77.87568125,186196.0,2.0,0.8923364325,4.0,0.0,93127.5,1.5,3154.864406779661,7,Monsoon
Madhya Pradesh,Betul,2009-08,21.8796162,77.87568125,86205.0,2.0,0.4825848561,7.0,302.0,90820.0,1.6666666666666667,-0.5370201293260866,8,Monsoon
Madhya Pradesh,Betul,2010-07,21.8796162,77.87568125,256.0,1.0,0.4874358065,13.0,300.90000000000003,90885.66666666667,1.6666666666666667,-0.9970303346673627,7,Monsoon
Madhya Pradesh,Betul,2010-08,21.8796162,77.87568125,98.0,0.0,1.833318382,8.0,296.82,28853.0,1.0,-0.6171875,8,Monsoon
Madhya Pradesh,Betul,2011-07,21.8796162,77.87568125,252252.0,0.0,0.3515865295,6.0,301.2666666,84202.0,0.3333333333333333,2573.0,7,Monsoon
Madhya Pradesh,Betul,2014-06,21.8796162,77.87568125,6.0,1.0,0.01095558909,8.0,307.06,84118.66666666667,0.3333333333333333,-0.9999762142619285,6,Monsoon
Madhya Pradesh,Betul,2014-11,21.8796162,77.87568125,39.0,0.0,0.0001109063796,20.0,304.48400000000004,84099.0,0.3333333333333333,5.5,11,Post-Monsoon
Madhya Pradesh,Betul,2015-03,21.8796162,77.87568125,29.0,0.0,0.005952293627,0.0,311.948,24.666666666666668,0.3333333333333333,-0.2564102564102564,3,Summer
Madhya Pradesh,Betul,2015-06,21.8796162,77.87568125,65.0,0.0,0.5761275592,14.0,306.2333334,44.333333333333336,0.0,1.2413793103448274,6,Monsoon
Madhya Pradesh,Betul,2015-07,21.8796162,77.87568125,40.0,0.0,0.03464630131,0.0,305.66,44.666666666666664,0.0,-0.3846153846153846,7,Monsoon
Madhya Pradesh,Betul,2015-10,21.8796162,77.87568125,13.0,0.0,0.02448355226,0.0,304.85200000000003,39.333333333333336,0.0,-0.675,10,Post-Monsoon
Madhya Pradesh,Betul,2015-11,21.8796162,77.87568125,44.0,0.0,5.4e-05,13.0,303.3833334,32.333333333333336,0.0,2.3846153846153846,11,Post-Monsoon
Madhya Pradesh,Betul,2016-05,21.8796162,77.87568125,114.0,0.0,0.001188104376,0.0,316.59000000000003,57.0,0.0,1.5909090909090908,5,Summer
Madhya Pradesh,Betul,2016-06,21.8796162,77.87568125,161.0,2.0,0.002102696012,7.0,316.6866666,106.33333333333333,0.6666666666666666,0.4122807017543859,6,Monsoon
Madhya Pradesh,Bhind,2010-10,26.5,78.75,100100.0,0.0,0.003990881287,8.0,305.39,100100.0,0.0,0.0,10,Post-Monsoon
Madhya Pradesh,Bhind,2010-11,26.5,78.75,5070.0,0.0,0.230812201,6.0,297.21799999999996,52585.0,0.0,-0.9493506493506494,11,Post-Monsoon
Madhya Pradesh,Bhind,2010-12,26.5,78.75,36.0,0.0,7.55e-05,11.0,296.7566666,35068.666666666664,0.0,-0.9928994082840237,12,Winter
Madhya Pradesh,Bhind,2011-09,26.5,78.75,4652.0,6.0,0.5796215435000001,11.5,302.67166670000006,3252.6666666666665,2.0,128.22222222222223,9,Monsoon
Madhya Pradesh,Bhind,2013-06,26.5,78.75,10.0,1.0,0.1453900093,3.0,312.135,1566.0,2.3333333333333335,-0.9978503869303526,6,Monsoon
Madhya Pradesh,Bhind,2013-10,26.5,78.75,102.0,5.0,0.9406054924,12.0,300.125,1588.0,4.0,9.2,10,Post-Monsoon
Madhya Pradesh,Bhind,2015-09,26.5,78.75,9.0,0.0,5.68e-05,15.0,308.06,40.333333333333336,2.0,-0.9117647058823529,9,Monsoon
Madhya Pradesh,Bhind,2015-11,26.5,78.75,4910.0,0.0,0.022815140430000002,5.0,302.24,1673.6666666666667,1.6666666666666667,544.5555555555555,11,Post-Monsoon
Madhya Pradesh,Bhind,2016-05,26.5,78.75,17.0,0.0,0.06298581059,4.0,317.59200000000004,1645.3333333333333,0.0,-0.9965376782077393,5,Summer
Madhya Pradesh,Bhind,2016-06,26.5,78.75,22.0,1.0,0.005756022201,4.0,313.69,1649.6666666666667,0.3333333333333333,0.2941176470588236,6,Monsoon
Madhya Pradesh,Bhind,2016-07,26.5,78.75,15.0,0.0,0.3808228143,4.0,299.5,18.0,0.3333333333333333,-0.31818181818181823,7,Monsoon
Madhya Pradesh,Bhind,2018-10,26.5,78.75,45.0,0.0,0.0004229298688,7.0,306.30400000000003,27.333333333333332,0.3333333333333333,2.0,10,Post-Monsoon
Madhya Pradesh,Bhind,2019-06,26.5,78.75,34.0,0.0,0.01127184292,3.0,318.0666666,31.333333333333332,0.0,-0.24444444444444446,6,Monsoon
Madhya Pradesh,Bhopal,2010-07,23.2584857,77.401989,29.0,0.0,1.414256875,4.0,0.0,29.0,0.0,0.0,7,Monsoon
Madhya Pradesh,Bhopal,2011-04,23.2584857,77.401989,25.0,2.0,0.003037943601,4.0,315.6733334,27.0,1.0,-0.13793103448275867,4,Summer
Madhya Pradesh,Bhopal,2011-11,23.2584857,77.401989,6.0,0.0,6.24e-05,8.0,306.6633334,20.0,0.6666666666666666,-0.76,11,Post-Monsoon
Madhya Pradesh,Bhopal,2012-10,23.2584857,77.401989,15.0,0.0,5.19e-05,12.0,306.0366666,15.333333333333334,0.6666666666666666,1.5,10,Post-Monsoon
Madhya Pradesh,Bhopal,2013-04,23.2584857,77.401989,24.0,0.0,0.05021263764,5.0,316.964,15.0,0.0,0.6000000000000001,4,Summer
Madhya Pradesh,Bhopal,2013-07,23.2584857,77.401989,15.0,0.0,0.7935610429,0.0,0.0,18.0,0.0,-0.375,7,Monsoon
Madhya Pradesh,Bhopal,2013-08,23.2584857,77.401989,70.0,1.0,1.844778679,6.0,302.16,36.333333333333336,0.3333333333333333,3.666666666666667,8,Monsoon
Madhya Pradesh,Bhopal,2013-09,23.2584857,77.401989,12.0,0.0,0.08111906291,17.0,301.24,32.333333333333336,0.3333333333333333,-0.8285714285714285,9,Monsoon
Madhya Pradesh,Bhopal,2014-09,23.2584857,77.401989,72.0,0.0,0.581010585,14.0,304.0,51.333333333333336,0.3333333333333333,5.0,9,Monsoon
Madhya Pradesh,Bhopal,2015-04,23.2584857,77.401989,12.0,0.0,0.09935187076,5.0,313.68,32.0,0.0,-0.8333333333333334,4,Summer
Madhya Pradesh,Bhopal,2015-07,23.2584857,77.401989,14.0,0.0,1.633560612,12.0,299.5,32.666666666666664,0.0,0.16666666666666674,7,Monsoon
Madhya Pradesh,Bhopal,2016-07,23.2584857,77.401989,1813.0,0.0,0.3811196414,10.0,0.0,613.0,0.0,128.5,7,Monsoon
Madhya Pradesh,Bhopal,2016-08,23.2584857,77.401989,17.0,0.0,1.186347365,9.0,0.0,614.6666666666666,0.0,-0.9906232763375621,8,Monsoon
Madhya Pradesh,Bhopal,2018-06,23.2584857,77.401989,19.0,1.0,0.1114470877,9.0,310.79200000000003,616.3333333333334,0.3333333333333333,0.11764705882352944,6,Monsoon
Madhya Pradesh,Bhopal,2022-06,23.2584857,77.401989,32.0,0.0,4.81e-05,6.0,316.18333340000004,22.666666666666668,0.3333333333333333,0.6842105263157894,6,Monsoon
Madhya Pradesh,Burhanpur,2009-07,21.3118839,76.2291992,1836.0,2.0,1.2682691400000001,1.0,151.02,1836.0,2.0,0.0,7,Monsoon
Madhya Pradesh,Burhanpur,2011-10,21.3118839,76.2291992,141.0,0.0,0.003759158433,16.0,307.248,988.5,1.0,-0.923202614379085,10,Post-Monsoon
Madhya Pradesh,Burhanpur,2014-01,21.3118839,76.2291992,40.0,0.0,0.0001134833607,9.0,299.37,672.3333333333334,0.6666666666666666,-0.7163120567375887,1,Winter
Madhya Pradesh,Burhanpur,2014-06,21.3118839,76.2291992,49.0,0.0,0.0005591190059,3.0,318.2333334,76.66666666666667,0.0,0.2250000000000001,6,Monsoon
Madhya Pradesh,Burhanpur,2014-08,21.3118839,76.2291992,1420.0,0.0,0.5491695136,8.0,154.35,503.0,0.0,27.979591836734695,8,Monsoon
Madhya Pradesh,Burhanpur,2014-09,21.3118839,76.2291992,2013.0,0.0,1.415980005,12.0,300.855,1160.6666666666667,0.0,0.4176056338028169,9,Monsoon
Madhya Pradesh,Burhanpur,2014-10,21.3118839,76.2291992,25.0,0.0,0.03984815124,11.0,307.7333334,1152.6666666666667,0.0,-0.9875807252856433,10,Post-Monsoon
Madhya Pradesh,Burhanpur,2014-12,21.3118839,76.2291992,40.0,0.0,2.76e-05,10.0,306.1466666,692.6666666666666,0.0,0.6000000000000001,12,Winter
Madhya Pradesh,Burhanpur,2015-07,21.3118839,76.2291992,1015.0,0.0,0.4007568847485,0.5,156.12,360.0,0.0,24.375,7,Monsoon
Madhya Pradesh,Burhanpur,2016-08,21.3118839,76.2291992,41.0,0.0,1.526418986,6.0,301.26,365.3333333333333,0.0,-0.9596059113300492,8,Monsoon
Madhya Pradesh,Burhanpur,2017-10,21.3118839,76.2291992,41.0,0.0,0.931320166,14.0,307.72,365.6666666666667,0.0,0.0,10,Post-Monsoon
Madhya Pradesh,Burhanpur,2018-07,21.3118839,76.2291992,10.0,0.0,0.6198183565,1.0,0.0,30.666666666666668,0.0,-0.7560975609756098,7,Monsoon
Madhya Pradesh,Burhanpur,2018-08,21.3118839,76.2291992,16.0,0.0,0.9997307896,0.0,0.0,22.333333333333332,0.0,0.6000000000000001,8,Monsoon
Madhya Pradesh,Burhanpur,2021-08,21.3118839,76.2291992,15.0,0.0,0.183452455,0.0,308.47,13.666666666666666,0.0,-0.0625,8,Monsoon
Madhya Pradesh,Chhatarpur,2009-07,24.75,79.75,80.0,0.0,0.5332332178,5.0,316.3933334,80.0,0.0,0.0,7,Monsoon
Madhya Pradesh,Chhatarpur,2016-06,24.75,79.75,1828.0,0.0,0.225928700575,4.0,314.1816667,954.0,0.0,21.85,6,Monsoon
Madhya Pradesh,Chhatarpur,2016-07,24.75,79.75,46.0,0.0,2.82080465,0.0,303.44,651.3333333333334,0.0,-0.9748358862144421,7,Monsoon
Madhya Pradesh,Chhatarpur,2018-08,24.75,79.75,15.0,0.0,0.4901562343,8.0,303.12,629.6666666666666,0.0,-0.6739130434782609,8,Monsoon
Madhya Pradesh,Chhattarpur,2011-09,22.6540864,80.6339145,258.0,0.0,1.772438619,0.0,299.91,258.0,0.0,0.0,9,Monsoon
Madhya Pradesh,Chhindwara,2010-07,22.13983105,78.80964495,40132.0,0.0,2.07051305,4.0,298.78000000000003,40132.0,0.0,0.0,7,Monsoon
Madhya Pradesh,Chhindwara,2011-07,22.13983105,78.80964495,112.0,1.0,1.197607026,5.0,305.86,20122.0,0.5,-0.9972092096082926,7,Monsoon
Madhya Pradesh,Chhindwara,2011-08,22.13983105,78.80964495,60.0,1.0,1.206560427,0.0,302.78000000000003,13434.666666666666,0.6666666666666666,-0.4642857142857143,8,Monsoon
Madhya Pradesh,Chhindwara,2011-11,22.13983105,78.80964495,2065.0,2.0,7.735e-05,8.5,306.1016667,745.6666666666666,1.3333333333333333,33.416666666666664,11,Post-Monsoon
Madhya Pradesh,Chhindwara,2013-04,22.13983105,78.80964495,16.0,0.0,0.07295166086,6.0,315.25,713.6666666666666,1.0,-0.9922518159806295,4,Summer
Madhya Pradesh,Damoh,2011-08,23.75,79.583333,25126.0,0.0,1.4125285615,8.0,0.0,25126.0,0.0,0.0,8,Monsoon
Madhya Pradesh,Damoh,2013-09,23.75,79.583333,6216.0,0.0,0.17409445434,19.5,301.44000000000005,15671.0,0.0,-0.752606861418451,9,Monsoon
Madhya Pradesh,Damoh,2018-11,23.75,79.583333,18.0,0.0,4.47e-05,7.0,302.24,10453.333333333334,0.0,-0.997104247104247,11,Post-Monsoon
Madhya Pradesh,Datia,2013-07,25.75,78.5,15.0,1.0,0.9415686486,0.0,301.6,15.0,1.0,0.0,7,Monsoon
Madhya Pradesh,Datia,2017-10,25.75,78.5,10.0,1.0,6.52e-05,6.0,312.6666666,12.5,1.0,-0.33333333333333337,10,Post-Monsoon
Madhya Pradesh,Datia,2019-06,25.75,78.5,17.0,0.0,0.07549213399,0.0,314.55,14.0,0.6666666666666666,0.7,6,Monsoon
Madhya Pradesh,Datia,2019-08,25.75,78.5,207.0,1.0,0.6563994371,10.0,305.48,78.0,0.6666666666666666,11.176470588235293,8,Monsoon
Madhya Pradesh,Dewas,2009-07,23.0,76.166667,2.0,0.0,0.95538084,0.0,299.24,2.0,0.0,0.0,7,Monsoon
Madhya Pradesh,Dewas,2015-08,23.0,76.166667,45.0,0.0,1.150818487,12.0,299.6,23.5,0.0,21.5,8,Monsoon
Madhya Pradesh,Dhar,2009-07,22.5,75.25,3931.0,1.0,1.47228887955,2.0,303.41999999999996,3931.0,1.0,0.0,7,Monsoon
Madhya Pradesh,Dhar,2010-08,22.5,75.25,43.0,0.0,1.258380529,0.0,300.74,1987.0,0.5,-0.9890613075553294,8,Monsoon
Madhya Pradesh,Dhar,2010-12,22.5,75.25,35.0,0.0,0.02389065083,0.0,302.86400000000003,1336.3333333333333,0.3333333333333333,-0.18604651162790697,12,Winter
Madhya Pradesh,Dhar,2011-10,22.5,75.25,93.0,0.0,0.02982985993,15.0,306.528,57.0,0.0,1.657142857142857,10,Post-Monsoon
Madhya Pradesh,Dhar,2011-11,22.5,75.25,10.0,0.0,5.45e-05,0.0,310.1333334,46.0,0.0,-0.8924731182795699,11,Post-Monsoon
Madhya Pradesh,Dhar,2012-07,22.5,75.25,94.0,1.0,0.9124836225,0.0,0.0,65.66666666666667,0.3333333333333333,8.4,7,Monsoon
Madhya Pradesh,Dhar,2012-08,22.5,75.25,13.0,3.0,0.4590140039,5.0,0.0,39.0,1.3333333333333333,-0.8617021276595744,8,Monsoon
Madhya Pradesh,Dhar,2015-04,22.5,75.25,30.0,0.0,0.03237527066,3.0,315.9266666,45.666666666666664,1.3333333333333333,1.3076923076923075,4,Summer
Madhya Pradesh,Dhar,2015-05,22.5,75.25,16.0,0.0,0.000276270127,3.0,323.12,19.666666666666668,1.0,-0.4666666666666667,5,Summer
Madhya Pradesh,Dhar,2015-08,22.5,75.25,8.0,1.0,0.5583798631,4.0,0.0,18.0,0.3333333333333333,-0.5,8,Monsoon
Madhya Pradesh,Dhar,2016-05,22.5,75.25,33.0,0.0,0.07683057682,3.0,315.712,19.0,0.3333333333333333,3.125,5,Summer
Madhya Pradesh,Dhar,2019-04,22.5,75.25,12.0,1.0,0.08209509687,3.0,319.416,17.666666666666668,0.6666666666666666,-0.6363636363636364,4,Summer
Madhya Pradesh,Dhar,2019-06,22.5,75.25,63.0,0.0,0.03116441722,0.0,318.244,36.0,0.3333333333333333,4.25,6,Monsoon
Madhya Pradesh,Dhar,2022-02,22.5,75.25,10.0,1.0,8.29e-05,13.0,301.496,28.333333333333332,0.6666666666666666,-0.8412698412698413,2,Winter
Madhya Pradesh,Dindori,2009-06,22.90736865,80.8851143,56.0,3.0,0.001554109337,5.0,319.7266666,56.0,3.0,0.0,6,Monsoon
Madhya Pradesh,Dindori,2011-07,22.90736865,80.8851143,159.0,0.0,0.406874965,8.0,305.48,107.5,1.5,1.8392857142857144,7,Monsoon
Madhya Pradesh,Dindori,2012-02,22.90736865,80.8851143,63.0,2.0,7.12e-05,0.0,306.06333340000003,92.66666666666667,1.6666666666666667,-0.6037735849056604,2,Winter
Madhya Pradesh,Guna,2009-09,24.5,77.5,91.0,0.0,0.488710322,24.0,300.76,91.0,0.0,0.0,9,Monsoon
Madhya Pradesh,Guna,2010-06,24.5,77.5,13.0,1.0,0.001466656337,2.0,319.68,52.0,0.5,-0.8571428571428572,6,Monsoon
Madhya Pradesh,Guna,2010-07,24.5,77.5,6363.0,0.0,0.2410375421,7.0,309.53000000000003,2155.6666666666665,0.3333333333333333,488.46153846153845,7,Monsoon
Madhya Pradesh,Guna,2010-09,24.5,77.5,97.0,0.0,0.6076856405,12.0,300.81333340000003,2157.6666666666665,0.3333333333333333,-0.9847556184189847,9,Monsoon
Madhya Pradesh,Guna,2016-07,24.5,77.5,251616.0,1.0,0.9888078995999999,2.6666666666666665,205.77666666666667,86025.33333333333,0.3333333333333333,2592.979381443299,7,Monsoon
Madhya Pradesh,Guna,2016-10,24.5,77.5,11.0,0.0,0.2165112361,11.0,305.645,83908.0,0.3333333333333333,-0.9999562825893424,10,Post-Monsoon
Madhya Pradesh,Guna,2018-10,24.5,77.5,10.0,1.0,0.001966974692,5.0,312.6333334,83879.0,0.6666666666666666,-0.09090909090909094,10,Post-Monsoon
Madhya Pradesh,Gwalior,2009-06,26.2037247,78.1573628,346.0,0.0,0.0009502081915,2.0,316.3833334,346.0,0.0,0.0,6,Monsoon
Madhya Pradesh,Gwalior,2009-07,26.2037247,78.1573628,87.0,0.0,0.9184048361,3.0,0.0,216.5,0.0,-0.7485549132947977,7,Monsoon
Madhya Pradesh,Gwalior,2010-12,26.2037247,78.1573628,13.0,2.0,2.94e-05,7.0,295.61,148.66666666666666,0.6666666666666666,-0.8505747126436781,12,Winter
Madhya Pradesh,Gwalior,2011-11,26.2037247,78.1573628,151.0,0.0,5.06e-05,7.0,307.74,83.66666666666667,0.6666666666666666,10.615384615384615,11,Post-Monsoon
Madhya Pradesh,Gwalior,2013-07,26.2037247,78.1573628,49.0,2.0,0.9342512841,9.0,306.66,71.0,1.3333333333333333,-0.6754966887417219,7,Monsoon
Madhya Pradesh,Gwalior,2016-06,26.2037247,78.1573628,23.0,1.0,0.03257793871,2.0,315.87333340000004,74.33333333333333,1.0,-0.5306122448979591,6,Monsoon
Madhya Pradesh,Gwalior,2018-08,26.2037247,78.1573628,144.0,0.0,0.6177748133,0.0,304.4266666,72.0,1.0,5.260869565217392,8,Monsoon
Madhya Pradesh,Gwalior,2022-03,26.2037247,78.1573628,48.0,0.0,0.00012831976,8.0,307.3266666,71.66666666666667,0.3333333333333333,-0.6666666666666667,3,Summer
Madhya Pradesh,Harda,2014-06,22.3388828,77.0929933,17.0,0.0,0.0005648455581,5.0,319.9633334,17.0,0.0,0.0,6,Monsoon
Madhya Pradesh,Harda,2015-09,22.3388828,77.0929933,2020.0,2.0,0.02330949171,17.0,303.844,1018.5,1.0,117.82352941176471,9,Monsoon
Madhya Pradesh,Hoshangabad,2010-08,22.6001502,77.92664521,108.0,0.0,2.656472612,0.0,299.18,108.0,0.0,0.0,8,Monsoon
Madhya Pradesh,Hoshangabad,2011-07,22.6001502,77.92664521,39.0,0.0,0.9277900127,3.0,288.76,73.5,0.0,-0.6388888888888888,7,Monsoon
Madhya Pradesh,Hoshangabad,2011-09,22.6001502,77.92664521,56.0,3.0,0.3000298656,10.0,0.0,67.66666666666667,1.0,0.4358974358974359,9,Monsoon
Madhya Pradesh,Hoshangabad,2013-10,22.6001502,77.92664521,130.0,0.0,0.01398017937,18.0,304.7233334,75.0,1.0,1.3214285714285716,10,Post-Monsoon
Madhya Pradesh,Hoshangabad,2014-07,22.6001502,77.92664521,42.0,0.0,0.7660575427,2.0,311.13,76.0,1.0,-0.676923076923077,7,Monsoon
Madhya Pradesh,Hoshangabad,2014-10,22.6001502,77.92664521,19.0,0.0,0.01590645441,14.0,305.64,63.666666666666664,0.0,-0.5476190476190477,10,Post-Monsoon
Madhya Pradesh,Hoshangabad,2015-04,22.6001502,77.92664521,171.0,0.0,0.002508148579,7.0,310.9166666,77.33333333333333,0.0,8.0,4,Summer
Madhya Pradesh,Hoshangabad,2015-07,22.6001502,77.92664521,15.0,0.0,1.297678037,1.0,0.0,68.33333333333333,0.0,-0.9122807017543859,7,Monsoon
Madhya Pradesh,Hoshangabad,2015-08,22.6001502,77.92664521,69.0,0.0,0.1323322175,9.0,300.9066666,85.0,0.0,3.5999999999999996,8,Monsoon
Madhya Pradesh,Hoshangabad,2016-05,22.6001502,77.92664521,139.0,0.0,0.0012869702495500001,7.0,318.172,74.33333333333333,0.0,1.0144927536231885,5,Summer
Madhya Pradesh,Hoshangabad,2016-07,22.6001502,77.92664521,33.0,0.0,4.282086,3.0,0.0,80.33333333333333,0.0,-0.762589928057554,7,Monsoon
Madhya Pradesh,Hoshangabad,2018-08,22.6001502,77.92664521,1411.0,1.0,0.7193713867,2.5,0.0,527.6666666666666,0.3333333333333333,41.75757575757576,8,Monsoon
Madhya Pradesh,Indore,2009-08,22.7665444,75.9006944,70.0,0.0,0.07232715353,0.0,301.26,70.0,0.0,0.0,8,Monsoon
Madhya Pradesh,Indore,2009-09,22.7665444,75.9006944,78.0,0.0,2.511336733,20.0,299.7,74.0,0.0,0.11428571428571432,9,Monsoon
Madhya Pradesh,Indore,2009-10,22.7665444,75.9006944,7311.0,0.0,4.355e-05,4.5,313.2566667,2486.3333333333335,0.0,92.73076923076923,10,Post-Monsoon
Madhya Pradesh,Indore,2009-11,22.7665444,75.9006944,3639.0,0.0,7.02e-05,5.0,311.8833334,3676.0,0.0,-0.5022568732047599,11,Post-Monsoon
Madhya Pradesh,Indore,2010-09,22.7665444,75.9006944,2.0,0.0,0.1572565907,0.0,300.145,3650.6666666666665,0.0,-0.9994503984611157,9,Monsoon
Madhya Pradesh,Indore,2011-07,22.7665444,75.9006944,1.0,0.0,0.9746025282,3.0,0.0,1214.0,0.0,-0.5,7,Monsoon
Madhya Pradesh,Indore,2015-07,22.7665444,75.9006944,6.0,0.0,1.702143616,0.0,0.0,3.0,0.0,5.0,7,Monsoon
Madhya Pradesh,Indore,2015-08,22.7665444,75.9006944,35.0,0.0,0.65294129835,8.5,149.09,14.0,0.0,4.833333333333333,8,Monsoon
Madhya Pradesh,Indore,2016-05,22.7665444,75.9006944,3.0,0.0,4.37e-05,2.0,322.2133334,14.666666666666666,0.0,-0.9142857142857143,5,Summer
Madhya Pradesh,Jabalpur,2009-07,23.1608938,79.9497702,135.0,0.0,0.9273931103,9.0,285.58,135.0,0.0,0.0,7,Monsoon
Madhya Pradesh,Jabalpur,2013-07,23.1608938,79.9497702,23.0,0.0,1.086740289,7.0,303.14,79.0,0.0,-0.8296296296296296,7,Monsoon
Madhya Pradesh,Jabalpur,2019-06,23.1608938,79.9497702,29.0,0.0,0.1563273325,7.0,314.08,62.333333333333336,0.0,0.26086956521739135,6,Monsoon
Madhya Pradesh,Jabalpur,2019-07,23.1608938,79.9497702,8.0,0.0,0.5221604592,12.0,303.72,20.0,0.0,-0.7241379310344828,7,Monsoon
Madhya Pradesh,Jabalpur,2019-12,23.1608938,79.9497702,6.0,0.0,0.04318086447,9.0,295.548,14.333333333333334,0.0,-0.25,12,Winter
Madhya Pradesh,Jhabua,2013-07,22.88585225,74.72513369,76.0,0.0,1.016528786,4.0,0.0,76.0,0.0,0.0,7,Monsoon
Madhya Pradesh,Jhabua,2014-11,22.88585225,74.72513369,99.0,0.0,7.27e-05,6.0,310.6533334,87.5,0.0,0.30263157894736836,11,Post-Monsoon
Madhya Pradesh,Jhabua,2015-07,22.88585225,74.72513369,47.0,0.0,0.08468171781,5.0,308.0,74.0,0.0,-0.5252525252525253,7,Monsoon
Madhya Pradesh,Jhabua,2016-06,22.88585225,74.72513369,2230.0,0.0,0.16770458463260002,1.0,311.5466667,792.0,0.0,46.4468085106383,6,Monsoon
Madhya Pradesh,Katni,2011-09,23.8339621,80.392456,13.0,0.0,0.6703811113,15.0,300.635,13.0,0.0,0.0,9,Monsoon
Madhya Pradesh,Katni,2012-07,23.8339621,80.392456,40.0,3.0,0.462409651,3.0,0.0,26.5,1.5,2.076923076923077,7,Monsoon
Madhya Pradesh,Katni,2012-08,23.8339621,80.392456,4321.0,0.0,2.132517353,1.0,0.0,1458.0,1.0,107.025,8,Monsoon
Madhya Pradesh,Katni,2013-10,23.8339621,80.392456,617.0,5.0,1.006550349,0.0,298.79,1659.3333333333333,2.6666666666666665,-0.857208979402916,10,Post-Monsoon
Madhya Pradesh,Katni,2014-05,23.8339621,80.392456,48.0,0.0,0.002229809933,0.0,314.7466666,1662.0,1.6666666666666667,-0.9222042139384117,5,Summer
Madhya Pradesh,Katni,2015-07,23.8339621,80.392456,30.0,0.0,0.6860324421,11.0,302.58,231.66666666666666,1.6666666666666667,-0.375,7,Monsoon
Madhya Pradesh,Katni,2015-09,23.8339621,80.392456,9.0,0.0,0.5321089368,19.0,303.252,29.0,0.0,-0.7,9,Monsoon
Madhya Pradesh,Katni,2016-08,23.8339621,80.392456,57.0,0.0,0.6777335228,4.0,0.0,32.0,0.0,5.333333333333333,8,Monsoon
Madhya Pradesh,Katni,2017-03,23.8339621,80.392456,106.0,0.0,0.03669179369,0.0,306.3433334,57.333333333333336,0.0,0.8596491228070176,3,Summer
Madhya Pradesh,Khandwa,2009-07,21.9778642,76.56882823,25.0,2.0,2.458273133,5.0,301.16,25.0,2.0,0.0,7,Monsoon
Madhya Pradesh,Khandwa,2010-08,21.9778642,76.56882823,38.0,0.0,2.38873824,0.0,0.0,31.5,1.0,0.52,8,Monsoon
Madhya Pradesh,Khandwa,2010-10,21.9778642,76.56882823,2230.0,0.0,0.006354046094,11.0,308.59000000000003,764.3333333333334,0.6666666666666666,57.68421052631579,10,Post-Monsoon
Madhya Pradesh,Khandwa,2011-09,21.9778642,76.56882823,17.0,0.0,0.3966761352,19.0,301.49,761.6666666666666,0.0,-0.9923766816143498,9,Monsoon
Madhya Pradesh,Khandwa,2011-10,21.9778642,76.56882823,300400.0,0.0,0.0011528925585000001,11.0,309.04499999999996,100882.33333333333,0.0,17669.58823529412,10,Post-Monsoon
Madhya Pradesh,Khandwa,2012-05,21.9778642,76.56882823,37.0,1.0,0.0002005026003,4.0,321.7666666,100151.33333333333,0.3333333333333333,-0.9998768308921439,5,Summer
Madhya Pradesh,Khandwa,2012-06,21.9778642,76.56882823,12827.0,0.0,0.10811123504999999,2.0,314.2675,104421.33333333333,0.3333333333333333,345.6756756756757,6,Monsoon
Madhya Pradesh,Khandwa,2012-07,21.9778642,76.56882823,70.0,1.0,4.89462798,3.0,0.0,4311.333333333333,0.6666666666666666,-0.9945427613627504,7,Monsoon
Madhya Pradesh,Khandwa,2013-07,21.9778642,76.56882823,24.0,0.0,1.226914242,2.0,0.0,4307.0,0.3333333333333333,-0.6571428571428571,7,Monsoon
Madhya Pradesh,Khandwa,2013-10,21.9778642,76.56882823,26.0,0.0,0.3701055833,13.0,302.436,40.0,0.3333333333333333,0.08333333333333326,10,Post-Monsoon
Madhya Pradesh,Khandwa,2014-09,21.9778642,76.56882823,7.0,0.0,0.08590790613,0.0,301.85,19.0,0.0,-0.7307692307692308,9,Monsoon
Madhya Pradesh,Khandwa,2014-11,21.9778642,76.56882823,10.0,0.0,0.01246010404,7.0,306.8866666,14.333333333333334,0.0,0.4285714285714286,11,Post-Monsoon
Madhya Pradesh,Khandwa,2014-12,21.9778642,76.56882823,2735.0,0.0,2.905e-05,6.5,307.08500000000004,917.3333333333334,0.0,272.5,12,Winter
Madhya Pradesh,Khandwa,2015-04,21.9778642,76.56882823,25.0,0.0,0.07552311492,5.0,313.832,923.3333333333334,0.0,-0.9908592321755028,4,Summer
Madhya Pradesh,Khandwa,2015-10,21.9778642,76.56882823,11.0,0.0,4.06e-05,12.0,311.072,923.6666666666666,0.0,-0.56,10,Post-Monsoon
Madhya Pradesh,Khandwa,2016-08,21.9778642,76.56882823,121.0,1.0,1.001518474,6.0,304.02,52.333333333333336,0.3333333333333333,10.0,8,Monsoon
Madhya Pradesh,Khandwa,2017-07,21.9778642,76.56882823,165.0,1.0,1.051537324,8.0,302.26,99.0,0.6666666666666666,0.36363636363636354,7,Monsoon
Madhya Pradesh,Khandwa,2017-08,21.9778642,76.56882823,346545.0,0.0,0.44228862813333336,7.333333333333333,99.34666666666668,115610.33333333333,0.6666666666666666,2099.2727272727275,8,Monsoon
Madhya Pradesh,Khandwa,2017-09,21.9778642,76.56882823,27.0,0.0,1.010341305,17.0,304.90000000000003,115579.0,0.3333333333333333,-0.9999220880405142,9,Monsoon
Madhya Pradesh,Khargone,2009-08,21.825599,75.614182,113.0,0.0,1.151043715,10.0,302.01,113.0,0.0,0.0,8,Monsoon
Madhya Pradesh,Khargone,2010-10,21.825599,75.614182,5055.0,0.0,0.037891867940000004,17.0,305.704,2584.0,0.0,43.73451327433628,10,Post-Monsoon
Madhya Pradesh,Khargone,2010-11,21.825599,75.614182,8114120.0,1.0,0.05110217598,7.666666666666667,302.62266666666665,2706429.3333333335,0.3333333333333333,1604.1671612265084,11,Post-Monsoon
Madhya Pradesh,Khargone,2011-05,21.825599,75.614182,8.0,0.0,0.0007785707953,4.0,318.0966666,2706394.3333333335,0.3333333333333333,-0.9999990140643717,5,Summer
Madhya Pradesh,Khargone,2011-10,21.825599,75.614182,44.0,0.0,0.003579647631,15.0,306.7166666,2704724.0,0.3333333333333333,4.5,10,Post-Monsoon
Madhya Pradesh,Khargone,2011-12,21.825599,75.614182,105.0,0.0,2.74e-05,5.0,306.3766666,52.333333333333336,0.0,1.3863636363636362,12,Winter
Madhya Pradesh,Khargone,2012-03,21.825599,75.614182,28.0,0.0,0.0001025816164,0.0,319.1266666,59.0,0.0,-0.7333333333333334,3,Summer
Madhya Pradesh,Khargone,2012-05,21.825599,75.614182,57.0,0.0,5.28e-05,4.0,321.84000000000003,63.333333333333336,0.0,1.0357142857142856,5,Summer
Madhya Pradesh,Khargone,2013-08,21.825599,75.614182,35100.0,1.0,1.2591333201000001,5.5,0.0,11728.333333333334,0.3333333333333333,614.7894736842105,8,Monsoon
Madhya Pradesh,Khargone,2013-11,21.825599,75.614182,90.0,0.0,0.001283448222,11.0,305.92,11749.0,0.3333333333333333,-0.9974358974358974,11,Post-Monsoon
Madhya Pradesh,Khargone,2014-04,21.825599,75.614182,35.0,0.0,0.01632683527,4.0,318.81333340000003,11741.666666666666,0.3333333333333333,-0.6111111111111112,4,Summer
Madhya Pradesh,Khargone,2014-07,21.825599,75.614182,364731.0,0.0,0.7739889190166668,2.6666666666666665,104.16166666666668,121618.66666666667,0.0,10419.885714285714,7,Monsoon
Madhya Pradesh,Khargone,2015-05,21.825599,75.614182,15273.0,0.0,0.006192976165,4.0,322.2393333,126679.66666666667,0.0,-0.958125303305724,5,Summer
Madhya Pradesh,Khargone,2015-06,21.825599,75.614182,44481827.0,0.0,0.30923380836500003,6.75,311.02500000000003,14953943.666666666,0.0,2911.448569370785,6,Monsoon
Madhya Pradesh,Khargone,2015-07,21.825599,75.614182,56.0,0.0,0.8887353455,7.0,0.0,14832385.333333334,0.0,-0.9999987410589048,7,Monsoon
Madhya Pradesh,Khargone,2015-08,21.825599,75.614182,3258.0,0.0,0.17086127418,6.5,300.08333330000005,14828380.333333334,0.0,57.17857142857143,8,Monsoon
Madhya Pradesh,Khargone,2015-10,21.825599,75.614182,89.0,0.0,0.003992862822,18.0,306.40000000000003,1134.3333333333333,0.0,-0.97268262737876,10,Post-Monsoon
Madhya Pradesh,Khargone,2016-02,21.825599,75.614182,103.0,0.0,0.0001247575923,0.0,308.108,1150.0,0.0,0.1573033707865168,2,Winter
Madhya Pradesh,Khargone,2016-06,21.825599,75.614182,118.0,0.0,0.4981724961,2.0,313.06,103.33333333333333,0.0,0.14563106796116498,6,Monsoon
Madhya Pradesh,Khargone,2016-07,21.825599,75.614182,45375449.0,0.0,2.75879860575,2.25,302.46500000000003,15125223.333333334,0.0,384536.7033898305,7,Monsoon
Madhya Pradesh,Khargone,2016-10,21.825599,75.614182,14.0,0.0,2.47e-05,16.0,305.69,15125193.666666666,0.0,-0.9999996914631082,10,Post-Monsoon
Madhya Pradesh,Khargone,2016-11,21.825599,75.614182,25.0,0.0,8.94e-05,12.0,306.44,15125162.666666666,0.0,0.7857142857142858,11,Post-Monsoon
Madhya Pradesh,Khargone,2017-03,21.825599,75.614182,29.0,0.0,8.95e-05,5.0,314.19,22.666666666666668,0.0,0.15999999999999992,3,Summer
Madhya Pradesh,Khargone,2017-05,21.825599,75.614182,29558536.0,0.0,0.00965158883,4.0,322.60333330000003,9852863.333333334,0.0,1019258.8620689656,5,Summer
Madhya Pradesh,Khargone,2017-06,21.825599,75.614182,3372337.0,0.0,0.3101214915033333,3.6666666666666665,309.8086666666666,10976967.333333334,0.0,-0.8859098772686171,6,Monsoon
Madhya Pradesh,Khargone,2017-08,21.825599,75.614182,41.0,0.0,0.6359981043,8.0,298.2,10976971.333333334,0.0,-0.9999878422589439,8,Monsoon
Madhya Pradesh,Khargone,2017-10,21.825599,75.614182,3248.0,0.0,0.004172980519,10.0,304.9513333,1125208.6666666667,0.0,78.21951219512195,10,Post-Monsoon
Madhya Pradesh,Khargone,2017-11,21.825599,75.614182,47.0,0.0,6.83e-05,10.0,306.5566666,1112.0,0.0,-0.9855295566502463,11,Post-Monsoon
Madhya Pradesh,Khargone,2018-04,21.825599,75.614182,46.0,0.0,8.38e-05,0.0,322.93333340000004,1113.6666666666667,0.0,-0.021276595744680882,4,Summer
Madhya Pradesh,Khargone,2018-06,21.825599,75.614182,483457.0,0.0,0.22571022481000003,3.0,308.96333333333337,161183.33333333334,0.0,10508.934782608696,6,Monsoon
Madhya Pradesh,Khargone,2018-07,21.825599,75.614182,3833.0,0.0,1.42602008,1.0,0.0,162445.33333333334,0.0,-0.9920716837278186,7,Monsoon
Madhya Pradesh,Khargone,2018-08,21.825599,75.614182,165.0,1.0,0.2379220767,4.0,0.0,162485.0,0.3333333333333333,-0.9569527785024785,8,Monsoon
Madhya Pradesh,Khargone,2019-05,21.825599,75.614182,49.0,0.0,0.0009835676721,4.0,323.016,1349.0,0.3333333333333333,-0.703030303030303,5,Summer
Madhya Pradesh,Khargone,2020-10,21.825599,75.614182,22.0,0.0,0.0829532973,11.0,303.98,78.66666666666667,0.3333333333333333,-0.5510204081632653,10,Post-Monsoon
Madhya Pradesh,Khargone,2021-06,21.825599,75.614182,174.0,0.0,0.2327137536,5.0,307.62,81.66666666666667,0.0,6.909090909090909,6,Monsoon
Madhya Pradesh,Khargone,2021-07,21.825599,75.614182,138.0,0.0,0.3735497957,10.0,309.23,111.33333333333333,0.0,-0.2068965517241379,7,Monsoon
Madhya Pradesh,Mandla,2009-07,22.68536625,80.58150562,111.0,3.0,0.2883064487,0.0,302.34000000000003,111.0,3.0,0.0,7,Monsoon
Madhya Pradesh,Mandla,2010-12,22.68536625,80.58150562,163.0,0.0,0.01170190724,14.0,302.192,137.0,1.5,0.46846846846846857,12,Winter
Madhya Pradesh,Mandla,2011-11,22.68536625,80.58150562,33.0,0.0,6.24e-05,14.0,303.9666666,102.33333333333333,1.0,-0.7975460122699387,11,Post-Monsoon
Madhya Pradesh,Mandla,2012-08,22.68536625,80.58150562,26.0,2.0,1.283515782,5.0,0.0,74.0,0.6666666666666666,-0.21212121212121215,8,Monsoon
Madhya Pradesh,Mandla,2013-01,22.68536625,80.58150562,11.0,0.0,0.03358013003,9.0,298.65500000000003,23.333333333333332,0.6666666666666666,-0.5769230769230769,1,Winter
Madhya Pradesh,Mandla,2013-03,22.68536625,80.58150562,14.0,0.0,0.1797353022,6.0,304.9033334,17.0,0.6666666666666666,0.2727272727272727,3,Summer
Madhya Pradesh,Mandla,2013-06,22.68536625,80.58150562,195.0,2.0,0.7003738826,5.0,314.0066666,73.33333333333333,0.6666666666666666,12.928571428571429,6,Monsoon
Madhya Pradesh,Mandla,2014-01,22.68536625,80.58150562,31.0,0.0,0.005135531505,10.0,296.74,80.0,0.6666666666666666,-0.841025641025641,1,Winter
Madhya Pradesh,Mandla,2014-05,22.68536625,80.58150562,5061.0,0.0,0.02503966181,9.0,313.432,1762.3333333333333,0.6666666666666666,162.25806451612902,5,Summer
Madhya Pradesh,Mandla,2014-06,22.68536625,80.58150562,15.0,0.0,0.5874556802,10.0,306.87,1702.3333333333333,0.0,-0.997036158861885,6,Monsoon
Madhya Pradesh,Mandla,2014-07,22.68536625,80.58150562,21.0,0.0,1.459695788,2.0,0.0,1699.0,0.0,0.3999999999999999,7,Monsoon
Madhya Pradesh,Mandla,2014-10,22.68536625,80.58150562,207.0,0.0,0.03074617816,18.0,302.6666666,81.0,0.0,8.857142857142858,10,Post-Monsoon
Madhya Pradesh,Mandla,2014-11,22.68536625,80.58150562,7.0,1.0,0.0008195076441,18.0,302.03200000000004,78.33333333333333,0.3333333333333333,-0.966183574879227,11,Post-Monsoon
Madhya Pradesh,Mandla,2015-05,22.68536625,80.58150562,16.0,0.0,0.0247886308,6.0,315.03000000000003,76.66666666666667,0.3333333333333333,1.2857142857142856,5,Summer
Madhya Pradesh,Mandla,2015-07,22.68536625,80.58150562,11.0,0.0,0.3312562979,12.0,303.02,11.333333333333334,0.3333333333333333,-0.3125,7,Monsoon
Madhya Pradesh,Mandla,2015-10,22.68536625,80.58150562,2713512.0,1.0,0.029588386360333337,15.333333333333334,305.15111113333336,904513.0,0.3333333333333333,246681.9090909091,10,Post-Monsoon
Madhya Pradesh,Mandla,2016-07,22.68536625,80.58150562,49.0,6.0,0.631774217,10.0,0.0,904524.0,2.3333333333333335,-0.9999819422210037,7,Monsoon
Madhya Pradesh,Mandla,2018-06,22.68536625,80.58150562,9.0,0.0,1.015138133,8.0,309.17,904523.3333333334,2.3333333333333335,-0.8163265306122449,6,Monsoon
Madhya Pradesh,Mandla,2018-07,22.68536625,80.58150562,4.0,1.0,1.201668438,12.0,302.40000000000003,20.666666666666668,2.3333333333333335,-0.5555555555555556,7,Monsoon
Madhya Pradesh,Mandsaur,2009-06,24.2651306,75.38718194,156.0,0.0,0.07596816822,2.0,315.872,156.0,0.0,0.0,6,Monsoon
Madhya Pradesh,Mandsaur,2011-11,24.2651306,75.38718194,29.0,4.0,5.96e-05,5.0,308.05333340000004,92.5,2.0,-0.8141025641025641,11,Post-Monsoon
Madhya Pradesh,Mandsaur,2013-03,24.2651306,75.38718194,24.0,0.0,6.76e-05,0.0,312.8066666,69.66666666666667,1.3333333333333333,-0.1724137931034483,3,Summer
Madhya Pradesh,Mandsaur,2013-07,24.2651306,75.38718194,20.0,0.0,0.7179511373,4.0,302.34000000000003,24.333333333333332,1.3333333333333333,-0.16666666666666663,7,Monsoon
Madhya Pradesh,Mandsaur,2014-12,24.2651306,75.38718194,239.0,0.0,5.02e-05,8.0,296.584,94.33333333333333,0.0,10.95,12,Winter
Madhya Pradesh,Mandsaur,2015-04,24.2651306,75.38718194,63.0,0.0,0.001109563818,0.0,317.09200000000004,107.33333333333333,0.0,-0.7364016736401673,4,Summer
Madhya Pradesh,Mandsaur,2015-10,24.2651306,75.38718194,27.0,0.0,0.0001030106842,6.0,312.31,109.66666666666667,0.0,-0.5714285714285714,10,Post-Monsoon
Madhya Pradesh,Mandsaur,2015-11,24.2651306,75.38718194,30.0,0.0,4.6e-05,6.0,306.016,40.0,0.0,0.11111111111111116,11,Post-Monsoon
Madhya Pradesh,Mandsaur,2016-05,24.2651306,75.38718194,37.0,0.0,0.06158245295,0.0,319.74333340000004,31.333333333333332,0.0,0.2333333333333334,5,Summer
Madhya Pradesh,Mandsaur,2017-11,24.2651306,75.38718194,35.0,0.0,2.57e-05,6.0,306.34000000000003,34.0,0.0,-0.05405405405405406,11,Post-Monsoon
Madhya Pradesh,Mandsaur,2022-05,24.2651306,75.38718194,254.0,0.0,0.0113970782,3.0,317.3666666,108.66666666666667,0.0,6.257142857142857,5,Summer
Madhya Pradesh,Morena,2009-07,26.166667,77.5,59.0,0.0,0.3380770713,0.0,314.2,59.0,0.0,0.0,7,Monsoon
Madhya Pradesh,Morena,2009-08,26.166667,77.5,2535.0,2.0,0.9951092707,6.5,153.105,1297.0,1.0,41.96610169491525,8,Monsoon
Madhya Pradesh,Morena,2010-08,26.166667,77.5,26.0,0.0,0.6273805897,8.0,302.38,873.3333333333334,0.6666666666666666,-0.9897435897435898,8,Monsoon
Madhya Pradesh,Morena,2010-11,26.166667,77.5,117117.0,0.0,0.01270885435,8.0,303.37333340000004,39892.666666666664,0.6666666666666666,4503.5,11,Post-Monsoon
Madhya Pradesh,Morena,2011-02,26.166667,77.5,12.0,0.0,0.1326510865,12.0,298.385,39051.666666666664,0.0,-0.9998975383590768,2,Winter
Madhya Pradesh,Morena,2013-07,26.166667,77.5,35.0,0.0,0.3363460802,0.0,302.5666666,39054.666666666664,0.0,1.9166666666666665,7,Monsoon
Madhya Pradesh,Morena,2013-08,26.166667,77.5,11.0,2.0,0.8222058393,16.0,303.13,19.333333333333332,0.6666666666666666,-0.6857142857142857,8,Monsoon
Madhya Pradesh,Morena,2014-09,26.166667,77.5,2518.0,0.0,0.0001060182002,15.0,306.9616667,854.6666666666666,0.6666666666666666,227.9090909090909,9,Monsoon
Madhya Pradesh,Morena,2014-10,26.166667,77.5,5220138.0,1.0,0.0029899362612,10.333333333333334,309.8544444666666,1740889.0,1.0,2072.128673550437,10,Post-Monsoon
Madhya Pradesh,Morena,2014-11,26.166667,77.5,74.0,0.0,7.82e-05,0.0,301.516,1740910.0,0.3333333333333333,-0.9999858241295536,11,Post-Monsoon
Madhya Pradesh,Morena,2015-08,26.166667,77.5,50.0,0.0,0.4048208289,0.0,299.08,1740087.3333333333,0.3333333333333333,-0.32432432432432434,8,Monsoon
Madhya Pradesh,Morena,2015-11,26.166667,77.5,163.0,0.0,0.0001566361446,7.0,305.31333340000003,95.66666666666667,0.0,2.26,11,Post-Monsoon
Madhya Pradesh,Morena,2016-05,26.166667,77.5,8041.0,0.0,0.023385278614999998,3.5,311.935,2751.3333333333335,0.0,48.331288343558285,5,Summer
Madhya Pradesh,Morena,2016-09,26.166667,77.5,15425.0,0.0,0.2438349005,0.0,303.06100000000004,7876.333333333333,0.0,0.9182937445591344,9,Monsoon
Madhya Pradesh,Morena,2017-08,26.166667,77.5,18.0,0.0,0.7744701128,7.0,0.0,7828.0,0.0,-0.9988330632090762,8,Monsoon
Madhya Pradesh,Morena,2017-10,26.166667,77.5,3.0,0.0,5.48e-05,0.0,311.28000000000003,5148.666666666667,0.0,-0.8333333333333334,10,Post-Monsoon
Madhya Pradesh,Morena,2018-03,26.166667,77.5,36.0,0.0,0.002149271036,6.0,309.5166666,19.0,0.0,11.0,3,Summer
Madhya Pradesh,Morena,2018-05,26.166667,77.5,17.0,0.0,0.000133343362,3.0,318.74333340000004,18.666666666666668,0.0,-0.5277777777777778,5,Summer
Madhya Pradesh,Morena,2018-08,26.166667,77.5,612.0,0.0,0.9372526563500001,5.0,303.4725,221.66666666666666,0.0,35.0,8,Monsoon
Madhya Pradesh,Morena,2019-08,26.166667,77.5,15.0,0.0,0.8378399969,14.0,301.11333340000004,214.66666666666666,0.0,-0.9754901960784313,8,Monsoon
Madhya Pradesh,Morena,2019-10,26.166667,77.5,12.0,2.0,0.0106106076,14.0,303.7,213.0,0.6666666666666666,-0.19999999999999996,10,Post-Monsoon
Madhya Pradesh,Morena,2022-05,26.166667,77.5,154.0,0.0,0.0027303148350500002,3.0,314.0433333,60.333333333333336,0.6666666666666666,11.833333333333334,5,Summer
Madhya Pradesh,Morena,2022-06,26.166667,77.5,12.0,0.0,4.75e-05,3.0,318.4833334,59.333333333333336,0.6666666666666666,-0.922077922077922,6,Monsoon
Madhya Pradesh,Narsinghpur,2010-07,22.9467047,79.1980228,3296.0,0.0,0.60089528815,6.5,152.4,3296.0,0.0,0.0,7,Monsoon
Madhya Pradesh,Narsinghpur,2011-07,22.9467047,79.1980228,46.0,0.0,2.468751969,11.0,0.0,1671.0,0.0,-0.9860436893203883,7,Monsoon
Madhya Pradesh,Narsinghpur,2013-07,22.9467047,79.1980228,92.0,0.0,1.561696596,7.0,0.0,1144.6666666666667,0.0,1.0,7,Monsoon
Madhya Pradesh,Narsinghpur,2014-04,22.9467047,79.1980228,63.0,0.0,0.004870074212,5.0,315.4566666,67.0,0.0,-0.3152173913043478,4,Summer
Madhya Pradesh,Narsinghpur,2016-07,22.9467047,79.1980228,10362.0,0.0,0.2689124354,6.0,0.0,3505.6666666666665,0.0,163.47619047619048,7,Monsoon
Madhya Pradesh,Narsinghpur,2017-07,22.9467047,79.1980228,14.0,1.0,0.4755056986,2.0,0.0,3479.6666666666665,0.3333333333333333,-0.998648909476935,7,Monsoon
Madhya Pradesh,Narsinghpur,2018-08,22.9467047,79.1980228,27.0,0.0,0.7956620973,7.0,0.0,3467.6666666666665,0.3333333333333333,0.9285714285714286,8,Monsoon
Madhya Pradesh,Narsinghpur,2022-05,22.9467047,79.1980228,136.0,2.0,0.02829364721,9.0,308.0733334,59.0,1.0,4.037037037037037,5,Summer
Madhya Pradesh,Neemuch,2011-10,24.6301735,75.18310518,65.0,0.0,6.87e-05,7.0,310.2866666,65.0,0.0,0.0,10,Post-Monsoon
Madhya Pradesh,Neemuch,2012-11,24.6301735,75.18310518,70.0,0.0,4.03e-05,7.0,302.93333340000004,67.5,0.0,0.07692307692307687,11,Post-Monsoon
Madhya Pradesh,Neemuch,2014-07,24.6301735,75.18310518,50.0,0.0,0.001706140763,4.0,309.42,61.666666666666664,0.0,-0.2857142857142857,7,Monsoon
Madhya Pradesh,Neemuch,2015-01,24.6301735,75.18310518,268.0,0.0,0.01022539908,0.0,296.7366666,129.33333333333334,0.0,4.36,1,Winter
Madhya Pradesh,Nimach,2015-06,24.4624649,74.8501137,55.0,0.0,0.1928042494,3.0,308.016,55.0,0.0,0.0,6,Monsoon
Madhya Pradesh,Nimach,2016-09,24.4624649,74.8501137,10.0,0.0,0.5788444259,0.0,298.72,32.5,0.0,-0.8181818181818181,9,Monsoon
Madhya Pradesh,Nimach,2016-10,24.4624649,74.8501137,11.0,0.0,0.006228167574,8.0,307.5266666,25.333333333333332,0.0,0.10000000000000009,10,Post-Monsoon
Madhya Pradesh,Nimach,2019-06,24.4624649,74.8501137,123.0,0.0,0.5770076868,3.0,315.276,48.0,0.0,10.181818181818182,6,Monsoon
Madhya Pradesh,Panna,2009-08,24.5,80.25,15.0,0.0,0.6556518823,12.0,302.3,15.0,0.0,0.0,8,Monsoon
Madhya Pradesh,Panna,2010-07,24.5,80.25,21.0,0.0,0.7466248572,10.0,304.42,18.0,0.0,0.3999999999999999,7,Monsoon
Madhya Pradesh,Panna,2010-09,24.5,80.25,20.0,1.0,0.8128650536,21.0,301.705,18.666666666666668,0.3333333333333333,-0.04761904761904767,9,Monsoon
Madhya Pradesh,Panna,2011-09,24.5,80.25,66.0,0.0,0.8356018248,13.0,301.72,35.666666666666664,0.3333333333333333,2.3,9,Monsoon
Madhya Pradesh,Panna,2011-11,24.5,80.25,25.0,0.0,6.36e-05,8.0,306.2933334,37.0,0.3333333333333333,-0.6212121212121212,11,Post-Monsoon
Madhya Pradesh,Panna,2012-06,24.5,80.25,16.0,1.0,0.004561428587,4.0,316.12,35.666666666666664,0.3333333333333333,-0.36,6,Monsoon
Madhya Pradesh,Panna,2013-08,24.5,80.25,37.0,0.0,0.3344112861,7.0,300.5266666,26.0,0.3333333333333333,1.3125,8,Monsoon
Madhya Pradesh,Panna,2014-06,24.5,80.25,14.0,0.0,0.004290013731,5.0,318.96,22.333333333333332,0.3333333333333333,-0.6216216216216216,6,Monsoon
Madhya Pradesh,Panna,2014-08,24.5,80.25,24.0,0.0,0.7564161567,0.0,0.0,25.0,0.0,0.7142857142857142,8,Monsoon
Madhya Pradesh,Panna,2015-07,24.5,80.25,56.0,2.0,0.6532520202,8.0,304.1333334,31.333333333333332,0.6666666666666666,1.3333333333333335,7,Monsoon
Madhya Pradesh,Panna,2015-08,24.5,80.25,20.0,0.0,0.7935355192,0.0,299.84000000000003,33.333333333333336,0.6666666666666666,-0.6428571428571428,8,Monsoon
Madhya Pradesh,Panna,2015-09,24.5,80.25,97.0,0.0,0.1457369378,0.0,301.04,57.666666666666664,0.6666666666666666,3.8499999999999996,9,Monsoon
Madhya Pradesh,Panna,2018-06,24.5,80.25,27.0,1.0,0.02915247292,4.0,315.9566666,48.0,0.3333333333333333,-0.7216494845360825,6,Monsoon
Madhya Pradesh,Panna,2018-07,24.5,80.25,23.0,1.0,1.107004691,3.0,0.0,49.0,0.6666666666666666,-0.14814814814814814,7,Monsoon
Madhya Pradesh,Panna,2018-08,24.5,80.25,2513.0,0.0,0.58799552845,3.0,151.81,854.3333333333334,0.6666666666666666,108.26086956521739,8,Monsoon
Madhya Pradesh,Raisen,2009-08,23.25,78.083333,341.0,2.0,0.2088473206,23.0,300.48,341.0,2.0,0.0,8,Monsoon
Madhya Pradesh,Raisen,2010-08,23.25,78.083333,28.0,0.0,0.8790689551,3.0,0.0,184.5,1.0,-0.9178885630498533,8,Monsoon
Madhya Pradesh,Raisen,2011-09,23.25,78.083333,208.0,4.0,0.7443816514,16.0,290.45,192.33333333333334,2.0,6.428571428571429,9,Monsoon
Madhya Pradesh,Raisen,2013-07,23.25,78.083333,12.0,2.0,2.390765664,5.0,299.40000000000003,82.66666666666667,2.0,-0.9423076923076923,7,Monsoon
Madhya Pradesh,Raisen,2014-05,23.25,78.083333,92.0,0.0,0.0003006299713,5.0,319.608,104.0,2.0,6.666666666666667,5,Summer
Madhya Pradesh,Raisen,2016-07,23.25,78.083333,10.0,1.0,3.156636067,2.0,0.0,38.0,1.0,-0.8913043478260869,7,Monsoon
Madhya Pradesh,Raisen,2016-08,23.25,78.083333,222571.0,0.0,1.3075799753666666,6.0,100.52,74224.33333333333,0.3333333333333333,22256.1,8,Monsoon
Madhya Pradesh,Raisen,2017-04,23.25,78.083333,25.0,0.0,0.0001315401511,4.0,320.896,74202.0,0.3333333333333333,-0.9998876762920597,4,Summer
Madhya Pradesh,Raisen,2017-09,23.25,78.083333,13.0,0.0,0.3982459605,0.0,304.91,74203.0,0.0,-0.48,9,Monsoon
Madhya Pradesh,Raisen,2017-10,23.25,78.083333,1860.0,1.0,0.109680055555,9.0,304.8425,632.6666666666666,0.3333333333333333,142.07692307692307,10,Post-Monsoon
Madhya Pradesh,Raisen,2018-08,23.25,78.083333,13.0,1.0,0.363364831,2.0,289.7,628.6666666666666,0.6666666666666666,-0.9930107526881721,8,Monsoon
Madhya Pradesh,Raisen,2019-07,23.25,78.083333,16.0,0.0,2.298592539,3.0,0.0,629.6666666666666,0.6666666666666666,0.23076923076923084,7,Monsoon
Madhya Pradesh,Raisen,2019-11,23.25,78.083333,150.0,2.0,0.07995130794,12.0,303.3,59.666666666666664,1.0,8.375,11,Post-Monsoon
Madhya Pradesh,Rajgarh,2010-08,23.87167135,76.7748902,216.0,0.0,0.9421431808,10.0,301.36,216.0,0.0,0.0,8,Monsoon
Madhya Pradesh,Rajgarh,2011-11,23.87167135,76.7748902,62.0,0.0,5.96e-05,5.0,310.192,139.0,0.0,-0.712962962962963,11,Post-Monsoon
Madhya Pradesh,Rajgarh,2013-07,23.87167135,76.7748902,69.0,0.0,0.7578438445,2.0,307.74,115.66666666666667,0.0,0.11290322580645151,7,Monsoon
Madhya Pradesh,Rajgarh,2016-06,23.87167135,76.7748902,42.0,0.0,0.006694902246,2.0,315.1433334,57.666666666666664,0.0,-0.3913043478260869,6,Monsoon
Madhya Pradesh,Rajgarh,2016-07,23.87167135,76.7748902,31.0,0.0,1.063863333,0.0,0.0,47.333333333333336,0.0,-0.26190476190476186,7,Monsoon
Madhya Pradesh,Rajgarh,2016-09,23.87167135,76.7748902,1117.0,0.0,0.06858938929,0.0,301.12,396.6666666666667,0.0,35.03225806451613,9,Monsoon
Madhya Pradesh,Rajgarh,2016-10,23.87167135,76.7748902,41.0,0.0,0.3364512638,9.0,306.5266666,396.3333333333333,0.0,-0.963294538943599,10,Post-Monsoon
Madhya Pradesh,Rajgarh,2018-04,23.87167135,76.7748902,24.0,0.0,0.005254636682,3.0,321.0,394.0,0.0,-0.41463414634146345,4,Summer
Madhya Pradesh,Ratlam,2015-07,23.4805919,74.91931943,878.0,0.0,0.08795929723,5.0,305.495,878.0,0.0,0.0,7,Monsoon
Madhya Pradesh,Ratlam,2016-06,23.4805919,74.91931943,66150.0,0.0,0.33770488435,1.5,310.20000000000005,33514.0,0.0,74.34168564920273,6,Monsoon
Madhya Pradesh,Ratlam,2016-07,23.4805919,74.91931943,74416146.0,2.0,2.984699750666666,2.0,0.0,24827724.666666668,0.6666666666666666,1123.960634920635,7,Monsoon
Madhya Pradesh,Ratlam,2016-08,23.4805919,74.91931943,22275.0,0.0,2.7909338065,4.0,0.0,24834857.0,0.6666666666666666,-0.9997006697981914,8,Monsoon
Madhya Pradesh,Ratlam,2017-06,23.4805919,74.91931943,425.0,0.0,0.2113019916,4.0,311.77500000000003,24812948.666666668,0.6666666666666666,-0.9809203142536476,6,Monsoon
Madhya Pradesh,Ratlam,2022-05,23.4805919,74.91931943,113.0,0.0,2.79e-05,3.0,317.87,7604.333333333333,0.0,-0.7341176470588235,5,Summer
Madhya Pradesh,Rewa,2010-09,24.756718,81.65493469,39.0,0.0,0.4424886511,13.0,302.24,39.0,0.0,0.0,9,Monsoon
Madhya Pradesh,Rewa,2012-08,24.756718,81.65493469,3718.0,0.0,1.1624859899,4.0,0.0,1878.5,0.0,94.33333333333333,8,Monsoon
Madhya Pradesh,Rewa,2013-08,24.756718,81.65493469,24.0,1.0,0.3005525994,13.0,301.1066666,1260.3333333333333,0.3333333333333333,-0.9935449166218397,8,Monsoon
Madhya Pradesh,Rewa,2014-08,24.756718,81.65493469,21.0,0.0,0.4729643307,11.0,303.76,1254.3333333333333,0.3333333333333333,-0.125,8,Monsoon
Madhya Pradesh,Rewa,2014-10,24.756718,81.65493469,12.0,0.0,0.5880790668,0.0,305.8866666,19.0,0.3333333333333333,-0.4285714285714286,10,Post-Monsoon
Madhya Pradesh,Rewa,2016-07,24.756718,81.65493469,77.0,0.0,0.6818955623,5.0,307.32,36.666666666666664,0.0,5.416666666666667,7,Monsoon
Madhya Pradesh,Rewa,2016-08,24.756718,81.65493469,12.0,0.0,0.3974956434,11.0,301.9733334,33.666666666666664,0.0,-0.8441558441558441,8,Monsoon
Madhya Pradesh,Rewa,2016-10,24.756718,81.65493469,18.0,0.0,0.3002715701,0.0,302.212,35.666666666666664,0.0,0.5,10,Post-Monsoon
Madhya Pradesh,Rewa,2017-04,24.756718,81.65493469,20.0,0.0,6.25e-05,4.0,317.34000000000003,16.666666666666668,0.0,0.11111111111111116,4,Summer
Madhya Pradesh,Rewa,2017-05,24.756718,81.65493469,24.0,0.0,0.01747010826,4.0,318.1066666,20.666666666666668,0.0,0.19999999999999996,5,Summer
Madhya Pradesh,Rewa,2018-10,24.756718,81.65493469,91.0,0.0,0.003246936904,13.0,307.95,45.0,0.0,2.7916666666666665,10,Post-Monsoon
Madhya Pradesh,Rewa,2018-11,24.756718,81.65493469,10.0,2.0,2.62e-05,6.0,303.6666666,41.666666666666664,0.6666666666666666,-0.8901098901098901,11,Post-Monsoon
Madhya Pradesh,Rewa,2022-06,24.756718,81.65493469,20.0,1.0,0.0004349343701,4.0,315.416,40.333333333333336,1.0,1.0,6,Monsoon
Madhya Pradesh,Sagar,2009-07,23.80961225,78.75911361,151.0,2.0,0.3013048888,0.0,300.7733334,151.0,2.0,0.0,7,Monsoon
Madhya Pradesh,Sagar,2009-08,23.80961225,78.75911361,23.0,0.0,0.1534465756,24.0,300.956,87.0,1.0,-0.847682119205298,8,Monsoon
Madhya Pradesh,Sagar,2010-07,23.80961225,78.75911361,45.0,1.0,0.5671101062,9.0,310.96,73.0,1.0,0.9565217391304348,7,Monsoon
Madhya Pradesh,Sagar,2011-07,23.80961225,78.75911361,10.0,1.0,1.143457379,9.0,308.98,26.0,0.6666666666666666,-0.7777777777777778,7,Monsoon
Madhya Pradesh,Sagar,2011-09,23.80961225,78.75911361,11.0,0.0,0.0730418219,20.0,301.6366666,22.0,0.6666666666666666,0.10000000000000009,9,Monsoon
Madhya Pradesh,Sagar,2015-07,23.80961225,78.75911361,15.0,0.0,2.067841664,0.0,0.0,12.0,0.3333333333333333,0.36363636363636354,7,Monsoon
Madhya Pradesh,Sagar,2015-10,23.80961225,78.75911361,21.0,0.0,0.001540964226,9.0,310.7266666,15.666666666666666,0.0,0.3999999999999999,10,Post-Monsoon
Madhya Pradesh,Sagar,2015-11,23.80961225,78.75911361,10.0,0.0,0.0001833807178,0.0,305.44333340000003,15.333333333333334,0.0,-0.5238095238095238,11,Post-Monsoon
Madhya Pradesh,Sagar,2016-05,23.80961225,78.75911361,2519.0,1.0,0.01321154819,2.0,316.5116666,850.0,0.3333333333333333,250.9,5,Summer
Madhya Pradesh,Satna,2010-12,24.5,81.0,13.0,0.0,0.03711341118,8.0,298.355,13.0,0.0,0.0,12,Winter
Madhya Pradesh,Satna,2012-07,24.5,81.0,3443.0,1.0,1.3158342859999999,3.5,0.0,1728.0,0.5,263.84615384615387,7,Monsoon
Madhya Pradesh,Satna,2012-08,24.5,81.0,12.0,1.0,0.7642599882,3.0,0.0,1156.0,0.6666666666666666,-0.996514667441185,8,Monsoon
Madhya Pradesh,Satna,2014-09,24.5,81.0,23.0,1.0,0.316752176,15.0,300.64,1159.3333333333333,1.0,0.9166666666666667,9,Monsoon
Madhya Pradesh,Satna,2014-10,24.5,81.0,11.0,0.0,0.03681917971,15.0,305.356,15.333333333333334,0.6666666666666666,-0.5217391304347826,10,Post-Monsoon
Madhya Pradesh,Satna,2018-07,24.5,81.0,15.0,0.0,1.429372551,0.0,0.0,16.333333333333332,0.3333333333333333,0.36363636363636354,7,Monsoon
Madhya Pradesh,Satna,2018-08,24.5,81.0,12.0,1.0,1.184756944,2.0,0.0,12.666666666666666,0.3333333333333333,-0.19999999999999996,8,Monsoon
Madhya Pradesh,Satna,2019-09,24.5,81.0,13.0,2.0,0.7762360833,15.0,302.2266666,13.333333333333334,1.0,0.08333333333333326,9,Monsoon
Madhya Pradesh,Sehore,2009-07,23.1156882,77.06623939,12.0,0.0,2.075410252,3.0,304.72,12.0,0.0,0.0,7,Monsoon
Madhya Pradesh,Sehore,2011-08,23.1156882,77.06623939,12.0,0.0,1.475803153,0.0,0.0,12.0,0.0,0.0,8,Monsoon
Madhya Pradesh,Sehore,2012-05,23.1156882,77.06623939,17.0,0.0,0.02901056082,4.0,321.16,13.666666666666666,0.0,0.41666666666666674,5,Summer
Madhya Pradesh,Sehore,2013-04,23.1156882,77.06623939,11.0,0.0,0.005804015307,4.0,320.4733334,13.333333333333334,0.0,-0.3529411764705882,4,Summer
Madhya Pradesh,Sehore,2013-06,23.1156882,77.06623939,19.0,0.0,0.5326670902,3.0,312.4533334,15.666666666666666,0.0,0.7272727272727273,6,Monsoon
Madhya Pradesh,Sehore,2014-05,23.1156882,77.06623939,60.0,0.0,0.001122450004,5.0,319.1666666,30.0,0.0,2.1578947368421053,5,Summer
Madhya Pradesh,Sehore,2014-07,23.1156882,77.06623939,41.0,0.0,0.7541823366,1.0,283.96,40.0,0.0,-0.31666666666666665,7,Monsoon
Madhya Pradesh,Sehore,2014-08,23.1156882,77.06623939,2035.0,0.0,0.53739072555,6.5,150.5975,712.0,0.0,48.63414634146341,8,Monsoon
Madhya Pradesh,Sehore,2014-09,23.1156882,77.06623939,4858.0,0.0,0.9787843565000001,6.5,150.5,2311.3333333333335,0.0,1.3872235872235872,9,Monsoon
Madhya Pradesh,Sehore,2014-10,23.1156882,77.06623939,140.0,1.0,0.02578705988,15.0,308.33,2344.3333333333335,0.3333333333333333,-0.9711815561959655,10,Post-Monsoon
Madhya Pradesh,Sehore,2014-11,23.1156882,77.06623939,10.0,0.0,4.98e-05,7.0,305.3466666,1669.3333333333333,0.3333333333333333,-0.9285714285714286,11,Post-Monsoon
Madhya Pradesh,Sehore,2014-12,23.1156882,77.06623939,50.0,0.0,2.71e-05,7.0,305.09000000000003,66.66666666666667,0.3333333333333333,4.0,12,Winter
Madhya Pradesh,Sehore,2015-07,23.1156882,77.06623939,32.0,0.0,2.321387212,12.0,0.0,30.666666666666668,0.0,-0.36,7,Monsoon
Madhya Pradesh,Sehore,2015-10,23.1156882,77.06623939,61.0,0.0,0.1220597568,0.0,306.975,47.666666666666664,0.0,0.90625,10,Post-Monsoon
Madhya Pradesh,Sehore,2016-03,23.1156882,77.06623939,142.0,0.0,0.06965587465,0.0,316.68333340000004,78.33333333333333,0.0,1.3278688524590163,3,Summer
Madhya Pradesh,Sehore,2016-06,23.1156882,77.06623939,2043.0,0.0,0.015224209188999999,3.0,313.2026667,748.6666666666666,0.0,13.387323943661972,6,Monsoon
Madhya Pradesh,Sehore,2016-07,23.1156882,77.06623939,12.0,0.0,1.097717652,1.0,306.02,732.3333333333334,0.0,-0.9941262848751835,7,Monsoon
Madhya Pradesh,Sehore,2017-07,23.1156882,77.06623939,49.0,0.0,0.181617011,0.0,309.16,701.3333333333334,0.0,3.083333333333333,7,Monsoon
Madhya Pradesh,Sehore,2017-08,23.1156882,77.06623939,3284.0,0.0,1.105708936,10.0,0.0,1115.0,0.0,66.0204081632653,8,Monsoon
Madhya Pradesh,Sehore,2017-10,23.1156882,77.06623939,121125.0,0.0,0.01892968017,5.0,308.7816666,41486.0,0.0,35.883373934226555,10,Post-Monsoon
Madhya Pradesh,Sehore,2018-07,23.1156882,77.06623939,24.0,0.0,1.505133439,3.0,304.08,41477.666666666664,0.0,-0.9998018575851393,7,Monsoon
Madhya Pradesh,Sehore,2018-08,23.1156882,77.06623939,22.0,0.0,0.06964986074,7.0,299.66,40390.333333333336,0.0,-0.08333333333333337,8,Monsoon
Madhya Pradesh,Seoni,2009-06,22.2758789,79.72104465,316.0,1.0,0.02609077949,3.5,319.755,316.0,1.0,0.0,6,Monsoon
Madhya Pradesh,Seoni,2009-07,22.2758789,79.72104465,6014.0,0.0,0.73931823405,8.5,153.05,3165.0,0.5,18.031645569620252,7,Monsoon
Madhya Pradesh,Seoni,2010-07,22.2758789,79.72104465,35.0,0.0,1.599986433,8.0,0.0,2121.6666666666665,0.3333333333333333,-0.9941802460924509,7,Monsoon
Madhya Pradesh,Seoni,2013-05,22.2758789,79.72104465,83.0,0.0,0.0001420775402,0.0,321.596,2044.0,0.0,1.3714285714285714,5,Summer
Madhya Pradesh,Seoni,2013-07,22.2758789,79.72104465,53.0,0.0,1.387257754,6.0,0.0,57.0,0.0,-0.3614457831325302,7,Monsoon
Madhya Pradesh,Seoni,2020-11,22.2758789,79.72104465,120.0,0.0,0.02168966444,7.0,307.14,85.33333333333333,0.0,1.2641509433962264,11,Post-Monsoon
Madhya Pradesh,Shahdol,2009-07,23.3002343,81.364771,15.0,2.0,1.424143966,5.0,300.72,15.0,2.0,0.0,7,Monsoon
Madhya Pradesh,Shahdol,2010-08,23.3002343,81.364771,9.0,3.0,0.7768488816,17.0,0.0,12.0,2.5,-0.4,8,Monsoon
Madhya Pradesh,Shahdol,2011-11,23.3002343,81.364771,35.0,0.0,4.93e-05,14.0,302.47,19.666666666666668,1.6666666666666667,2.888888888888889,11,Post-Monsoon
Madhya Pradesh,Shahdol,2013-07,23.3002343,81.364771,83425.0,3.0,1.0297664269333333,1.6666666666666667,201.16666666666666,27823.0,2.0,2382.5714285714284,7,Monsoon
Madhya Pradesh,Shahdol,2013-09,23.3002343,81.364771,19.0,0.0,0.1231185492,19.0,300.6866666,27826.333333333332,1.0,-0.9997722505244231,9,Monsoon
Madhya Pradesh,Shahdol,2015-05,23.3002343,81.364771,21.0,0.0,0.001324613983,8.0,316.9166666,27821.666666666668,1.0,0.10526315789473695,5,Summer
Madhya Pradesh,Shahdol,2016-07,23.3002343,81.364771,5.0,0.0,0.6663398819,10.0,0.0,15.0,0.0,-0.7619047619047619,7,Monsoon
Madhya Pradesh,Shahdol,2018-08,23.3002343,81.364771,9.0,1.0,0.7831479953,5.0,0.0,11.666666666666666,0.3333333333333333,0.8,8,Monsoon
Madhya Pradesh,Shahdol,2018-09,23.3002343,81.364771,16.0,1.0,1.711233088,15.0,0.0,10.0,0.6666666666666666,0.7777777777777777,9,Monsoon
Madhya Pradesh,Shajapur,2012-04,23.37074105,76.62051527,24.0,0.0,0.0009625176422,3.0,321.3066666,24.0,0.0,0.0,4,Summer
Madhya Pradesh,Shajapur,2014-01,23.37074105,76.62051527,22.0,0.0,0.3837164432,12.0,294.07,23.0,0.0,-0.08333333333333337,1,Winter
Madhya Pradesh,Shajapur,2015-06,23.37074105,76.62051527,65.0,0.0,0.4386026436,3.0,312.1,37.0,0.0,1.9545454545454546,6,Monsoon
Madhya Pradesh,Shajapur,2015-07,23.37074105,76.62051527,3295.0,0.0,1.25693027557,5.5,303.125,1127.3333333333333,0.0,49.69230769230769,7,Monsoon
Madhya Pradesh,Shajapur,2015-08,23.37074105,76.62051527,5412.0,0.0,0.498046402615,0.0,150.4733333,2924.0,0.0,0.6424886191198786,8,Monsoon
Madhya Pradesh,Shajapur,2016-07,23.37074105,76.62051527,14.0,0.0,0.5323417689,6.0,0.0,2907.0,0.0,-0.9974131559497413,7,Monsoon
Madhya Pradesh,Shajapur,2016-08,23.37074105,76.62051527,72.0,0.0,1.344609928,6.0,0.0,1832.6666666666667,0.0,4.142857142857143,8,Monsoon
Madhya Pradesh,Sheopur,2013-09,25.6656611,76.6954843,25.0,0.0,0.3533737595,11.0,304.21,25.0,0.0,0.0,9,Monsoon
Madhya Pradesh,Sheopur,2015-08,25.6656611,76.6954843,9.0,1.0,0.8303885599,13.0,301.98,17.0,0.5,-0.64,8,Monsoon
Madhya Pradesh,Sheopur,2018-09,25.6656611,76.6954843,35.0,2.0,0.5547358536,13.0,271.86,23.0,1.0,2.888888888888889,9,Monsoon
Madhya Pradesh,Sheopur,2022-06,25.6656611,76.6954843,56.0,0.0,2.4e-05,4.0,313.59000000000003,33.333333333333336,1.0,0.6000000000000001,6,Monsoon
Madhya Pradesh,Sheopur- Kalan,2016-07,25.6713529,76.7005775,15.0,0.0,0.3837023032,5.0,308.26,15.0,0.0,0.0,7,Monsoon
Madhya Pradesh,Sheopur-Kalan,2016-08,25.6713529,76.7005775,6.0,1.0,0.3888912222,15.0,302.05,6.0,1.0,0.0,8,Monsoon
Madhya Pradesh,Shivpuri,2010-08,25.37524125,77.82811933,852.0,3.0,0.6199829436,11.5,149.705,852.0,3.0,0.0,8,Monsoon
Madhya Pradesh,Shivpuri,2011-09,25.37524125,77.82811933,20.0,0.0,0.05848771364,23.0,300.808,436.0,1.5,-0.9765258215962441,9,Monsoon
Madhya Pradesh,Shivpuri,2013-07,25.37524125,77.82811933,12.0,0.0,0.8315040994,14.0,299.55,294.6666666666667,1.0,-0.4,7,Monsoon
Madhya Pradesh,Shivpuri,2013-08,25.37524125,77.82811933,100.0,2.0,1.207750769,0.0,0.0,44.0,0.6666666666666666,7.333333333333334,8,Monsoon
Madhya Pradesh,Shivpuri,2013-09,25.37524125,77.82811933,1781737.0,1.0,0.5075644814676666,23.0,300.32444446666665,593949.6666666666,1.0,17816.37,9,Monsoon
Madhya Pradesh,Shivpuri,2014-04,25.37524125,77.82811933,14.0,0.0,0.0003622552896,6.0,312.93333340000004,593950.3333333334,1.0,-0.9999921424991455,4,Summer
Madhya Pradesh,Shivpuri,2014-09,25.37524125,77.82811933,212.0,5.0,0.1813250442,16.0,306.7,593987.6666666666,2.0,14.142857142857142,9,Monsoon
Madhya Pradesh,Shivpuri,2015-09,25.37524125,77.82811933,153038.0,0.0,0.06763146262,25.0,303.15000000000003,51088.0,1.6666666666666667,720.877358490566,9,Monsoon
Madhya Pradesh,Shivpuri,2016-07,25.37524125,77.82811933,2515.0,0.0,0.739306288,3.0,304.0183333,51921.666666666664,1.6666666666666667,-0.9835661731073329,7,Monsoon
Madhya Pradesh,Shivpuri,2016-08,25.37524125,77.82811933,8125.0,1.0,1.1478586211,9.5,147.47,54559.333333333336,0.3333333333333333,2.2306163021868786,8,Monsoon
Madhya Pradesh,Shivpuri,2018-08,25.37524125,77.82811933,15.0,0.0,0.7680913363,0.0,300.74,3551.6666666666665,0.3333333333333333,-0.9981538461538462,8,Monsoon
Madhya Pradesh,Sidhi,2013-07,24.25,82.0,627.0,0.0,0.7037924451,8.0,305.24,627.0,0.0,0.0,7,Monsoon
Madhya Pradesh,Sidhi,2016-07,24.25,82.0,44.0,2.0,0.5106888191,5.0,300.90000000000003,335.5,1.0,-0.9298245614035088,7,Monsoon
Madhya Pradesh,Sidhi,2016-08,24.25,82.0,2414.0,0.0,0.50212688575,9.5,149.7266667,1028.3333333333333,0.6666666666666666,53.86363636363637,8,Monsoon
Madhya Pradesh,Sidhi,2016-10,24.25,82.0,5.0,1.0,0.5875210407,16.0,301.184,821.0,1.0,-0.9979287489643744,10,Post-Monsoon
Madhya Pradesh,Sidhi,2017-07,24.25,82.0,16.0,0.0,2.500361904,2.0,0.0,811.6666666666666,0.3333333333333333,2.2,7,Monsoon
Madhya Pradesh,Singrauli,2016-07,24.1974432,82.6661453,17.0,0.0,0.2944747256,5.0,306.2,17.0,0.0,0.0,7,Monsoon
Madhya Pradesh,Singrauli,2016-08,24.1974432,82.6661453,131121.0,4.0,1.3299109990333333,9.333333333333334,300.08666666666664,65569.0,2.0,7712.0,8,Monsoon
Madhya Pradesh,Singrauli,2016-09,24.1974432,82.6661453,14.0,2.0,0.6952896057,15.0,302.068,43717.333333333336,2.0,-0.9998932283920958,9,Monsoon
Madhya Pradesh,Singrauli,2018-08,24.1974432,82.6661453,4.0,2.0,0.6600698338,11.0,300.83,43713.0,2.6666666666666665,-0.7142857142857143,8,Monsoon
Madhya Pradesh,Tikamgarh,2011-07,24.85577805,79.04706347,4611.0,0.0,1.44784655645,4.5,152.1,4611.0,0.0,0.0,7,Monsoon
Madhya Pradesh,Tikamgarh,2011-08,24.85577805,79.04706347,24.0,1.0,0.3442415128,9.0,300.2,2317.5,0.5,-0.9947950553025374,8,Monsoon
Madhya Pradesh,Tikamgarh,2011-09,24.85577805,79.04706347,80.0,0.0,0.4215212739,11.0,300.145,1571.6666666666667,0.3333333333333333,2.3333333333333335,9,Monsoon
Madhya Pradesh,Tikamgarh,2011-11,24.85577805,79.04706347,63.0,0.0,5.06e-05,5.0,307.8333334,55.666666666666664,0.3333333333333333,-0.21250000000000002,11,Post-Monsoon
Madhya Pradesh,Tikamgarh,2013-05,24.85577805,79.04706347,29.0,0.0,5.57e-05,3.0,318.12333340000004,57.333333333333336,0.0,-0.5396825396825398,5,Summer
Madhya Pradesh,Tikamgarh,2018-07,24.85577805,79.04706347,78.0,0.0,1.19111276,5.0,306.34000000000003,56.666666666666664,0.0,1.6896551724137931,7,Monsoon
Madhya Pradesh,Ujjain,2010-05,23.1885131,75.7716562,26.0,0.0,0.001316356345,3.0,322.64,26.0,0.0,0.0,5,Summer
Madhya Pradesh,Ujjain,2012-05,23.1885131,75.7716562,46.0,1.0,0.0003576663353,3.0,320.8966666,36.0,0.5,0.7692307692307692,5,Summer
Madhya Pradesh,Ujjain,2013-07,23.1885131,75.7716562,22.0,0.0,0.806458071,3.0,302.44,31.333333333333332,0.3333333333333333,-0.5217391304347826,7,Monsoon
Madhya Pradesh,Ujjain,2016-05,23.1885131,75.7716562,33.0,0.0,0.001614934497,3.0,317.1266666,33.666666666666664,0.3333333333333333,0.5,5,Summer
Madhya Pradesh,Ujjain,2017-04,23.1885131,75.7716562,62.0,0.0,0.0009008682442,3.0,318.564,39.0,0.0,0.8787878787878789,4,Summer
Madhya Pradesh,Umaria,2009-07,23.64319305,80.94239522,13.0,0.0,0.5002461562,0.0,304.06,13.0,0.0,0.0,7,Monsoon
Madhya Pradesh,Umaria,2009-08,23.64319305,80.94239522,12.0,0.0,0.8755548068,17.0,0.0,12.5,0.0,-0.07692307692307687,8,Monsoon
Madhya Pradesh,Umaria,2011-11,23.64319305,80.94239522,150.0,0.0,5.45e-05,0.0,303.2033334,58.333333333333336,0.0,11.5,11,Post-Monsoon
Madhya Pradesh,Umaria,2015-08,23.64319305,80.94239522,14.0,0.0,0.1913714492,13.0,300.22,58.666666666666664,0.0,-0.9066666666666666,8,Monsoon
Madhya Pradesh,Umaria,2017-05,23.64319305,80.94239522,16.0,0.0,0.1257412582,9.0,316.17,60.0,0.0,0.1428571428571428,5,Summer
Madhya Pradesh,Umaria,2018-08,23.64319305,80.94239522,10.0,1.0,0.6549307261,4.0,0.0,13.333333333333334,0.3333333333333333,-0.375,8,Monsoon
Madhya Pradesh,Vidisha,2010-08,23.5225788,77.8148001,114.0,0.0,1.468986649,8.0,300.76,114.0,0.0,0.0,8,Monsoon
Madhya Pradesh,Vidisha,2010-09,23.5225788,77.8148001,9.0,1.0,0.2420512129,0.0,297.85,61.5,0.5,-0.9210526315789473,9,Monsoon
Madhya Pradesh,Vidisha,2011-07,23.5225788,77.8148001,59.0,1.0,2.978363922,9.0,0.0,60.666666666666664,0.6666666666666666,5.555555555555555,7,Monsoon
Madhya Pradesh,Vidisha,2011-08,23.5225788,77.8148001,9.0,0.0,0.5058499193,5.0,300.12,25.666666666666668,0.6666666666666666,-0.847457627118644,8,Monsoon
Madhya Pradesh,Vidisha,2013-08,23.5225788,77.8148001,18.0,0.0,1.170925754,0.0,300.68,28.666666666666668,0.3333333333333333,1.0,8,Monsoon
Madhya Pradesh,Vidisha,2014-07,23.5225788,77.8148001,45.0,0.0,1.411131369,1.0,0.0,24.0,0.0,1.5,7,Monsoon
Madhya Pradesh,Vidisha,2016-06,23.5225788,77.8148001,14.0,0.0,0.002195763898,0.0,320.3333334,25.666666666666668,0.0,-0.6888888888888889,6,Monsoon
Maharashtra,Ahmednagar,2011-05,19.1627725,74.8580243,30.0,0.0,0.03103257406,4.0,316.67,30.0,0.0,0.0,5,Summer
Maharashtra,Ahmednagar,2011-10,19.1627725,74.8580243,21916731.0,0.0,0.015984915964,9.666666666666666,305.31455553333336,10958380.5,0.0,730556.7,10,Post-Monsoon
Maharashtra,Ahmednagar,2011-11,19.1627725,74.8580243,109.0,0.0,0.0008517644555,8.5,307.51933329999997,7305623.333333333,0.0,-0.9999950266305682,11,Post-Monsoon
Maharashtra,Ahmednagar,2012-05,19.1627725,74.8580243,20.0,0.0,5.28e-05,4.0,318.6166666,7305620.0,0.0,-0.8165137614678899,5,Summer
Maharashtra,Ahmednagar,2012-06,19.1627725,74.8580243,1591517.0,0.0,0.2397679603066667,3.0,311.113,530548.6666666666,0.0,79574.85,6,Monsoon
Maharashtra,Ahmednagar,2012-09,19.1627725,74.8580243,37283.0,0.0,0.28860311245,5.0,304.552,542940.0,0.0,-0.976573922867302,9,Monsoon
Maharashtra,Ahmednagar,2012-10,19.1627725,74.8580243,93.0,0.0,1.188847086,11.0,302.34000000000003,542964.3333333334,0.0,-0.9975055655392538,10,Post-Monsoon
Maharashtra,Ahmednagar,2012-11,19.1627725,74.8580243,11.0,0.0,0.0005671242033,6.0,306.5433334,12462.333333333334,0.0,-0.8817204301075269,11,Post-Monsoon
Maharashtra,Ahmednagar,2012-12,19.1627725,74.8580243,12.0,0.0,5.97e-05,5.0,305.648,38.666666666666664,0.0,0.09090909090909083,12,Winter
Maharashtra,Ahmednagar,2013-04,19.1627725,74.8580243,13.0,0.0,0.0005994831715,0.0,320.8,12.0,0.0,0.08333333333333326,4,Summer
Maharashtra,Ahmednagar,2013-09,19.1627725,74.8580243,27371720.0,0.0,0.39339557446000006,11.75,305.28791665,9123915.0,0.0,2105515.923076923,9,Monsoon
Maharashtra,Ahmednagar,2013-10,19.1627725,74.8580243,182242.0,1.0,0.12842667530666665,9.333333333333334,304.41333333333336,9184658.333333334,0.3333333333333333,-0.9933419602421769,10,Post-Monsoon
Maharashtra,Ahmednagar,2013-11,19.1627725,74.8580243,15.0,1.0,5.19e-05,9.0,306.0,9184659.0,0.6666666666666666,-0.9999176918602737,11,Post-Monsoon
Maharashtra,Ahmednagar,2014-04,19.1627725,74.8580243,292020.0,0.0,0.031225741263333332,5.0,317.3684444,158092.33333333334,0.6666666666666666,19467.0,4,Summer
Maharashtra,Ahmednagar,2014-05,19.1627725,74.8580243,1614.0,0.0,0.010430208208,4.0,318.462,97883.0,0.3333333333333333,-0.9944729813026505,5,Summer
Maharashtra,Ahmednagar,2014-07,19.1627725,74.8580243,10.0,0.0,0.365054979,0.0,313.56,97881.33333333333,0.0,-0.9938042131350682,7,Monsoon
Maharashtra,Ahmednagar,2014-08,19.1627725,74.8580243,14.0,0.0,0.2078403457,7.0,304.35,546.0,0.0,0.3999999999999999,8,Monsoon
Maharashtra,Ahmednagar,2014-10,19.1627725,74.8580243,11.0,0.0,0.01178910545,0.0,311.768,11.666666666666666,0.0,-0.2142857142857143,10,Post-Monsoon
Maharashtra,Ahmednagar,2014-11,19.1627725,74.8580243,55.0,0.0,0.02581867873,7.0,308.332,26.666666666666668,0.0,4.0,11,Post-Monsoon
Maharashtra,Ahmednagar,2015-02,19.1627725,74.8580243,1313.0,0.0,6.18e-05,0.0,305.3,459.6666666666667,0.0,22.87272727272727,2,Winter
Maharashtra,Ahmednagar,2015-04,19.1627725,74.8580243,11.0,1.0,0.01545371461,4.0,318.75,459.6666666666667,0.3333333333333333,-0.9916222391469917,4,Summer
Maharashtra,Ahmednagar,2015-05,19.1627725,74.8580243,15.0,0.0,0.0006341289129,3.0,317.87,446.3333333333333,0.3333333333333333,0.36363636363636354,5,Summer
Maharashtra,Ahmednagar,2015-11,19.1627725,74.8580243,42.0,0.0,0.2019926814,7.0,304.75,22.666666666666668,0.3333333333333333,1.7999999999999998,11,Post-Monsoon
Maharashtra,Ahmednagar,2015-12,19.1627725,74.8580243,10429.0,0.0,0.0008862276965,3.5,306.4908333,3495.3333333333335,0.0,247.3095238095238,12,Winter
Maharashtra,Ahmednagar,2016-01,19.1627725,74.8580243,41.0,0.0,6.67e-05,4.0,308.41,3504.0,0.0,-0.99606865471282,1,Winter
Maharashtra,Ahmednagar,2016-03,19.1627725,74.8580243,3635.0,0.0,0.001385971661,3.5,317.2383333,4701.666666666667,0.0,87.65853658536585,3,Summer
Maharashtra,Ahmednagar,2016-04,19.1627725,74.8580243,7193.0,0.0,0.007134034015,1.5,323.62,3623.0,0.0,0.9788170563961485,4,Summer
Maharashtra,Ahmednagar,2016-05,19.1627725,74.8580243,35.0,0.0,0.008922859033,2.0,320.09000000000003,3621.0,0.0,-0.9951341582093702,5,Summer
Maharashtra,Ahmednagar,2016-06,19.1627725,74.8580243,7.0,1.0,0.6048793559,2.0,310.12,2411.6666666666665,0.3333333333333333,-0.8,6,Monsoon
Maharashtra,Ahmednagar,2016-07,19.1627725,74.8580243,15.0,0.0,0.3859026242,6.0,303.22,19.0,0.3333333333333333,1.1428571428571428,7,Monsoon
Maharashtra,Ahmednagar,2016-08,19.1627725,74.8580243,1918220.0,1.0,0.6380581623,7.666666666666667,303.02333333333337,639414.0,0.6666666666666666,127880.33333333333,8,Monsoon
Maharashtra,Ahmednagar,2016-09,19.1627725,74.8580243,32.0,0.0,0.7285040934,12.0,301.7,639422.3333333334,0.3333333333333333,-0.9999833178676064,9,Monsoon
Maharashtra,Ahmednagar,2017-09,19.1627725,74.8580243,28.0,0.0,0.832104287,6.0,297.44,639426.6666666666,0.3333333333333333,-0.125,9,Monsoon
Maharashtra,Ahmednagar,2017-11,19.1627725,74.8580243,10.0,1.0,7.74e-05,0.0,304.8166666,23.333333333333332,0.3333333333333333,-0.6428571428571428,11,Post-Monsoon
Maharashtra,Ahmednagar,2018-04,19.1627725,74.8580243,16.0,0.0,0.02182854143,5.0,315.6866666,18.0,0.3333333333333333,0.6000000000000001,4,Summer
Maharashtra,Ahmednagar,2018-07,19.1627725,74.8580243,82.0,0.0,0.2006507419,0.0,307.2333334,36.0,0.3333333333333333,4.125,7,Monsoon
Maharashtra,Ahmednagar,2019-08,19.1627725,74.8580243,3240.0,0.0,0.140127674,4.0,309.18666670000005,1112.6666666666667,0.0,38.51219512195122,8,Monsoon
Maharashtra,Ahmednagar,2019-09,19.1627725,74.8580243,20.0,0.0,0.8857704141,15.0,302.0,1114.0,0.0,-0.9938271604938271,9,Monsoon
Maharashtra,Ahmednagar,2019-10,19.1627725,74.8580243,27.0,1.0,0.5139457242,16.0,304.1533334,1095.6666666666667,0.3333333333333333,0.3500000000000001,10,Post-Monsoon
Maharashtra,Ahmednagar,2020-11,19.1627725,74.8580243,4025.0,0.0,0.0004237234006,13.0,303.2966666,1357.3333333333333,0.3333333333333333,148.07407407407408,11,Post-Monsoon
Maharashtra,Ahmednagar,2020-12,19.1627725,74.8580243,14.0,0.0,0.08753196133,0.0,301.796,1355.3333333333333,0.3333333333333333,-0.9965217391304347,12,Winter
Maharashtra,Ahmednagar,2021-03,19.1627725,74.8580243,3.0,1.0,0.04168389914,6.0,309.66,1347.3333333333333,0.3333333333333333,-0.7857142857142857,3,Summer
Maharashtra,Ahmednagar,2021-04,19.1627725,74.8580243,13.0,0.0,7.99e-05,6.0,316.252,10.0,0.3333333333333333,3.333333333333333,4,Summer
Maharashtra,Ahmednagar,2021-07,19.1627725,74.8580243,11.0,0.0,0.01744418547,9.0,306.51,9.0,0.3333333333333333,-0.15384615384615385,7,Monsoon
Maharashtra,Akola,2009-07,20.76181225,77.19211567,45.0,1.0,2.147549921,3.0,0.0,45.0,1.0,0.0,7,Monsoon
Maharashtra,Akola,2009-10,20.76181225,77.19211567,38.0,0.0,0.3061828904,11.0,310.2133334,41.5,0.5,-0.15555555555555556,10,Post-Monsoon
Maharashtra,Akola,2010-04,20.76181225,77.19211567,2628.0,2.0,0.001634605437,0.0,327.728,903.6666666666666,1.0,68.15789473684211,4,Summer
Maharashtra,Akola,2010-06,20.76181225,77.19211567,15.0,0.0,0.001652636657,2.0,320.896,893.6666666666666,0.6666666666666666,-0.9942922374429224,6,Monsoon
Maharashtra,Akola,2010-07,20.76181225,77.19211567,59.0,0.0,1.080278146,2.0,306.72,900.6666666666666,0.6666666666666666,2.933333333333333,7,Monsoon
Maharashtra,Akola,2011-07,20.76181225,77.19211567,41.0,0.0,0.5208832049,0.0,309.8,38.333333333333336,0.0,-0.30508474576271183,7,Monsoon
Maharashtra,Akola,2011-08,20.76181225,77.19211567,17.0,0.0,0.6330475129,5.0,0.0,39.0,0.0,-0.5853658536585367,8,Monsoon
Maharashtra,Akola,2011-09,20.76181225,77.19211567,98.0,1.0,0.07470984846,17.0,305.06,52.0,0.3333333333333333,4.764705882352941,9,Monsoon
Maharashtra,Akola,2012-07,20.76181225,77.19211567,47.0,0.0,0.1605100815,0.0,311.26,54.0,0.3333333333333333,-0.5204081632653061,7,Monsoon
Maharashtra,Akola,2012-11,20.76181225,77.19211567,83.0,0.0,0.0520768214,0.0,307.06,76.0,0.3333333333333333,0.7659574468085106,11,Post-Monsoon
Maharashtra,Akola,2014-09,20.76181225,77.19211567,101.0,1.0,1.449853358,9.0,0.0,77.0,0.3333333333333333,0.2168674698795181,9,Monsoon
Maharashtra,Akola,2016-05,20.76181225,77.19211567,2121.0,2.0,0.002592535763,1.0,325.3336667,768.3333333333334,1.0,20.0,5,Summer
Maharashtra,Akola,2017-03,20.76181225,77.19211567,17.0,0.0,0.0002652240059,4.0,317.9033334,746.3333333333334,1.0,-0.991984912776992,3,Summer
Maharashtra,Akola,2018-04,20.76181225,77.19211567,13.0,0.0,0.01095632628,3.0,319.91,717.0,0.6666666666666666,-0.23529411764705888,4,Summer
Maharashtra,Akola,2018-06,20.76181225,77.19211567,13.0,0.0,0.6477087213,2.0,317.08,14.333333333333334,0.0,0.0,6,Monsoon
Maharashtra,Akola,2018-11,20.76181225,77.19211567,14.0,0.0,6.66e-05,8.0,307.208,13.333333333333334,0.0,0.07692307692307687,11,Post-Monsoon
Maharashtra,Akola,2018-12,20.76181225,77.19211567,8.0,0.0,0.01939602393,0.0,303.944,11.666666666666666,0.0,-0.4285714285714286,12,Winter
Maharashtra,Akola,2020-12,20.76181225,77.19211567,40.0,0.0,1.5e-05,0.0,304.7133334,20.666666666666668,0.0,4.0,12,Winter
Maharashtra,Akola,2021-07,20.76181225,77.19211567,21.0,0.0,0.8712018327,5.0,302.98,23.0,0.0,-0.475,7,Monsoon
Maharashtra,Akola,2021-08,20.76181225,77.19211567,3.0,0.0,0.1589494148,11.0,304.86,21.333333333333332,0.0,-0.8571428571428572,8,Monsoon
Maharashtra,Akola,2021-12,20.76181225,77.19211567,10.0,0.0,0.05797235484,17.0,302.7933334,11.333333333333334,0.0,2.3333333333333335,12,Winter
Maharashtra,Akola,2022-03,20.76181225,77.19211567,9.0,0.0,0.01140150866,5.0,311.4666666,7.333333333333333,0.0,-0.09999999999999998,3,Summer
Maharashtra,Amravati,2012-05,20.9521098,77.7333168,413843.0,0.0,0.0754254378,2.6666666666666665,323.8466666,413843.0,0.0,0.0,5,Summer
Maharashtra,Amravati,2012-06,20.9521098,77.7333168,262630.0,0.0,0.0056653783784,2.3333333333333335,316.5444444,338236.5,0.0,-0.36538735704119674,6,Monsoon
Maharashtra,Amravati,2012-11,20.9521098,77.7333168,87.0,1.0,6.51e-05,0.0,306.812,225520.0,0.3333333333333333,-0.9996687354833796,11,Post-Monsoon
Maharashtra,Amravati,2014-05,20.9521098,77.7333168,17.0,0.0,0.002279639878,0.0,322.6266666,87578.0,0.3333333333333333,-0.8045977011494253,5,Summer
Maharashtra,Amravati,2014-08,20.9521098,77.7333168,25.0,1.0,0.6478139446,6.0,0.0,43.0,0.6666666666666666,0.47058823529411775,8,Monsoon
Maharashtra,Amravati,2014-09,20.9521098,77.7333168,112156.0,1.0,0.134871085065,20.5,301.9963333,37399.333333333336,0.6666666666666666,4485.24,9,Monsoon
Maharashtra,Amravati,2014-10,20.9521098,77.7333168,3071.0,0.0,0.03191211102,8.0,307.6276667,38417.333333333336,0.6666666666666666,-0.9726184956667498,10,Post-Monsoon
Maharashtra,Amravati,2014-11,20.9521098,77.7333168,7032.0,0.0,0.0008124348057499999,4.0,307.855,40753.0,0.3333333333333333,1.289807880169326,11,Post-Monsoon
Maharashtra,Amravati,2015-07,20.9521098,77.7333168,56.0,0.0,0.02767676217,4.0,310.9466666,3386.3333333333335,0.0,-0.9920364050056882,7,Monsoon
Maharashtra,Amravati,2016-05,20.9521098,77.7333168,62.0,0.0,0.01309271865,2.0,324.8766666,2383.3333333333335,0.0,0.1071428571428572,5,Summer
Maharashtra,Amravati,2016-06,20.9521098,77.7333168,24.0,0.0,0.6832041215,2.0,315.82,47.333333333333336,0.0,-0.6129032258064516,6,Monsoon
Maharashtra,Amravati,2016-08,20.9521098,77.7333168,1341.0,0.0,1.0253904766,0.0,149.01,475.6666666666667,0.0,54.875,8,Monsoon
Maharashtra,Amravati,2018-05,20.9521098,77.7333168,21.0,0.0,9.82e-05,0.0,325.672,462.0,0.0,-0.9843400447427293,5,Summer
Maharashtra,Amravati,2018-06,20.9521098,77.7333168,2732.0,0.0,0.3712683226,3.5,312.5366667,1364.6666666666667,0.0,129.0952380952381,6,Monsoon
Maharashtra,Amravati,2018-07,20.9521098,77.7333168,9.0,1.0,0.3731336129,1.0,0.0,920.6666666666666,0.3333333333333333,-0.996705710102489,7,Monsoon
Maharashtra,Amravati,2018-08,20.9521098,77.7333168,17.0,0.0,1.844524485,8.0,0.0,919.3333333333334,0.3333333333333333,0.8888888888888888,8,Monsoon
Maharashtra,Amravati,2018-10,20.9521098,77.7333168,1717.0,0.0,0.0005259966095,5.0,310.6366667,581.0,0.3333333333333333,100.0,10,Post-Monsoon
Maharashtra,Amravati,2018-11,20.9521098,77.7333168,17.0,0.0,0.000277945801,11.0,308.608,583.6666666666666,0.0,-0.9900990099009901,11,Post-Monsoon
Maharashtra,Amravati,2019-07,20.9521098,77.7333168,16.0,0.0,2.004265367,1.0,0.0,583.3333333333334,0.0,-0.05882352941176472,7,Monsoon
Maharashtra,Amravati,2019-09,20.9521098,77.7333168,4.0,0.0,0.809709694,18.0,302.0,12.333333333333334,0.0,-0.75,9,Monsoon
Maharashtra,Amravati,2020-02,20.9521098,77.7333168,11.0,0.0,0.006577492273,0.0,303.80333340000004,10.333333333333334,0.0,1.75,2,Winter
Maharashtra,Amravati,2020-08,20.9521098,77.7333168,68.0,0.0,0.5626673465,17.0,300.48,27.666666666666668,0.0,5.181818181818182,8,Monsoon
Maharashtra,Amravati,2020-09,20.9521098,77.7333168,5.0,0.0,1.329761391,16.0,302.56,28.0,0.0,-0.9264705882352942,9,Monsoon
Maharashtra,Amravati,2020-12,20.9521098,77.7333168,53.0,0.0,5.79e-05,11.0,302.64,42.0,0.0,9.6,12,Winter
Maharashtra,Amravati,2021-07,20.9521098,77.7333168,3135.0,3.0,0.3772012157,1.3333333333333333,315.55555553333335,1064.3333333333333,1.0,58.15094339622642,7,Monsoon
Maharashtra,Amravati,2021-08,20.9521098,77.7333168,22.0,3.0,0.6170837983,17.0,304.7,1070.0,2.0,-0.9929824561403509,8,Monsoon
Maharashtra,Aurangabad,2012-10,19.877263,75.3390241,6322.0,1.0,0.048496966315,12.5,307.4346667,6322.0,1.0,0.0,10,Post-Monsoon
Maharashtra,Aurangabad,2013-06,19.877263,75.3390241,21.0,0.0,0.8336507839,3.0,0.0,3171.5,0.5,-0.9966782663714014,6,Monsoon
Maharashtra,Aurangabad,2014-06,19.877263,75.3390241,78.0,0.0,0.07326641579,2.0,311.8,2140.3333333333335,0.3333333333333333,2.7142857142857144,6,Monsoon
Maharashtra,Aurangabad,2014-07,19.877263,75.3390241,78.0,0.0,0.0172098335,0.0,314.9133334,59.0,0.0,0.0,7,Monsoon
Maharashtra,Aurangabad,2015-01,19.877263,75.3390241,37.0,0.0,0.0001942560578,7.0,303.2766666,64.33333333333333,0.0,-0.5256410256410257,1,Winter
Maharashtra,Aurangabad,2015-06,19.877263,75.3390241,85.0,0.0,0.7088062252,6.0,307.2133334,66.66666666666667,0.0,1.2972972972972974,6,Monsoon
Maharashtra,Aurangabad,2015-12,19.877263,75.3390241,30.0,0.0,5.13e-05,0.0,307.6366666,50.666666666666664,0.0,-0.6470588235294117,12,Winter
Maharashtra,Aurangabad,2016-03,19.877263,75.3390241,39.0,0.0,0.03962681266,0.0,318.56333340000003,51.333333333333336,0.0,0.30000000000000004,3,Summer
Maharashtra,Aurangabad,2016-05,19.877263,75.3390241,60.0,0.0,0.0003216148437,0.0,320.78400000000005,43.0,0.0,0.5384615384615385,5,Summer
Maharashtra,Aurangabad,2016-07,19.877263,75.3390241,209.0,1.0,0.5533394136,0.0,0.0,102.66666666666667,0.3333333333333333,2.4833333333333334,7,Monsoon
Maharashtra,Aurangabad,2016-09,19.877263,75.3390241,39.0,0.0,0.06488762857,4.0,305.72,102.66666666666667,0.3333333333333333,-0.8133971291866029,9,Monsoon
Maharashtra,Aurangabad,2017-06,19.877263,75.3390241,18183.0,0.0,0.44509030175,3.5,313.16,6143.666666666667,0.3333333333333333,465.2307692307692,6,Monsoon
Maharashtra,Aurangabad,2017-09,19.877263,75.3390241,1825.0,0.0,0.4504840527,14.0,300.9866667,6682.333333333333,0.0,-0.8996315239509431,9,Monsoon
Maharashtra,Aurangabad,2017-11,19.877263,75.3390241,5825.0,0.0,8.34e-05,11.0,306.0466666,8611.0,0.0,2.191780821917808,11,Post-Monsoon
Maharashtra,Aurangabad,2018-09,19.877263,75.3390241,4.0,1.0,0.1642335851,11.0,303.94,2551.3333333333335,0.3333333333333333,-0.9993133047210301,9,Monsoon
Maharashtra,Aurangabad,2019-09,19.877263,75.3390241,5367.0,4.0,0.4380054739,6.5,151.245,3732.0,1.6666666666666667,1340.75,9,Monsoon
Maharashtra,Aurangabad,2021-06,19.877263,75.3390241,5.0,1.0,0.1321260929,0.0,309.23,1792.0,2.0,-0.9990683808459102,6,Monsoon
Maharashtra,Beed,2010-01,18.9918442,75.909784,2890.0,1.0,0.080733761525,7.5,302.4966667,2890.0,1.0,0.0,1,Winter
Maharashtra,Beed,2010-04,18.9918442,75.909784,2229.0,0.0,0.0012244258543,4.0,320.428,2559.5,0.5,-0.22871972318339095,4,Summer
Maharashtra,Beed,2010-07,18.9918442,75.909784,2929.0,0.0,0.4321935047,3.0,0.0,2682.6666666666665,0.3333333333333333,0.3140421713772992,7,Monsoon
Maharashtra,Beed,2010-10,18.9918442,75.909784,168.0,0.0,0.43510058,14.0,302.56,1775.3333333333333,0.0,-0.9426425401160806,10,Post-Monsoon
Maharashtra,Beed,2011-09,18.9918442,75.909784,174.0,0.0,0.201998765,0.0,302.1666666,1090.3333333333333,0.0,0.03571428571428581,9,Monsoon
Maharashtra,Beed,2011-10,18.9918442,75.909784,19188.0,1.0,0.22289562225,17.0,306.2125,6510.0,0.3333333333333333,109.27586206896552,10,Post-Monsoon
Maharashtra,Beed,2012-03,18.9918442,75.909784,54.0,0.0,0.0001013648933,5.0,314.468,6472.0,0.3333333333333333,-0.9971857410881801,3,Summer
Maharashtra,Beed,2012-04,18.9918442,75.909784,18.0,0.0,0.001103384156,4.0,320.30333340000004,6420.0,0.3333333333333333,-0.6666666666666667,4,Summer
Maharashtra,Beed,2012-08,18.9918442,75.909784,6813.0,0.0,0.163478873075,1.5,310.85,2295.0,0.0,377.5,8,Monsoon
Maharashtra,Beed,2012-09,18.9918442,75.909784,173215.0,0.0,0.26744896309666666,4.333333333333333,307.8688888666667,60015.333333333336,0.0,24.42418905034493,9,Monsoon
Maharashtra,Beed,2012-10,18.9918442,75.909784,331418.0,2.0,0.051938068456666674,6.666666666666667,310.48333333333335,170482.0,0.6666666666666666,0.9133331408942644,10,Post-Monsoon
Maharashtra,Beed,2012-11,18.9918442,75.909784,1010.0,0.0,0.083185809171,7.5,307.9973333,168547.66666666666,0.6666666666666666,-0.9969524890018043,11,Post-Monsoon
Maharashtra,Beed,2013-03,18.9918442,75.909784,2316.0,1.0,3.165e-05,3.0,321.40366670000003,111581.33333333333,1.0,1.2930693069306929,3,Summer
Maharashtra,Beed,2013-07,18.9918442,75.909784,24.0,0.0,0.2396789167,2.0,290.88,1116.6666666666667,0.3333333333333333,-0.9896373056994818,7,Monsoon
Maharashtra,Beed,2013-09,18.9918442,75.909784,14.0,0.0,0.7619521914,13.0,301.28000000000003,784.6666666666666,0.3333333333333333,-0.41666666666666663,9,Monsoon
Maharashtra,Beed,2013-10,18.9918442,75.909784,211013.0,0.0,0.22822507016666668,9.666666666666666,301.6868888666667,70350.33333333333,0.0,15071.357142857143,10,Post-Monsoon
Maharashtra,Beed,2014-01,18.9918442,75.909784,11.0,0.0,5.14e-05,8.0,302.80333340000004,70346.0,0.0,-0.9999478705103477,1,Winter
Maharashtra,Beed,2014-03,18.9918442,75.909784,1715.0,0.0,0.26759348168450003,0.0,310.182,70913.0,0.0,154.9090909090909,3,Summer
Maharashtra,Beed,2014-05,18.9918442,75.909784,2212.0,0.0,0.0027168065548499997,3.0,318.495,1312.6666666666667,0.0,0.28979591836734686,5,Summer
Maharashtra,Beed,2014-06,18.9918442,75.909784,21.0,0.0,0.0501442662,0.0,316.77500000000003,1316.0,0.0,-0.990506329113924,6,Monsoon
Maharashtra,Beed,2014-07,18.9918442,75.909784,673434.0,0.0,0.4529558097,2.0,103.42666666666668,225222.33333333334,0.0,32067.285714285714,7,Monsoon
Maharashtra,Beed,2014-08,18.9918442,75.909784,153216.0,0.0,0.21138459683666666,3.0,309.6888888666667,275557.0,0.0,-0.7724854996926203,8,Monsoon
Maharashtra,Beed,2014-09,18.9918442,75.909784,52.0,0.0,0.02988111854,14.0,307.3266666,275567.3333333333,0.0,-0.9996606098579783,9,Monsoon
Maharashtra,Beed,2014-12,18.9918442,75.909784,52.0,0.0,0.01513226263,7.0,307.53200000000004,51106.666666666664,0.0,0.0,12,Winter
Maharashtra,Beed,2015-07,18.9918442,75.909784,40.0,0.0,0.03112317759,4.0,312.19333340000003,48.0,0.0,-0.23076923076923073,7,Monsoon
Maharashtra,Beed,2015-09,18.9918442,75.909784,22.0,0.0,1.784919182,0.0,302.6466666,38.0,0.0,-0.44999999999999996,9,Monsoon
Maharashtra,Beed,2016-02,18.9918442,75.909784,11.0,1.0,0.02412643043,4.0,314.62,24.333333333333332,0.3333333333333333,-0.5,2,Winter
Maharashtra,Beed,2016-06,18.9918442,75.909784,27.0,1.0,0.04484029594,3.0,312.82,20.0,0.6666666666666666,1.4545454545454546,6,Monsoon
Maharashtra,Beed,2016-08,18.9918442,75.909784,34.0,1.0,0.1049036388,8.0,302.98,24.0,1.0,0.2592592592592593,8,Monsoon
Maharashtra,Beed,2016-09,18.9918442,75.909784,5.0,1.0,0.05662716945,3.0,305.02,22.0,1.0,-0.8529411764705882,9,Monsoon
Maharashtra,Beed,2017-09,18.9918442,75.909784,1425.0,0.0,0.49323361781,9.0,302.3933333,488.0,0.6666666666666666,284.0,9,Monsoon
Maharashtra,Beed,2017-10,18.9918442,75.909784,5019.0,3.0,0.101656731882,17.5,304.50416670000004,2149.6666666666665,1.3333333333333333,2.522105263157895,10,Post-Monsoon
Maharashtra,Beed,2017-11,18.9918442,75.909784,216.0,0.0,6.45e-05,5.0,304.7986667,2220.0,1.0,-0.9569635385534967,11,Post-Monsoon
Maharashtra,Beed,2018-09,18.9918442,75.909784,10.0,1.0,0.02392114196,12.0,310.38,1748.3333333333333,1.3333333333333333,-0.9537037037037037,9,Monsoon
Maharashtra,Beed,2019-11,18.9918442,75.909784,16.0,0.0,0.02363257748,11.0,304.6333334,80.66666666666667,0.3333333333333333,0.6000000000000001,11,Post-Monsoon
Maharashtra,Beed,2020-09,18.9918442,75.909784,15.0,0.0,0.6345256477,12.0,304.54,13.666666666666666,0.3333333333333333,-0.0625,9,Monsoon
Maharashtra,Beed,2020-10,18.9918442,75.909784,10.0,0.0,1.976420015,13.0,299.16,13.666666666666666,0.0,-0.33333333333333337,10,Post-Monsoon
Maharashtra,Beed,2021-08,18.9918442,75.909784,7.0,0.0,0.07704263847,6.0,306.24,10.666666666666666,0.0,-0.30000000000000004,8,Monsoon
Maharashtra,Beed,2021-10,18.9918442,75.909784,196.0,0.0,0.59737339985,15.5,301.9125,71.0,0.0,27.0,10,Post-Monsoon
Maharashtra,Bhandara,2012-05,21.12304765,79.79390882,1869.0,4.0,0.001931450323,1.5,321.42,1869.0,4.0,0.0,5,Summer
Maharashtra,Bhandara,2012-07,21.12304765,79.79390882,23.0,0.0,2.345398116,1.0,0.0,946.0,2.0,-0.9876939539860888,7,Monsoon
Maharashtra,Bhandara,2012-08,21.12304765,79.79390882,12.0,1.0,0.4111540102,15.0,303.26,634.6666666666666,1.6666666666666667,-0.4782608695652174,8,Monsoon
Maharashtra,Bhandara,2012-10,21.12304765,79.79390882,50.0,0.0,0.1076752099,17.0,303.3966666,28.333333333333332,0.3333333333333333,3.166666666666667,10,Post-Monsoon
Maharashtra,Bhandara,2013-11,21.12304765,79.79390882,34.0,0.0,0.01549348737,0.0,302.78400000000005,32.0,0.3333333333333333,-0.31999999999999995,11,Post-Monsoon
Maharashtra,Bhandara,2014-03,21.12304765,79.79390882,31.0,0.0,0.0009984167211,7.0,312.03000000000003,38.333333333333336,0.0,-0.08823529411764708,3,Summer
Maharashtra,Bhandara,2014-08,21.12304765,79.79390882,77.0,7.0,0.2221854029,13.0,304.5733334,47.333333333333336,2.3333333333333335,1.4838709677419355,8,Monsoon
Maharashtra,Bhandara,2015-04,21.12304765,79.79390882,18.0,0.0,0.07088788193,6.0,312.872,42.0,2.3333333333333335,-0.7662337662337663,4,Summer
Maharashtra,Bhandara,2015-06,21.12304765,79.79390882,1018.0,0.0,0.019595590994,2.0,316.90999999999997,371.0,2.3333333333333335,55.55555555555556,6,Monsoon
Maharashtra,Bhandara,2015-09,21.12304765,79.79390882,24.0,0.0,0.5052023706,16.0,304.85200000000003,353.3333333333333,0.0,-0.9764243614931237,9,Monsoon
Maharashtra,Bhandara,2016-01,21.12304765,79.79390882,219.0,0.0,0.01380323873,9.0,300.432,420.3333333333333,0.0,8.125,1,Winter
Maharashtra,Bhandara,2016-02,21.12304765,79.79390882,19.0,0.0,9.98e-05,0.0,309.1,87.33333333333333,0.0,-0.91324200913242,2,Winter
Maharashtra,Bhandara,2016-06,21.12304765,79.79390882,26.0,0.0,0.03404407534,4.0,316.0466666,88.0,0.0,0.368421052631579,6,Monsoon
Maharashtra,Bhandara,2016-07,21.12304765,79.79390882,332.0,1.0,1.7330844186,0.0,150.87,125.66666666666667,0.3333333333333333,11.76923076923077,7,Monsoon
Maharashtra,Bhandara,2018-06,21.12304765,79.79390882,1.0,1.0,0.6013816691,5.0,312.0,119.66666666666667,0.6666666666666666,-0.9969879518072289,6,Monsoon
Maharashtra,Bhandara,2019-07,21.12304765,79.79390882,4.0,1.0,1.071367366,0.0,313.42,112.33333333333333,1.0,3.0,7,Monsoon
Maharashtra,Bhandara,2019-11,21.12304765,79.79390882,19.0,0.0,0.09071655136,16.0,301.93,8.0,0.6666666666666666,3.75,11,Post-Monsoon
Maharashtra,Bhandara,2021-06,21.12304765,79.79390882,108.0,0.0,0.05414090437,5.0,316.955,43.666666666666664,0.3333333333333333,4.684210526315789,6,Monsoon
Maharashtra,Buldhana,2012-08,20.562845,76.40869861,22.0,0.0,1.787654569,0.0,0.0,22.0,0.0,0.0,8,Monsoon
Maharashtra,Buldhana,2019-05,20.562845,76.40869861,48.0,0.0,6.61e-05,2.0,324.584,35.0,0.0,1.1818181818181817,5,Summer
Maharashtra,Buldhana,2019-10,20.562845,76.40869861,98.0,0.0,0.831913295,0.0,301.62,56.0,0.0,1.0416666666666665,10,Post-Monsoon
Maharashtra,Buldhana,2021-07,20.562845,76.40869861,7.0,0.0,0.4245402926,6.0,306.6533334,51.0,0.0,-0.9285714285714286,7,Monsoon
Maharashtra,Chandrapur,2012-05,20.0967555,79.50454752,50.0,0.0,0.03155863317,5.0,317.76,50.0,0.0,0.0,5,Summer
Maharashtra,Chandrapur,2013-04,20.0967555,79.50454752,110.0,0.0,0.04769793704,0.0,314.0933334,80.0,0.0,1.2000000000000002,4,Summer
Maharashtra,Chandrapur,2013-10,20.0967555,79.50454752,57.0,0.0,0.0773537682,22.0,302.668,72.33333333333333,0.0,-0.4818181818181818,10,Post-Monsoon
Maharashtra,Chandrapur,2014-08,20.0967555,79.50454752,203.0,0.0,0.07242927172,15.0,301.8666666,123.33333333333333,0.0,2.56140350877193,8,Monsoon
Maharashtra,Chandrapur,2014-11,20.0967555,79.50454752,6.0,1.0,0.0024578931,0.0,303.2,88.66666666666667,0.3333333333333333,-0.9704433497536946,11,Post-Monsoon
Maharashtra,Chandrapur,2014-12,20.0967555,79.50454752,81.0,1.0,3.1e-05,14.0,300.172,96.66666666666667,0.6666666666666666,12.5,12,Winter
Maharashtra,Chandrapur,2015-02,20.0967555,79.50454752,51.0,1.0,0.001169453434,0.0,307.072,46.0,1.0,-0.37037037037037035,2,Winter
Maharashtra,Chandrapur,2015-04,20.0967555,79.50454752,6.0,1.0,0.08806939381,6.0,312.67,46.0,1.0,-0.8823529411764706,4,Summer
Maharashtra,Chandrapur,2015-05,20.0967555,79.50454752,21.0,0.0,0.006317609343,8.0,312.5766666,26.0,0.6666666666666666,2.5,5,Summer
Maharashtra,Chandrapur,2015-06,20.0967555,79.50454752,95.0,0.0,0.1436061722,12.0,300.58,40.666666666666664,0.3333333333333333,3.5238095238095237,6,Monsoon
Maharashtra,Chandrapur,2015-07,20.0967555,79.50454752,7087.0,0.0,0.32325449455,15.0,308.6375,2401.0,0.0,73.6,7,Monsoon
Maharashtra,Chandrapur,2015-08,20.0967555,79.50454752,88.0,1.0,0.8316976807,15.0,302.54,2423.3333333333335,0.3333333333333333,-0.9875828982644278,8,Monsoon
Maharashtra,Chandrapur,2015-09,20.0967555,79.50454752,38.0,0.0,1.296143964,22.0,0.0,2404.3333333333335,0.3333333333333333,-0.5681818181818181,9,Monsoon
Maharashtra,Chandrapur,2016-03,20.0967555,79.50454752,26.0,1.0,0.0071090551,7.0,310.2066666,50.666666666666664,0.6666666666666666,-0.3157894736842105,3,Summer
Maharashtra,Chandrapur,2016-05,20.0967555,79.50454752,28.0,1.0,0.09036653885,7.0,317.2066666,30.666666666666668,0.6666666666666666,0.07692307692307687,5,Summer
Maharashtra,Chandrapur,2016-07,20.0967555,79.50454752,1668.0,0.0,0.7611479383499999,3.0,150.53,574.0,0.6666666666666666,58.57142857142857,7,Monsoon
Maharashtra,Chandrapur,2016-08,20.0967555,79.50454752,48.0,1.0,0.6260988217,0.0,0.0,581.3333333333334,0.6666666666666666,-0.9712230215827338,8,Monsoon
Maharashtra,Chandrapur,2017-05,20.0967555,79.50454752,92.0,0.0,0.01357661697,6.0,316.7366666,602.6666666666666,0.3333333333333333,0.9166666666666667,5,Summer
Maharashtra,Chandrapur,2018-05,20.0967555,79.50454752,77.0,0.0,0.01662380146,6.0,318.176,72.33333333333333,0.3333333333333333,-0.1630434782608695,5,Summer
Maharashtra,Chandrapur,2018-07,20.0967555,79.50454752,3522.0,0.0,2.802900637,3.5,0.0,1230.3333333333333,0.0,44.74025974025974,7,Monsoon
Maharashtra,Chandrapur,2019-06,20.0967555,79.50454752,142.0,0.0,0.008591162934,6.0,316.872,1247.0,0.0,-0.9596819988642816,6,Monsoon
Maharashtra,Chandrapur,2019-08,20.0967555,79.50454752,8384.0,0.0,0.6552188157500001,5.5,300.31500000000005,4016.0,0.0,58.04225352112676,8,Monsoon
Maharashtra,Chandrapur,2019-10,20.0967555,79.50454752,34.0,2.0,0.1414171169,0.0,302.1966666,2853.3333333333335,0.6666666666666666,-0.9959446564885496,10,Post-Monsoon
Maharashtra,Chandrapur,2019-12,20.0967555,79.50454752,10.0,1.0,9.38e-06,0.0,300.325,2809.3333333333335,1.0,-0.7058823529411764,12,Winter
Maharashtra,Chandrapur,2020-01,20.0967555,79.50454752,23.0,1.0,0.002697495648,0.0,299.44,22.333333333333332,1.3333333333333333,1.2999999999999998,1,Winter
Maharashtra,Chandrapur,2020-04,20.0967555,79.50454752,35.0,2.0,0.004322479902,8.0,313.0966666,22.666666666666668,1.3333333333333333,0.5217391304347827,4,Summer
Maharashtra,Chandrapur,2020-05,20.0967555,79.50454752,5.0,0.0,0.003793196938,0.0,311.028,21.0,1.0,-0.8571428571428572,5,Summer
Maharashtra,Chandrapur,2021-07,20.0967555,79.50454752,58.0,1.0,0.5816240733,0.0,305.52,32.666666666666664,1.0,10.6,7,Monsoon
Maharashtra,Chandrapur,2021-08,20.0967555,79.50454752,779.0,3.0,0.33171480692666666,15.666666666666666,200.76,280.6666666666667,1.3333333333333333,12.431034482758621,8,Monsoon
Maharashtra,Chandrapur,2022-05,20.0967555,79.50454752,13.0,1.0,0.006072435084,0.0,314.545,283.3333333333333,1.6666666666666667,-0.9833119383825417,5,Summer
Maharashtra,Chandrapur,2022-06,20.0967555,79.50454752,3.0,1.0,0.006238415131,6.0,311.32,265.0,1.6666666666666667,-0.7692307692307692,6,Monsoon
Maharashtra,Dhule,2009-12,21.13170235,74.48990147,155.0,0.0,5.36e-05,7.0,306.0666666,155.0,0.0,0.0,12,Winter
Maharashtra,Dhule,2010-02,21.13170235,74.48990147,24.0,0.0,0.008374208036,4.0,305.48,89.5,0.0,-0.8451612903225807,2,Winter
Maharashtra,Dhule,2010-09,21.13170235,74.48990147,20.0,1.0,0.7499327753,12.0,302.08,66.33333333333333,0.3333333333333333,-0.16666666666666663,9,Monsoon
Maharashtra,Dhule,2010-10,21.13170235,74.48990147,53.0,1.0,0.02104113884,11.0,308.144,32.333333333333336,0.6666666666666666,1.65,10,Post-Monsoon
Maharashtra,Dhule,2010-11,21.13170235,74.48990147,13.0,0.0,0.009188413196,0.0,306.22,28.666666666666668,0.6666666666666666,-0.7547169811320755,11,Post-Monsoon
Maharashtra,Dhule,2011-04,21.13170235,74.48990147,7.0,0.0,6.86e-05,0.0,318.2933334,24.333333333333332,0.3333333333333333,-0.46153846153846156,4,Summer
Maharashtra,Dhule,2012-03,21.13170235,74.48990147,21.0,0.0,8.41e-05,0.0,318.06333340000003,13.666666666666666,0.0,2.0,3,Summer
Maharashtra,Dhule,2012-05,21.13170235,74.48990147,26.0,0.0,0.06756302435,0.0,318.76,18.0,0.0,0.23809523809523814,5,Summer
Maharashtra,Dhule,2012-07,21.13170235,74.48990147,30.0,0.0,0.2658196621,4.0,303.15000000000003,25.666666666666668,0.0,0.15384615384615374,7,Monsoon
Maharashtra,Dhule,2012-10,21.13170235,74.48990147,1031.0,0.0,0.014315252007,12.0,308.896,362.3333333333333,0.0,33.36666666666667,10,Post-Monsoon
Maharashtra,Dhule,2012-11,21.13170235,74.48990147,232426.0,0.0,9.320873146666666e-05,4.333333333333333,307.57666666666665,77829.0,0.0,224.43743937924344,11,Post-Monsoon
Maharashtra,Dhule,2012-12,21.13170235,74.48990147,12.0,0.0,6.8e-05,0.0,307.344,77823.0,0.0,-0.9999483706642114,12,Winter
Maharashtra,Dhule,2013-03,21.13170235,74.48990147,53.0,0.0,3.4e-05,5.0,316.62333340000004,77497.0,0.0,3.416666666666667,3,Summer
Maharashtra,Dhule,2013-06,21.13170235,74.48990147,35.0,1.0,0.5264219424,3.0,309.2333334,33.333333333333336,0.3333333333333333,-0.339622641509434,6,Monsoon
Maharashtra,Dhule,2013-07,21.13170235,74.48990147,3818.0,0.0,0.79285343795,1.5,152.06,1302.0,0.3333333333333333,108.08571428571429,7,Monsoon
Maharashtra,Dhule,2013-08,21.13170235,74.48990147,69.0,0.0,1.809147425,0.0,298.32,1307.3333333333333,0.3333333333333333,-0.9819277108433735,8,Monsoon
Maharashtra,Dhule,2014-04,21.13170235,74.48990147,941814.0,3.0,0.0023927298495333336,5.0,320.31333333333333,315233.6666666667,1.0,13648.478260869566,4,Summer
Maharashtra,Dhule,2014-07,21.13170235,74.48990147,14.0,0.0,0.02143292553,4.0,310.12,313965.6666666667,1.0,-0.9999851350691326,7,Monsoon
Maharashtra,Dhule,2014-08,21.13170235,74.48990147,11.0,0.0,0.8453425385,10.0,307.76,313946.3333333333,1.0,-0.2142857142857143,8,Monsoon
Maharashtra,Dhule,2014-10,21.13170235,74.48990147,12.0,1.0,0.001711687534,9.0,307.33,12.333333333333334,0.3333333333333333,0.09090909090909083,10,Post-Monsoon
Maharashtra,Dhule,2014-11,21.13170235,74.48990147,44.0,0.0,3.05e-05,8.0,309.808,22.333333333333332,0.3333333333333333,2.6666666666666665,11,Post-Monsoon
Maharashtra,Dhule,2015-06,21.13170235,74.48990147,1363.0,1.0,0.54461323305,1.5,310.0433333,473.0,0.6666666666666666,29.977272727272727,6,Monsoon
Maharashtra,Dhule,2015-07,21.13170235,74.48990147,22.0,0.0,0.02527748599,5.0,305.78000000000003,476.3333333333333,0.3333333333333333,-0.9838591342626559,7,Monsoon
Maharashtra,Dhule,2016-05,21.13170235,74.48990147,23.0,0.0,0.07961581916,0.0,319.096,469.3333333333333,0.3333333333333333,0.045454545454545414,5,Summer
Maharashtra,Dhule,2016-10,21.13170235,74.48990147,24.0,1.0,0.3192229937,17.0,302.08,23.0,0.3333333333333333,0.04347826086956519,10,Post-Monsoon
Maharashtra,Dhule,2016-12,21.13170235,74.48990147,25.0,0.0,5.48e-05,0.0,306.808,24.0,0.3333333333333333,0.04166666666666674,12,Winter
Maharashtra,Dhule,2017-03,21.13170235,74.48990147,11.0,0.0,8.94e-05,0.0,314.62333340000004,20.0,0.3333333333333333,-0.56,3,Summer
Maharashtra,Gadchiroli,2011-08,19.75907035,80.16228073,72.0,0.0,0.2388756143,0.0,298.3533334,72.0,0.0,0.0,8,Monsoon
Maharashtra,Gadchiroli,2011-11,19.75907035,80.16228073,40.0,1.0,9.14e-05,18.0,302.78000000000003,56.0,0.5,-0.4444444444444444,11,Post-Monsoon
Maharashtra,Gadchiroli,2012-05,19.75907035,80.16228073,7.0,0.0,0.02881348535,8.0,317.976,39.666666666666664,0.3333333333333333,-0.825,5,Summer
Maharashtra,Gadchiroli,2012-07,19.75907035,80.16228073,25.0,1.0,0.867442108,0.0,0.0,24.0,0.6666666666666666,2.5714285714285716,7,Monsoon
Maharashtra,Gadchiroli,2012-08,19.75907035,80.16228073,69.0,0.0,1.160202106,0.0,0.0,33.666666666666664,0.3333333333333333,1.7599999999999998,8,Monsoon
Maharashtra,Gadchiroli,2012-10,19.75907035,80.16228073,25.0,0.0,4.66e-05,26.0,303.40000000000003,39.666666666666664,0.3333333333333333,-0.6376811594202898,10,Post-Monsoon
Maharashtra,Gadchiroli,2013-04,19.75907035,80.16228073,1242.0,0.0,0.009566447066,7.0,313.96,445.3333333333333,0.0,48.68,4,Summer
Maharashtra,Gadchiroli,2013-08,19.75907035,80.16228073,13.0,1.0,0.8773654752,6.0,0.0,426.6666666666667,0.3333333333333333,-0.9895330112721417,8,Monsoon
Maharashtra,Gadchiroli,2013-09,19.75907035,80.16228073,123510.0,3.0,0.9002806728333334,18.0,300.69666666666666,41588.333333333336,1.3333333333333333,9499.76923076923,9,Monsoon
Maharashtra,Gadchiroli,2014-06,19.75907035,80.16228073,6011.0,4.0,0.03915801886,9.0,315.2033334,43178.0,2.6666666666666665,-0.9513318759614606,6,Monsoon
Maharashtra,Gadchiroli,2014-09,19.75907035,80.16228073,1712.0,2.0,0.84676275915,18.0,301.67,43744.333333333336,3.0,-0.7151888204957577,9,Monsoon
Maharashtra,Gadchiroli,2014-11,19.75907035,80.16228073,70424.0,2.0,0.046514462300000003,22.0,300.832,26049.0,2.6666666666666665,40.13551401869159,11,Post-Monsoon
Maharashtra,Gadchiroli,2014-12,19.75907035,80.16228073,14.0,1.0,5.02e-05,14.0,296.91200000000003,24050.0,1.6666666666666667,-0.999801204134954,12,Winter
Maharashtra,Gadchiroli,2015-04,19.75907035,80.16228073,44.0,0.0,0.008913779688,9.0,311.85,23494.0,1.0,2.142857142857143,4,Summer
Maharashtra,Gadchiroli,2015-06,19.75907035,80.16228073,61.0,0.0,2.708234172,7.0,0.0,39.666666666666664,0.3333333333333333,0.38636363636363646,6,Monsoon
Maharashtra,Gadchiroli,2015-07,19.75907035,80.16228073,374168.0,4.0,0.21898185618333335,20.0,303.55,124757.66666666667,1.3333333333333333,6132.901639344263,7,Monsoon
Maharashtra,Gadchiroli,2015-08,19.75907035,80.16228073,5411.0,0.0,1.2247628325,15.0,301.22,126546.66666666667,1.3333333333333333,-0.9855385815997092,8,Monsoon
Maharashtra,Gadchiroli,2015-11,19.75907035,80.16228073,1530.0,2.0,4.61e-05,9.5,301.827,127036.33333333333,2.0,-0.7172426538532619,11,Post-Monsoon
Maharashtra,Gadchiroli,2015-12,19.75907035,80.16228073,195.0,1.0,0.009911550213,13.0,302.456,2378.6666666666665,1.0,-0.8725490196078431,12,Winter
Maharashtra,Gadchiroli,2016-02,19.75907035,80.16228073,98.0,1.0,7.18e-05,9.0,305.0766666,607.6666666666666,1.3333333333333333,-0.49743589743589745,2,Winter
Maharashtra,Gadchiroli,2016-06,19.75907035,80.16228073,32.0,0.0,0.1559276267,9.0,310.515,108.33333333333333,0.6666666666666666,-0.6734693877551021,6,Monsoon
Maharashtra,Gadchiroli,2016-07,19.75907035,80.16228073,21.0,1.0,0.9831762867,3.0,0.0,50.333333333333336,0.6666666666666666,-0.34375,7,Monsoon
Maharashtra,Gadchiroli,2016-09,19.75907035,80.16228073,12.0,2.0,1.664516481,15.0,0.0,21.666666666666668,1.0,-0.4285714285714286,9,Monsoon
Maharashtra,Gadchiroli,2017-07,19.75907035,80.16228073,127.0,1.0,3.48293604,0.0,0.0,53.333333333333336,1.3333333333333333,9.583333333333334,7,Monsoon
Maharashtra,Gadchiroli,2017-08,19.75907035,80.16228073,4.0,1.0,0.2776156592,0.0,302.99333340000004,47.666666666666664,1.3333333333333333,-0.9685039370078741,8,Monsoon
Maharashtra,Gadchiroli,2017-12,19.75907035,80.16228073,13.0,1.0,6.41e-05,13.0,300.156,48.0,1.0,2.25,12,Winter
Maharashtra,Gadchiroli,2018-07,19.75907035,80.16228073,15.0,1.0,2.67674705,3.0,0.0,10.666666666666666,1.0,0.15384615384615374,7,Monsoon
Maharashtra,Gadchiroli,2018-09,19.75907035,80.16228073,62.0,2.0,1.011077089,12.0,0.0,30.0,1.3333333333333333,3.1333333333333337,9,Monsoon
Maharashtra,Gadchiroli,2018-10,19.75907035,80.16228073,114.0,1.0,0.005320785262,22.0,303.3566666,63.666666666666664,1.3333333333333333,0.8387096774193548,10,Post-Monsoon
Maharashtra,Gadchiroli,2019-01,19.75907035,80.16228073,3.0,1.0,4.79e-05,12.0,300.236,59.666666666666664,1.3333333333333333,-0.9736842105263158,1,Winter
Maharashtra,Gadchiroli,2019-06,19.75907035,80.16228073,11.0,0.0,0.5460939741,9.0,316.29,42.666666666666664,0.6666666666666666,2.6666666666666665,6,Monsoon
Maharashtra,Gadchiroli,2019-07,19.75907035,80.16228073,24.0,0.0,0.1987197074,16.0,308.28000000000003,12.666666666666666,0.3333333333333333,1.1818181818181817,7,Monsoon
Maharashtra,Gadchiroli,2020-04,19.75907035,80.16228073,14.0,1.0,0.03302828467,11.0,310.624,16.333333333333332,0.3333333333333333,-0.41666666666666663,4,Summer
Maharashtra,Gadchiroli,2020-07,19.75907035,80.16228073,325.0,3.0,0.7980460769333333,0.0,100.21333333333332,121.0,1.3333333333333333,22.214285714285715,7,Monsoon
Maharashtra,Gadchiroli,2020-10,19.75907035,80.16228073,8.0,1.0,0.06252674788,0.0,302.28000000000003,115.66666666666667,1.6666666666666667,-0.9753846153846154,10,Post-Monsoon
Maharashtra,Gadchiroli,2021-01,19.75907035,80.16228073,210.0,2.0,1.5265e-05,13.5,302.425,181.0,2.0,25.25,1,Winter
Maharashtra,Gadchiroli,2021-07,19.75907035,80.16228073,428.0,2.0,0.74906618835,7.5,150.82500000000002,215.33333333333334,1.6666666666666667,1.038095238095238,7,Monsoon
Maharashtra,Gadchiroli,2021-09,19.75907035,80.16228073,16.0,1.0,0.6817132291,18.0,300.8,218.0,1.6666666666666667,-0.9626168224299065,9,Monsoon
Maharashtra,Gadchiroli,2021-10,19.75907035,80.16228073,410.0,2.0,0.1853100996075,30.0,300.91650000000004,284.6666666666667,1.6666666666666667,24.625,10,Post-Monsoon
Maharashtra,Gadchiroli,2021-11,19.75907035,80.16228073,1.0,1.0,4.18e-05,0.0,300.1733334,142.33333333333334,1.3333333333333333,-0.9975609756097561,11,Post-Monsoon
Maharashtra,Gadchiroli,2022-01,19.75907035,80.16228073,7.0,2.0,0.007479298714,9.0,299.97,139.33333333333334,1.6666666666666667,6.0,1,Winter
Maharashtra,Gadchiroli,2022-02,19.75907035,80.16228073,1.0,1.0,8.36e-05,0.0,300.06333340000003,3.0,1.3333333333333333,-0.8571428571428572,2,Winter
Maharashtra,Gadchiroli,2022-05,19.75907035,80.16228073,310.0,1.0,0.00876199396,10.0,311.0866666,106.0,1.3333333333333333,309.0,5,Summer
Maharashtra,Gondia,2012-08,21.455228,80.1962729,172.0,0.0,0.8522253683,10.0,299.93,172.0,0.0,0.0,8,Monsoon
Maharashtra,Gondia,2013-04,21.455228,80.1962729,22.0,0.0,0.01984638338,7.0,315.512,97.0,0.0,-0.872093023255814,4,Summer
Maharashtra,Gondia,2013-08,21.455228,80.1962729,17.0,0.0,1.318898847,2.0,0.0,70.33333333333333,0.0,-0.2272727272727273,8,Monsoon
Maharashtra,Gondia,2013-09,21.455228,80.1962729,4510.0,2.0,0.15275697031500002,23.5,302.43399999999997,1516.3333333333333,0.6666666666666666,264.29411764705884,9,Monsoon
Maharashtra,Gondia,2013-10,21.455228,80.1962729,13.0,0.0,0.2515628632,24.0,300.2933334,1513.3333333333333,0.6666666666666666,-0.9971175166297117,10,Post-Monsoon
Maharashtra,Gondia,2014-05,21.455228,80.1962729,8.0,1.0,0.01192711893,9.0,314.5,1510.3333333333333,1.0,-0.3846153846153846,5,Summer
Maharashtra,Gondia,2015-05,21.455228,80.1962729,35.0,0.0,0.0008532096216,8.0,311.14,18.666666666666668,0.3333333333333333,3.375,5,Summer
Maharashtra,Gondia,2015-07,21.455228,80.1962729,39.0,0.0,0.3880933779,15.0,302.61,27.333333333333332,0.3333333333333333,0.11428571428571432,7,Monsoon
Maharashtra,Gondia,2022-06,21.455228,80.1962729,47.0,1.0,0.02882213092,7.0,311.61,40.333333333333336,0.3333333333333333,0.20512820512820507,6,Monsoon
Maharashtra,Hingoli,2010-06,19.54140965,77.17376601,17.0,0.0,0.5852340467,3.0,0.0,17.0,0.0,0.0,6,Monsoon
Maharashtra,Hingoli,2018-03,19.54140965,77.17376601,17.0,0.0,0.1180664855,3.0,314.168,17.0,0.0,0.0,3,Summer
Maharashtra,Jalgaon,2010-04,20.84288265,75.52612464,7.0,2.0,5.42e-05,5.0,317.69,7.0,2.0,0.0,4,Summer
Maharashtra,Jalgaon,2011-07,20.84288265,75.52612464,11.0,0.0,0.5249020534,4.0,0.0,9.0,1.0,0.5714285714285714,7,Monsoon
Maharashtra,Jalgaon,2011-11,20.84288265,75.52612464,24.0,0.0,5.44e-05,8.0,304.4766666,14.0,0.6666666666666666,1.1818181818181817,11,Post-Monsoon
Maharashtra,Jalgaon,2012-04,20.84288265,75.52612464,40.0,2.0,0.0008784986253,4.0,320.71,25.0,0.6666666666666666,0.6666666666666667,4,Summer
Maharashtra,Jalgaon,2012-06,20.84288265,75.52612464,43.0,0.0,7.3e-05,3.0,314.41200000000003,35.666666666666664,0.6666666666666666,0.07499999999999996,6,Monsoon
Maharashtra,Jalgaon,2012-08,20.84288265,75.52612464,130.0,0.0,0.5614365342,9.0,304.66,71.0,0.6666666666666666,2.0232558139534884,8,Monsoon
Maharashtra,Jalgaon,2012-10,20.84288265,75.52612464,32.0,0.0,0.03038933806,15.0,304.0933334,68.33333333333333,0.0,-0.7538461538461538,10,Post-Monsoon
Maharashtra,Jalgaon,2012-12,20.84288265,75.52612464,15.0,0.0,7.7e-05,0.0,307.5766666,59.0,0.0,-0.53125,12,Winter
Maharashtra,Jalgaon,2013-05,20.84288265,75.52612464,3223.0,0.0,0.0006137937862500001,1.5,321.43899999999996,1090.0,0.0,213.86666666666667,5,Summer
Maharashtra,Jalgaon,2013-07,20.84288265,75.52612464,674031.0,1.0,1.0408638344666665,6.0,0.0,225756.33333333334,0.3333333333333333,208.13155445237356,7,Monsoon
Maharashtra,Jalgaon,2013-08,20.84288265,75.52612464,28104.0,0.0,0.9005485324,3.5,292.48,235119.33333333334,0.3333333333333333,-0.9583045883646302,8,Monsoon
Maharashtra,Jalgaon,2013-09,20.84288265,75.52612464,9.0,0.0,0.06992770948,19.0,305.06,234048.0,0.3333333333333333,-0.9996797608881298,9,Monsoon
Maharashtra,Jalgaon,2014-08,20.84288265,75.52612464,55.0,0.0,0.2843866535,8.0,298.58,9389.333333333334,0.0,5.111111111111111,8,Monsoon
Maharashtra,Jalgaon,2014-09,20.84288265,75.52612464,25.0,0.0,0.004048963017,0.0,305.05,29.666666666666668,0.0,-0.5454545454545454,9,Monsoon
Maharashtra,Jalgaon,2014-10,20.84288265,75.52612464,35.0,0.0,0.01547944528,15.0,306.372,38.333333333333336,0.0,0.3999999999999999,10,Post-Monsoon
Maharashtra,Jalgaon,2015-06,20.84288265,75.52612464,6432.0,0.0,0.3340303111,4.0,312.23,2164.0,0.0,182.77142857142857,6,Monsoon
Maharashtra,Jalgaon,2015-07,20.84288265,75.52612464,22107.0,0.0,0.027908290335,0.0,310.0233334,9524.666666666666,0.0,2.437033582089552,7,Monsoon
Maharashtra,Jalgaon,2015-09,20.84288265,75.52612464,100.0,0.0,0.05711918192,16.0,302.90500000000003,9546.333333333334,0.0,-0.995476545890442,9,Monsoon
Maharashtra,Jalgaon,2016-04,20.84288265,75.52612464,33.0,0.0,7.02e-05,3.0,322.608,7413.333333333333,0.0,-0.6699999999999999,4,Summer
Maharashtra,Jalgaon,2016-06,20.84288265,75.52612464,53.0,1.0,0.002886902682,2.0,316.0933334,62.0,0.3333333333333333,0.606060606060606,6,Monsoon
Maharashtra,Jalgaon,2016-07,20.84288265,75.52612464,26.0,3.0,0.4290943133,0.0,0.0,37.333333333333336,1.3333333333333333,-0.5094339622641509,7,Monsoon
Maharashtra,Jalgaon,2016-08,20.84288265,75.52612464,46.0,0.0,0.6401200408,7.0,299.62,41.666666666666664,1.3333333333333333,0.7692307692307692,8,Monsoon
Maharashtra,Jalgaon,2016-09,20.84288265,75.52612464,6065.0,1.0,0.464156905755,7.0,299.076,2045.6666666666667,1.3333333333333333,130.84782608695653,9,Monsoon
Maharashtra,Jalgaon,2017-05,20.84288265,75.52612464,43110.0,0.0,0.0038517995915000004,3.5,321.4643333,16407.0,0.3333333333333333,6.107996702390767,5,Summer
Maharashtra,Jalgaon,2017-09,20.84288265,75.52612464,208.0,1.0,0.20030553462,8.5,303.32933330000003,16461.0,0.6666666666666666,-0.9951751333797263,9,Monsoon
Maharashtra,Jalgaon,2017-11,20.84288265,75.52612464,4049.0,1.0,8.02e-05,5.5,306.5816667,15789.0,0.6666666666666666,18.466346153846153,11,Post-Monsoon
Maharashtra,Jalgaon,2018-09,20.84288265,75.52612464,32.0,2.0,0.08158791335,0.0,302.0,1429.6666666666667,1.3333333333333333,-0.9920968140281551,9,Monsoon
Maharashtra,Jalgaon,2019-09,20.84288265,75.52612464,42.0,1.0,0.651715475,19.0,300.54,1374.3333333333333,1.3333333333333333,0.3125,9,Monsoon
Maharashtra,Jalgaon,2019-10,20.84288265,75.52612464,268.0,2.0,0.295583298155,11.0,304.9183333,114.0,1.6666666666666667,5.380952380952381,10,Post-Monsoon
Maharashtra,Jalgaon,2020-02,20.84288265,75.52612464,20.0,0.0,4.98e-05,9.0,306.6333334,110.0,1.0,-0.9253731343283582,2,Winter
Maharashtra,Jalgaon,2020-06,20.84288265,75.52612464,74.0,0.0,0.3034654863,8.0,313.51,120.66666666666667,0.6666666666666666,2.7,6,Monsoon
Maharashtra,Jalgaon,2021-09,20.84288265,75.52612464,54.0,1.0,0.8720325502,10.0,302.2666666,49.333333333333336,0.3333333333333333,-0.2702702702702703,9,Monsoon
Maharashtra,Jalgaon,2022-05,20.84288265,75.52612464,99.0,1.0,0.00019428141490000002,3.5,317.84833330000004,75.66666666666667,0.6666666666666666,0.8333333333333333,5,Summer
Maharashtra,Jalna,2010-06,19.91883295,75.87085986,1910.0,0.0,0.09391444629000001,1.0,311.65999999999997,1910.0,0.0,0.0,6,Monsoon
Maharashtra,Jalna,2010-07,19.91883295,75.87085986,1335.0,0.0,0.45230347015000005,1.5,152.65,1622.5,0.0,-0.3010471204188482,7,Monsoon
Maharashtra,Jalna,2011-07,19.91883295,75.87085986,29.0,0.0,0.2865051658,3.0,302.49,1091.3333333333333,0.0,-0.9782771535580524,7,Monsoon
Maharashtra,Jalna,2011-08,19.91883295,75.87085986,14.0,1.0,0.4952336925,7.0,0.0,459.3333333333333,0.3333333333333333,-0.5172413793103448,8,Monsoon
Maharashtra,Jalna,2011-09,19.91883295,75.87085986,20.0,0.0,0.8533028042,8.0,0.0,21.0,0.3333333333333333,0.4285714285714286,9,Monsoon
Maharashtra,Jalna,2012-06,19.91883295,75.87085986,50.0,0.0,0.02458837989,0.0,313.8866666,28.0,0.3333333333333333,1.5,6,Monsoon
Maharashtra,Jalna,2012-08,19.91883295,75.87085986,24.0,0.0,0.4622592128,0.0,309.36,31.333333333333332,0.0,-0.52,8,Monsoon
Maharashtra,Jalna,2013-06,19.91883295,75.87085986,39.0,0.0,0.2964024913,2.0,308.71,37.666666666666664,0.0,0.625,6,Monsoon
Maharashtra,Jalna,2013-07,19.91883295,75.87085986,59.0,0.0,0.4127350501,4.0,300.1,40.666666666666664,0.0,0.5128205128205128,7,Monsoon
Maharashtra,Jalna,2014-05,19.91883295,75.87085986,28.0,0.0,0.0006152937121,3.0,318.66,42.0,0.0,-0.5254237288135593,5,Summer
Maharashtra,Jalna,2014-09,19.91883295,75.87085986,15.0,2.0,1.510543968,10.0,301.87,34.0,0.6666666666666666,-0.4642857142857143,9,Monsoon
Maharashtra,Jalna,2014-10,19.91883295,75.87085986,20.0,1.0,0.009091637421,13.0,310.4833334,21.0,1.0,0.33333333333333326,10,Post-Monsoon
Maharashtra,Jalna,2015-07,19.91883295,75.87085986,97.0,0.0,0.005347359458,5.0,310.528,44.0,1.0,3.8499999999999996,7,Monsoon
Maharashtra,Jalna,2016-05,19.91883295,75.87085986,47.0,0.0,0.000449560675,2.0,321.3366666,54.666666666666664,0.3333333333333333,-0.5154639175257731,5,Summer
Maharashtra,Jalna,2016-06,19.91883295,75.87085986,18181713.0,0.0,0.35478928544,1.0,235.05133335,6060619.0,0.0,386843.9574468085,6,Monsoon
Maharashtra,Jalna,2016-07,19.91883295,75.87085986,12.0,1.0,0.5742483549,3.0,0.0,6060590.666666667,0.3333333333333333,-0.9999993399961818,7,Monsoon
Maharashtra,Jalna,2016-08,19.91883295,75.87085986,127.0,1.0,0.63666822795,5.5,151.85,6060617.333333333,0.6666666666666666,9.583333333333334,8,Monsoon
Maharashtra,Jalna,2017-12,19.91883295,75.87085986,11.0,0.0,6.09e-05,0.0,304.2833334,50.0,0.6666666666666666,-0.9133858267716536,12,Winter
Maharashtra,Jalna,2018-01,19.91883295,75.87085986,11.0,0.0,0.0004715470776,0.0,303.7133334,49.666666666666664,0.3333333333333333,0.0,1,Winter
Maharashtra,Jalna,2018-04,19.91883295,75.87085986,18.0,1.0,6.65e-05,4.0,321.6033334,13.333333333333334,0.3333333333333333,0.6363636363636365,4,Summer
Maharashtra,Jalna,2018-06,19.91883295,75.87085986,62.0,0.0,0.01809043212,0.0,309.285,30.333333333333332,0.3333333333333333,2.4444444444444446,6,Monsoon
Maharashtra,Jalna,2019-09,19.91883295,75.87085986,9.0,1.0,0.8986838949,0.0,0.0,29.666666666666668,0.6666666666666666,-0.8548387096774194,9,Monsoon
Maharashtra,Kolhapur,2009-12,16.7028412,74.2405329,80.0,0.0,0.001971785189,8.0,304.176,80.0,0.0,0.0,12,Winter
Maharashtra,Kolhapur,2010-11,16.7028412,74.2405329,35.0,0.0,0.1720387075,8.0,303.32,57.5,0.0,-0.5625,11,Post-Monsoon
Maharashtra,Kolhapur,2011-04,16.7028412,74.2405329,32.0,0.0,6.13e-05,6.0,316.72,49.0,0.0,-0.08571428571428574,4,Summer
Maharashtra,Kolhapur,2012-06,16.7028412,74.2405329,196.0,0.0,0.618424487,0.0,301.38,87.66666666666667,0.0,5.125,6,Monsoon
Maharashtra,Kolhapur,2012-07,16.7028412,74.2405329,452028.0,0.0,0.26591936886666667,5.0,305.17333333333335,150752.0,0.0,2305.265306122449,7,Monsoon
Maharashtra,Kolhapur,2012-11,16.7028412,74.2405329,41.0,0.0,0.0394037879,10.0,305.42,150755.0,0.0,-0.9999092976541276,11,Post-Monsoon
Maharashtra,Kolhapur,2013-03,16.7028412,74.2405329,28.0,0.0,3.82e-05,6.0,311.09000000000003,150699.0,0.0,-0.31707317073170727,3,Summer
Maharashtra,Kolhapur,2013-05,16.7028412,74.2405329,11.0,0.0,0.01053841209,6.0,312.255,26.666666666666668,0.0,-0.6071428571428572,5,Summer
Maharashtra,Kolhapur,2013-08,16.7028412,74.2405329,17.0,0.0,0.1271391726,0.0,302.82,18.666666666666668,0.0,0.5454545454545454,8,Monsoon
Maharashtra,Kolhapur,2013-10,16.7028412,74.2405329,13.0,1.0,0.273760896,11.0,306.115,13.666666666666666,0.3333333333333333,-0.23529411764705888,10,Post-Monsoon
Maharashtra,Kolhapur,2014-05,16.7028412,74.2405329,133.0,0.0,0.08568161256,7.0,315.745,54.333333333333336,0.3333333333333333,9.23076923076923,5,Summer
Maharashtra,Kolhapur,2015-01,16.7028412,74.2405329,22.0,0.0,7.96e-05,0.0,303.572,56.0,0.3333333333333333,-0.8345864661654135,1,Winter
Maharashtra,Kolhapur,2015-06,16.7028412,74.2405329,48.0,0.0,0.9542822088,0.0,301.78000000000003,67.66666666666667,0.0,1.1818181818181817,6,Monsoon
Maharashtra,Kolhapur,2015-09,16.7028412,74.2405329,14.0,0.0,0.4009048268,8.0,310.55333340000004,28.0,0.0,-0.7083333333333333,9,Monsoon
Maharashtra,Kolhapur,2015-11,16.7028412,74.2405329,11.0,0.0,7.44e-05,9.0,305.7,24.333333333333332,0.0,-0.2142857142857143,11,Post-Monsoon
Maharashtra,Kolhapur,2015-12,16.7028412,74.2405329,603.0,1.0,0.00027030450765,0.0,305.3896667,209.33333333333334,0.3333333333333333,53.81818181818182,12,Winter
Maharashtra,Kolhapur,2016-02,16.7028412,74.2405329,7.0,1.0,4.73e-05,5.0,307.5966666,207.0,0.6666666666666666,-0.988391376451078,2,Winter
Maharashtra,Kolhapur,2016-03,16.7028412,74.2405329,13.0,0.0,0.01202549065,5.0,315.2133334,207.66666666666666,0.6666666666666666,0.8571428571428572,3,Summer
Maharashtra,Kolhapur,2016-05,16.7028412,74.2405329,33.0,1.0,0.03786334578,5.0,317.61333340000004,17.666666666666668,0.6666666666666666,1.5384615384615383,5,Summer
Maharashtra,Kolhapur,2016-07,16.7028412,74.2405329,18.0,0.0,1.556754063,3.0,303.6,21.333333333333332,0.3333333333333333,-0.4545454545454546,7,Monsoon
Maharashtra,Kolhapur,2016-08,16.7028412,74.2405329,50.0,0.0,1.117584664,9.0,0.0,33.666666666666664,0.3333333333333333,1.7777777777777777,8,Monsoon
Maharashtra,Kolhapur,2016-10,16.7028412,74.2405329,4947.0,0.0,0.107614466565,11.0,306.21000000000004,1671.6666666666667,0.0,97.94,10,Post-Monsoon
Maharashtra,Kolhapur,2017-06,16.7028412,74.2405329,25.0,0.0,0.2546117814,6.0,306.88,1674.0,0.0,-0.9949464321811199,6,Monsoon
Maharashtra,Kolhapur,2017-07,16.7028412,74.2405329,416.0,0.0,0.5048733383,6.5,302.365,1796.0,0.0,15.64,7,Monsoon
Maharashtra,Kolhapur,2017-09,16.7028412,74.2405329,107.0,0.0,0.717267795,5.0,304.32,182.66666666666666,0.0,-0.7427884615384616,9,Monsoon
Maharashtra,Kolhapur,2017-11,16.7028412,74.2405329,41.0,2.0,0.029649541574999997,9.5,306.1016667,188.0,0.6666666666666666,-0.6168224299065421,11,Post-Monsoon
Maharashtra,Kolhapur,2018-05,16.7028412,74.2405329,9.0,0.0,0.1703639866,7.0,310.27500000000003,52.333333333333336,0.6666666666666666,-0.7804878048780488,5,Summer
Maharashtra,Kolhapur,2018-06,16.7028412,74.2405329,51706945.0,3.0,1.1806989189500001,4.25,305.8075,17235665.0,1.6666666666666667,5745215.111111111,6,Monsoon
Maharashtra,Kolhapur,2018-11,16.7028412,74.2405329,3471.0,0.0,0.01155062069,9.0,306.952,17236808.333333332,1.0,-0.9999328716867725,11,Post-Monsoon
Maharashtra,Kolhapur,2019-02,16.7028412,74.2405329,7.0,1.0,0.0001514302351,5.0,312.42,17236807.666666668,1.3333333333333333,-0.9979832901181216,2,Winter
Maharashtra,Kolhapur,2019-06,16.7028412,74.2405329,7.0,0.0,0.3320778241,6.0,308.01,1161.6666666666667,0.3333333333333333,0.0,6,Monsoon
Maharashtra,Kolhapur,2019-08,16.7028412,74.2405329,253.0,2.0,0.21575982043333333,5.666666666666667,301.7144444666667,89.0,1.0,35.142857142857146,8,Monsoon
Maharashtra,Kolhapur,2019-09,16.7028412,74.2405329,6.0,0.0,0.5116805797,12.0,304.46500000000003,88.66666666666667,0.6666666666666666,-0.9762845849802372,9,Monsoon
Maharashtra,Kolhapur,2019-10,16.7028412,74.2405329,7.0,2.0,0.4333649695,5.0,302.93,88.66666666666667,1.3333333333333333,0.16666666666666674,10,Post-Monsoon
Maharashtra,Kolhapur,2019-11,16.7028412,74.2405329,824.0,0.0,0.014170720316649999,4.5,305.19950000000006,279.0,0.6666666666666666,116.71428571428571,11,Post-Monsoon
Maharashtra,Kolhapur,2019-12,16.7028412,74.2405329,7.0,0.0,0.004473537781,9.0,304.248,279.3333333333333,0.6666666666666666,-0.991504854368932,12,Winter
Maharashtra,Kolhapur,2020-01,16.7028412,74.2405329,1122.0,1.0,0.0025027302416666666,5.0,304.326,651.0,0.3333333333333333,159.28571428571428,1,Winter
Maharashtra,Kolhapur,2020-02,16.7028412,74.2405329,56.0,0.0,0.000195932962,7.0,306.4766666,395.0,0.3333333333333333,-0.9500891265597148,2,Winter
Maharashtra,Kolhapur,2020-04,16.7028412,74.2405329,607.0,0.0,0.1258905428,0.0,313.0666666,595.0,0.3333333333333333,9.839285714285714,4,Summer
Maharashtra,Kolhapur,2020-06,16.7028412,74.2405329,19939.0,0.0,0.4959610002175,3.5,156.32750000000001,6867.333333333333,0.0,31.848434925864908,6,Monsoon
Maharashtra,Kolhapur,2020-07,16.7028412,74.2405329,11.0,0.0,1.439750798,4.0,301.88,6852.333333333333,0.0,-0.9994483173679723,7,Monsoon
Maharashtra,Kolhapur,2020-12,16.7028412,74.2405329,72.0,0.0,6.87e-05,9.0,302.94,6674.0,0.0,5.545454545454546,12,Winter
Maharashtra,Kolhapur,2021-06,16.7028412,74.2405329,5.0,3.0,0.4365472546,7.0,305.93,29.333333333333332,1.0,-0.9305555555555556,6,Monsoon
Maharashtra,Kolhapur,2021-08,16.7028412,74.2405329,6215.0,0.0,0.21519561315000002,7.0,298.5433333,2097.3333333333335,1.0,1242.0,8,Monsoon
Maharashtra,Kolhapur,2021-10,16.7028412,74.2405329,103.0,0.0,0.008330392193,12.0,307.0233334,2107.6666666666665,1.0,-0.9834271922767498,10,Post-Monsoon
Maharashtra,Kolhapur,2021-11,16.7028412,74.2405329,663.0,0.0,0.042726307023,5.0,305.15999999999997,2327.0,0.0,5.436893203883495,11,Post-Monsoon
Maharashtra,Kolhapur,2021-12,16.7028412,74.2405329,29612.0,1.0,0.046862260833333336,10.333333333333334,301.38166666666666,10126.0,0.3333333333333333,43.66365007541478,12,Winter
Maharashtra,Latur,2011-06,18.35159075,76.75542361,787881.0,0.0,0.3281226344,3.0,316.71,787881.0,0.0,0.0,6,Monsoon
Maharashtra,Latur,2012-07,18.35159075,76.75542361,57.0,0.0,0.4842234377,8.0,0.0,393969.0,0.0,-0.999927654049279,7,Monsoon
Maharashtra,Latur,2013-11,18.35159075,76.75542361,16.0,0.0,4.77e-05,12.0,304.6966666,262651.3333333333,0.0,-0.7192982456140351,11,Post-Monsoon
Maharashtra,Latur,2016-10,18.35159075,76.75542361,13.0,0.0,0.01018348899,0.0,305.868,28.666666666666668,0.0,-0.1875,10,Post-Monsoon
Maharashtra,Latur,2016-11,18.35159075,76.75542361,35.0,0.0,5.96e-05,8.0,304.816,21.333333333333332,0.0,1.6923076923076925,11,Post-Monsoon
Maharashtra,Latur,2017-07,18.35159075,76.75542361,17.0,1.0,0.2824084343,0.0,0.0,21.666666666666668,0.3333333333333333,-0.5142857142857142,7,Monsoon
Maharashtra,Latur,2017-09,18.35159075,76.75542361,1222.0,0.0,0.6918539039,18.0,301.955,424.6666666666667,0.3333333333333333,70.88235294117646,9,Monsoon
Maharashtra,Latur,2017-12,18.35159075,76.75542361,41.0,0.0,7.72e-05,0.0,305.6566666,426.6666666666667,0.3333333333333333,-0.9664484451718495,12,Winter
Maharashtra,Latur,2018-04,18.35159075,76.75542361,120.0,0.0,0.07542967381,3.0,319.872,461.0,0.0,1.9268292682926829,4,Summer
Maharashtra,Latur,2019-07,18.35159075,76.75542361,28.0,0.0,0.5098842908,4.0,309.40000000000003,63.0,0.0,-0.7666666666666666,7,Monsoon
Maharashtra,Latur,2019-09,18.35159075,76.75542361,9.0,0.0,0.6187087164,9.0,303.2466666,52.333333333333336,0.0,-0.6785714285714286,9,Monsoon
Maharashtra,Latur,2022-06,18.35159075,76.75542361,21.0,0.0,0.02719165232,2.0,312.02500000000003,19.333333333333332,0.0,1.3333333333333335,6,Monsoon
Maharashtra,Mumbai (city),2016-06,18.9733536,72.82810492,60.0,0.0,0.0,2.0,278.90000000000003,60.0,0.0,0.0,6,Monsoon
Maharashtra,Nagpur,2010-02,21.1498134,79.0820556,81.0,0.0,0.02901093857,0.0,306.156,81.0,0.0,0.0,2,Winter
Maharashtra,Nagpur,2010-03,21.1498134,79.0820556,115.0,0.0,2.37e-05,4.0,314.42,98.0,0.0,0.4197530864197532,3,Summer
Maharashtra,Nagpur,2011-08,21.1498134,79.0820556,2.0,2.0,0.7207405476,10.0,0.0,66.0,0.6666666666666666,-0.9826086956521739,8,Monsoon
Maharashtra,Nagpur,2012-08,21.1498134,79.0820556,40161.0,0.0,0.2691498959,0.0,302.21,13426.0,0.6666666666666666,20079.5,8,Monsoon
Maharashtra,Nagpur,2013-07,21.1498134,79.0820556,12.0,0.0,1.853925705,1.0,0.0,13391.666666666666,0.6666666666666666,-0.9997012026592963,7,Monsoon
Maharashtra,Nagpur,2014-01,21.1498134,79.0820556,71.0,0.0,0.01786249689,7.0,301.865,13414.666666666666,0.0,4.916666666666667,1,Winter
Maharashtra,Nagpur,2014-06,21.1498134,79.0820556,14.0,0.0,0.0005298417508,0.0,320.46,32.333333333333336,0.0,-0.8028169014084507,6,Monsoon
Maharashtra,Nagpur,2014-08,21.1498134,79.0820556,36.0,0.0,0.4583644864,11.0,308.07,40.333333333333336,0.0,1.5714285714285716,8,Monsoon
Maharashtra,Nagpur,2014-09,21.1498134,79.0820556,3015.0,2.0,0.04974442414,9.0,303.068,1021.6666666666666,0.6666666666666666,82.75,9,Monsoon
Maharashtra,Nagpur,2014-10,21.1498134,79.0820556,4916.0,5.0,0.0287692752395,18.0,305.34066670000004,2655.6666666666665,2.3333333333333335,0.6305140961857381,10,Post-Monsoon
Maharashtra,Nagpur,2014-11,21.1498134,79.0820556,22.0,1.0,7.7e-05,0.0,305.4066666,2651.0,2.6666666666666665,-0.9955248169243287,11,Post-Monsoon
Maharashtra,Nagpur,2015-05,21.1498134,79.0820556,452143.0,0.0,0.019831852389999998,4.0,319.7764444666667,152360.33333333334,2.0,20550.954545454544,5,Summer
Maharashtra,Nagpur,2015-06,21.1498134,79.0820556,15521622.0,0.0,0.3916840014125,2.5,316.57216665,5324595.666666667,0.3333333333333333,33.329010954498905,6,Monsoon
Maharashtra,Nagpur,2015-07,21.1498134,79.0820556,25.0,0.0,0.3560908714,0.0,0.0,5324596.666666667,0.0,-0.999998389343588,7,Monsoon
Maharashtra,Nagpur,2015-08,21.1498134,79.0820556,31.0,0.0,0.2609805844,0.0,302.81,5173892.666666667,0.0,0.24,8,Monsoon
Maharashtra,Nagpur,2016-03,21.1498134,79.0820556,15.0,0.0,0.06843597796,6.0,310.3766666,23.666666666666668,0.0,-0.5161290322580645,3,Summer
Maharashtra,Nagpur,2016-05,21.1498134,79.0820556,55194208.0,0.0,0.018064006611666666,2.6666666666666665,318.49766666666665,18398084.666666668,0.0,3679612.8666666667,5,Summer
Maharashtra,Nagpur,2016-06,21.1498134,79.0820556,16.0,0.0,8.08e-05,0.0,320.0833334,18398079.666666668,0.0,-0.9999997101145106,6,Monsoon
Maharashtra,Nagpur,2016-07,21.1498134,79.0820556,85818.0,2.0,2.744106455,5.5,0.0,18426680.666666668,0.6666666666666666,5362.625,7,Monsoon
Maharashtra,Nagpur,2016-09,21.1498134,79.0820556,37.0,0.0,0.1495673348,13.0,303.86,28623.666666666668,0.6666666666666666,-0.9995688550187606,9,Monsoon
Maharashtra,Nagpur,2016-11,21.1498134,79.0820556,6.0,0.0,4.12e-05,0.0,303.9733334,28620.333333333332,0.6666666666666666,-0.8378378378378378,11,Post-Monsoon
Maharashtra,Nagpur,2017-06,21.1498134,79.0820556,100.0,0.0,0.1215240349,6.0,314.27,47.666666666666664,0.0,15.666666666666668,6,Monsoon
Maharashtra,Nagpur,2017-08,21.1498134,79.0820556,38.0,0.0,0.1205257228,10.0,0.0,48.0,0.0,-0.62,8,Monsoon
Maharashtra,Nagpur,2017-09,21.1498134,79.0820556,5.0,0.0,1.03122049,13.0,300.6,47.666666666666664,0.0,-0.868421052631579,9,Monsoon
Maharashtra,Nagpur,2017-10,21.1498134,79.0820556,52955.0,4.0,0.040144580965,24.0,303.834,17666.0,1.3333333333333333,10590.0,10,Post-Monsoon
Maharashtra,Nagpur,2017-11,21.1498134,79.0820556,27.0,0.0,0.001420990557,0.0,303.7966666,17662.333333333332,1.3333333333333333,-0.9994901331319045,11,Post-Monsoon
Maharashtra,Nagpur,2018-07,21.1498134,79.0820556,65.0,0.0,2.773682945,3.0,0.0,17682.333333333332,1.3333333333333333,1.4074074074074074,7,Monsoon
Maharashtra,Nagpur,2018-08,21.1498134,79.0820556,2418.0,1.0,1.12425056175,3.0,149.06,836.6666666666666,0.3333333333333333,36.2,8,Monsoon
Maharashtra,Nagpur,2018-09,21.1498134,79.0820556,5215.0,1.0,0.31247979679,20.5,303.3866667,2566.0,0.6666666666666666,1.1567411083540118,9,Monsoon
Maharashtra,Nagpur,2018-11,21.1498134,79.0820556,91.0,0.0,9.5e-06,8.0,306.54,2574.6666666666665,0.6666666666666666,-0.9825503355704698,11,Post-Monsoon
Maharashtra,Nagpur,2019-08,21.1498134,79.0820556,1215123.0,2.0,1.38841493,2.5,74.33,406809.6666666667,1.0,13352.0,8,Monsoon
Maharashtra,Nagpur,2021-07,21.1498134,79.0820556,4.0,1.0,0.5529516087,13.0,308.685,405072.6666666667,1.0,-0.9999967081521788,7,Monsoon
Maharashtra,Nagpur,2022-06,21.1498134,79.0820556,4147.0,0.0,0.090463589675,1.5,315.54666670000006,406424.6666666667,1.0,1035.75,6,Monsoon
Maharashtra,Nanded,2010-03,19.09400875,77.48319215,20.0,0.0,5.7e-05,5.0,315.272,20.0,0.0,0.0,3,Summer
Maharashtra,Nanded,2010-05,19.09400875,77.48319215,18.0,0.0,0.039374373,3.0,320.725,19.0,0.0,-0.09999999999999998,5,Summer
Maharashtra,Nanded,2011-08,19.09400875,77.48319215,7310.0,0.0,0.33677615935,5.0,150.93,2449.3333333333335,0.0,405.1111111111111,8,Monsoon
Maharashtra,Nanded,2012-02,19.09400875,77.48319215,23.0,0.0,0.0005249597183,0.0,309.552,2450.3333333333335,0.0,-0.9968536251709986,2,Winter
Maharashtra,Nanded,2012-07,19.09400875,77.48319215,27.0,0.0,0.4234094014,4.0,302.84000000000003,2453.3333333333335,0.0,0.17391304347826098,7,Monsoon
Maharashtra,Nanded,2012-08,19.09400875,77.48319215,202020425.0,0.0,0.48412022265,1.75,225.31,67340158.33333333,0.0,7482236.962962963,8,Monsoon
Maharashtra,Nanded,2013-05,19.09400875,77.48319215,23.0,0.0,0.003998651033,5.0,321.1766666,67340158.33333333,0.0,-0.9999998861501257,5,Summer
Maharashtra,Nanded,2013-11,19.09400875,77.48319215,18.0,0.0,6.08e-05,12.0,302.9466666,67340155.33333333,0.0,-0.21739130434782605,11,Post-Monsoon
Maharashtra,Nanded,2014-08,19.09400875,77.48319215,124.0,0.0,0.2181573568,14.0,307.888,55.0,0.0,5.888888888888889,8,Monsoon
Maharashtra,Nanded,2015-06,19.09400875,77.48319215,41.0,0.0,0.02150634836,5.0,317.24,61.0,0.0,-0.6693548387096775,6,Monsoon
Maharashtra,Nanded,2015-09,19.09400875,77.48319215,3815.0,1.0,0.8111624019500001,9.0,304.3075,1326.6666666666667,0.3333333333333333,92.04878048780488,9,Monsoon
Maharashtra,Nanded,2016-01,19.09400875,77.48319215,40.0,0.0,2.19e-05,0.0,307.288,1298.6666666666667,0.3333333333333333,-0.9895150720838795,1,Winter
Maharashtra,Nanded,2017-04,19.09400875,77.48319215,27.0,0.0,4.92e-05,0.0,320.0,1294.0,0.3333333333333333,-0.32499999999999996,4,Summer
Maharashtra,Nanded,2018-04,19.09400875,77.48319215,56.0,0.0,5.65e-05,4.0,321.8933334,41.0,0.0,1.074074074074074,4,Summer
Maharashtra,Nanded,2018-05,19.09400875,77.48319215,34.0,0.0,0.01594669936,0.0,316.344,39.0,0.0,-0.3928571428571429,5,Summer
Maharashtra,Nanded,2018-06,19.09400875,77.48319215,38.0,0.0,0.09510552106,4.0,314.08,42.666666666666664,0.0,0.11764705882352944,6,Monsoon
Maharashtra,Nanded,2021-11,19.09400875,77.48319215,9.0,0.0,0.07439863145,7.0,301.1533334,27.0,0.0,-0.7631578947368421,11,Post-Monsoon
Maharashtra,Nandurbar,2012-07,21.51450155,74.54070115,51.0,0.0,0.5615127164,0.0,0.0,51.0,0.0,0.0,7,Monsoon
Maharashtra,Nandurbar,2012-08,21.51450155,74.54070115,18.0,0.0,0.39250434,0.0,304.75,34.5,0.0,-0.6470588235294117,8,Monsoon
Maharashtra,Nandurbar,2013-02,21.51450155,74.54070115,162.0,0.0,0.001861465575,6.0,309.7166666,77.0,0.0,8.0,2,Winter
Maharashtra,Nandurbar,2013-05,21.51450155,74.54070115,115.0,0.0,2.85e-05,3.0,322.896,98.33333333333333,0.0,-0.2901234567901234,5,Summer
Maharashtra,Nandurbar,2013-10,21.51450155,74.54070115,31131622.0,1.0,0.2798436361475,13.5,305.13916670000003,10377299.666666666,0.3333333333333333,270708.7565217391,10,Post-Monsoon
Maharashtra,Nandurbar,2014-08,21.51450155,74.54070115,43.0,0.0,0.1531193868,0.0,304.98,10377260.0,0.3333333333333333,-0.9999986187677596,8,Monsoon
Maharashtra,Nandurbar,2016-10,21.51450155,74.54070115,51.0,0.0,0.08092460619,14.0,302.6366666,10377238.666666666,0.3333333333333333,0.18604651162790709,10,Post-Monsoon
Maharashtra,Nandurbar,2017-12,21.51450155,74.54070115,13.0,0.0,0.01750649204,7.0,303.536,35.666666666666664,0.0,-0.7450980392156863,12,Winter
Maharashtra,Nandurbar,2018-10,21.51450155,74.54070115,43.0,1.0,8.67e-05,9.0,309.7766666,35.666666666666664,0.3333333333333333,2.3076923076923075,10,Post-Monsoon
Maharashtra,Nandurbar,2019-09,21.51450155,74.54070115,2626.0,2.0,0.8880442927500001,0.0,302.755,894.0,1.0,60.06976744186046,9,Monsoon
Maharashtra,Nandurbar,2021-06,21.51450155,74.54070115,367.0,0.0,0.09326677373,5.0,309.316,1012.0,1.0,-0.8602437166793603,6,Monsoon
Maharashtra,Nashik,2009-08,20.0112475,73.7902364,39.0,0.0,0.4474799293,6.0,295.82,39.0,0.0,0.0,8,Monsoon
Maharashtra,Nashik,2009-09,20.0112475,73.7902364,3457.0,1.0,0.29427070555,18.0,300.92333329999997,1748.0,0.5,87.64102564102564,9,Monsoon
Maharashtra,Nashik,2010-05,20.0112475,73.7902364,102.0,0.0,0.003804857854,6.0,319.752,1199.3333333333333,0.3333333333333333,-0.9704946485391959,5,Summer
Maharashtra,Nashik,2010-06,20.0112475,73.7902364,12623524.0,0.0,0.6477142094,4.333333333333333,308.7477778,4209027.666666667,0.3333333333333333,123759.03921568628,6,Monsoon
Maharashtra,Nashik,2010-10,20.0112475,73.7902364,76.0,0.0,0.299518558,9.0,301.425,4207900.666666667,0.0,-0.9999939794941571,10,Post-Monsoon
Maharashtra,Nashik,2011-04,20.0112475,73.7902364,61.0,1.0,0.006124711444,5.0,315.97200000000004,4207887.0,0.3333333333333333,-0.19736842105263153,4,Summer
Maharashtra,Nashik,2011-05,20.0112475,73.7902364,5753.0,0.0,0.0044415509875,2.5,314.505,1963.3333333333333,0.3333333333333333,93.31147540983606,5,Summer
Maharashtra,Nashik,2011-06,20.0112475,73.7902364,126.0,0.0,0.5479577686,5.0,313.26,1980.0,0.3333333333333333,-0.978098383452112,6,Monsoon
Maharashtra,Nashik,2011-07,20.0112475,73.7902364,2.0,1.0,0.5663983237,4.0,277.14,1960.3333333333333,0.3333333333333333,-0.9841269841269842,7,Monsoon
Maharashtra,Nashik,2011-08,20.0112475,73.7902364,2219.0,0.0,0.50022530815,6.0,150.25,782.3333333333334,0.3333333333333333,1108.5,8,Monsoon
Maharashtra,Nashik,2011-09,20.0112475,73.7902364,3131.0,0.0,0.3402822108,0.0,296.7066666,1784.0,0.3333333333333333,0.41099594411897256,9,Monsoon
Maharashtra,Nashik,2011-10,20.0112475,73.7902364,1711715.0,0.0,0.19720245074473333,10.0,303.17444446666667,572355.0,0.0,545.6991376557011,10,Post-Monsoon
Maharashtra,Nashik,2011-11,20.0112475,73.7902364,17.0,0.0,9.65e-05,8.0,306.7,571621.0,0.0,-0.9999900684401317,11,Post-Monsoon
Maharashtra,Nashik,2011-12,20.0112475,73.7902364,6.0,1.0,4.46e-05,8.0,306.06333340000003,570579.3333333334,0.3333333333333333,-0.6470588235294117,12,Winter
Maharashtra,Nashik,2012-03,20.0112475,73.7902364,90.0,0.0,8.84e-05,5.0,314.7833334,37.666666666666664,0.3333333333333333,14.0,3,Summer
Maharashtra,Nashik,2012-04,20.0112475,73.7902364,16.0,0.0,0.00453315594,5.0,316.672,37.333333333333336,0.3333333333333333,-0.8222222222222222,4,Summer
Maharashtra,Nashik,2012-06,20.0112475,73.7902364,82.0,0.0,0.2540485365,6.0,312.58,62.666666666666664,0.0,4.125,6,Monsoon
Maharashtra,Nashik,2012-09,20.0112475,73.7902364,46.0,0.0,0.1843024431,0.0,301.08,48.0,0.0,-0.4390243902439024,9,Monsoon
Maharashtra,Nashik,2012-10,20.0112475,73.7902364,12.0,0.0,0.7999218103,20.0,300.672,46.666666666666664,0.0,-0.7391304347826086,10,Post-Monsoon
Maharashtra,Nashik,2012-11,20.0112475,73.7902364,20.0,0.0,0.0002178314227,0.0,305.06333340000003,26.0,0.0,0.6666666666666667,11,Post-Monsoon
Maharashtra,Nashik,2012-12,20.0112475,73.7902364,22.0,1.0,0.0508465061,0.0,303.9566666,18.0,0.3333333333333333,0.10000000000000009,12,Winter
Maharashtra,Nashik,2013-06,20.0112475,73.7902364,25.0,0.0,0.6287406888,2.0,309.0933334,22.333333333333332,0.3333333333333333,0.13636363636363646,6,Monsoon
Maharashtra,Nashik,2013-07,20.0112475,73.7902364,62.0,0.0,1.402063445,0.0,0.0,36.333333333333336,0.3333333333333333,1.48,7,Monsoon
Maharashtra,Nashik,2013-09,20.0112475,73.7902364,16141014.0,0.0,1.535551621,8.0,298.155,5380367.0,0.0,260337.93548387097,9,Monsoon
Maharashtra,Nashik,2013-10,20.0112475,73.7902364,22.0,0.0,0.01860046276,13.0,301.90000000000003,5380366.0,0.0,-0.9999986370125198,10,Post-Monsoon
Maharashtra,Nashik,2014-06,20.0112475,73.7902364,24.0,0.0,0.1594878922,0.0,312.3966666,5380353.333333333,0.0,0.09090909090909083,6,Monsoon
Maharashtra,Nashik,2014-08,20.0112475,73.7902364,1065.0,0.0,0.7457727314,6.0,298.51,370.3333333333333,0.0,43.375,8,Monsoon
Maharashtra,Nashik,2014-09,20.0112475,73.7902364,26158.0,0.0,2.0726511565,7.5,148.625,9082.333333333334,0.0,23.56150234741784,9,Monsoon
Maharashtra,Nashik,2014-10,20.0112475,73.7902364,10.0,0.0,0.1019110467,19.0,304.5966666,9077.666666666666,0.0,-0.9996177077758238,10,Post-Monsoon
Maharashtra,Nashik,2014-11,20.0112475,73.7902364,27.0,0.0,5.36e-05,9.0,306.46,8731.666666666666,0.0,1.7000000000000002,11,Post-Monsoon
Maharashtra,Nashik,2015-05,20.0112475,73.7902364,29.0,0.0,0.003372753075,0.0,316.2766666,22.0,0.0,0.07407407407407418,5,Summer
Maharashtra,Nashik,2015-07,20.0112475,73.7902364,71.0,0.0,0.3793102943,8.0,302.46500000000003,42.333333333333336,0.0,1.4482758620689653,7,Monsoon
Maharashtra,Nashik,2015-08,20.0112475,73.7902364,10.0,0.0,0.4870072432,5.0,297.36,36.666666666666664,0.0,-0.8591549295774648,8,Monsoon
Maharashtra,Nashik,2015-09,20.0112475,73.7902364,36.0,0.0,1.461111818,0.0,297.3466666,39.0,0.0,2.6,9,Monsoon
Maharashtra,Nashik,2015-10,20.0112475,73.7902364,18.0,0.0,0.4181637434,0.0,303.05,21.333333333333332,0.0,-0.5,10,Post-Monsoon
Maharashtra,Nashik,2015-12,20.0112475,73.7902364,10.0,0.0,0.001370455503,10.0,304.628,21.333333333333332,0.0,-0.4444444444444444,12,Winter
Maharashtra,Nashik,2016-04,20.0112475,73.7902364,20.0,1.0,0.002772524939,5.0,316.8266666,16.0,0.3333333333333333,1.0,4,Summer
Maharashtra,Nashik,2016-05,20.0112475,73.7902364,440968.0,1.0,0.05853359025333333,5.333333333333333,313.19,146999.33333333334,0.6666666666666666,22047.4,5,Summer
Maharashtra,Nashik,2016-06,20.0112475,73.7902364,1582012.0,0.0,0.13895693096333334,4.333333333333333,312.86633333333333,674333.3333333334,0.6666666666666666,2.5875891221131693,6,Monsoon
Maharashtra,Nashik,2016-07,20.0112475,73.7902364,2562.0,0.0,1.1268116283,1.0,0.0,675180.6666666666,0.3333333333333333,-0.9983805432575733,7,Monsoon
Maharashtra,Nashik,2016-09,20.0112475,73.7902364,79.0,0.0,1.132765083,17.0,301.38,528217.6666666666,0.0,-0.9691647150663544,9,Monsoon
Maharashtra,Nashik,2016-10,20.0112475,73.7902364,45.0,0.0,0.8048052238,12.0,299.74,895.3333333333334,0.0,-0.430379746835443,10,Post-Monsoon
Maharashtra,Nashik,2016-12,20.0112475,73.7902364,915.0,0.0,0.00117959248315,9.0,303.891,346.3333333333333,0.0,19.333333333333332,12,Winter
Maharashtra,Nashik,2017-09,20.0112475,73.7902364,33.0,0.0,0.7303078924,0.0,297.77500000000003,331.0,0.0,-0.9639344262295082,9,Monsoon
Maharashtra,Nashik,2017-10,20.0112475,73.7902364,7.0,1.0,0.07059878798,19.0,303.25333340000003,318.3333333333333,0.3333333333333333,-0.7878787878787878,10,Post-Monsoon
Maharashtra,Nashik,2017-11,20.0112475,73.7902364,60251.0,0.0,3.19e-05,4.5,304.0316667,20097.0,0.3333333333333333,8606.285714285714,11,Post-Monsoon
Maharashtra,Nashik,2018-02,20.0112475,73.7902364,4.0,1.0,0.0001015017778,6.0,307.69,20087.333333333332,0.6666666666666666,-0.9999336110603974,2,Winter
Maharashtra,Nashik,2018-04,20.0112475,73.7902364,66.0,0.0,0.003291825075,6.0,317.124,20107.0,0.3333333333333333,15.5,4,Summer
Maharashtra,Nashik,2018-05,20.0112475,73.7902364,137195.0,3.0,0.011751316047049999,5.0,315.9673333,45755.0,1.3333333333333333,2077.712121212121,5,Summer
Maharashtra,Nashik,2018-07,20.0112475,73.7902364,756128.0,0.0,1.1187049333333332,1.3333333333333333,202.18999999999997,297796.3333333333,1.0,4.511337876744779,7,Monsoon
Maharashtra,Nashik,2018-08,20.0112475,73.7902364,73.0,0.0,0.3740681367,0.0,299.73,297798.6666666667,1.0,-0.9999034554995979,8,Monsoon
Maharashtra,Nashik,2018-10,20.0112475,73.7902364,142730.0,4.0,0.06827310549866666,13.333333333333334,306.77866666666665,299643.6666666667,1.3333333333333333,1954.2054794520548,10,Post-Monsoon
Maharashtra,Nashik,2019-10,20.0112475,73.7902364,289.0,0.0,0.1675463261,15.0,303.756,47697.333333333336,1.3333333333333333,-0.9979751979261543,10,Post-Monsoon
Maharashtra,Nashik,2020-11,20.0112475,73.7902364,32.0,0.0,0.004162033368,16.0,303.9966666,47683.666666666664,1.3333333333333333,-0.889273356401384,11,Post-Monsoon
Maharashtra,Nashik,2020-12,20.0112475,73.7902364,89.0,0.0,0.0457368425688,5.0,302.07500000000005,136.66666666666666,0.0,1.78125,12,Winter
Maharashtra,Nashik,2021-03,20.0112475,73.7902364,11.0,0.0,5.56e-05,7.0,310.6566666,44.0,0.0,-0.8764044943820225,3,Summer
Maharashtra,Nashik,2021-05,20.0112475,73.7902364,6.0,0.0,0.2612602835,7.0,312.09000000000003,35.333333333333336,0.0,-0.4545454545454546,5,Summer
Maharashtra,Nasik,2021-06,20.0112475,73.7902364,53.0,0.0,0.2630178863,0.0,304.28000000000003,53.0,0.0,0.0,6,Monsoon
Maharashtra,Osmanabad,2009-12,18.16984395,76.11796321,23.0,0.0,0.01311970328,7.0,306.396,23.0,0.0,0.0,12,Winter
Maharashtra,Osmanabad,2011-09,18.16984395,76.11796321,26.0,0.0,0.07189483971,10.0,306.23,24.5,0.0,0.13043478260869557,9,Monsoon
Maharashtra,Osmanabad,2011-10,18.16984395,76.11796321,2627.0,0.0,0.223210702,0.0,308.3225,892.0,0.0,100.03846153846153,10,Post-Monsoon
Maharashtra,Osmanabad,2012-09,18.16984395,76.11796321,35.0,0.0,0.3708471616,7.0,301.8333334,896.0,0.0,-0.9866768176627332,9,Monsoon
Maharashtra,Osmanabad,2012-10,18.16984395,76.11796321,16.0,1.0,0.1760734899,0.0,311.41,892.6666666666666,0.3333333333333333,-0.5428571428571429,10,Post-Monsoon
Maharashtra,Osmanabad,2012-11,18.16984395,76.11796321,102.0,0.0,0.01367871891,7.0,305.372,51.0,0.3333333333333333,5.375,11,Post-Monsoon
Maharashtra,Osmanabad,2012-12,18.16984395,76.11796321,65.0,0.0,0.001327137461,7.0,307.72,61.0,0.3333333333333333,-0.36274509803921573,12,Winter
Maharashtra,Osmanabad,2013-07,18.16984395,76.11796321,30.0,0.0,1.047265867,3.0,302.54,65.66666666666667,0.0,-0.5384615384615384,7,Monsoon
Maharashtra,Osmanabad,2013-08,18.16984395,76.11796321,16.0,0.0,1.102604394,5.0,0.0,37.0,0.0,-0.4666666666666667,8,Monsoon
Maharashtra,Osmanabad,2014-07,18.16984395,76.11796321,3737.0,0.0,0.89197165075,3.0,154.24,1261.0,0.0,232.5625,7,Monsoon
Maharashtra,Osmanabad,2014-08,18.16984395,76.11796321,10.0,1.0,0.4268564407,7.0,306.24,1254.3333333333333,0.3333333333333333,-0.9973240567299974,8,Monsoon
Maharashtra,Osmanabad,2015-11,18.16984395,76.11796321,18.0,0.0,3.69e-05,5.0,309.8533334,1255.0,0.3333333333333333,0.8,11,Post-Monsoon
Maharashtra,Osmanabad,2016-06,18.16984395,76.11796321,55.0,0.0,0.05239834333,1.0,319.288,27.666666666666668,0.3333333333333333,2.0555555555555554,6,Monsoon
Maharashtra,Osmanabad,2016-10,18.16984395,76.11796321,31.0,0.0,0.3776196185,12.0,302.81,34.666666666666664,0.0,-0.4363636363636364,10,Post-Monsoon
Maharashtra,Osmanabad,2017-06,18.16984395,76.11796321,368.0,0.0,0.4001070088,3.0,308.22,151.33333333333334,0.0,10.870967741935484,6,Monsoon
Maharashtra,Osmanabad,2017-07,18.16984395,76.11796321,3.0,0.0,0.108867075,0.0,309.7466666,134.0,0.0,-0.9918478260869565,7,Monsoon
Maharashtra,Osmanabad,2017-10,18.16984395,76.11796321,24.0,0.0,0.3157613658,0.0,308.41,131.66666666666666,0.0,7.0,10,Post-Monsoon
Maharashtra,Osmanabad,2017-12,18.16984395,76.11796321,17.0,0.0,0.003459001668,0.0,304.7766666,14.666666666666666,0.0,-0.29166666666666663,12,Winter
Maharashtra,Osmanabad,2018-05,18.16984395,76.11796321,11.0,0.0,0.002483980371,3.0,318.7933334,17.333333333333332,0.0,-0.3529411764705882,5,Summer
Maharashtra,Osmanabad,2019-09,18.16984395,76.11796321,46.0,0.0,0.8562232641,8.0,0.0,24.666666666666668,0.0,3.1818181818181817,9,Monsoon
Maharashtra,Osmanabad,2020-10,18.16984395,76.11796321,7.0,0.0,0.007537283688,0.0,304.896,21.333333333333332,0.0,-0.8478260869565217,10,Post-Monsoon
Maharashtra,Osmanabad,2020-11,18.16984395,76.11796321,9.0,0.0,8.75e-05,7.0,307.676,20.666666666666668,0.0,0.2857142857142858,11,Post-Monsoon
Maharashtra,Osmanabad,2021-06,18.16984395,76.11796321,7.0,1.0,0.2700335578,0.0,313.328,7.666666666666667,0.3333333333333333,-0.2222222222222222,6,Monsoon
Maharashtra,Osmanabad,2021-07,18.16984395,76.11796321,4.0,0.0,1.374420463,8.0,300.42,6.666666666666667,0.3333333333333333,-0.4285714285714286,7,Monsoon
Maharashtra,Osmanabad,2021-09,18.16984395,76.11796321,155.0,1.0,0.8811762215500001,5.0,300.54833329999997,55.333333333333336,0.6666666666666666,37.75,9,Monsoon
Maharashtra,Osmanabad (Maharashtra),2016-03,18.16984395,76.11796321,18.0,0.0,0.0007361318031,2.0,322.028,18.0,0.0,0.0,3,Summer
Maharashtra,Palghar,2017-08,19.684661,72.82491116,18.0,1.0,0.334975779,14.0,299.1333334,18.0,1.0,0.0,8,Monsoon
Maharashtra,Palghar,2017-11,19.684661,72.82491116,720.0,1.0,5.69e-05,14.0,305.0433333,369.0,1.0,39.0,11,Post-Monsoon
Maharashtra,Palghar,2018-05,19.684661,72.82491116,1959.0,0.0,0.00099957468155,5.0,311.7216667,899.0,0.6666666666666666,1.7208333333333332,5,Summer
Maharashtra,Palghar,2018-06,19.684661,72.82491116,10.0,0.0,1.962859083,0.0,306.46,896.3333333333334,0.3333333333333333,-0.9948953547728433,6,Monsoon
Maharashtra,Palghar,2019-05,19.684661,72.82491116,8.0,0.0,0.0002743511347,0.0,314.75333340000003,659.0,0.0,-0.19999999999999996,5,Summer
Maharashtra,Palghar,2019-07,19.684661,72.82491116,9.0,0.0,0.3040429281,0.0,302.02,9.0,0.0,0.125,7,Monsoon
Maharashtra,Palghar,2019-08,19.684661,72.82491116,143.0,0.0,2.091814934,1.0,0.0,53.333333333333336,0.0,14.88888888888889,8,Monsoon
Maharashtra,Palghar,2019-11,19.684661,72.82491116,16.0,0.0,0.0008463301457,16.0,303.332,56.0,0.0,-0.8881118881118881,11,Post-Monsoon
Maharashtra,Parbhani,2010-07,19.29031365,76.60290343,613139.0,0.0,1.0038708546,2.0,305.12666666666667,613139.0,0.0,0.0,7,Monsoon
Maharashtra,Parbhani,2010-08,19.29031365,76.60290343,33.0,0.0,0.9712524736,3.0,0.0,306586.0,0.0,-0.99994617859898,8,Monsoon
Maharashtra,Parbhani,2011-08,19.29031365,76.60290343,57.0,0.0,0.2515310148,6.0,301.57,204409.66666666666,0.0,0.7272727272727273,8,Monsoon
Maharashtra,Parbhani,2012-07,19.29031365,76.60290343,174.0,1.0,0.09344685516,3.0,307.76,88.0,0.3333333333333333,2.0526315789473686,7,Monsoon
Maharashtra,Parbhani,2012-08,19.29031365,76.60290343,14.0,0.0,0.1991568221,0.0,302.61,81.66666666666667,0.3333333333333333,-0.9195402298850575,8,Monsoon
Maharashtra,Parbhani,2013-07,19.29031365,76.60290343,59.0,0.0,0.2134294921,2.0,0.0,82.33333333333333,0.3333333333333333,3.2142857142857144,7,Monsoon
Maharashtra,Parbhani,2014-03,19.29031365,76.60290343,47.0,0.0,0.112009218,7.0,307.0,40.0,0.0,-0.2033898305084746,3,Summer
Maharashtra,Parbhani,2014-11,19.29031365,76.60290343,32.0,0.0,0.08710501478,8.0,308.6,46.0,0.0,-0.3191489361702128,11,Post-Monsoon
Maharashtra,Parbhani,2015-04,19.29031365,76.60290343,24.0,0.0,0.3435382668,4.0,311.948,34.333333333333336,0.0,-0.25,4,Summer
Maharashtra,Parbhani,2016-05,19.29031365,76.60290343,25127.0,0.0,0.056950880685,3.0,324.885,8394.333333333334,0.0,1045.9583333333333,5,Summer
Maharashtra,Parbhani,2016-07,19.29031365,76.60290343,52.0,0.0,0.8976608583,0.0,315.32,8401.0,0.0,-0.9979305129939905,7,Monsoon
Maharashtra,Parbhani,2017-10,19.29031365,76.60290343,10.0,0.0,0.02386665664,0.0,302.8833334,8396.333333333334,0.0,-0.8076923076923077,10,Post-Monsoon
Maharashtra,Parbhani,2017-11,19.29031365,76.60290343,3214.0,0.0,0.003018970687,6.5,306.874,1092.0,0.0,320.4,11,Post-Monsoon
Maharashtra,Parbhani,2018-06,19.29031365,76.60290343,35.0,0.0,0.1153558791,2.0,316.94,1086.3333333333333,0.0,-0.9891101431238333,6,Monsoon
Maharashtra,Parbhani,2019-09,19.29031365,76.60290343,32.0,1.0,0.904093517,9.0,0.0,1093.6666666666667,0.3333333333333333,-0.08571428571428574,9,Monsoon
Maharashtra,Parbhani,2020-10,19.29031365,76.60290343,66.0,0.0,0.06249646935,18.0,304.355,44.333333333333336,0.3333333333333333,1.0625,10,Post-Monsoon
Maharashtra,Pune,2010-03,18.521428,73.8544541,131.0,0.0,4.61e-05,0.0,311.57,131.0,0.0,0.0,3,Summer
Maharashtra,Pune,2011-05,18.521428,73.8544541,141.0,0.0,0.06051123648,5.0,312.2033334,136.0,0.0,0.07633587786259532,5,Summer
Maharashtra,Pune,2011-06,18.521428,73.8544541,311.0,0.0,0.5102087662,4.0,300.08,194.33333333333334,0.0,1.2056737588652484,6,Monsoon
Maharashtra,Pune,2011-07,18.521428,73.8544541,46.0,0.0,1.405453239,3.0,0.0,166.0,0.0,-0.8520900321543409,7,Monsoon
Maharashtra,Pune,2011-08,18.521428,73.8544541,11117.0,3.0,0.9038562177333332,4.666666666666667,197.9466666666667,3824.6666666666665,1.0,240.67391304347825,8,Monsoon
Maharashtra,Pune,2011-12,18.521428,73.8544541,1717.0,0.0,7.14e-05,9.0,302.40000000000003,4293.333333333333,1.0,-0.8455518575155168,12,Winter
Maharashtra,Pune,2012-05,18.521428,73.8544541,6.0,1.0,0.0004693079357,0.0,317.368,4280.0,1.3333333333333333,-0.9965055329062318,5,Summer
Maharashtra,Pune,2013-03,18.521428,73.8544541,75.0,0.0,6.8e-05,5.0,315.1733334,599.3333333333334,0.3333333333333333,11.5,3,Summer
Maharashtra,Pune,2013-09,18.521428,73.8544541,8.0,0.0,0.5463138027,10.0,301.25,29.666666666666668,0.3333333333333333,-0.8933333333333333,9,Monsoon
Maharashtra,Pune,2013-10,18.521428,73.8544541,50.0,0.0,0.1200245707,0.0,302.57,44.333333333333336,0.0,5.25,10,Post-Monsoon
Maharashtra,Pune,2014-08,18.521428,73.8544541,36.0,0.0,1.062114181,11.0,303.08,31.333333333333332,0.0,-0.28,8,Monsoon
Maharashtra,Pune,2015-02,18.521428,73.8544541,55.0,0.0,0.02039751792,6.0,306.7033334,47.0,0.0,0.5277777777777777,2,Winter
Maharashtra,Pune,2015-03,18.521428,73.8544541,7.0,0.0,0.07475160707,8.0,311.7633334,32.666666666666664,0.0,-0.8727272727272728,3,Summer
Maharashtra,Pune,2015-05,18.521428,73.8544541,10.0,0.0,0.09445700622,7.0,316.144,24.0,0.0,0.4285714285714286,5,Summer
Maharashtra,Pune,2015-06,18.521428,73.8544541,154.0,0.0,1.529572784,0.0,0.0,57.0,0.0,14.4,6,Monsoon
Maharashtra,Pune,2015-07,18.521428,73.8544541,36.0,0.0,0.5035767131,2.0,0.0,66.66666666666667,0.0,-0.7662337662337663,7,Monsoon
Maharashtra,Pune,2015-09,18.521428,73.8544541,35.0,0.0,0.1464324479,17.0,301.825,75.0,0.0,-0.02777777777777779,9,Monsoon
Maharashtra,Pune,2015-10,18.521428,73.8544541,65.0,0.0,0.004464526676,12.0,305.125,45.333333333333336,0.0,0.8571428571428572,10,Post-Monsoon
Maharashtra,Pune,2016-01,18.521428,73.8544541,22.0,0.0,2.19e-05,0.0,303.36400000000003,40.666666666666664,0.0,-0.6615384615384615,1,Winter
Maharashtra,Pune,2016-04,18.521428,73.8544541,24472424.0,0.0,0.004879160363325001,5.0,318.6041667,8157503.666666667,0.0,1112381.9090909092,4,Summer
Maharashtra,Pune,2016-05,18.521428,73.8544541,13732.0,0.0,0.06980517705,2.5,310.9913333,8162059.333333333,0.0,-0.9994388786333548,5,Summer
Maharashtra,Pune,2016-07,18.521428,73.8544541,31.0,1.0,0.3972179572,0.0,302.15000000000003,8162062.333333333,0.3333333333333333,-0.9977424992717739,7,Monsoon
Maharashtra,Pune,2017-05,18.521428,73.8544541,26.0,0.0,0.08747467339,6.0,317.99,4596.333333333333,0.3333333333333333,-0.16129032258064513,5,Summer
Maharashtra,Pune,2017-06,18.521428,73.8544541,128.0,0.0,0.471897797,6.0,310.84000000000003,61.666666666666664,0.3333333333333333,3.9230769230769234,6,Monsoon
Maharashtra,Pune,2017-07,18.521428,73.8544541,8.0,1.0,0.8413701846,11.0,297.71,54.0,0.3333333333333333,-0.9375,7,Monsoon
Maharashtra,Pune,2017-08,18.521428,73.8544541,406.0,1.0,0.48680423995,4.0,300.505,180.66666666666666,0.6666666666666666,49.75,8,Monsoon
Maharashtra,Pune,2017-09,18.521428,73.8544541,1013.0,2.0,0.55939623875,16.0,299.5866667,475.6666666666667,1.3333333333333333,1.4950738916256157,9,Monsoon
Maharashtra,Pune,2017-10,18.521428,73.8544541,91.0,1.0,0.0732409143,15.5,305.1373333,503.3333333333333,1.3333333333333333,-0.9101678183613031,10,Post-Monsoon
Maharashtra,Pune,2017-11,18.521428,73.8544541,3.0,1.0,6.91e-05,18.0,304.3333334,369.0,1.3333333333333333,-0.967032967032967,11,Post-Monsoon
Maharashtra,Pune,2018-04,18.521428,73.8544541,18.0,0.0,0.01842531364,0.0,317.74333340000004,37.333333333333336,0.6666666666666666,5.0,4,Summer
Maharashtra,Pune,2018-09,18.521428,73.8544541,51.0,0.0,0.1302601564,16.0,304.7333334,24.0,0.3333333333333333,1.8333333333333335,9,Monsoon
Maharashtra,Pune,2018-10,18.521428,73.8544541,3351.0,0.0,0.335874972,17.0,304.44,1140.0,0.0,64.70588235294117,10,Post-Monsoon
Maharashtra,Pune,2019-08,18.521428,73.8544541,822.0,0.0,3.2552068175,3.0,0.0,1408.0,0.0,-0.7547000895255147,8,Monsoon
Maharashtra,Pune,2019-09,18.521428,73.8544541,4445.0,0.0,0.7090405845,4.5,301.4675,2872.6666666666665,0.0,4.407542579075426,9,Monsoon
Maharashtra,Pune,2019-10,18.521428,73.8544541,4.0,0.0,1.0779653,11.0,294.56,1757.0,0.0,-0.9991001124859392,10,Post-Monsoon
Maharashtra,Pune,2020-06,18.521428,73.8544541,5.0,0.0,0.03381872236,0.0,315.49,1484.6666666666667,0.0,0.25,6,Monsoon
Maharashtra,Pune,2020-10,18.521428,73.8544541,7.0,0.0,0.4427031901,21.0,301.58,5.333333333333333,0.0,0.3999999999999999,10,Post-Monsoon
Maharashtra,Pune,2020-11,18.521428,73.8544541,16.0,1.0,0.001230150582,16.0,303.496,9.333333333333334,0.3333333333333333,1.2857142857142856,11,Post-Monsoon
Maharashtra,Pune,2021-02,18.521428,73.8544541,25.0,0.0,9.5e-05,9.0,305.296,16.0,0.3333333333333333,0.5625,2,Winter
Maharashtra,Pune,2021-06,18.521428,73.8544541,623426.0,0.0,0.7004418140500001,6.5,305.00175,207822.33333333334,0.3333333333333333,24936.04,6,Monsoon
Maharashtra,Pune,2021-07,18.521428,73.8544541,5.0,0.0,1.56877296,5.0,300.22,207818.66666666666,0.0,-0.9999919798019332,7,Monsoon
Maharashtra,Pune,2021-08,18.521428,73.8544541,7.0,0.0,0.2316700784,0.0,298.24,207812.66666666666,0.0,0.3999999999999999,8,Monsoon
Maharashtra,Pune,2022-04,18.521428,73.8544541,12.0,0.0,0.01502899002,0.0,314.96,8.0,0.0,0.7142857142857142,4,Summer
Maharashtra,Pune,2022-05,18.521428,73.8544541,2197.0,0.0,0.009029076605,3.0,310.08916669999996,738.6666666666666,0.0,182.08333333333334,5,Summer
Maharashtra,Raigad,2010-07,18.4928092,73.13807095,12.0,0.0,0.5895926865,8.0,298.58,12.0,0.0,0.0,7,Monsoon
Maharashtra,Raigad,2010-10,18.4928092,73.13807095,12.0,0.0,0.723531365,0.0,300.80400000000003,12.0,0.0,0.0,10,Post-Monsoon
Maharashtra,Raigad,2011-07,18.4928092,73.13807095,6710194101.0,0.0,1.642483647,0.0,294.96,2236731375.0,0.0,559182840.75,7,Monsoon
Maharashtra,Raigad,2011-08,18.4928092,73.13807095,29.0,0.0,3.780674599,0.0,0.0,2236731380.6666665,0.0,-0.9999999956782174,8,Monsoon
Maharashtra,Raigad,2011-10,18.4928092,73.13807095,89.0,0.0,0.5531600728,0.0,301.132,2236731406.3333335,0.0,2.0689655172413794,10,Post-Monsoon
Maharashtra,Raigad,2011-12,18.4928092,73.13807095,2747.0,1.0,0.020083605715,14.0,305.18166670000005,955.0,0.3333333333333333,29.865168539325843,12,Winter
Maharashtra,Raigad,2012-02,18.4928092,73.13807095,18.0,1.0,9.47e-05,8.0,305.84000000000003,951.3333333333334,0.6666666666666666,-0.9934473971605388,2,Winter
Maharashtra,Raigad,2012-05,18.4928092,73.13807095,16723.0,0.0,0.002193657169,4.5,313.5116667,6496.0,0.6666666666666666,928.0555555555555,5,Summer
Maharashtra,Raigad,2012-06,18.4928092,73.13807095,2911.0,0.0,0.5069240178650001,7.0,306.5366667,6550.666666666667,0.3333333333333333,-0.8259283621359804,6,Monsoon
Maharashtra,Raigad,2012-07,18.4928092,73.13807095,5949.0,0.0,1.462499143,5.0,145.99,8527.666666666666,0.0,1.043627619374785,7,Monsoon
Maharashtra,Raigad,2013-01,18.4928092,73.13807095,110.0,2.0,6.87e-05,0.0,303.4766666,2990.0,0.6666666666666666,-0.9815094973945201,1,Winter
Maharashtra,Raigad,2013-03,18.4928092,73.13807095,2722.0,0.0,0.00037096375945,8.0,312.775,2927.0,0.6666666666666666,23.745454545454546,3,Summer
Maharashtra,Raigad,2013-05,18.4928092,73.13807095,30.0,0.0,0.005519854204,8.0,312.7033334,954.0,0.6666666666666666,-0.9889786921381337,5,Summer
Maharashtra,Raigad,2013-07,18.4928092,73.13807095,342050.0,0.0,2.222921076,1.6666666666666667,200.58666666666667,114934.0,0.0,11400.666666666666,7,Monsoon
Maharashtra,Raigad,2013-09,18.4928092,73.13807095,67.0,0.0,0.833964317,23.0,299.19,114049.0,0.0,-0.9998041222043561,9,Monsoon
Maharashtra,Raigad,2013-10,18.4928092,73.13807095,60.0,0.0,0.0145674039,21.0,302.6966666,114059.0,0.0,-0.10447761194029848,10,Post-Monsoon
Maharashtra,Raigad,2014-12,18.4928092,73.13807095,4949.0,0.0,0.08871151979,0.0,301.65000000000003,1692.0,0.0,81.48333333333333,12,Winter
Maharashtra,Raigad,2015-03,18.4928092,73.13807095,22.0,0.0,0.1073073868,0.0,312.37333340000004,1677.0,0.0,-0.995554657506567,3,Summer
Maharashtra,Raigad,2016-05,18.4928092,73.13807095,269.0,0.0,0.0012037953775000001,9.0,315.32166670000004,1746.6666666666667,0.0,11.227272727272727,5,Summer
Maharashtra,Raigad,2016-06,18.4928092,73.13807095,43.0,2.0,1.499269961,0.0,305.12,111.33333333333333,0.6666666666666666,-0.8401486988847584,6,Monsoon
Maharashtra,Raigad,2016-10,18.4928092,73.13807095,5.0,1.0,0.0002660193913,21.0,303.216,105.66666666666667,1.0,-0.8837209302325582,10,Post-Monsoon
Maharashtra,Raigad,2016-11,18.4928092,73.13807095,28.0,0.0,0.0001136509,21.0,304.13,25.333333333333332,1.0,4.6,11,Post-Monsoon
Maharashtra,Raigad,2018-07,18.4928092,73.13807095,50.0,0.0,1.839173068,0.0,296.3,27.666666666666668,0.3333333333333333,0.7857142857142858,7,Monsoon
Maharashtra,Raigad,2019-05,18.4928092,73.13807095,24.0,0.0,0.0002675690383,9.0,315.3966666,34.0,0.0,-0.52,5,Summer
Maharashtra,Raigad,2019-06,18.4928092,73.13807095,5315.0,0.0,0.2409719776475,0.0,309.4513333,1796.3333333333333,0.0,220.45833333333334,6,Monsoon
Maharashtra,Raigad,2019-09,18.4928092,73.13807095,32.0,0.0,1.857138872,19.0,298.57,1790.3333333333333,0.0,-0.9939793038570085,9,Monsoon
Maharashtra,Raigad,2021-06,18.4928092,73.13807095,18.0,0.0,1.136541734,7.0,302.40000000000003,1788.3333333333333,0.0,-0.4375,6,Monsoon
Maharashtra,Raigad,2021-11,18.4928092,73.13807095,19.0,0.0,0.1463200544,21.0,302.16,23.0,0.0,0.05555555555555558,11,Post-Monsoon
Maharashtra,Raigad,2022-03,18.4928092,73.13807095,11.0,0.0,0.0001800343472,0.0,312.184,16.0,0.0,-0.42105263157894735,3,Summer
Maharashtra,Ratnagiri,2009-11,17.2826079,73.4569787,6.0,0.0,0.2765353113,15.0,303.075,6.0,0.0,0.0,11,Post-Monsoon
Maharashtra,Ratnagiri,2009-12,17.2826079,73.4569787,2032.0,2.0,0.00016474788875,14.5,303.41200000000003,1019.0,1.0,337.6666666666667,12,Winter
Maharashtra,Ratnagiri,2010-02,17.2826079,73.4569787,14.0,0.0,8.66e-05,0.0,306.204,684.0,0.6666666666666666,-0.9931102362204725,2,Winter
Maharashtra,Ratnagiri,2010-04,17.2826079,73.4569787,36.0,0.0,0.01240320211,0.0,310.06333340000003,694.0,0.6666666666666666,1.5714285714285716,4,Summer
Maharashtra,Ratnagiri,2010-07,17.2826079,73.4569787,44.0,0.0,1.200794741,0.0,0.0,31.333333333333332,0.0,0.22222222222222232,7,Monsoon
Maharashtra,Ratnagiri,2010-09,17.2826079,73.4569787,7.0,2.0,2.05795466,15.0,299.2,29.0,0.6666666666666666,-0.8409090909090909,9,Monsoon
Maharashtra,Ratnagiri,2010-11,17.2826079,73.4569787,24.0,0.0,0.3567681254,0.0,300.34000000000003,25.0,0.6666666666666666,2.4285714285714284,11,Post-Monsoon
Maharashtra,Ratnagiri,2011-06,17.2826079,73.4569787,2761.0,0.0,1.67914714628,0.0,153.9225,930.6666666666666,0.6666666666666666,114.04166666666667,6,Monsoon
Maharashtra,Ratnagiri,2011-07,17.2826079,73.4569787,50.0,0.0,1.874268349,5.0,298.6666666,945.0,0.0,-0.9818906193408186,7,Monsoon
Maharashtra,Ratnagiri,2012-09,17.2826079,73.4569787,22.0,0.0,0.4814278729,22.0,299.175,944.3333333333334,0.0,-0.56,9,Monsoon
Maharashtra,Ratnagiri,2012-10,17.2826079,73.4569787,1221530.0,0.0,1.13300928593,19.333333333333332,201.6502222,407200.6666666667,0.0,55523.09090909091,10,Post-Monsoon
Maharashtra,Ratnagiri,2012-11,17.2826079,73.4569787,21.0,0.0,5.62e-05,17.0,304.49333340000004,407191.0,0.0,-0.9999828084451466,11,Post-Monsoon
Maharashtra,Ratnagiri,2013-01,17.2826079,73.4569787,15.0,0.0,4.53e-05,13.0,303.764,407188.6666666667,0.0,-0.2857142857142857,1,Winter
Maharashtra,Ratnagiri,2014-12,17.2826079,73.4569787,46.0,0.0,0.0003383787763,0.0,303.97,27.333333333333332,0.0,2.066666666666667,12,Winter
Maharashtra,Ratnagiri,2016-02,17.2826079,73.4569787,43.0,0.0,0.0008089942361,10.0,303.22,34.666666666666664,0.0,-0.06521739130434778,2,Winter
Maharashtra,Ratnagiri,2016-11,17.2826079,73.4569787,2540.0,0.0,0.01048689147055,20.5,305.22833330000003,876.3333333333334,0.0,58.06976744186046,11,Post-Monsoon
Maharashtra,Ratnagiri,2017-04,17.2826079,73.4569787,18.0,0.0,0.0006183158999,12.0,312.8466666,867.0,0.0,-0.9929133858267717,4,Summer
Maharashtra,Ratnagiri,2017-07,17.2826079,73.4569787,83.0,0.0,0.600488813,7.0,298.45,880.3333333333334,0.0,3.6111111111111107,7,Monsoon
Maharashtra,Ratnagiri,2019-03,17.2826079,73.4569787,45.0,0.0,0.002829652269,0.0,310.1333334,48.666666666666664,0.0,-0.45783132530120485,3,Summer
Maharashtra,Ratnagiri,2019-06,17.2826079,73.4569787,26.0,0.0,0.8088987118,0.0,303.75,51.333333333333336,0.0,-0.4222222222222223,6,Monsoon
Maharashtra,Ratnagiri,2020-11,17.2826079,73.4569787,65.0,0.0,0.01396026875,0.0,302.812,45.333333333333336,0.0,1.5,11,Post-Monsoon
Maharashtra,Sangli,2009-12,17.1726928,74.58676543,113.0,0.0,0.01937928842,7.0,302.6666666,113.0,0.0,0.0,12,Winter
Maharashtra,Sangli,2012-03,17.1726928,74.58676543,71.0,0.0,5.56e-05,4.0,314.5333334,92.0,0.0,-0.37168141592920356,3,Summer
Maharashtra,Sangli,2012-04,17.1726928,74.58676543,14.0,0.0,0.09295113816,6.0,316.11,66.0,0.0,-0.8028169014084507,4,Summer
Maharashtra,Sangli,2012-05,17.1726928,74.58676543,9126.0,0.0,0.06732176745,6.0,316.24800000000005,3070.3333333333335,0.0,650.8571428571429,5,Summer
Maharashtra,Sangli,2013-03,17.1726928,74.58676543,20.0,0.0,0.0004285438886,5.0,313.90000000000003,3053.3333333333335,0.0,-0.9978084593469209,3,Summer
Maharashtra,Sangli,2013-04,17.1726928,74.58676543,1495121.0,0.0,0.005758103349999999,5.333333333333333,318.8346666666667,501422.3333333333,0.0,74755.05,4,Summer
Maharashtra,Sangli,2013-05,17.1726928,74.58676543,88.0,0.0,0.03108132,6.0,316.796,498409.6666666667,0.0,-0.9999411418875128,5,Summer
Maharashtra,Sangli,2013-06,17.1726928,74.58676543,389.0,1.0,0.64684877455,2.5,307.7266667,498532.6666666667,0.3333333333333333,3.420454545454546,6,Monsoon
Maharashtra,Sangli,2013-12,17.1726928,74.58676543,99.0,1.0,0.05592174368,8.0,303.8166666,192.0,0.6666666666666666,-0.7455012853470437,12,Winter
Maharashtra,Sangli,2014-06,17.1726928,74.58676543,32.0,0.0,0.2193411965,8.0,307.445,173.33333333333334,0.6666666666666666,-0.6767676767676767,6,Monsoon
Maharashtra,Sangli,2014-07,17.1726928,74.58676543,26729.0,0.0,0.4960164382666667,4.0,304.6933333333333,8953.333333333334,0.3333333333333333,834.28125,7,Monsoon
Maharashtra,Sangli,2014-08,17.1726928,74.58676543,50.0,0.0,0.5778216892,12.0,303.32,8937.0,0.0,-0.9981293725915672,8,Monsoon
Maharashtra,Sangli,2014-11,17.1726928,74.58676543,365140.0,0.0,0.010215041605666665,6.666666666666667,302.92,130639.66666666667,0.0,7301.8,11,Post-Monsoon
Maharashtra,Sangli,2015-01,17.1726928,74.58676543,97.0,0.0,0.04524913359,8.0,301.89,121762.33333333333,0.0,-0.9997343484690804,1,Winter
Maharashtra,Sangli,2015-02,17.1726928,74.58676543,15.0,0.0,6.17e-05,6.0,311.656,121750.66666666667,0.0,-0.845360824742268,2,Winter
Maharashtra,Sangli,2015-03,17.1726928,74.58676543,1965.0,0.0,0.011642938874,3.5,308.44333340000003,692.3333333333334,0.0,130.0,3,Summer
Maharashtra,Sangli,2015-05,17.1726928,74.58676543,4555.0,0.0,0.00036372122695000004,7.0,316.1383333,2178.3333333333335,0.0,1.3180661577608141,5,Summer
Maharashtra,Sangli,2015-07,17.1726928,74.58676543,57.0,0.0,0.07099890322,9.0,303.4066666,2192.3333333333335,0.0,-0.9874862788144896,7,Monsoon
Maharashtra,Sangli,2016-04,17.1726928,74.58676543,2513.0,0.0,8.26e-05,6.0,319.92400000000004,2375.0,0.0,43.08771929824562,4,Summer
Maharashtra,Sangli,2016-05,17.1726928,74.58676543,68.0,0.0,0.02758685536,6.0,313.136,879.3333333333334,0.0,-0.9729407083167528,5,Summer
Maharashtra,Sangli,2016-07,17.1726928,74.58676543,9.0,0.0,0.9946768531,5.0,0.0,863.3333333333334,0.0,-0.8676470588235294,7,Monsoon
Maharashtra,Sangli,2016-08,17.1726928,74.58676543,13.0,0.0,0.9991063172,0.0,296.46,30.0,0.0,0.4444444444444444,8,Monsoon
Maharashtra,Sangli,2017-08,17.1726928,74.58676543,1158.0,0.0,0.1358113181,11.0,303.24,393.3333333333333,0.0,88.07692307692308,8,Monsoon
Maharashtra,Sangli,2017-09,17.1726928,74.58676543,4019.0,0.0,0.2748364168,17.0,300.8575,1730.0,0.0,2.470639032815199,9,Monsoon
Maharashtra,Sangli,2017-10,17.1726928,74.58676543,17.0,0.0,0.03600951433,17.0,303.24,1731.3333333333333,0.0,-0.9957700920627022,10,Post-Monsoon
Maharashtra,Sangli,2017-11,17.1726928,74.58676543,2815.0,0.0,0.102474046515,9.5,304.5325,2283.6666666666665,0.0,164.58823529411765,11,Post-Monsoon
Maharashtra,Sangli,2017-12,17.1726928,74.58676543,10133221.0,0.0,0.02296531034,8.75,303.2495,3378684.3333333335,0.0,3598.723268206039,12,Winter
Maharashtra,Sangli,2018-04,17.1726928,74.58676543,47.0,0.0,0.04937744584,6.0,313.9266666,3378694.3333333335,0.0,-0.9999953617906883,4,Summer
Maharashtra,Sangli,2018-05,17.1726928,74.58676543,14.0,0.0,0.06999731627,7.0,312.956,3377760.6666666665,0.0,-0.7021276595744681,5,Summer
Maharashtra,Sangli,2018-06,17.1726928,74.58676543,10.0,1.0,0.5813302829,0.0,310.46,23.666666666666668,0.3333333333333333,-0.2857142857142857,6,Monsoon
Maharashtra,Sangli,2018-07,17.1726928,74.58676543,13.0,0.0,0.1875941459,8.0,304.40000000000003,12.333333333333334,0.3333333333333333,0.30000000000000004,7,Monsoon
Maharashtra,Sangli,2018-09,17.1726928,74.58676543,17.0,0.0,0.1624665616,0.0,300.192,13.333333333333334,0.3333333333333333,0.3076923076923077,9,Monsoon
Maharashtra,Sangli,2019-05,17.1726928,74.58676543,1012.0,0.0,0.0018623280955000002,6.5,315.93666670000005,347.3333333333333,0.0,58.529411764705884,5,Summer
Maharashtra,Sangli,2019-06,17.1726928,74.58676543,758.0,0.0,0.055794462134500004,6.5,308.12750000000005,595.6666666666666,0.0,-0.2509881422924901,6,Monsoon
Maharashtra,Sangli,2019-09,17.1726928,74.58676543,33.0,2.0,0.3889180934,0.0,300.15000000000003,601.0,0.6666666666666666,-0.9564643799472295,9,Monsoon
Maharashtra,Sangli,2019-10,17.1726928,74.58676543,11167.0,3.0,0.67563050275,4.0,300.84000000000003,3986.0,1.6666666666666667,337.3939393939394,10,Post-Monsoon
Maharashtra,Sangli,2019-11,17.1726928,74.58676543,112.0,0.0,0.2879052222,0.0,300.62,3770.6666666666665,1.6666666666666667,-0.9899704486433241,11,Post-Monsoon
Maharashtra,Satara,2012-03,17.63612885,74.29827808,104.0,0.0,5.56e-05,3.0,316.94333340000003,104.0,0.0,0.0,3,Summer
Maharashtra,Satara,2012-04,17.63612885,74.29827808,26141.0,0.0,0.042130447575,1.5,317.408,13122.5,0.0,250.35576923076923,4,Summer
Maharashtra,Satara,2012-10,17.63612885,74.29827808,18.0,0.0,0.01435343425,0.0,309.348,8754.333333333334,0.0,-0.9993114264947783,10,Post-Monsoon
Maharashtra,Satara,2013-01,17.63612885,74.29827808,18.0,0.0,0.0009115425988,0.0,309.36333340000004,8725.666666666666,0.0,0.0,1,Winter
Maharashtra,Satara,2013-09,17.63612885,74.29827808,25.0,0.0,0.9205670216,8.0,305.0466666,20.333333333333332,0.0,0.38888888888888884,9,Monsoon
Maharashtra,Satara,2013-10,17.63612885,74.29827808,1634602730.0,0.0,0.154179473828,7.4,306.21366668,544867591.0,0.0,65384108.2,10,Post-Monsoon
Maharashtra,Satara,2013-11,17.63612885,74.29827808,35.0,0.0,0.0002108408945,8.0,307.50333340000003,544867596.6666666,0.0,-0.9999999785880695,11,Post-Monsoon
Maharashtra,Satara,2014-05,17.63612885,74.29827808,22.0,0.0,0.02217864855,4.0,316.3,544867595.6666666,0.0,-0.37142857142857144,5,Summer
Maharashtra,Satara,2014-06,17.63612885,74.29827808,11.0,0.0,0.3485634345,5.0,311.045,22.666666666666668,0.0,-0.5,6,Monsoon
Maharashtra,Satara,2014-08,17.63612885,74.29827808,29.0,0.0,0.1562300671,0.0,305.71,20.666666666666668,0.0,1.6363636363636362,8,Monsoon
Maharashtra,Satara,2014-09,17.63612885,74.29827808,11.0,0.0,1.003676192,4.0,0.0,17.0,0.0,-0.6206896551724138,9,Monsoon
Maharashtra,Satara,2014-10,17.63612885,74.29827808,22.0,0.0,0.07130009105,0.0,307.136,20.666666666666668,0.0,1.0,10,Post-Monsoon
Maharashtra,Satara,2014-11,17.63612885,74.29827808,8.0,0.0,0.1073499873,0.0,306.5666666,13.666666666666666,0.0,-0.6363636363636364,11,Post-Monsoon
Maharashtra,Satara,2014-12,17.63612885,74.29827808,74.0,1.0,9.13e-05,8.0,306.26,34.666666666666664,0.3333333333333333,8.25,12,Winter
Maharashtra,Satara,2015-01,17.63612885,74.29827808,22.0,0.0,0.0002915643657,6.0,304.26,34.666666666666664,0.3333333333333333,-0.7027027027027026,1,Winter
Maharashtra,Satara,2015-07,17.63612885,74.29827808,56.0,0.0,0.08393104038,7.0,304.876,50.666666666666664,0.3333333333333333,1.5454545454545454,7,Monsoon
Maharashtra,Satara,2015-08,17.63612885,74.29827808,1110.0,0.0,0.083480855595,2.0,306.2466667,396.0,0.0,18.821428571428573,8,Monsoon
Maharashtra,Satara,2015-11,17.63612885,74.29827808,1232.0,0.0,0.150750254709,0.0,307.8633333,799.3333333333334,0.0,0.1099099099099099,11,Post-Monsoon
Maharashtra,Satara,2016-04,17.63612885,74.29827808,7.0,0.0,4.28e-05,3.0,319.0966666,783.0,0.0,-0.9943181818181818,4,Summer
Maharashtra,Satara,2016-06,17.63612885,74.29827808,21.0,0.0,0.4248655963,0.0,308.03000000000003,420.0,0.0,2.0,6,Monsoon
Maharashtra,Satara,2016-09,17.63612885,74.29827808,22.0,0.0,0.05181965443,10.0,303.6,16.666666666666668,0.0,0.04761904761904767,9,Monsoon
Maharashtra,Satara,2016-11,17.63612885,74.29827808,11.0,0.0,5e-05,6.0,308.952,18.0,0.0,-0.5,11,Post-Monsoon
Maharashtra,Satara,2017-05,17.63612885,74.29827808,71.0,0.0,0.0008892755354,4.0,321.636,34.666666666666664,0.0,5.454545454545454,5,Summer
Maharashtra,Satara,2017-06,17.63612885,74.29827808,3252.0,0.0,0.4127006205,4.5,309.65,1111.3333333333333,0.0,44.80281690140845,6,Monsoon
Maharashtra,Satara,2017-07,17.63612885,74.29827808,53.0,0.0,0.1410514712,0.0,306.27,1125.3333333333333,0.0,-0.9837023370233702,7,Monsoon
Maharashtra,Satara,2017-08,17.63612885,74.29827808,26.0,0.0,0.1045410184,8.0,307.5133334,1110.3333333333333,0.0,-0.5094339622641509,8,Monsoon
Maharashtra,Satara,2017-09,17.63612885,74.29827808,16.0,0.0,0.5687542663,0.0,302.16,31.666666666666668,0.0,-0.3846153846153846,9,Monsoon
Maharashtra,Satara,2017-10,17.63612885,74.29827808,1823281016.0,0.0,0.42076999186600006,10.6,304.25280000000004,607760352.6666666,0.0,113955062.5,10,Post-Monsoon
Maharashtra,Satara,2018-05,17.63612885,74.29827808,988.0,2.0,0.0078604399175,4.0,318.76766670000006,607760673.3333334,0.6666666666666666,-0.9999994581197351,5,Summer
Maharashtra,Satara,2018-06,17.63612885,74.29827808,26.0,0.0,0.6279875973,5.0,307.2266666,607760676.6666666,0.6666666666666666,-0.9736842105263158,6,Monsoon
Maharashtra,Satara,2018-08,17.63612885,74.29827808,391377167.0,0.0,0.17853149111666666,3.8333333333333335,301.1616666666667,130459393.66666667,0.6666666666666666,15052966.961538462,8,Monsoon
Maharashtra,Satara,2018-09,17.63612885,74.29827808,64.0,0.0,0.1610027176,0.0,307.904,130459085.66666667,0.0,-0.9999998364748754,9,Monsoon
Maharashtra,Satara,2019-06,17.63612885,74.29827808,286.0,0.0,0.2311316838982,2.5,312.1841667,130459172.33333333,0.0,3.46875,6,Monsoon
Maharashtra,Satara,2019-07,17.63612885,74.29827808,6.0,0.0,0.4156390387,2.0,0.0,118.66666666666667,0.0,-0.9790209790209791,7,Monsoon
Maharashtra,Satara,2019-08,17.63612885,74.29827808,1526.0,0.0,1.1349259507,6.0,152.6666667,606.0,0.0,253.33333333333334,8,Monsoon
Maharashtra,Satara,2020-01,17.63612885,74.29827808,6.0,0.0,9.66e-05,8.0,304.48,512.6666666666666,0.0,-0.9960681520314548,1,Winter
Maharashtra,Satara,2020-11,17.63612885,74.29827808,305277.0,0.0,0.006343730779875,7.0,305.23350000000005,102269.66666666667,0.0,50878.5,11,Post-Monsoon
Maharashtra,Satara,2020-12,17.63612885,74.29827808,116.0,0.0,0.0006041071017,7.0,303.46,101799.66666666667,0.0,-0.9996200172302532,12,Winter
Maharashtra,Satara,2021-01,17.63612885,74.29827808,20.0,0.0,8.27e-06,0.0,306.4833334,101804.33333333333,0.0,-0.8275862068965517,1,Winter
Maharashtra,Satara,2021-02,17.63612885,74.29827808,1919.0,0.0,6.610000000000001e-05,6.5,306.9113333,685.0,0.0,94.95,2,Winter
Maharashtra,Satara,2021-03,17.63612885,74.29827808,80.0,0.0,0.002590515235,0.0,313.772,673.0,0.0,-0.9583116206357478,3,Summer
Maharashtra,Satara,2021-04,17.63612885,74.29827808,317.0,1.0,0.07643565144999999,2.5,315.95166670000003,772.0,0.3333333333333333,2.9625,4,Summer
Maharashtra,Satara,2021-07,17.63612885,74.29827808,2016.0,0.0,1.3662604205,5.0,303.64,804.3333333333334,0.3333333333333333,5.359621451104101,7,Monsoon
Maharashtra,Satara,2021-08,17.63612885,74.29827808,1518.0,0.0,0.11912814235,7.5,304.14,1283.6666666666667,0.3333333333333333,-0.24702380952380953,8,Monsoon
Maharashtra,Satara,2021-09,17.63612885,74.29827808,13.0,0.0,0.6398437365,0.0,300.14,1182.3333333333333,0.0,-0.9914361001317523,9,Monsoon
Maharashtra,Satara,2021-10,17.63612885,74.29827808,14.0,0.0,0.08792806037,0.0,304.776,515.0,0.0,0.07692307692307687,10,Post-Monsoon
Maharashtra,Satara,2021-11,17.63612885,74.29827808,5.0,0.0,0.1401112338,8.0,305.5133334,10.666666666666666,0.0,-0.6428571428571428,11,Post-Monsoon
Maharashtra,Satara,2022-05,17.63612885,74.29827808,5.0,0.0,0.005179040241,5.0,315.36400000000003,8.0,0.0,0.0,5,Summer
Maharashtra,Satara,2022-06,17.63612885,74.29827808,5.0,0.0,0.0292018731,5.0,311.508,5.0,0.0,0.0,6,Monsoon
Maharashtra,Sholapur,2010-02,17.6912883,75.8841635,218.0,0.0,0.006599986641,5.0,313.12,218.0,0.0,0.0,2,Winter
Maharashtra,Sholapur,2011-07,17.6912883,75.8841635,11.0,0.0,0.5276004539,0.0,307.8933334,114.5,0.0,-0.9495412844036697,7,Monsoon
Maharashtra,Sholapur,2012-04,17.6912883,75.8841635,65.0,0.0,0.008667705151,0.0,317.17,98.0,0.0,4.909090909090909,4,Summer
Maharashtra,Sholapur,2016-07,17.6912883,75.8841635,160.0,1.0,0.6906830275,2.0,309.76,78.66666666666667,0.3333333333333333,1.4615384615384617,7,Monsoon
Maharashtra,Sholapur,2018-05,17.6912883,75.8841635,7.0,1.0,0.04581453271,4.0,314.572,77.33333333333333,0.6666666666666666,-0.95625,5,Summer
Maharashtra,Sholapur,2018-10,17.6912883,75.8841635,167.0,2.0,0.0094931682525,3.5,312.812,111.33333333333333,1.3333333333333333,22.857142857142858,10,Post-Monsoon
Maharashtra,Sholapur,2019-09,17.6912883,75.8841635,11.0,1.0,0.7313565149,6.0,310.28000000000003,61.666666666666664,1.3333333333333333,-0.9341317365269461,9,Monsoon
Maharashtra,Sholapur,2019-10,17.6912883,75.8841635,10.0,0.0,0.5346480045,12.0,306.625,62.666666666666664,1.0,-0.09090909090909094,10,Post-Monsoon
Maharashtra,Sindhudurg,2011-02,16.1357193,73.6522086,10.0,0.0,5.16e-05,15.0,304.5666666,10.0,0.0,0.0,2,Winter
Maharashtra,Sindhudurg,2011-05,16.1357193,73.6522086,5.0,0.0,0.03387456061,17.0,309.056,7.5,0.0,-0.5,5,Summer
Maharashtra,Sindhudurg,2013-05,16.1357193,73.6522086,74.0,0.0,0.01983272204,13.0,308.40000000000003,29.666666666666668,0.0,13.8,5,Summer
Maharashtra,Sindhudurg,2014-01,16.1357193,73.6522086,234.0,0.0,0.0008312651703,14.0,302.3833334,104.33333333333333,0.0,2.1621621621621623,1,Winter
Maharashtra,Sindhudurg,2016-01,16.1357193,73.6522086,15.0,0.0,0.0001019436673,14.0,303.9966666,107.66666666666667,0.0,-0.9358974358974359,1,Winter
Maharashtra,Sindhudurg,2016-04,16.1357193,73.6522086,23.0,0.0,0.01459097598,17.0,308.824,90.66666666666667,0.0,0.5333333333333334,4,Summer
Maharashtra,Sindhudurg,2016-05,16.1357193,73.6522086,49.0,0.0,0.03050603667,0.0,312.165,29.0,0.0,1.1304347826086958,5,Summer
Maharashtra,Sindhudurg,2017-01,16.1357193,73.6522086,21.0,2.0,6.695e-05,15.5,303.15366670000003,31.0,0.6666666666666666,-0.5714285714285714,1,Winter
Maharashtra,Sindhudurg,2017-06,16.1357193,73.6522086,9316.0,0.0,0.5318961322,0.0,301.88916670000003,3128.6666666666665,0.6666666666666666,442.6190476190476,6,Monsoon
Maharashtra,Sindhudurg,2017-08,16.1357193,73.6522086,11.0,0.0,1.135270023,13.0,298.35,3116.0,0.6666666666666666,-0.9988192357234865,8,Monsoon
Maharashtra,Sindhudurg,2017-09,16.1357193,73.6522086,5.0,0.0,0.7414077077,11.0,302.0466666,3110.6666666666665,0.0,-0.5454545454545454,9,Monsoon
Maharashtra,Sindhudurg,2017-12,16.1357193,73.6522086,6.0,0.0,0.03444098766,21.0,300.79200000000003,7.333333333333333,0.0,0.19999999999999996,12,Winter
Maharashtra,Sindhudurg,2018-12,16.1357193,73.6522086,11.0,0.0,8.11e-05,0.0,302.3866666,7.333333333333333,0.0,0.8333333333333333,12,Winter
Maharashtra,Sindhudurg,2019-07,16.1357193,73.6522086,1.0,1.0,1.898631753,5.0,0.0,6.0,0.3333333333333333,-0.9090909090909091,7,Monsoon
Maharashtra,Sindhudurg,2019-09,16.1357193,73.6522086,8.0,0.0,2.923395664,0.0,0.0,6.666666666666667,0.3333333333333333,7.0,9,Monsoon
Maharashtra,Sindhudurg,2020-02,16.1357193,73.6522086,49.0,0.0,4.76e-05,16.0,307.40000000000003,19.333333333333332,0.3333333333333333,5.125,2,Winter
Maharashtra,Sindhudurg,2021-06,16.1357193,73.6522086,62.0,0.0,0.833671811,0.0,298.11,39.666666666666664,0.0,0.26530612244897966,6,Monsoon
Maharashtra,Sindhudurg,2021-11,16.1357193,73.6522086,4.0,0.0,0.312929701,0.0,300.02,38.333333333333336,0.0,-0.935483870967742,11,Post-Monsoon
Maharashtra,Sindhudurg,2022-05,16.1357193,73.6522086,5.0,0.0,0.01160296462,19.0,305.68333340000004,23.666666666666668,0.0,0.25,5,Summer
Maharashtra,Solapur,2010-09,17.84990665,75.27632027,21.0,0.0,0.4142228389,0.0,303.9266666,21.0,0.0,0.0,9,Monsoon
Maharashtra,Solapur,2013-06,17.84990665,75.27632027,180.0,0.0,0.3196841234,3.0,307.66,100.5,0.0,7.571428571428571,6,Monsoon
Maharashtra,Solapur,2016-06,17.84990665,75.27632027,23.0,1.0,0.3101556214,3.0,316.02,74.66666666666667,0.3333333333333333,-0.8722222222222222,6,Monsoon
Maharashtra,Thane,2009-09,19.1943294,72.9701779,13.0,0.0,0.4793444029,0.0,300.708,13.0,0.0,0.0,9,Monsoon
Maharashtra,Thane,2010-02,19.1943294,72.9701779,61.0,0.0,0.002743676953,8.0,304.86400000000003,37.0,0.0,3.6923076923076925,2,Winter
Maharashtra,Thane,2010-07,19.1943294,72.9701779,25.0,0.0,0.9868724748,0.0,304.58,33.0,0.0,-0.5901639344262295,7,Monsoon
Maharashtra,Thane,2010-09,19.1943294,72.9701779,41.0,1.0,1.1658761,17.0,296.98,42.333333333333336,0.3333333333333333,0.6399999999999999,9,Monsoon
Maharashtra,Thane,2010-10,19.1943294,72.9701779,3842.0,0.0,0.48944468469999997,17.5,299.925,1302.6666666666667,0.3333333333333333,92.70731707317073,10,Post-Monsoon
Maharashtra,Thane,2010-12,19.1943294,72.9701779,17.0,0.0,0.0001655363444,12.0,301.324,1300.0,0.3333333333333333,-0.995575221238938,12,Winter
Maharashtra,Thane,2011-04,19.1943294,72.9701779,17.0,0.0,0.01387869002,8.0,317.176,1292.0,0.0,0.0,4,Summer
Maharashtra,Thane,2011-05,19.1943294,72.9701779,2017.0,0.0,0.051130770605,8.5,314.3,683.6666666666666,0.0,117.6470588235294,5,Summer
Maharashtra,Thane,2011-06,19.1943294,72.9701779,37.0,0.0,2.912180594,5.0,304.2,690.3333333333334,0.0,-0.9816559246405553,6,Monsoon
Maharashtra,Thane,2011-07,19.1943294,72.9701779,11321233.0,0.0,1.088943317725,3.5,224.95999999999998,3774429.0,0.0,305978.2702702703,7,Monsoon
Maharashtra,Thane,2011-09,19.1943294,72.9701779,11.0,0.0,0.2105254139,26.0,298.485,3773760.3333333335,0.0,-0.9999990283743829,9,Monsoon
Maharashtra,Thane,2011-11,19.1943294,72.9701779,124.0,0.0,2.74e-05,0.0,305.0333334,3773789.3333333335,0.0,10.272727272727273,11,Post-Monsoon
Maharashtra,Thane,2012-06,19.1943294,72.9701779,11.0,1.0,0.8124726194,8.0,311.61333340000004,48.666666666666664,0.3333333333333333,-0.9112903225806451,6,Monsoon
Maharashtra,Thane,2012-07,19.1943294,72.9701779,872620.0,0.0,0.8227296590333334,3.0,201.38,290918.3333333333,0.3333333333333333,79328.09090909091,7,Monsoon
Maharashtra,Thane,2012-08,19.1943294,72.9701779,18.0,0.0,1.187703623,3.0,0.0,290883.0,0.3333333333333333,-0.9999793724645321,8,Monsoon
Maharashtra,Thane,2012-09,19.1943294,72.9701779,10.0,1.0,0.9996545403,0.0,298.085,290882.6666666667,0.3333333333333333,-0.4444444444444444,9,Monsoon
Maharashtra,Thane,2012-10,19.1943294,72.9701779,10918.0,2.0,0.1340684238233333,8.333333333333334,302.73,3648.6666666666665,1.0,1090.8,10,Post-Monsoon
Maharashtra,Thane,2012-11,19.1943294,72.9701779,25.0,1.0,0.003189072117,17.0,301.5266666,3651.0,1.3333333333333333,-0.997710203333944,11,Post-Monsoon
Maharashtra,Thane,2013-06,19.1943294,72.9701779,11.0,0.0,0.8130746753,0.0,0.0,3651.3333333333335,1.0,-0.56,6,Monsoon
Maharashtra,Thane,2013-07,19.1943294,72.9701779,3720.0,0.0,2.4575401909999997,4.0,0.0,1252.0,0.3333333333333333,337.1818181818182,7,Monsoon
Maharashtra,Thane,2013-10,19.1943294,72.9701779,18245954.0,1.0,0.30872194807500003,21.75,299.77,6083228.333333333,0.3333333333333333,4903.826344086022,10,Post-Monsoon
Maharashtra,Thane,2013-11,19.1943294,72.9701779,1452.0,0.0,0.00017038451395,15.5,303.5733333,6083708.666666667,0.3333333333333333,-0.9999204207135456,11,Post-Monsoon
Maharashtra,Thane,2014-03,19.1943294,72.9701779,20.0,1.0,6.47e-05,0.0,315.53000000000003,6082475.333333333,0.6666666666666666,-0.9862258953168044,3,Summer
Maharashtra,Thane,2014-04,19.1943294,72.9701779,14.0,0.0,0.01034601794,9.0,315.49,495.3333333333333,0.3333333333333333,-0.30000000000000004,4,Summer
Maharashtra,Thane,2014-10,19.1943294,72.9701779,194194.0,0.0,0.05834864708,17.0,304.84000000000003,64742.666666666664,0.3333333333333333,13870.0,10,Post-Monsoon
Maharashtra,Thane,2015-02,19.1943294,72.9701779,45.0,0.0,8.31e-05,7.0,311.276,64751.0,0.0,-0.9997682729641493,2,Winter
Maharashtra,Thane,2015-06,19.1943294,72.9701779,20.0,0.0,1.097223606,11.0,301.71,64753.0,0.0,-0.5555555555555556,6,Monsoon
Maharashtra,Thane,2015-07,19.1943294,72.9701779,18.0,0.0,0.4172113521,11.0,301.5666666,27.666666666666668,0.0,-0.09999999999999998,7,Monsoon
Maharashtra,Thane,2015-09,19.1943294,72.9701779,27.0,0.0,0.8165498895,29.0,299.68,21.666666666666668,0.0,0.5,9,Monsoon
Maharashtra,Thane,2015-12,19.1943294,72.9701779,14.0,0.0,4.04e-05,14.0,305.088,19.666666666666668,0.0,-0.4814814814814815,12,Winter
Maharashtra,Thane,2016-06,19.1943294,72.9701779,3892312.0,1.0,1.2775729494,4.333333333333333,306.74333333333334,1297451.0,0.3333333333333333,278021.28571428574,6,Monsoon
Maharashtra,Thane,2016-07,19.1943294,72.9701779,251125.0,0.0,1.0332726934,0.0,299.98,1381150.3333333333,0.3333333333333333,-0.9354817907711407,7,Monsoon
Maharashtra,Thane,2017-01,19.1943294,72.9701779,86.0,1.0,7.53e-05,10.0,304.9466666,1381174.3333333333,0.6666666666666666,-0.9996575410652065,1,Winter
Maharashtra,Thane,2017-02,19.1943294,72.9701779,26.0,1.0,3.37e-05,7.0,306.53000000000003,83745.66666666667,0.6666666666666666,-0.6976744186046512,2,Winter
Maharashtra,Thane,2017-04,19.1943294,72.9701779,89.0,0.0,0.002979762189,7.0,318.384,67.0,0.6666666666666666,2.423076923076923,4,Summer
Maharashtra,Thane,2017-05,19.1943294,72.9701779,56.0,0.0,0.001320360972,7.0,318.0833334,57.0,0.3333333333333333,-0.3707865168539326,5,Summer
Maharashtra,Thane,2017-06,19.1943294,72.9701779,15.0,1.0,0.3603882529,6.0,309.66400000000004,53.333333333333336,0.3333333333333333,-0.7321428571428572,6,Monsoon
Maharashtra,Thane,2017-09,19.1943294,72.9701779,17.0,2.0,2.79461751985,11.0,299.2225,29.333333333333332,1.0,0.1333333333333333,9,Monsoon
Maharashtra,Thane,2017-10,19.1943294,72.9701779,24.0,3.0,1.13654644,20.0,303.744,18.666666666666668,2.0,0.41176470588235303,10,Post-Monsoon
Maharashtra,Thane,2018-06,19.1943294,72.9701779,16.0,0.0,1.468253736,12.0,299.90000000000003,19.0,1.6666666666666667,-0.33333333333333337,6,Monsoon
Maharashtra,Thane,2018-10,19.1943294,72.9701779,30.0,0.0,0.08740005781,17.0,305.97,23.333333333333332,1.0,0.875,10,Post-Monsoon
Maharashtra,Thane,2019-01,19.1943294,72.9701779,9.0,1.0,5.55e-05,9.0,304.524,18.333333333333332,0.3333333333333333,-0.7,1,Winter
Maharashtra,Thane,2019-06,19.1943294,72.9701779,5.0,1.0,0.7510082657,5.0,309.26,14.666666666666666,0.6666666666666666,-0.4444444444444444,6,Monsoon
Maharashtra,Thane,2019-07,19.1943294,72.9701779,561.0,5.0,1.5354800928999999,2.5,303.9525,191.66666666666666,2.3333333333333335,111.2,7,Monsoon
Maharashtra,Thane,2019-08,19.1943294,72.9701779,476.0,3.0,0.6092524611333333,7.666666666666667,200.03333333333333,347.3333333333333,3.0,-0.1515151515151515,8,Monsoon
Maharashtra,Thane,2019-09,19.1943294,72.9701779,25.0,0.0,2.791678443,2.0,0.0,354.0,2.6666666666666665,-0.9474789915966386,9,Monsoon
Maharashtra,Thane,2020-01,19.1943294,72.9701779,6.0,0.0,0.0002913774879,11.0,301.43,169.0,1.0,-0.76,1,Winter
Maharashtra,Thane,2021-01,19.1943294,72.9701779,22.0,1.0,0.01290149852,11.0,303.8833333,17.666666666666668,0.3333333333333333,2.6666666666666665,1,Winter
Maharashtra,Thane,2021-04,19.1943294,72.9701779,2.0,1.0,0.1043926176,9.0,315.4666666,10.0,0.6666666666666666,-0.9090909090909091,4,Summer
Maharashtra,Thane,2021-05,19.1943294,72.9701779,2.0,1.0,0.1122390997,10.0,314.216,8.666666666666666,1.0,0.0,5,Summer
Maharashtra,Thane,2021-08,19.1943294,72.9701779,65.0,0.0,0.36992319139999996,2.0,298.32000000000005,23.0,0.6666666666666666,31.5,8,Monsoon
Maharashtra,Thane,2021-10,19.1943294,72.9701779,51.0,2.0,0.29883884267329996,14.5,301.5016667,39.333333333333336,1.0,-0.2153846153846154,10,Post-Monsoon
Maharashtra,Thane,2021-11,19.1943294,72.9701779,1.0,1.0,8.4e-05,0.0,302.9566666,39.0,1.0,-0.9803921568627451,11,Post-Monsoon
Maharashtra,Wardha,2011-06,20.82562315,78.6131455,663.0,2.0,0.20803275406666666,0.6666666666666666,313.4888889333333,663.0,2.0,0.0,6,Monsoon
Maharashtra,Wardha,2011-07,20.82562315,78.6131455,10.0,1.0,0.9022943216,6.0,0.0,336.5,1.5,-0.9849170437405732,7,Monsoon
Maharashtra,Wardha,2012-07,20.82562315,78.6131455,43.0,0.0,0.598380489,0.0,0.0,238.66666666666666,1.0,3.3,7,Monsoon
Maharashtra,Wardha,2013-07,20.82562315,78.6131455,70.0,0.0,0.9050800694,0.0,0.0,41.0,0.3333333333333333,0.627906976744186,7,Monsoon
Maharashtra,Wardha,2013-09,20.82562315,78.6131455,12.0,1.0,0.2041113518,20.0,303.25,41.666666666666664,0.3333333333333333,-0.8285714285714285,9,Monsoon
Maharashtra,Wardha,2014-08,20.82562315,78.6131455,18.0,2.0,0.6756161029,0.0,302.42,33.333333333333336,1.0,0.5,8,Monsoon
Maharashtra,Wardha,2014-09,20.82562315,78.6131455,51.0,2.0,1.376183066,10.0,301.68,27.0,1.6666666666666667,1.8333333333333335,9,Monsoon
Maharashtra,Wardha,2015-07,20.82562315,78.6131455,1013.0,0.0,0.2843465313,3.0,302.88,360.6666666666667,1.3333333333333333,18.862745098039216,7,Monsoon
Maharashtra,Wardha,2015-09,20.82562315,78.6131455,23.0,0.0,0.1814095377,19.0,305.468,362.3333333333333,0.6666666666666666,-0.9772951628825272,9,Monsoon
Maharashtra,Wardha,2016-05,20.82562315,78.6131455,24.0,0.0,0.03192275383,4.0,323.37,353.3333333333333,0.0,0.04347826086956519,5,Summer
Maharashtra,Wardha,2016-07,20.82562315,78.6131455,26.0,0.0,0.6539408416,6.0,302.0,24.333333333333332,0.0,0.08333333333333326,7,Monsoon
Maharashtra,Wardha,2017-05,20.82562315,78.6131455,232.0,0.0,0.02417278885,0.0,319.128,94.0,0.0,7.923076923076923,5,Summer
Maharashtra,Wardha,2017-09,20.82562315,78.6131455,15.0,0.0,0.09731620426,0.0,303.672,91.0,0.0,-0.9353448275862069,9,Monsoon
Maharashtra,Wardha,2018-08,20.82562315,78.6131455,62.0,2.0,0.8882798395,0.0,0.0,103.0,0.6666666666666666,3.1333333333333337,8,Monsoon
Maharashtra,Wardha,2019-08,20.82562315,78.6131455,9.0,1.0,1.531770939,11.0,297.32,28.666666666666668,1.0,-0.8548387096774194,8,Monsoon
Maharashtra,Wardha,2019-09,20.82562315,78.6131455,12.0,1.0,0.685034212,0.0,300.1,27.666666666666668,1.3333333333333333,0.33333333333333326,9,Monsoon
Maharashtra,Wardha,2020-08,20.82562315,78.6131455,6.0,0.0,0.5529784197,4.0,302.74,9.0,0.6666666666666666,-0.5,8,Monsoon
Maharashtra,Wardha,2020-10,20.82562315,78.6131455,4.0,0.0,0.1725683766,0.0,302.92,7.333333333333333,0.3333333333333333,-0.33333333333333337,10,Post-Monsoon
Maharashtra,Wardha,2021-06,20.82562315,78.6131455,4.0,0.0,0.08542046896,5.0,312.90000000000003,4.666666666666667,0.0,0.0,6,Monsoon
Maharashtra,Washim,2011-11,20.28741775,77.2369655,7.0,0.0,4.57e-05,7.0,309.4033334,7.0,0.0,0.0,11,Post-Monsoon
Maharashtra,Washim,2014-09,20.28741775,77.2369655,28.0,1.0,0.705854471,0.0,296.78000000000003,17.5,0.5,3.0,9,Monsoon
Maharashtra,Washim,2015-06,20.28741775,77.2369655,45.0,0.0,0.2717178567,2.0,317.265,26.666666666666668,0.3333333333333333,0.6071428571428572,6,Monsoon
Maharashtra,Washim,2016-04,20.28741775,77.2369655,31.0,0.0,0.007656557727,0.0,323.11,34.666666666666664,0.3333333333333333,-0.3111111111111111,4,Summer
Maharashtra,Washim,2016-06,20.28741775,77.2369655,23.0,1.0,0.7971376451,1.0,311.8,33.0,0.3333333333333333,-0.25806451612903225,6,Monsoon
Maharashtra,Washim,2016-09,20.28741775,77.2369655,23.0,1.0,0.05554069873,19.0,298.0,25.666666666666668,0.6666666666666666,0.0,9,Monsoon
Maharashtra,Washim,2017-06,20.28741775,77.2369655,21.0,0.0,0.2041267103,0.0,309.128,22.333333333333332,0.6666666666666666,-0.08695652173913049,6,Monsoon
Maharashtra,Washim,2020-04,20.28741775,77.2369655,6.0,0.0,0.0002937726392,0.0,321.2,16.666666666666668,0.3333333333333333,-0.7142857142857143,4,Summer
Maharashtra,Yavatmal,2011-07,20.32570375,78.11691397,3.0,1.0,0.6227914222,0.0,0.0,3.0,1.0,0.0,7,Monsoon
Maharashtra,Yavatmal,2012-05,20.32570375,78.11691397,1962.0,0.0,0.0003987565128,3.0,324.428,982.5,0.5,653.0,5,Summer
Maharashtra,Yavatmal,2013-06,20.32570375,78.11691397,13.0,0.0,2.349035298,4.0,313.22,659.3333333333334,0.3333333333333333,-0.9933741080530072,6,Monsoon
Maharashtra,Yavatmal,2013-07,20.32570375,78.11691397,26.0,0.0,2.074151107,3.0,0.0,667.0,0.0,1.0,7,Monsoon
Maharashtra,Yavatmal,2014-05,20.32570375,78.11691397,13.0,0.0,0.002039530443,3.0,320.14,17.333333333333332,0.0,-0.5,5,Summer
Maharashtra,Yavatmal,2014-06,20.32570375,78.11691397,29.0,2.0,0.04908860659,0.0,317.33,22.666666666666668,0.6666666666666666,1.2307692307692308,6,Monsoon
Maharashtra,Yavatmal,2014-07,20.32570375,78.11691397,1336.0,0.0,1.3394049434500002,4.0,151.47,459.3333333333333,0.6666666666666666,45.06896551724138,7,Monsoon
Maharashtra,Yavatmal,2015-06,20.32570375,78.11691397,10581511.0,0.0,1.2930962229,3.0,236.24541665,3527625.3333333335,0.6666666666666666,7919.292664670658,6,Monsoon
Maharashtra,Yavatmal,2016-04,20.32570375,78.11691397,12.0,0.0,0.004241751111,0.0,324.6866666,3527619.6666666665,0.0,-0.9999988659464608,4,Summer
Maharashtra,Yavatmal,2016-06,20.32570375,78.11691397,10.0,0.0,0.003747749167,2.0,319.7366666,3527177.6666666665,0.0,-0.16666666666666663,6,Monsoon
Maharashtra,Yavatmal,2016-07,20.32570375,78.11691397,285.0,1.0,2.3994281463,4.5,151.06,102.33333333333333,0.3333333333333333,27.5,7,Monsoon
Maharashtra,Yavatmal,2016-08,20.32570375,78.11691397,10.0,1.0,0.08585386023,13.0,304.59000000000003,101.66666666666667,0.6666666666666666,-0.9649122807017544,8,Monsoon
Maharashtra,Yavatmal,2016-09,20.32570375,78.11691397,21.0,1.0,0.1109686772,0.0,300.55,105.33333333333333,1.0,1.1,9,Monsoon
Maharashtra,Yavatmal,2018-04,20.32570375,78.11691397,46.0,0.0,0.0001521185963,3.0,322.589,25.666666666666668,0.6666666666666666,1.1904761904761907,4,Summer
Maharashtra,Yavatmal,2018-06,20.32570375,78.11691397,3.0,0.0,0.6042561904,0.0,312.17,23.333333333333332,0.3333333333333333,-0.9347826086956522,6,Monsoon
Maharashtra,Yavatmal,2018-07,20.32570375,78.11691397,15.0,0.0,3.103452802,0.0,0.0,21.333333333333332,0.0,4.0,7,Monsoon
Maharashtra,Yavatmal,2018-10,20.32570375,78.11691397,45.0,0.0,0.001045400082,12.0,306.7233334,21.0,0.0,2.0,10,Post-Monsoon
Manipur,Chandel,2018-04,24.3197442,94.02109882,7.0,0.0,0.08509222067,39.0,303.66400000000004,7.0,0.0,0.0,4,Summer
Manipur,Churachandpur,2011-10,24.378704,93.6970015,71.0,0.0,0.9884828065,43.0,297.56,71.0,0.0,0.0,10,Post-Monsoon
Manipur,Churachandpur,2012-10,24.378704,93.6970015,25.0,0.0,0.09265054011,56.0,297.8166666,48.0,0.0,-0.647887323943662,10,Post-Monsoon
Manipur,Churachandpur,2013-10,24.378704,93.6970015,11.0,0.0,0.38012456,0.0,297.7666666,35.666666666666664,0.0,-0.56,10,Post-Monsoon
Manipur,Churachandpur,2015-08,24.378704,93.6970015,16.0,0.0,1.692400482,17.0,0.0,17.333333333333332,0.0,0.4545454545454546,8,Monsoon
Manipur,Churachandpur,2016-04,24.378704,93.6970015,231.0,1.0,0.1920066869,43.0,298.756,86.0,0.3333333333333333,13.4375,4,Summer
Manipur,Churachandpur,2017-05,24.378704,93.6970015,2529.0,1.0,0.1300617482,53.0,301.3833334,925.3333333333334,0.6666666666666666,9.948051948051948,5,Summer
Manipur,East Imphal West Imphal,2016-09,24.8126477,93.9283673,31.0,0.0,0.4352542168,33.0,299.49333340000004,31.0,0.0,0.0,9,Monsoon
Manipur,Imphal East,2019-07,24.85154025,94.00947958,29.0,0.0,0.7593519637,18.0,299.1,29.0,0.0,0.0,7,Monsoon
Manipur,Imphal East,2019-10,24.85154025,94.00947958,14.0,0.0,0.4664728123,25.0,297.99,21.5,0.0,-0.5172413793103448,10,Post-Monsoon
Manipur,Imphal West,2016-09,24.757326,93.85847858,418.0,0.0,0.4352542168,33.0,299.49333340000004,418.0,0.0,0.0,9,Monsoon
Manipur,Imphal West,2017-06,24.757326,93.85847858,164.0,0.0,1.408557683,28.0,0.0,291.0,0.0,-0.6076555023923444,6,Monsoon
Manipur,Manipur,2016-09,24.8314984,93.91257672,42.0,1.0,0.4352542168,33.0,299.49333340000004,42.0,1.0,0.0,9,Monsoon
Manipur,Tamenglong,2011-02,24.9354013,93.56791112,5.0,2.0,0.009329089214,47.0,293.1333334,5.0,2.0,0.0,2,Winter
Manipur,Tamenglong,2014-04,24.9354013,93.56791112,30.0,0.0,0.08106016169,52.0,300.55,17.5,1.0,5.0,4,Summer
Manipur,Tengnoupal,2017-05,24.31392145,94.23756082,20.0,0.0,0.1885181073,48.0,300.9633334,20.0,0.0,0.0,5,Summer
Manipur,Thoubal,2016-01,24.624587,94.04247928,191.0,0.0,0.04590150964,23.0,291.8766666,191.0,0.0,0.0,1,Winter
Meghalaya,East Garo Hills,2021-04,25.61849455,90.63421622,24.0,0.0,0.2053087171,27.0,301.36333340000004,24.0,0.0,0.0,4,Summer
Meghalaya,East Garo Hills,2021-09,25.61849455,90.63421622,3.0,0.0,0.5394564589,27.0,300.8,13.5,0.0,-0.875,9,Monsoon
Meghalaya,East Jaintia Hills,2022-01,25.25157605,92.48405007,160.0,0.0,0.02035381907,34.5,291.5333334,160.0,0.0,0.0,1,Winter
Meghalaya,East Khasi Hills,2012-01,25.40237355,91.83254097,71.0,0.0,0.01879485269,23.0,289.09000000000003,71.0,0.0,0.0,1,Winter
Meghalaya,East Khasi Hills,2019-02,25.40237355,91.83254097,54.0,0.0,0.115696099,27.0,293.4166666,62.5,0.0,-0.23943661971830987,2,Winter
Meghalaya,East Khasi Hills,2021-01,25.40237355,91.83254097,5.0,2.0,0.01593984196,25.0,291.3166666,43.333333333333336,0.6666666666666666,-0.9074074074074074,1,Winter
Meghalaya,East Khasi Hills,2021-04,25.40237355,91.83254097,8.0,0.0,0.8692736935,23.0,299.368,22.333333333333332,0.6666666666666666,0.6000000000000001,4,Summer
Meghalaya,Jaintia Hills,2015-11,25.5,92.25,61.0,0.0,0.01543172972,33.0,295.0333334,61.0,0.0,0.0,11,Post-Monsoon
Meghalaya,Jaintia Hills,2016-05,25.5,92.25,30.0,0.0,3.108918523,32.0,297.27,45.5,0.0,-0.5081967213114754,5,Summer
Meghalaya,Jaintia Hills,2019-01,25.5,92.25,28.0,0.0,0.002923977928,0.0,293.0366666,39.666666666666664,0.0,-0.06666666666666665,1,Winter
Meghalaya,RI-Bhoi (Nongpoh),2019-09,25.9181941,91.87606603,17.0,0.0,2.114954504,24.0,296.5866666,17.0,0.0,0.0,9,Monsoon
Meghalaya,Ri Bhoi,2013-07,25.87640255,91.85675742,16.0,7.0,1.268103184,15.0,296.85,16.0,7.0,0.0,7,Monsoon
Meghalaya,Ri Bhoi,2021-03,25.87640255,91.85675742,32.0,0.0,0.006461681559,0.0,300.0933334,24.0,3.5,1.0,3,Summer
Meghalaya,Ri Bhoi,2021-09,25.87640255,91.85675742,30.0,0.0,0.8587813368,19.0,301.712,26.0,2.3333333333333335,-0.0625,9,Monsoon
Meghalaya,South Garo Hills,2021-01,25.347969,90.56577726,15.0,0.0,3.76e-05,37.0,293.2133334,15.0,0.0,0.0,1,Winter
Meghalaya,West Garo Hills,2016-08,25.60631425,90.21139055,63.0,0.0,0.3106127771,0.0,0.0,63.0,0.0,0.0,8,Monsoon
Meghalaya,West Garo Hills,2017-06,25.60631425,90.21139055,12633.0,0.0,1.1290317705000001,29.5,298.81,6348.0,0.0,199.52380952380952,6,Monsoon
Meghalaya,West Garo Hills,2019-02,25.60631425,90.21139055,14.0,0.0,3.7e-05,22.0,295.11,4236.666666666667,0.0,-0.9988917913401409,2,Winter
Meghalaya,West Jaintia Hills,2015-09,25.4425965,92.29882747,30.0,0.0,2.983695118,11.0,0.0,30.0,0.0,0.0,9,Monsoon
Meghalaya,West Jaintia Hills,2015-11,25.4425965,92.29882747,61.0,0.0,0.01543172972,33.0,295.0333334,45.5,0.0,1.0333333333333332,11,Post-Monsoon
Meghalaya,West Jaintia Hills,2022-05,25.4425965,92.29882747,60110.0,0.0,0.9205828427,8.5,301.23466670000005,20067.0,0.0,984.4098360655738,5,Summer
Meghalaya,West Khasi Hills,2014-05,25.58173695,91.28910306,173.0,3.0,0.6896461579,30.0,301.7866666,173.0,3.0,0.0,5,Summer
Meghalaya,West Khasi Hills,2015-01,25.58173695,91.28910306,375.0,4.0,0.002943377288,22.0,292.5733334,274.0,3.5,1.1676300578034682,1,Winter
Meghalaya,West Khasi Hills,2019-01,25.58173695,91.28910306,108.0,0.0,0.03078998037,22.0,291.52,218.66666666666666,2.3333333333333335,-0.712,1,Winter
Meghalaya,West Khasi Hills,2019-10,25.58173695,91.28910306,7.0,0.0,2.507953033,39.0,296.1266666,163.33333333333334,1.3333333333333333,-0.9351851851851852,10,Post-Monsoon
Meghalaya,West Khasi Hills,2020-07,25.58173695,91.28910306,4.0,4.0,3.680139376,6.0,0.0,39.666666666666664,1.3333333333333333,-0.4285714285714286,7,Monsoon
Meghalaya,West Khasi Hills,2021-03,25.58173695,91.28910306,37.0,0.0,0.2810213627,23.0,297.5,16.0,1.3333333333333333,8.25,3,Summer
Mizoram,Aizawl,2016-10,23.7435236,92.7382905,141.0,0.0,0.3371988208,57.0,298.356,141.0,0.0,0.0,10,Post-Monsoon
Mizoram,Aizawl East,2019-10,23.7435236,92.7382905,53.0,0.0,0.367086469,56.0,297.065,53.0,0.0,0.0,10,Post-Monsoon
Mizoram,Aizawl West,2016-08,23.7435236,92.7382905,48.0,0.0,0.5735230464,27.0,300.74,48.0,0.0,0.0,8,Monsoon
Mizoram,Aizawl West,2016-11,23.7435236,92.7382905,4.0,0.0,1.124092581,0.0,299.9066666,26.0,0.0,-0.9166666666666666,11,Post-Monsoon
Mizoram,Aizawl West,2021-12,23.7435236,92.7382905,16.0,0.0,5.67e-05,0.0,295.74333340000004,22.666666666666668,0.0,3.0,12,Winter
Mizoram,Champhai,2015-05,23.6317319,93.34931854,188.0,0.0,0.172044429,37.0,297.43,188.0,0.0,0.0,5,Summer
Mizoram,Kolasib,2016-12,24.18947525,92.71331813,38.0,0.0,0.0004100126057,62.0,294.65000000000003,38.0,0.0,0.0,12,Winter
Mizoram,Lunglei,2012-06,22.898553,92.75192292,41.0,0.0,3.52530378,42.0,305.3,41.0,0.0,0.0,6,Monsoon
Mizoram,Lunglei,2013-08,22.898553,92.75192292,35.0,0.0,0.8829656673,27.0,297.35,38.0,0.0,-0.14634146341463417,8,Monsoon
Mizoram,Serchhip,2017-10,23.3858923,92.93059891,9.0,0.0,0.3161525474,60.0,296.76,9.0,0.0,0.0,10,Post-Monsoon
Mizoram,Serchhip,2020-12,23.3858923,92.93059891,36.0,0.0,7.04e-05,0.0,292.9566666,22.5,0.0,3.0,12,Winter
Nagaland,Dimapur,2015-10,25.911744,93.721703,16.0,1.0,0.438913429,44.0,300.19,16.0,1.0,0.0,10,Post-Monsoon
Nagaland,Dimapur,2016-11,25.911744,93.721703,134.0,0.0,0.4497040252,39.0,297.12,75.0,0.5,7.375,11,Post-Monsoon
Nagaland,Dimapur,2017-10,25.911744,93.721703,2.0,0.0,0.4452654229,36.0,300.37333340000004,50.666666666666664,0.3333333333333333,-0.9850746268656716,10,Post-Monsoon
Nagaland,Dimapur,2018-07,25.911744,93.721703,8.0,0.0,0.9255626119,27.0,300.3866666,48.0,0.0,3.0,7,Monsoon
Nagaland,Kiphire,2017-06,25.81551155,94.841664,5.0,0.0,1.031485147,0.0,293.37,5.0,0.0,0.0,6,Monsoon
Nagaland,Kohima,2016-03,25.75,94.166667,31.0,0.0,0.3770277451,26.0,295.468,31.0,0.0,0.0,3,Summer
Nagaland,Kohima,2019-08,25.75,94.166667,2.0,0.0,0.2519968305,51.0,297.90500000000003,16.5,0.0,-0.935483870967742,8,Monsoon
Nagaland,Mokokchung,2009-05,26.4795861,94.51052755,124.0,9.0,0.3726237523,19.0,302.12,124.0,9.0,0.0,5,Summer
Nagaland,Mokokchung,2018-10,26.4795861,94.51052755,1.0,0.0,0.2389401517,29.0,299.56,62.5,4.5,-0.9919354838709677,10,Post-Monsoon
Nagaland,mon,2017-10,26.75,94.833333,3.0,0.0,0.9730556859,26.0,299.54,3.0,0.0,0.0,10,Post-Monsoon
Nagaland,mon,2020-10,26.75,94.833333,3.0,0.0,1.403977151,34.0,299.37333340000004,3.0,0.0,0.0,10,Post-Monsoon
Odisha,Angul,2012-03,20.8382426,85.0973949,15.0,0.0,0.00103302346,10.0,308.244,15.0,0.0,0.0,3,Summer
Odisha,Angul,2012-07,20.8382426,85.0973949,56.0,0.0,0.7375446873,0.0,302.16,35.5,0.0,2.7333333333333334,7,Monsoon
Odisha,Angul,2015-05,20.8382426,85.0973949,11.0,0.0,0.2688535281,13.0,307.5833334,27.333333333333332,0.0,-0.8035714285714286,5,Summer
Odisha,Angul,2015-06,20.8382426,85.0973949,28.0,0.0,0.7398750288,0.0,0.0,31.666666666666668,0.0,1.5454545454545454,6,Monsoon
Odisha,Angul,2016-02,20.8382426,85.0973949,11.0,0.0,0.002582229118,9.0,302.65000000000003,16.666666666666668,0.0,-0.6071428571428572,2,Winter
Odisha,Angul,2016-03,20.8382426,85.0973949,15291514.0,0.0,0.29426253478,9.0,303.22749999999996,5097184.333333333,0.0,1390136.6363636365,3,Summer
Odisha,Angul,2016-05,20.8382426,85.0973949,17.0,0.0,0.07235080712,0.0,311.476,5097180.666666667,0.0,-0.9999988882722797,5,Summer
Odisha,Angul,2016-06,20.8382426,85.0973949,3816.0,2.0,0.27371882223,14.0,307.4441667,5098449.0,0.6666666666666666,223.47058823529412,6,Monsoon
Odisha,Angul,2016-07,20.8382426,85.0973949,17327.0,0.0,0.91947782805,15.0,288.79,7053.333333333333,0.6666666666666666,3.540618448637317,7,Monsoon
Odisha,Angul,2016-11,20.8382426,85.0973949,13.0,0.0,0.0002377950375,0.0,301.024,7052.0,0.6666666666666666,-0.9992497258613724,11,Post-Monsoon
Odisha,Angul,2017-02,20.8382426,85.0973949,10.0,1.0,0.0002844856049,8.0,304.76,5783.333333333333,0.3333333333333333,-0.23076923076923073,2,Winter
Odisha,Angul,2019-02,20.8382426,85.0973949,14.0,0.0,5.94e-05,11.0,299.64,12.333333333333334,0.3333333333333333,0.3999999999999999,2,Winter
Odisha,Angul,2019-06,20.8382426,85.0973949,8.0,1.0,0.4053507014,17.0,304.2466666,10.666666666666666,0.6666666666666666,-0.4285714285714286,6,Monsoon
Odisha,Angul,2019-07,20.8382426,85.0973949,14.0,0.0,2.743778799,5.0,287.04,12.0,0.3333333333333333,0.75,7,Monsoon
Odisha,Angul,2019-11,20.8382426,85.0973949,32.0,0.0,0.03743439854,23.0,300.768,18.0,0.3333333333333333,1.2857142857142856,11,Post-Monsoon
Odisha,Balangir,2013-06,20.74978325,83.44097217,20.0,0.0,0.4191645776,9.0,308.1,20.0,0.0,0.0,6,Monsoon
Odisha,Balangir,2014-10,20.74978325,83.44097217,40.0,1.0,0.04293001103,23.0,303.716,30.0,0.5,1.0,10,Post-Monsoon
Odisha,Balangir,2019-05,20.74978325,83.44097217,17.0,0.0,0.02154909188,8.0,314.056,25.666666666666668,0.3333333333333333,-0.575,5,Summer
Odisha,Balangir,2019-09,20.74978325,83.44097217,6313.0,0.0,1.589701188,14.0,150.2925,2123.3333333333335,0.3333333333333333,370.3529411764706,9,Monsoon
Odisha,Balasore,2009-08,21.5002888,86.9202627,93.0,1.0,0.468034049,6.0,303.1,93.0,1.0,0.0,8,Monsoon
Odisha,Balasore,2009-09,21.5002888,86.9202627,30.0,3.0,0.1240680764,14.0,302.0833334,61.5,2.0,-0.6774193548387097,9,Monsoon
Odisha,Balasore,2011-10,21.5002888,86.9202627,85.0,0.0,0.01159805258,16.0,301.816,69.33333333333333,1.3333333333333333,1.8333333333333335,10,Post-Monsoon
Odisha,Balasore,2012-07,21.5002888,86.9202627,28.0,0.0,0.9218556531,10.0,303.76,47.666666666666664,1.0,-0.6705882352941177,7,Monsoon
Odisha,Balasore,2014-06,21.5002888,86.9202627,17.0,0.0,1.765970552,4.0,308.82,43.333333333333336,0.0,-0.3928571428571429,6,Monsoon
Odisha,Balasore,2015-11,21.5002888,86.9202627,10.0,0.0,0.0002377126798,0.0,302.76,18.333333333333332,0.0,-0.4117647058823529,11,Post-Monsoon
Odisha,Balasore,2016-07,21.5002888,86.9202627,5412.0,4.0,0.94669957235,2.5,149.1,1813.0,1.3333333333333333,540.2,7,Monsoon
Odisha,Balasore,2019-08,21.5002888,86.9202627,1817810.0,0.0,2.0176530032000004,5.25,302.96916665000003,607744.0,1.3333333333333333,334.8850702143385,8,Monsoon
Odisha,Balasore,2019-11,21.5002888,86.9202627,14.0,0.0,5.82e-05,15.0,300.1566666,607745.3333333334,1.3333333333333333,-0.9999922984250279,11,Post-Monsoon
Odisha,Balasore,2020-09,21.5002888,86.9202627,6.0,0.0,0.5315676013,18.0,301.42400000000004,605943.3333333334,0.0,-0.5714285714285714,9,Monsoon
Odisha,Baleswar,2012-09,21.4717211,86.8909571,310.0,0.0,1.001891997,13.0,299.3,310.0,0.0,0.0,9,Monsoon
Odisha,Bargarh,2009-07,21.3477634,83.65768299,76.0,4.0,5.293818651,9.0,300.98,76.0,4.0,0.0,7,Monsoon
Odisha,Bargarh,2009-09,21.3477634,83.65768299,11951.0,4.0,0.35985443485,15.5,301.46500000000003,6013.5,4.0,156.25,9,Monsoon
Odisha,Bargarh,2009-11,21.3477634,83.65768299,11811883.0,0.0,0.013269734153333332,18.0,301.53666673333333,3941303.3333333335,2.6666666666666665,987.3593841519538,11,Post-Monsoon
Odisha,Bargarh,2013-09,21.3477634,83.65768299,1117.0,0.0,0.3964207375,16.0,301.0416667,3941650.3333333335,1.3333333333333333,-0.999905434214003,9,Monsoon
Odisha,Bargarh,2015-09,21.3477634,83.65768299,619.0,1.0,0.4010349599,9.0,301.9166667,3937873.0,0.3333333333333333,-0.4458370635631155,9,Monsoon
Odisha,Bargarh,2015-11,21.3477634,83.65768299,17.0,0.0,8.51e-05,16.0,302.176,584.3333333333334,0.3333333333333333,-0.9725363489499192,11,Post-Monsoon
Odisha,Bargarh,2016-09,21.3477634,83.65768299,58.0,0.0,0.2343972205,16.0,298.812,231.33333333333334,0.3333333333333333,2.411764705882353,9,Monsoon
Odisha,Bargarh,2021-11,21.3477634,83.65768299,28.0,0.0,0.05434392853,18.0,300.3,34.333333333333336,0.0,-0.5172413793103448,11,Post-Monsoon
Odisha,Berhampur,2012-05,21.49308515,86.63272983,23.0,0.0,0.4743301397,15.0,305.28000000000003,23.0,0.0,0.0,5,Summer
Odisha,Berhampur,2012-07,21.49308515,86.63272983,23.0,1.0,1.539889227,12.0,299.81,23.0,0.5,0.0,7,Monsoon
Odisha,Bhadrak,2016-06,21.0633288,86.5053731,21.0,0.0,0.3410430904,10.0,0.0,21.0,0.0,0.0,6,Monsoon
Odisha,Bhadrak,2016-07,21.0633288,86.5053731,19.0,0.0,1.211013786,0.0,0.0,20.0,0.0,-0.09523809523809523,7,Monsoon
Odisha,Bhadrak,2018-11,21.0633288,86.5053731,14.0,0.0,0.06459121194,0.0,302.91200000000003,18.0,0.0,-0.26315789473684215,11,Post-Monsoon
Odisha,Bhadrak,2019-09,21.0633288,86.5053731,14.0,0.0,1.414496344,0.0,300.62,15.666666666666666,0.0,0.0,9,Monsoon
Odisha,Bhubaneshwar,2011-04,20.2602964,85.8394521,14.0,0.0,0.03315598691,0.0,310.132,14.0,0.0,0.0,4,Summer
Odisha,Bhubaneshwar,2011-06,20.2602964,85.8394521,21.0,0.0,0.9499887962,10.0,304.24,17.5,0.0,0.5,6,Monsoon
Odisha,Bolangir,2009-09,20.7502257,83.2499464,368.0,2.0,0.7041006958,18.0,301.52,368.0,2.0,0.0,9,Monsoon
Odisha,Bolangir,2009-10,20.7502257,83.2499464,28.0,0.0,5.63e-05,0.0,304.404,198.0,1.0,-0.9239130434782609,10,Post-Monsoon
Odisha,Bolangir,2009-11,20.7502257,83.2499464,73.0,0.0,0.1582881458,12.0,304.78000000000003,156.33333333333334,0.6666666666666666,1.6071428571428572,11,Post-Monsoon
Odisha,Bolangir,2011-07,20.7502257,83.2499464,25.0,0.0,0.7702000131,10.0,302.06,42.0,0.0,-0.6575342465753424,7,Monsoon
Odisha,Bolangir,2016-08,20.7502257,83.2499464,21.0,0.0,0.3543965979,19.0,302.58,39.666666666666664,0.0,-0.16000000000000003,8,Monsoon
Odisha,Bolangir,2017-02,20.7502257,83.2499464,24.0,0.0,3.96e-05,7.0,305.3533334,23.333333333333332,0.0,0.1428571428571428,2,Winter
Odisha,Bolangir,2017-05,20.7502257,83.2499464,195.0,1.0,0.03497944267,6.5,318.375,80.0,0.3333333333333333,7.125,5,Summer
Odisha,Bolangir,2018-08,20.7502257,83.2499464,17.0,0.0,0.9762908778,9.0,0.0,78.66666666666667,0.3333333333333333,-0.9128205128205128,8,Monsoon
Odisha,Bolangir,2019-07,20.7502257,83.2499464,30.0,0.0,0.3999535134,14.0,303.92,80.66666666666667,0.3333333333333333,0.7647058823529411,7,Monsoon
Odisha,Bolangir,2019-08,20.7502257,83.2499464,6519.0,0.0,0.6819343329,0.0,300.96,2188.6666666666665,0.0,216.3,8,Monsoon
Odisha,Bolangir,2020-05,20.7502257,83.2499464,52.0,0.0,0.0104204501,11.0,310.056,2200.3333333333335,0.0,-0.9920233164595796,5,Summer
Odisha,Bolangir,2021-01,20.7502257,83.2499464,5.0,0.0,0.008809665092,9.0,302.44,2192.0,0.0,-0.9038461538461539,1,Winter
Odisha,Boudh,2016-05,20.8415619,84.3213321,34.0,0.0,0.03289342898,10.0,317.068,34.0,0.0,0.0,5,Summer
Odisha,Cuttack,2010-06,20.4686,85.8792,70.0,0.0,0.0274700454,11.0,310.1,70.0,0.0,0.0,6,Monsoon
Odisha,Cuttack,2012-01,20.4686,85.8792,31.0,0.0,0.0002184407596,8.0,299.50333340000003,50.5,0.0,-0.5571428571428572,1,Winter
Odisha,Cuttack,2012-10,20.4686,85.8792,38.0,0.0,0.4640559029,14.0,296.12,46.333333333333336,0.0,0.22580645161290325,10,Post-Monsoon
Odisha,Cuttack,2013-04,20.4686,85.8792,143.0,0.0,0.01913998704,0.0,310.73,70.66666666666667,0.0,2.763157894736842,4,Summer
Odisha,Cuttack,2013-10,20.4686,85.8792,23.0,1.0,2.044271711,17.0,299.66,68.0,0.3333333333333333,-0.8391608391608392,10,Post-Monsoon
Odisha,Cuttack,2014-08,20.4686,85.8792,14.0,0.0,0.683741421,0.0,303.56,60.0,0.3333333333333333,-0.3913043478260869,8,Monsoon
Odisha,Cuttack,2015-08,20.4686,85.8792,27.0,0.0,0.4942899032,0.0,302.255,21.333333333333332,0.3333333333333333,0.9285714285714286,8,Monsoon
Odisha,Cuttack,2015-11,20.4686,85.8792,23.0,0.0,6.72e-05,15.0,301.392,21.333333333333332,0.0,-0.14814814814814814,11,Post-Monsoon
Odisha,Cuttack,2015-12,20.4686,85.8792,24.0,0.0,0.008405618419,7.0,301.4866666,24.666666666666668,0.0,0.04347826086956519,12,Winter
Odisha,Cuttack,2016-04,20.4686,85.8792,19.0,0.0,0.0009369086401,6.0,314.24,22.0,0.0,-0.20833333333333337,4,Summer
Odisha,Cuttack,2016-08,20.4686,85.8792,13.0,0.0,0.9944064646,0.0,302.7866666,18.666666666666668,0.0,-0.3157894736842105,8,Monsoon
Odisha,Deogarh,2014-07,21.5370786,84.7301184,17.0,0.0,1.787307927,3.0,0.0,17.0,0.0,0.0,7,Monsoon
Odisha,Dhenkanal,2011-02,20.75,85.5,24.0,0.0,0.0002887690815,9.0,304.6066666,24.0,0.0,0.0,2,Winter
Odisha,Dhenkanal,2011-04,20.75,85.5,10.0,0.0,0.008788776216,10.0,309.5,17.0,0.0,-0.5833333333333333,4,Summer
Odisha,Dhenkanal,2011-11,20.75,85.5,35.0,2.0,5.82e-05,16.0,303.22400000000005,23.0,0.6666666666666666,2.5,11,Post-Monsoon
Odisha,Dhenkanal,2012-03,20.75,85.5,13.0,1.0,0.002864224012,10.0,307.11333340000004,19.333333333333332,1.0,-0.6285714285714286,3,Summer
Odisha,Dhenkanal,2012-04,20.75,85.5,5.0,1.0,0.04012482251,9.0,310.8766666,17.666666666666668,1.3333333333333333,-0.6153846153846154,4,Summer
Odisha,Dhenkanal,2012-05,20.75,85.5,10.0,0.0,0.01931445449,0.0,308.492,9.333333333333334,0.6666666666666666,1.0,5,Summer
Odisha,Dhenkanal,2013-04,20.75,85.5,27.0,0.0,0.005547986148,8.0,313.74333340000004,14.0,0.3333333333333333,1.7000000000000002,4,Summer
Odisha,Dhenkanal,2013-06,20.75,85.5,1315.0,0.0,1.067872922,6.0,296.4133334,450.6666666666667,0.0,47.7037037037037,6,Monsoon
Odisha,Dhenkanal,2013-10,20.75,85.5,15181023.0,0.0,0.9505413661,11.0,300.6343333,5060788.333333333,0.0,11543.504182509505,10,Post-Monsoon
Odisha,Dhenkanal,2016-06,20.75,85.5,20.0,0.0,0.4454927403,12.0,0.0,5060786.0,0.0,-0.999998682565727,6,Monsoon
Odisha,Dhenkanal,2016-08,20.75,85.5,51.0,0.0,0.6400320895,0.0,302.90500000000003,5060364.666666667,0.0,1.5499999999999998,8,Monsoon
Odisha,Dhenkanal,2019-08,20.75,85.5,15.0,0.0,1.545526329,15.0,300.48,28.666666666666668,0.0,-0.7058823529411764,8,Monsoon
Odisha,Dhenkanal,2022-05,20.75,85.5,37.0,0.0,0.006900563323,16.0,305.02,34.333333333333336,0.0,1.4666666666666668,5,Summer
Odisha,Gajapati,2010-07,19.19557415,84.19297736,85.0,0.0,0.6064941497,17.0,298.5466666,85.0,0.0,0.0,7,Monsoon
Odisha,Ganjam,2010-06,19.4129711,85.04710406,10228.0,0.0,0.0,7.0,303.4575,10228.0,0.0,0.0,6,Monsoon
Odisha,Ganjam,2010-07,19.4129711,85.04710406,1111.0,0.0,0.0,0.0,300.93333340000004,5669.5,0.0,-0.8913766132186156,7,Monsoon
Odisha,Ganjam,2011-01,19.4129711,85.04710406,6.0,0.0,0.0,0.0,301.248,3781.6666666666665,0.0,-0.9945994599459946,1,Winter
Odisha,Ganjam,2011-02,19.4129711,85.04710406,321617.0,0.0,0.0,5.666666666666667,302.80377780000003,107578.0,0.0,53601.833333333336,2,Winter
Odisha,Ganjam,2011-03,19.4129711,85.04710406,1318.0,0.0,0.0,6.0,305.102,107647.0,0.0,-0.9959019579188911,3,Summer
Odisha,Ganjam,2011-06,19.4129711,85.04710406,102.0,0.0,0.0,9.0,308.0,107679.0,0.0,-0.9226100151745068,6,Monsoon
Odisha,Ganjam,2011-07,19.4129711,85.04710406,12.0,0.0,0.0,9.0,304.05,477.3333333333333,0.0,-0.8823529411764706,7,Monsoon
Odisha,Ganjam,2011-10,19.4129711,85.04710406,18.0,1.0,0.0,19.0,301.95,44.0,0.3333333333333333,0.5,10,Post-Monsoon
Odisha,Ganjam,2012-04,19.4129711,85.04710406,79.0,0.0,0.0,0.0,306.5933334,36.333333333333336,0.3333333333333333,3.3888888888888893,4,Summer
Odisha,Ganjam,2012-05,19.4129711,85.04710406,43.0,0.0,0.0,0.0,305.76,46.666666666666664,0.3333333333333333,-0.45569620253164556,5,Summer
Odisha,Ganjam,2012-12,19.4129711,85.04710406,45.0,0.0,0.0,0.0,298.0666666,55.666666666666664,0.0,0.04651162790697683,12,Winter
Odisha,Ganjam,2013-01,19.4129711,85.04710406,12.0,0.0,0.0,0.0,298.04400000000004,33.333333333333336,0.0,-0.7333333333333334,1,Winter
Odisha,Ganjam,2013-03,19.4129711,85.04710406,12.0,0.0,0.0,14.0,305.0233334,23.0,0.0,0.0,3,Summer
Odisha,Ganjam,2013-08,19.4129711,85.04710406,67.0,0.0,0.0,6.0,303.90000000000003,30.333333333333332,0.0,4.583333333333333,8,Monsoon
Odisha,Ganjam,2013-11,19.4129711,85.04710406,56.0,0.0,0.0,0.0,299.848,45.0,0.0,-0.16417910447761197,11,Post-Monsoon
Odisha,Ganjam,2013-12,19.4129711,85.04710406,21.0,0.0,0.0,0.0,300.0933334,48.0,0.0,-0.625,12,Winter
Odisha,Ganjam,2014-01,19.4129711,85.04710406,422441.0,0.0,0.0,0.0,299.90000000000003,140839.33333333334,0.0,20115.238095238095,1,Winter
Odisha,Ganjam,2014-06,19.4129711,85.04710406,222815.0,0.0,0.0,4.666666666666667,204.5877778,215092.33333333334,0.0,-0.472553563692918,6,Monsoon
Odisha,Ganjam,2014-07,19.4129711,85.04710406,1520.0,1.0,0.0,0.0,151.46,215592.0,0.3333333333333333,-0.9931781971590782,7,Monsoon
Odisha,Ganjam,2014-08,19.4129711,85.04710406,1920.0,1.0,0.0,9.0,303.0383333,75418.33333333333,0.6666666666666666,0.26315789473684204,8,Monsoon
Odisha,Ganjam,2014-10,19.4129711,85.04710406,15.0,1.0,0.0,10.0,300.476,1151.6666666666667,1.0,-0.9921875,10,Post-Monsoon
Odisha,Ganjam,2015-01,19.4129711,85.04710406,21.0,0.0,0.0,0.0,298.7966666,652.0,0.6666666666666666,0.3999999999999999,1,Winter
Odisha,Ganjam,2015-07,19.4129711,85.04710406,23.0,0.0,0.0,11.0,306.56,19.666666666666668,0.3333333333333333,0.09523809523809534,7,Monsoon
Odisha,Ganjam,2015-08,19.4129711,85.04710406,5050.0,2.0,0.0,0.0,305.25333340000003,1698.0,0.6666666666666666,218.56521739130434,8,Monsoon
Odisha,Ganjam,2015-09,19.4129711,85.04710406,5620.0,0.0,0.0,3.5,302.40999999999997,3564.3333333333335,0.6666666666666666,0.11287128712871297,9,Monsoon
Odisha,Ganjam,2015-12,19.4129711,85.04710406,19.0,0.0,0.0,0.0,300.53000000000003,3563.0,0.6666666666666666,-0.9966192170818505,12,Winter
Odisha,Ganjam,2016-02,19.4129711,85.04710406,43.0,0.0,0.0,0.0,0.0,1894.0,0.0,1.263157894736842,2,Winter
Odisha,Ganjam,2016-08,19.4129711,85.04710406,2736.0,0.0,0.0,3.5,151.935,932.6666666666666,0.0,62.627906976744185,8,Monsoon
Odisha,Ganjam,2016-09,19.4129711,85.04710406,30.0,0.0,0.0,10.0,0.0,936.3333333333334,0.0,-0.9890350877192983,9,Monsoon
Odisha,Ganjam,2016-10,19.4129711,85.04710406,3144.0,0.0,0.0,18.5,300.0775,1970.0,0.0,103.8,10,Post-Monsoon
Odisha,Ganjam,2016-12,19.4129711,85.04710406,1214.0,1.0,0.0,0.0,300.4373333,1462.6666666666667,0.3333333333333333,-0.6138676844783715,12,Winter
Odisha,Ganjam,2019-06,19.4129711,85.04710406,19.0,0.0,0.0,0.0,303.99333340000004,1459.0,0.3333333333333333,-0.984349258649094,6,Monsoon
Odisha,Ganjam,2019-09,19.4129711,85.04710406,113.0,0.0,0.0,5.0,297.14,448.6666666666667,0.3333333333333333,4.947368421052632,9,Monsoon
Odisha,Ganjam,2019-10,19.4129711,85.04710406,30.0,0.0,0.0,10.0,296.34000000000003,54.0,0.0,-0.7345132743362832,10,Post-Monsoon
Odisha,Ganjam,2019-11,19.4129711,85.04710406,13.0,0.0,0.0,0.0,300.59000000000003,52.0,0.0,-0.5666666666666667,11,Post-Monsoon
Odisha,Ganjam,2022-03,19.4129711,85.04710406,83.0,0.0,0.0,0.0,304.2933334,42.0,0.0,5.384615384615385,3,Summer
Odisha,Ganjam,2022-04,19.4129711,85.04710406,6939322329.0,0.0,0.0,11.4,304.01626668,2313107475.0,0.0,83606292.12048192,4,Summer
Odisha,Ganjam,2022-05,19.4129711,85.04710406,22.0,0.0,0.0,11.0,302.8666666,2313107478.0,0.0,-0.9999999968296616,5,Summer
Odisha,Jagatsinghpur,2013-01,20.2593872,86.1660878,14.0,0.0,0.01443052243,0.0,299.805,14.0,0.0,0.0,1,Winter
Odisha,Jagatsinghpur,2013-12,20.2593872,86.1660878,12.0,0.0,0.1212326166,6.0,295.684,13.0,0.0,-0.1428571428571429,12,Winter
Odisha,Jagatsinghpur,2019-01,20.2593872,86.1660878,21.0,0.0,0.003888925039,6.0,302.14,15.666666666666666,0.0,0.75,1,Winter
Odisha,Jajpur,2013-04,20.8522696,86.3385714,48.0,0.0,0.0002892250857,5.0,315.64,48.0,0.0,0.0,4,Summer
Odisha,Jajpur,2014-01,20.8522696,86.3385714,16.0,0.0,0.001353304164,6.0,298.35,32.0,0.0,-0.6666666666666667,1,Winter
Odisha,Jajpur,2016-08,20.8522696,86.3385714,23.0,1.0,0.6029790242,11.0,302.675,29.0,0.3333333333333333,0.4375,8,Monsoon
Odisha,Jajpur,2016-09,20.8522696,86.3385714,15.0,0.0,0.564133014,13.0,300.596,18.0,0.3333333333333333,-0.34782608695652173,9,Monsoon
Odisha,Jajpur,2016-10,20.8522696,86.3385714,10.0,0.0,0.9730709427,25.0,299.4266666,16.0,0.3333333333333333,-0.33333333333333337,10,Post-Monsoon
Odisha,Jajpur,2016-12,20.8522696,86.3385714,33.0,0.0,7.76e-05,9.0,299.35,19.333333333333332,0.0,2.3,12,Winter
Odisha,Jajpur,2017-09,20.8522696,86.3385714,21.0,0.0,0.3167818471,20.0,302.0933334,21.333333333333332,0.0,-0.36363636363636365,9,Monsoon
Odisha,Jajpur,2019-04,20.8522696,86.3385714,16.0,0.0,0.06346748876,7.0,309.444,23.333333333333332,0.0,-0.23809523809523814,4,Summer
Odisha,Jajpur,2019-11,20.8522696,86.3385714,60142.0,0.0,0.7888433418,18.0,298.7933334,20059.666666666668,0.0,3757.875,11,Post-Monsoon
Odisha,Jajpur,2021-02,20.8522696,86.3385714,35.0,0.0,7.82e-05,5.0,299.9866666,20064.333333333332,0.0,-0.9994180439626218,2,Winter
Odisha,Jharsuguda,2014-07,21.87705125,84.00905064,2020.0,0.0,1.712275361,5.0,0.0,2020.0,0.0,0.0,7,Monsoon
Odisha,Jharsuguda,2019-10,21.87705125,84.00905064,231625.0,0.0,0.47067720859999995,15.666666666666666,299.4264444666667,116822.5,0.0,113.66584158415841,10,Post-Monsoon
Odisha,Jharsuguda,2019-11,21.87705125,84.00905064,44.0,0.0,2.74e-05,16.0,300.0966666,77896.33333333333,0.0,-0.9998100377765785,11,Post-Monsoon
Odisha,Kalahandi,2009-07,19.75,83.0,217.0,24.0,0.4728685269,13.0,0.0,217.0,24.0,0.0,7,Monsoon
Odisha,Kalahandi,2014-02,19.75,83.0,34.0,0.0,0.1591732195,0.0,302.18333340000004,125.5,12.0,-0.8433179723502304,2,Winter
Odisha,Kalahandi,2014-05,19.75,83.0,11.0,1.0,0.1956660513,10.0,311.6966666,87.33333333333333,8.333333333333334,-0.6764705882352942,5,Summer
Odisha,Kalahandi,2015-07,19.75,83.0,41.0,0.0,1.813556761,13.0,304.25,28.666666666666668,0.3333333333333333,2.727272727272727,7,Monsoon
Odisha,Kalahandi,2015-09,19.75,83.0,25.0,0.0,0.9602309862,27.0,301.83,25.666666666666668,0.3333333333333333,-0.3902439024390244,9,Monsoon
Odisha,Kalahandi,2016-08,19.75,83.0,81561.0,3.0,0.8491135414333333,7.333333333333333,201.70666666666668,27209.0,1.0,3261.44,8,Monsoon
Odisha,Kalahandi,2016-09,19.75,83.0,59.0,1.0,1.216044425,0.0,300.25,27215.0,1.3333333333333333,-0.9992766150488591,9,Monsoon
Odisha,Kalahandi,2016-10,19.75,83.0,2020.0,5.0,0.8629282964,22.0,299.90500000000003,27880.0,3.0,33.23728813559322,10,Post-Monsoon
Odisha,Kalahandi,2018-03,19.75,83.0,11.0,0.0,0.0001871476855,8.0,308.4733334,696.6666666666666,2.0,-0.9945544554455445,3,Summer
Odisha,Kalahandi,2018-07,19.75,83.0,9.0,1.0,0.9829494613,2.0,0.0,680.0,2.0,-0.18181818181818177,7,Monsoon
Odisha,Kalahandi,2019-05,19.75,83.0,27.0,0.0,0.001358605569,10.0,314.2966666,15.666666666666666,0.3333333333333333,2.0,5,Summer
Odisha,Kalahandi,2019-09,19.75,83.0,32.0,1.0,0.8651910099,0.0,302.13,22.666666666666668,0.6666666666666666,0.18518518518518512,9,Monsoon
Odisha,Kalahandi,2021-03,19.75,83.0,12.0,0.0,0.02773092518,8.0,310.964,23.666666666666668,0.3333333333333333,-0.625,3,Summer
Odisha,Kandhamal,2011-03,20.13069385,84.07904761,11.0,0.0,0.002666833334,11.0,307.7733334,11.0,0.0,0.0,3,Summer
Odisha,Kandhamal,2013-11,20.13069385,84.07904761,24.0,0.0,0.01192515143,19.0,298.55,17.5,0.0,1.1818181818181817,11,Post-Monsoon
Odisha,Kandhamal,2016-01,20.13069385,84.07904761,47.0,0.0,0.0001721478881,11.0,300.808,27.333333333333332,0.0,0.9583333333333333,1,Winter
Odisha,Kandhamal,2016-06,20.13069385,84.07904761,21.0,0.0,0.5988880781,11.0,310.44,30.666666666666668,0.0,-0.5531914893617021,6,Monsoon
Odisha,Kandhamal,2020-03,20.13069385,84.07904761,64.0,0.0,0.06074317802,0.0,301.5,44.0,0.0,2.0476190476190474,3,Summer
Odisha,Kandhamal,2021-04,20.13069385,84.07904761,10.0,0.0,0.0009612371809,9.0,309.16400000000004,31.666666666666668,0.0,-0.84375,4,Summer
Odisha,Kandhamal,2022-04,20.13069385,84.07904761,11.0,0.0,0.01136203033,10.0,310.692,28.333333333333332,0.0,0.10000000000000009,4,Summer
Odisha,Kendrapara,2013-05,20.50040085,86.43170623,15.0,0.0,0.6136865464,4.0,307.59000000000003,15.0,0.0,0.0,5,Summer
Odisha,Kendrapara,2013-09,20.50040085,86.43170623,13.0,0.0,1.249669696,0.0,302.5733334,14.0,0.0,-0.1333333333333333,9,Monsoon
Odisha,Kendrapara,2014-01,20.50040085,86.43170623,94.0,0.0,0.0009299637002,6.0,299.64,40.666666666666664,0.0,6.230769230769231,1,Winter
Odisha,Kendrapara,2014-08,20.50040085,86.43170623,13.0,0.0,1.347387979,5.0,303.1,40.0,0.0,-0.8617021276595744,8,Monsoon
Odisha,Kendrapara,2016-07,20.50040085,86.43170623,16.0,0.0,0.7783846406,0.0,300.32,41.0,0.0,0.23076923076923084,7,Monsoon
Odisha,Keonjhar,2013-08,21.5,85.5,18.0,0.0,0.6153822204,19.0,300.735,18.0,0.0,0.0,8,Monsoon
Odisha,Keonjhar,2014-02,21.5,85.5,16.0,1.0,0.008689526715,0.0,299.1633334,17.0,0.5,-0.11111111111111116,2,Winter
Odisha,Keonjhar,2014-05,21.5,85.5,1024.0,0.0,0.04192293184,12.5,311.6366667,352.6666666666667,0.3333333333333333,63.0,5,Summer
Odisha,Keonjhar,2016-02,21.5,85.5,43.0,0.0,0.01957717927,11.0,302.0766666,361.0,0.3333333333333333,-0.9580078125,2,Winter
Odisha,Keonjhar,2016-09,21.5,85.5,19.0,0.0,1.110281398,22.0,300.15000000000003,362.0,0.0,-0.5581395348837209,9,Monsoon
Odisha,Keonjhar,2018-11,21.5,85.5,7.0,0.0,0.05571720972,23.0,299.8233334,23.0,0.0,-0.631578947368421,11,Post-Monsoon
Odisha,Keonjhar,2019-06,21.5,85.5,13.0,0.0,0.1884896995,6.0,303.79,13.0,0.0,0.8571428571428572,6,Monsoon
Odisha,Khordha,2014-07,20.22564715,85.56059465,10.0,0.0,0.8573744618,10.0,303.2,10.0,0.0,0.0,7,Monsoon
Odisha,Khordha,2015-12,20.22564715,85.56059465,29.0,0.0,0.004909242231,11.0,302.00333340000003,19.5,0.0,1.9,12,Winter
Odisha,Khordha,2016-11,20.22564715,85.56059465,15.0,0.0,0.05690854157,18.0,301.73,18.0,0.0,-0.48275862068965514,11,Post-Monsoon
Odisha,Khordha,2018-08,20.22564715,85.56059465,9.0,0.0,1.672595952,9.0,302.45,17.666666666666668,0.0,-0.4,8,Monsoon
Odisha,Khordha,2019-09,20.22564715,85.56059465,9.0,1.0,0.4374985599,16.0,301.1733334,11.0,0.3333333333333333,0.0,9,Monsoon
Odisha,Khordha,2022-06,20.22564715,85.56059465,7.0,0.0,0.001571475845,0.0,308.04,8.333333333333334,0.3333333333333333,-0.2222222222222222,6,Monsoon
Odisha,Khurda,2009-07,20.1540594,85.7086509,21.0,1.0,3.19228112,3.0,300.2,21.0,1.0,0.0,7,Monsoon
Odisha,Khurda,2010-03,20.1540594,85.7086509,57.0,0.0,0.001070282803,0.0,309.7333334,39.0,0.5,1.7142857142857144,3,Summer
Odisha,Khurda,2015-07,20.1540594,85.7086509,24.0,0.0,0.4721058709,10.0,306.23,34.0,0.3333333333333333,-0.5789473684210527,7,Monsoon
Odisha,Khurda,2016-05,20.1540594,85.7086509,18.0,0.0,0.02004142418,6.0,314.445,33.0,0.0,-0.25,5,Summer
Odisha,Khurda,2016-09,20.1540594,85.7086509,3215.0,0.0,0.7937552955,12.5,299.49649999999997,1085.6666666666667,0.0,177.61111111111111,9,Monsoon
Odisha,Khurda,2016-10,20.1540594,85.7086509,6311.0,0.0,0.8636868272,20.0,298.695,3181.3333333333335,0.0,0.9629860031104198,10,Post-Monsoon
Odisha,Khurda,2016-11,20.1540594,85.7086509,1515.0,0.0,0.0001036839895,16.0,301.144,3680.3333333333335,0.0,-0.7599429567421961,11,Post-Monsoon
Odisha,Khurda,2016-12,20.1540594,85.7086509,2211.0,0.0,0.0006880132625,0.0,300.785,3345.6666666666665,0.0,0.45940594059405937,12,Winter
Odisha,Khurda,2018-02,20.1540594,85.7086509,20.0,0.0,0.0001171678108,7.0,303.48,1248.6666666666667,0.0,-0.9909543193125283,2,Winter
Odisha,Khurda,2019-08,20.1540594,85.7086509,16.0,1.0,1.355970819,7.0,300.8,749.0,0.3333333333333333,-0.19999999999999996,8,Monsoon
Odisha,Koraput,2010-08,18.7232023,82.60811828,10.0,2.0,0.5560101106,13.0,300.86,10.0,2.0,0.0,8,Monsoon
Odisha,Koraput,2012-01,18.7232023,82.60811828,6.0,1.0,0.0001387414333,10.0,301.7266666,8.0,1.5,-0.4,1,Winter
Odisha,Koraput,2013-01,18.7232023,82.60811828,12.0,0.0,0.0005158167415,11.0,301.948,9.333333333333334,1.0,1.0,1,Winter
Odisha,Koraput,2013-05,18.7232023,82.60811828,23.0,0.0,0.02501081263,15.0,308.556,13.666666666666666,0.3333333333333333,0.9166666666666667,5,Summer
Odisha,Koraput,2015-07,18.7232023,82.60811828,26.0,1.0,0.5358367367,0.0,0.0,20.333333333333332,0.3333333333333333,0.13043478260869557,7,Monsoon
Odisha,Koraput,2016-02,18.7232023,82.60811828,11.0,0.0,0.0001469061965,0.0,305.28000000000003,20.0,0.3333333333333333,-0.5769230769230769,2,Winter
Odisha,Koraput,2016-05,18.7232023,82.60811828,30.0,0.0,0.6730653508,0.0,304.5733334,22.333333333333332,0.3333333333333333,1.727272727272727,5,Summer
Odisha,Koraput,2016-07,18.7232023,82.60811828,14.0,0.0,1.146740569,0.0,303.36,18.333333333333332,0.0,-0.5333333333333333,7,Monsoon
Odisha,Koraput,2017-01,18.7232023,82.60811828,15.0,0.0,0.0003563634079,12.0,300.6866666,19.666666666666668,0.0,0.0714285714285714,1,Winter
Odisha,Koraput,2017-02,18.7232023,82.60811828,211.0,1.0,0.02549084525,0.0,303.86,80.0,0.3333333333333333,13.066666666666666,2,Winter
Odisha,Koraput,2017-03,18.7232023,82.60811828,7.0,0.0,7.1e-05,0.0,308.68,77.66666666666667,0.3333333333333333,-0.966824644549763,3,Summer
Odisha,Koraput,2017-04,18.7232023,82.60811828,1327.0,0.0,0.01045263536945,5.0,312.4323333,515.0,0.3333333333333333,188.57142857142858,4,Summer
Odisha,Koraput,2017-11,18.7232023,82.60811828,12.0,0.0,0.2547019761,0.0,297.94,448.6666666666667,0.0,-0.9909570459683497,11,Post-Monsoon
Odisha,Koraput,2018-05,18.7232023,82.60811828,20.0,0.0,0.09129831504,15.0,308.49,453.0,0.0,0.6666666666666667,5,Summer
Odisha,Koraput,2018-06,18.7232023,82.60811828,40.0,0.0,0.07753796441,12.0,303.676,24.0,0.0,1.0,6,Monsoon
Odisha,Koraput,2019-01,18.7232023,82.60811828,11.0,0.0,8.11e-05,12.0,299.68,23.666666666666668,0.0,-0.725,1,Winter
Odisha,Koraput,2019-03,18.7232023,82.60811828,13.0,0.0,0.005392221548,10.0,306.388,21.333333333333332,0.0,0.18181818181818188,3,Summer
Odisha,Koraput,2020-02,18.7232023,82.60811828,20.0,0.0,0.03922885498,12.0,300.85,14.666666666666666,0.0,0.5384615384615385,2,Winter
Odisha,Koraput,2021-05,18.7232023,82.60811828,9.0,0.0,0.02873045432,0.0,310.112,14.0,0.0,-0.55,5,Summer
Odisha,Koraput,2021-09,18.7232023,82.60811828,22.0,2.0,0.6516250059,9.0,299.14,17.0,0.6666666666666666,1.4444444444444446,9,Monsoon
Odisha,Koraput,2022-02,18.7232023,82.60811828,15.0,0.0,0.0004905797777,12.0,300.5566666,15.333333333333334,0.6666666666666666,-0.31818181818181823,2,Winter
Odisha,Koraput,2022-03,18.7232023,82.60811828,9418.0,0.0,0.0003837535757666667,7.333333333333333,307.5591111333334,3151.6666666666665,0.6666666666666666,626.8666666666667,3,Summer
Odisha,Malkangiri,2009-10,18.35835435,81.89823749,123.0,0.0,0.07796978112,31.0,300.1966666,123.0,0.0,0.0,10,Post-Monsoon
Odisha,Malkangiri,2011-03,18.35835435,81.89823749,2529.0,1.0,0.01032395802405,12.0,306.3716667,1326.0,0.5,19.5609756097561,3,Summer
Odisha,Malkangiri,2011-07,18.35835435,81.89823749,76.0,0.0,1.351279958,11.0,0.0,909.3333333333334,0.3333333333333333,-0.9699485962831158,7,Monsoon
Odisha,Malkangiri,2015-06,18.35835435,81.89823749,167.0,0.0,0.5675604978,10.0,300.56,924.0,0.3333333333333333,1.1973684210526314,6,Monsoon
Odisha,Mayurbhanj,2010-04,21.75,86.5,17.0,0.0,0.2415507583,10.0,309.3333334,17.0,0.0,0.0,4,Summer
Odisha,Mayurbhanj,2011-02,21.75,86.5,19.0,0.0,0.0001059390447,10.0,304.1866666,18.0,0.0,0.11764705882352944,2,Winter
Odisha,Mayurbhanj,2012-03,21.75,86.5,35.0,0.0,8.55e-05,10.0,306.0866666,23.666666666666668,0.0,0.8421052631578947,3,Summer
Odisha,Mayurbhanj,2012-07,21.75,86.5,13.0,0.0,0.9934761258,6.0,0.0,22.333333333333332,0.0,-0.6285714285714286,7,Monsoon
Odisha,Mayurbhanj,2013-12,21.75,86.5,19.0,1.0,0.005317007482,12.0,299.2933334,22.333333333333332,0.3333333333333333,0.46153846153846145,12,Winter
Odisha,Mayurbhanj,2014-03,21.75,86.5,13.0,1.0,0.1308604665,0.0,303.95,15.0,0.6666666666666666,-0.3157894736842105,3,Summer
Odisha,Mayurbhanj,2014-07,21.75,86.5,22.0,1.0,1.183433548,0.0,300.205,18.0,1.0,0.6923076923076923,7,Monsoon
Odisha,Mayurbhanj,2015-08,21.75,86.5,32.0,0.0,0.8985001324,0.0,300.44,22.333333333333332,0.6666666666666666,0.4545454545454546,8,Monsoon
Odisha,Mayurbhanj,2015-11,21.75,86.5,13.0,0.0,5.75e-05,0.0,301.4066666,22.333333333333332,0.3333333333333333,-0.59375,11,Post-Monsoon
Odisha,Mayurbhanj,2016-04,21.75,86.5,23.0,0.0,0.3049264023,14.0,306.24,22.666666666666668,0.0,0.7692307692307692,4,Summer
Odisha,Mayurbhanj,2016-09,21.75,86.5,28.0,0.0,1.590226785,11.0,0.0,21.333333333333332,0.0,0.21739130434782616,9,Monsoon
Odisha,Mayurbhanj,2016-11,21.75,86.5,11.0,0.0,0.2117027874,23.0,300.236,20.666666666666668,0.0,-0.6071428571428572,11,Post-Monsoon
Odisha,Mayurbhanj,2019-08,21.75,86.5,1316.0,0.0,2.1223141295,7.0,300.6866666,451.6666666666667,0.0,118.63636363636364,8,Monsoon
Odisha,Mayurbhanj,2019-09,21.75,86.5,11.0,0.0,0.8635627956,10.0,300.54,446.0,0.0,-0.9916413373860182,9,Monsoon
Odisha,Mayurbhanj,2019-11,21.75,86.5,9.0,0.0,0.0004240180203,18.0,299.768,445.3333333333333,0.0,-0.18181818181818177,11,Post-Monsoon
Odisha,Mayurbhanj,2021-06,21.75,86.5,18.0,0.0,1.686497547,14.0,0.0,12.666666666666666,0.0,1.0,6,Monsoon
Odisha,Mayurbhanj,2022-05,21.75,86.5,73.0,0.0,0.1835894759,14.0,304.444,33.333333333333336,0.0,3.0555555555555554,5,Summer
Odisha,Nabarangpur,2011-04,19.2288319,82.5668344,183.0,0.0,0.0001809514382,8.0,311.44,183.0,0.0,0.0,4,Summer
Odisha,Nawapara,2016-08,20.8085208,82.5340241,13.0,1.0,0.5937192147,14.0,304.98,13.0,1.0,0.0,8,Monsoon
Odisha,Nayagarh,2009-10,20.1160666,85.11195644,30.0,0.0,1.691448537,14.0,301.1,30.0,0.0,0.0,10,Post-Monsoon
Odisha,Nayagarh,2011-08,20.1160666,85.11195644,47.0,0.0,0.1573681732,20.0,301.616,38.5,0.0,0.5666666666666667,8,Monsoon
Odisha,Nayagarh,2011-10,20.1160666,85.11195644,45.0,0.0,0.1459894622,0.0,302.34000000000003,40.666666666666664,0.0,-0.04255319148936165,10,Post-Monsoon
Odisha,Nayagarh,2012-01,20.1160666,85.11195644,15.0,0.0,0.0003786070689,12.0,300.468,35.666666666666664,0.0,-0.6666666666666667,1,Winter
Odisha,Nayagarh,2012-07,20.1160666,85.11195644,12.0,0.0,2.113635255,8.0,302.96,24.0,0.0,-0.19999999999999996,7,Monsoon
Odisha,Nayagarh,2013-11,20.1160666,85.11195644,13.0,0.0,0.03465340746,15.0,300.54,13.333333333333334,0.0,0.08333333333333326,11,Post-Monsoon
Odisha,Nayagarh,2015-06,20.1160666,85.11195644,30.0,0.0,0.3039016719,18.0,305.7666666,18.333333333333332,0.0,1.3076923076923075,6,Monsoon
Odisha,Nayagarh,2016-07,20.1160666,85.11195644,37.0,0.0,1.0078808,19.0,298.5,26.666666666666668,0.0,0.2333333333333334,7,Monsoon
Odisha,Nayagarh,2016-10,20.1160666,85.11195644,9215.0,0.0,1.0997759244999998,19.0,299.634,3094.0,0.0,248.05405405405406,10,Post-Monsoon
Odisha,Nayagarh,2016-11,20.1160666,85.11195644,5121.0,0.0,0.0329903712,21.5,300.8916667,4791.0,0.0,-0.4442756375474769,11,Post-Monsoon
Odisha,Nayagarh,2017-01,20.1160666,85.11195644,13.0,0.0,0.005766175295,0.0,300.312,4783.0,0.0,-0.9974614333138059,1,Winter
Odisha,Nayagarh,2018-09,20.1160666,85.11195644,12.0,0.0,1.339343988,26.0,301.77,1715.3333333333333,0.0,-0.07692307692307687,9,Monsoon
Odisha,Nayagarh,2021-04,20.1160666,85.11195644,31.0,1.0,0.01201217272,0.0,312.47,18.666666666666668,0.3333333333333333,1.5833333333333335,4,Summer
Odisha,Nuapada,2012-08,20.76909975,82.51862846,17.0,1.0,1.16715281,6.0,0.0,17.0,1.0,0.0,8,Monsoon
Odisha,Puri,2009-09,19.8076083,85.8252538,79.0,0.0,0.6457313805,14.0,301.556,79.0,0.0,0.0,9,Monsoon
Odisha,Puri,2009-10,19.8076083,85.8252538,11.0,0.0,8.24e-05,14.0,301.62,45.0,0.0,-0.8607594936708861,10,Post-Monsoon
Odisha,Puri,2011-01,19.8076083,85.8252538,20.0,0.0,4.94e-05,7.0,297.7766666,36.666666666666664,0.0,0.8181818181818181,1,Winter
Odisha,Puri,2011-02,19.8076083,85.8252538,1623.0,2.0,0.0031458300355,3.5,301.4123333,551.3333333333334,0.6666666666666666,80.15,2,Winter
Odisha,Puri,2011-03,19.8076083,85.8252538,1641.0,0.0,0.0001176761349,11.0,305.8066667,1094.6666666666667,0.6666666666666666,0.01109057301293892,3,Summer
Odisha,Puri,2011-04,19.8076083,85.8252538,12.0,0.0,0.1703237418,8.0,306.46,1092.0,0.6666666666666666,-0.9926873857404022,4,Summer
Odisha,Puri,2011-06,19.8076083,85.8252538,1313.0,0.0,1.512027125,0.0,307.1066666,988.6666666666666,0.0,108.41666666666667,6,Monsoon
Odisha,Puri,2013-11,19.8076083,85.8252538,22.0,0.0,0.001953338867,14.0,301.1033334,449.0,0.0,-0.9832444782939832,11,Post-Monsoon
Odisha,Puri,2014-01,19.8076083,85.8252538,5127.0,0.0,0.0062348152615,0.0,299.70799999999997,2154.0,0.0,232.04545454545453,1,Winter
Odisha,Puri,2014-02,19.8076083,85.8252538,22.0,0.0,0.0001345098266,0.0,304.97,1723.6666666666667,0.0,-0.9957089916130291,2,Winter
Odisha,Puri,2014-05,19.8076083,85.8252538,21.0,0.0,0.02652885219,8.0,311.384,1723.3333333333333,0.0,-0.045454545454545414,5,Summer
Odisha,Puri,2014-07,19.8076083,85.8252538,12.0,0.0,1.050874439,5.0,300.90000000000003,18.333333333333332,0.0,-0.4285714285714286,7,Monsoon
Odisha,Puri,2015-06,19.8076083,85.8252538,11.0,0.0,0.1981705839,7.0,308.72,14.666666666666666,0.0,-0.08333333333333337,6,Monsoon
Odisha,Puri,2016-01,19.8076083,85.8252538,11.0,0.0,0.000293769061,7.0,296.9966666,11.333333333333334,0.0,0.0,1,Winter
Odisha,Puri,2021-02,19.8076083,85.8252538,350.0,0.0,0.003205307448,9.0,301.12,124.0,0.0,30.818181818181817,2,Winter
Odisha,Rayagada,2010-08,19.17209585,83.33503085,784.0,39.0,1.778999966,15.0,0.0,784.0,39.0,0.0,8,Monsoon
Odisha,Rayagada,2012-09,19.17209585,83.33503085,37.0,3.0,0.7582775659,13.0,298.74,410.5,21.0,-0.9528061224489796,9,Monsoon
Odisha,Rayagada,2013-04,19.17209585,83.33503085,20.0,0.0,0.8602560748,13.0,305.035,280.3333333333333,14.0,-0.45945945945945943,4,Summer
Odisha,Rayagada,2013-07,19.17209585,83.33503085,22.0,0.0,2.699308366,0.0,0.0,26.333333333333332,1.0,0.10000000000000009,7,Monsoon
Odisha,Rayagada,2014-09,19.17209585,83.33503085,129.0,0.0,0.1738938344,30.0,301.7066666,57.0,0.0,4.863636363636363,9,Monsoon
Odisha,Rayagada,2016-04,19.17209585,83.33503085,15.0,0.0,0.3683209718,0.0,313.71,55.333333333333336,0.0,-0.8837209302325582,4,Summer
Odisha,Rayagada,2016-07,19.17209585,83.33503085,10.0,2.0,0.9703402027,11.0,302.12,51.333333333333336,0.6666666666666666,-0.33333333333333337,7,Monsoon
Odisha,Rayagada,2016-11,19.17209585,83.33503085,33.0,0.0,0.02822704287,21.0,298.77,19.333333333333332,0.6666666666666666,2.3,11,Post-Monsoon
Odisha,Rayagada,2019-08,19.17209585,83.33503085,13.0,0.0,1.409028237,13.0,300.76,18.666666666666668,0.6666666666666666,-0.6060606060606061,8,Monsoon
Odisha,Rayagada,2019-09,19.17209585,83.33503085,28.0,2.0,1.098967228,15.0,0.0,24.666666666666668,0.6666666666666666,1.1538461538461537,9,Monsoon
Odisha,Rayagada,2020-01,19.17209585,83.33503085,31.0,0.0,0.03182859956,16.0,296.4833334,24.0,0.6666666666666666,0.1071428571428572,1,Winter
Odisha,Rayagada,2021-12,19.17209585,83.33503085,11.0,0.0,0.2974712639,18.0,297.63,23.333333333333332,0.6666666666666666,-0.6451612903225806,12,Winter
Odisha,Sambalpur,2009-09,21.4706422,83.9836858,22.0,0.0,0.530519378,20.0,300.21500000000003,22.0,0.0,0.0,9,Monsoon
Odisha,Sambalpur,2011-10,21.4706422,83.9836858,22.0,0.0,0.074976828,0.0,301.384,22.0,0.0,0.0,10,Post-Monsoon
Odisha,Sambalpur,2013-04,21.4706422,83.9836858,19.0,0.0,0.05533468677,10.0,308.0866666,21.0,0.0,-0.13636363636363635,4,Summer
Odisha,Sambalpur,2013-08,21.4706422,83.9836858,12.0,0.0,0.5017319065,11.0,300.4733334,17.666666666666668,0.0,-0.368421052631579,8,Monsoon
Odisha,Sambalpur,2014-07,21.4706422,83.9836858,11.0,0.0,1.989194879,5.0,0.0,14.0,0.0,-0.08333333333333337,7,Monsoon
Odisha,Sonepur,2015-07,20.8453864,83.909083,39.0,0.0,0.8327500104,4.0,303.12,39.0,0.0,0.0,7,Monsoon
Odisha,Sonepur,2015-09,20.8453864,83.909083,7.0,1.0,0.5013204062,0.0,302.38,23.0,0.5,-0.8205128205128205,9,Monsoon
Odisha,Subarnapur,2012-08,19.08143,84.5144503,24.0,0.0,1.650992175,13.0,300.34000000000003,24.0,0.0,0.0,8,Monsoon
Odisha,Subarnapur,2013-08,19.08143,84.5144503,19.0,0.0,0.708920688,9.0,298.78000000000003,21.5,0.0,-0.20833333333333337,8,Monsoon
Odisha,Subarnapur,2013-09,19.08143,84.5144503,17.0,0.0,0.7558107521,0.0,301.485,20.0,0.0,-0.10526315789473684,9,Monsoon
Odisha,Subarnapur,2013-10,19.08143,84.5144503,222014.0,0.0,0.9336550003666666,22.333333333333332,302.64111106666667,74016.66666666667,0.0,13058.64705882353,10,Post-Monsoon
Odisha,Subarnapur,2015-09,19.08143,84.5144503,8.0,1.0,1.056929921,0.0,305.54,74013.0,0.3333333333333333,-0.9999639662363635,9,Monsoon
Odisha,Sundargarh,2009-08,22.13327195,83.9796528,10.0,3.0,0.8983162854,14.0,302.19,10.0,3.0,0.0,8,Monsoon
Odisha,Sundargarh,2011-07,22.13327195,83.9796528,12.0,0.0,0.7137109566,0.0,299.93,11.0,1.5,0.19999999999999996,7,Monsoon
Odisha,Sundargarh,2013-09,22.13327195,83.9796528,24.0,0.0,0.473316134,0.0,0.0,15.333333333333334,1.0,1.0,9,Monsoon
Odisha,Sundargarh,2014-02,22.13327195,83.9796528,41.0,0.0,6.78e-05,8.0,301.7633334,25.666666666666668,0.0,0.7083333333333333,2,Winter
Odisha,Sundargarh,2021-10,22.13327195,83.9796528,16.0,0.0,0.3894156537,16.0,301.96,27.0,0.0,-0.6097560975609756,10,Post-Monsoon
Odisha,Sundergarh,2009-07,22.1181799,84.0361994,76.0,1.0,1.439698713,4.0,0.0,76.0,1.0,0.0,7,Monsoon
Puducherry,Karaikal,2016-10,10.91571,79.8375761,4.0,1.0,0.1481082706,11.0,308.24,4.0,1.0,0.0,10,Post-Monsoon
Puducherry,Karaikal,2017-07,10.91571,79.8375761,32.0,0.0,0.01818876568,9.0,311.3,18.0,0.5,7.0,7,Monsoon
Puducherry,Karaikal,2018-02,10.91571,79.8375761,18.0,0.0,0.02075294889,10.0,305.015,18.0,0.3333333333333333,-0.4375,2,Winter
Puducherry,Karaikal,2019-10,10.91571,79.8375761,78.0,0.0,0.07364809594,0.0,304.36400000000003,42.666666666666664,0.0,3.333333333333333,10,Post-Monsoon
Puducherry,Karaikal,2022-05,10.91571,79.8375761,113.0,0.0,0.03765778924,11.0,306.88,69.66666666666667,0.0,0.4487179487179487,5,Summer
Puducherry,Mahe,2019-06,11.7021978,75.5364701,4.0,0.0,0.8563175475,19.0,300.71,4.0,0.0,0.0,6,Monsoon
Puducherry,Pondicherry,2017-09,11.9340568,79.8306447,55.0,0.0,0.3985309936,11.0,293.86,55.0,0.0,0.0,9,Monsoon
Puducherry,Pondicherry,2018-08,11.9340568,79.8306447,27.0,0.0,0.2792371655,8.0,0.0,41.0,0.0,-0.509090909090909,8,Monsoon
Puducherry,Pondicherry,2019-09,11.9340568,79.8306447,79.0,1.0,0.4218353432,0.0,302.5466666,53.666666666666664,0.3333333333333333,1.925925925925926,9,Monsoon
Puducherry,Puducherry,2009-10,11.9340568,79.8306447,12.0,0.0,0.007798977484,10.0,308.008,12.0,0.0,0.0,10,Post-Monsoon
Puducherry,Puducherry,2010-01,11.9340568,79.8306447,8.0,0.0,0.03498111588,10.0,300.115,10.0,0.0,-0.33333333333333337,1,Winter
Puducherry,Puducherry,2010-02,11.9340568,79.8306447,10.0,0.0,0.04779155861,0.0,301.0733334,10.0,0.0,0.25,2,Winter
Puducherry,Puducherry,2010-06,11.9340568,79.8306447,7476.0,0.0,0.20196816455,11.5,308.95000000000005,2498.0,0.0,746.6,6,Monsoon
Puducherry,Puducherry,2010-11,11.9340568,79.8306447,5.0,0.0,0.545403365,7.0,300.72,2497.0,0.0,-0.9993311931514178,11,Post-Monsoon
Puducherry,Puducherry,2011-10,11.9340568,79.8306447,1923152.0,2.0,0.6229287584,11.0,303.40000000000003,643544.3333333334,0.6666666666666666,384629.4,10,Post-Monsoon
Puducherry,Puducherry,2012-10,11.9340568,79.8306447,196546155937303.0,0.0,0.037774874995,8.25,307.34000000000003,65515385953486.664,0.6666666666666666,102200010.19896035,10,Post-Monsoon
Puducherry,Puducherry,2014-08,11.9340568,79.8306447,23.0,0.0,0.1876158662,9.0,302.83,65515385953492.664,0.6666666666666666,-0.999999999999883,8,Monsoon
Puducherry,Puducherry,2016-09,11.9340568,79.8306447,63.0,2.0,0.062321354555,4.5,308.5941667,65515385312463.0,0.6666666666666666,1.7391304347826089,9,Monsoon
Puducherry,Puducherry,2018-10,11.9340568,79.8306447,32.0,0.0,0.02062496327,9.0,302.92,39.333333333333336,0.6666666666666666,-0.4920634920634921,10,Post-Monsoon
Puducherry,Puducherry,2019-01,11.9340568,79.8306447,17.0,0.0,0.001047460162,10.0,302.0,37.333333333333336,0.6666666666666666,-0.46875,1,Winter
Puducherry,Puducherry,2019-04,11.9340568,79.8306447,7.0,0.0,0.0008623288635,8.0,312.7,18.666666666666668,0.0,-0.5882352941176471,4,Summer
Puducherry,Puducherry,2019-09,11.9340568,79.8306447,32.0,0.0,0.1442798032,13.0,309.95,18.666666666666668,0.0,3.571428571428571,9,Monsoon
Puducherry,Puducherry,2020-04,11.9340568,79.8306447,2.0,0.0,0.0002428910523,9.0,310.56333340000003,13.666666666666666,0.0,-0.9375,4,Summer
Puducherry,Puducherry,2021-01,11.9340568,79.8306447,613.0,0.0,0.46778106494000005,4.0,300.19500000000005,215.66666666666666,0.0,305.5,1,Winter
Puducherry,Puducherry,2021-02,11.9340568,79.8306447,108.0,0.0,0.1317422113,8.0,303.5733334,241.0,0.0,-0.8238172920065253,2,Winter
Puducherry,Puducherry,2021-03,11.9340568,79.8306447,1111.0,0.0,0.00108310766,10.0,306.952,610.6666666666666,0.0,9.287037037037036,3,Summer
Puducherry,Puducherry & Karaikal,2018-11,10.9850622,79.8443779,49.0,0.0,0.7038467396,16.0,299.76,49.0,0.0,0.0,11,Post-Monsoon
Punjab,Amritsar,2012-09,31.6343083,74.8736788,20.0,0.0,0.57443161,16.0,297.45,20.0,0.0,0.0,9,Monsoon
Punjab,Amritsar,2012-11,31.6343083,74.8736788,17.0,0.0,0.007137847201,0.0,300.93,18.5,0.0,-0.15000000000000002,11,Post-Monsoon
Punjab,Amritsar,2013-08,31.6343083,74.8736788,15.0,0.0,0.8243881827,16.0,301.9866666,17.333333333333332,0.0,-0.11764705882352944,8,Monsoon
Punjab,Amritsar,2016-05,31.6343083,74.8736788,43.0,0.0,0.1034610308,4.0,310.492,25.0,0.0,1.8666666666666667,5,Summer
Punjab,Barnala,2009-07,30.3704685,75.50401742,408.0,0.0,0.4210993467,6.0,306.325,408.0,0.0,0.0,7,Monsoon
Punjab,Barnala,2010-07,30.3704685,75.50401742,276.0,0.0,0.2159654165,0.0,304.96,342.0,0.0,-0.32352941176470584,7,Monsoon
Punjab,Barnala,2011-09,30.3704685,75.50401742,33.0,0.0,0.4208269424,28.0,303.02,239.0,0.0,-0.8804347826086957,9,Monsoon
Punjab,Barnala,2016-06,30.3704685,75.50401742,7.0,1.0,0.05296672756,2.0,310.72,105.33333333333333,0.3333333333333333,-0.7878787878787878,6,Monsoon
Punjab,Barnala,2016-08,30.3704685,75.50401742,34.0,1.0,0.4538810617,31.0,302.66,24.666666666666668,0.6666666666666666,3.8571428571428568,8,Monsoon
Punjab,Barnala,2017-07,30.3704685,75.50401742,12.0,0.0,1.059996735,11.0,300.94,17.666666666666668,0.6666666666666666,-0.6470588235294117,7,Monsoon
Punjab,Bathinda,2016-07,30.17911535,75.04710156,6767.0,0.0,0.2584293384,13.0,303.016,6767.0,0.0,0.0,7,Monsoon
Punjab,Bathinda,2017-03,30.17911535,75.04710156,12.0,0.0,0.001377837431,0.0,296.02,3389.5,0.0,-0.9982266883404758,3,Summer
Punjab,Fatehgarh Sahib,2009-09,30.6466737,76.3887563,53.0,0.0,1.028256374,0.0,300.1333334,53.0,0.0,0.0,9,Monsoon
Punjab,Fatehgarh Sahib,2010-08,30.6466737,76.3887563,50.0,0.0,0.6150758466,17.0,301.62,51.5,0.0,-0.05660377358490565,8,Monsoon
Punjab,Fatehgarh Sahib,2016-08,30.6466737,76.3887563,15.0,1.0,1.258735145,27.0,300.48,39.333333333333336,0.3333333333333333,-0.7,8,Monsoon
Punjab,Fatehgarh Sahib,2018-08,30.6466737,76.3887563,52.0,0.0,0.3161535523,24.0,299.3933334,39.0,0.3333333333333333,2.466666666666667,8,Monsoon
Punjab,Fatehgarh Sahib,2019-08,30.6466737,76.3887563,43.0,0.0,1.993092932,29.0,299.955,36.666666666666664,0.3333333333333333,-0.17307692307692313,8,Monsoon
Punjab,Ferozepur,2018-07,30.6839733,76.3594033,59.0,0.0,0.1580013215,5.0,304.3533334,59.0,0.0,0.0,7,Monsoon
Punjab,Gurdaspur,2009-08,32.166667,75.316667,20.0,0.0,0.1441968059,13.0,303.29,20.0,0.0,0.0,8,Monsoon
Punjab,Gurdaspur,2010-08,32.166667,75.316667,3.0,2.0,1.161508195,7.0,309.23,11.5,1.0,-0.85,8,Monsoon
Punjab,Gurdaspur,2011-02,32.166667,75.316667,39.0,0.0,0.001985911746,0.0,287.50333340000003,20.666666666666668,0.6666666666666666,12.0,2,Winter
Punjab,Gurdaspur,2012-05,32.166667,75.316667,17.0,0.0,0.1940821393,5.0,303.732,19.666666666666668,0.6666666666666666,-0.5641025641025641,5,Summer
Punjab,Gurdaspur,2012-07,32.166667,75.316667,50.0,0.0,0.04147596146,3.0,310.79,35.333333333333336,0.0,1.9411764705882355,7,Monsoon
Punjab,Gurdaspur,2012-10,32.166667,75.316667,383.0,18.0,0.0001070380447,16.0,304.29,150.0,6.0,6.66,10,Post-Monsoon
Punjab,Gurdaspur,2013-09,32.166667,75.316667,22.0,0.0,0.06276237649,18.0,299.4033334,151.66666666666666,6.0,-0.9425587467362925,9,Monsoon
Punjab,Gurdaspur,2017-04,32.166667,75.316667,57.0,0.0,6.85e-05,11.0,299.98,154.0,6.0,1.5909090909090908,4,Summer
Punjab,Gurdaspur,2018-10,32.166667,75.316667,40.0,0.0,0.06629035306,0.0,299.61,39.666666666666664,0.0,-0.29824561403508776,10,Post-Monsoon
Punjab,Gurdaspur,2019-07,32.166667,75.316667,2.0,1.0,0.3756475507,0.0,300.1733334,33.0,0.3333333333333333,-0.95,7,Monsoon
Punjab,Gurdaspur,2019-10,32.166667,75.316667,10.0,0.0,0.01981044532,0.0,300.488,17.333333333333332,0.3333333333333333,4.0,10,Post-Monsoon
Punjab,Gurdaspur,2019-12,32.166667,75.316667,19.0,0.0,5.62e-05,6.0,292.4233334,10.333333333333334,0.3333333333333333,0.8999999999999999,12,Winter
Punjab,Hoshiarpur,2009-08,31.60857425,75.84644247,40.0,0.0,0.8512414584,0.0,299.02,40.0,0.0,0.0,8,Monsoon
Punjab,Hoshiarpur,2011-05,31.60857425,75.84644247,37.0,0.0,0.04116704934,8.0,308.2466666,38.5,0.0,-0.07499999999999996,5,Summer
Punjab,Hoshiarpur,2011-10,31.60857425,75.84644247,15.0,0.0,0.1526427222,15.0,302.5333334,30.666666666666668,0.0,-0.5945945945945945,10,Post-Monsoon
Punjab,Hoshiarpur,2012-07,31.60857425,75.84644247,45.0,0.0,0.1160651696,16.0,303.27500000000003,32.333333333333336,0.0,2.0,7,Monsoon
Punjab,Hoshiarpur,2012-08,31.60857425,75.84644247,80.0,0.0,1.148769571,20.0,298.8266666,46.666666666666664,0.0,0.7777777777777777,8,Monsoon
Punjab,Hoshiarpur,2012-10,31.60857425,75.84644247,40.0,0.0,0.01672340379,13.0,301.7866666,55.0,0.0,-0.5,10,Post-Monsoon
Punjab,Hoshiarpur,2014-07,31.60857425,75.84644247,86.0,0.0,0.5101043947,0.0,305.85,68.66666666666667,0.0,1.15,7,Monsoon
Punjab,Hoshiarpur,2015-08,31.60857425,75.84644247,18.0,0.0,0.5658128235,21.0,300.4666666,48.0,0.0,-0.7906976744186046,8,Monsoon
Punjab,Hoshiarpur,2016-09,31.60857425,75.84644247,34.0,0.0,0.2459495337,23.0,302.15000000000003,46.0,0.0,0.8888888888888888,9,Monsoon
Punjab,Hoshiarpur,2018-07,31.60857425,75.84644247,355.0,4.0,1.003500193,12.0,302.785,135.66666666666666,1.3333333333333333,9.441176470588236,7,Monsoon
Punjab,Hoshiarpur,2018-09,31.60857425,75.84644247,22.0,0.0,3.174566892,0.0,299.93,137.0,1.3333333333333333,-0.9380281690140845,9,Monsoon
Punjab,Hoshiarpur,2019-03,31.60857425,75.84644247,98.0,0.0,0.2177767322,0.0,296.14,158.33333333333334,1.3333333333333333,3.454545454545454,3,Summer
Punjab,Hoshiarpur,2019-07,31.60857425,75.84644247,11.0,0.0,0.5697781468,8.0,295.94,43.666666666666664,0.0,-0.8877551020408163,7,Monsoon
Punjab,Hoshiarpur,2019-08,31.60857425,75.84644247,72.0,0.0,0.1590550786,0.0,303.22,60.333333333333336,0.0,5.545454545454546,8,Monsoon
Punjab,Hoshiarpur,2019-09,31.60857425,75.84644247,123.0,1.0,0.1801431669,0.0,301.04,68.66666666666667,0.3333333333333333,0.7083333333333333,9,Monsoon
Punjab,Jalandhar,2009-08,31.29201065,75.56805772,116.0,0.0,0.1552191933,12.0,302.06,116.0,0.0,0.0,8,Monsoon
Punjab,Jalandhar,2010-07,31.29201065,75.56805772,202202.0,2.0,1.013256608,8.0,302.964,101159.0,1.0,1742.1206896551723,7,Monsoon
Punjab,Jalandhar,2010-08,31.29201065,75.56805772,14167.0,0.0,0.8519237656,15.0,298.31,72161.66666666667,0.6666666666666666,-0.9299364002334299,8,Monsoon
Punjab,Jalandhar,2011-03,31.29201065,75.56805772,96.0,0.0,0.0003064361425,13.0,301.19333340000003,72155.0,0.6666666666666666,-0.99322368885438,3,Summer
Punjab,Jalandhar,2011-05,31.29201065,75.56805772,35.0,0.0,0.3009952221,4.0,311.09000000000003,4766.0,0.0,-0.6354166666666667,5,Summer
Punjab,Jalandhar,2011-06,31.29201065,75.56805772,5410960.0,1.0,0.4916258805,5.0,306.788,1803697.0,0.3333333333333333,154597.85714285713,6,Monsoon
Punjab,Jalandhar,2011-09,31.29201065,75.56805772,163.0,0.0,0.05062222581,16.0,300.94333340000003,1803719.3333333333,0.3333333333333333,-0.9999698759554682,9,Monsoon
Punjab,Jalandhar,2011-10,31.29201065,75.56805772,214.0,0.0,0.02711370323,0.0,302.3266666,1803779.0,0.3333333333333333,0.31288343558282206,10,Post-Monsoon
Punjab,Jalandhar,2013-08,31.29201065,75.56805772,99.0,0.0,0.3261515992,22.0,302.065,158.66666666666666,0.0,-0.5373831775700935,8,Monsoon
Punjab,Jalandhar,2015-09,31.29201065,75.56805772,12.0,0.0,0.01932411427,19.0,303.37333340000004,108.33333333333333,0.0,-0.8787878787878788,9,Monsoon
Punjab,Jalandhar,2016-06,31.29201065,75.56805772,20.0,0.0,0.003103500839,4.0,314.46,43.666666666666664,0.0,0.6666666666666667,6,Monsoon
Punjab,Jalandhar,2016-07,31.29201065,75.56805772,39.0,0.0,0.1381792998,8.0,304.2733334,23.666666666666668,0.0,0.95,7,Monsoon
Punjab,Jalandhar,2016-08,31.29201065,75.56805772,16554.0,2.0,0.31355025550500004,16.5,302.4173333,5537.666666666667,0.6666666666666666,423.46153846153845,8,Monsoon
Punjab,Jalandhar,2017-06,31.29201065,75.56805772,414.0,1.0,0.4262215264,5.0,308.59000000000003,5669.0,1.0,-0.9749909387459225,6,Monsoon
Punjab,Jalandhar,2018-07,31.29201065,75.56805772,10.0,0.0,0.9107250577,11.0,300.48,5659.333333333333,1.0,-0.9758454106280193,7,Monsoon
Punjab,Jalandhar,2019-07,31.29201065,75.56805772,6.0,0.0,0.7135613795,4.0,0.0,143.33333333333334,0.3333333333333333,-0.4,7,Monsoon
Punjab,Jalandhar,2020-01,31.29201065,75.56805772,57.0,0.0,0.4007016984,0.0,284.015,24.333333333333332,0.0,8.5,1,Winter
Punjab,Kapurthala,2011-07,31.38524095,75.30552274,121.0,0.0,0.1477764457,10.0,301.24,121.0,0.0,0.0,7,Monsoon
Punjab,Kapurthala,2016-05,31.38524095,75.30552274,14.0,0.0,0.02889629928,4.0,316.9033334,67.5,0.0,-0.884297520661157,5,Summer
Punjab,Kapurthala,2018-07,31.38524095,75.30552274,54.0,0.0,0.2033935281,4.0,306.1866666,63.0,0.0,2.857142857142857,7,Monsoon
Punjab,Kapurthala,2021-10,31.38524095,75.30552274,120.0,0.0,0.01738471023,8.0,303.676,62.666666666666664,0.0,1.2222222222222223,10,Post-Monsoon
Punjab,Kapurthala,2022-04,31.38524095,75.30552274,11.0,0.0,0.01893975441,5.0,310.79200000000003,61.666666666666664,0.0,-0.9083333333333333,4,Summer
Punjab,Ludhiana,2009-07,30.9090157,75.851601,50.0,1.0,0.5697198134,12.0,300.64,50.0,1.0,0.0,7,Monsoon
Punjab,Ludhiana,2010-01,30.9090157,75.851601,104.0,0.0,0.1381749207,0.0,285.024,77.0,0.5,1.08,1,Winter
Punjab,Ludhiana,2010-07,30.9090157,75.851601,4.0,0.0,0.2159989875,7.0,301.4066666,52.666666666666664,0.3333333333333333,-0.9615384615384616,7,Monsoon
Punjab,Ludhiana,2010-08,30.9090157,75.851601,94.0,6.0,0.8023753753,20.0,296.3466666,67.33333333333333,2.0,22.5,8,Monsoon
Punjab,Ludhiana,2011-07,30.9090157,75.851601,7.0,0.0,0.0841842583,12.0,304.45,35.0,2.0,-0.925531914893617,7,Monsoon
Punjab,Ludhiana,2012-09,30.9090157,75.851601,23.0,0.0,0.3804508208,23.0,301.175,41.333333333333336,2.0,2.2857142857142856,9,Monsoon
Punjab,Ludhiana,2013-09,30.9090157,75.851601,15.0,0.0,0.08945550733,0.0,300.3566666,15.0,0.0,-0.34782608695652173,9,Monsoon
Punjab,Ludhiana,2014-05,30.9090157,75.851601,11.0,1.0,0.1493703666,5.0,308.82,16.333333333333332,0.3333333333333333,-0.2666666666666667,5,Summer
Punjab,Ludhiana,2014-07,30.9090157,75.851601,63.0,3.0,0.2257159692,10.0,304.5666666,29.666666666666668,1.3333333333333333,4.7272727272727275,7,Monsoon
Punjab,Ludhiana,2014-08,30.9090157,75.851601,10.0,0.0,0.3254602861,17.0,301.436,28.0,1.3333333333333333,-0.8412698412698413,8,Monsoon
Punjab,Ludhiana,2015-08,30.9090157,75.851601,414.0,4.0,0.3646139887,16.0,302.02500000000003,162.33333333333334,2.3333333333333335,40.4,8,Monsoon
Punjab,Ludhiana,2017-06,30.9090157,75.851601,86.0,0.0,0.4262215264,5.0,308.59000000000003,170.0,1.3333333333333333,-0.7922705314009661,6,Monsoon
Punjab,Ludhiana,2017-07,30.9090157,75.851601,171106.0,1.0,0.32608641709999997,6.5,302.81,57202.0,1.6666666666666667,1988.6046511627908,7,Monsoon
Punjab,Ludhiana,2017-08,30.9090157,75.851601,459.0,1.0,0.2742482473,19.0,301.36,57217.0,0.6666666666666666,-0.9973174523394854,8,Monsoon
Punjab,Ludhiana,2018-06,30.9090157,75.851601,7579.0,3.0,0.1338855775,0.0,310.9466666,59714.666666666664,1.6666666666666667,15.5119825708061,6,Monsoon
Punjab,Ludhiana,2018-07,30.9090157,75.851601,6675.0,2.0,1.220616067,4.5,302.7966667,4904.333333333333,2.0,-0.11927694946562872,7,Monsoon
Punjab,Ludhiana,2018-08,30.9090157,75.851601,38.0,0.0,0.1693048074,0.0,299.216,4764.0,1.6666666666666667,-0.9943071161048689,8,Monsoon
Punjab,Ludhiana,2018-09,30.9090157,75.851601,12.0,0.0,0.6080944717,20.0,301.94,2241.6666666666665,0.6666666666666666,-0.6842105263157895,9,Monsoon
Punjab,Mansa,2011-10,29.8769971,75.48898661,60.0,0.0,0.0002398606821,21.0,302.14,60.0,0.0,0.0,10,Post-Monsoon
Punjab,Mansa,2018-04,29.8769971,75.48898661,460.0,0.0,0.01229185383,3.0,310.1766666,260.0,0.0,6.666666666666667,4,Summer
Punjab,Moga,2009-08,30.7839866,75.16057423,20.0,0.0,0.1057811037,18.0,301.228,20.0,0.0,0.0,8,Monsoon
Punjab,Moga,2011-09,30.7839866,75.16057423,1115.0,0.0,0.5905217242,12.0,300.055,567.5,0.0,54.75,9,Monsoon
Punjab,Moga,2012-10,30.7839866,75.16057423,109.0,1.0,0.000561599295,0.0,303.91,414.6666666666667,0.3333333333333333,-0.9022421524663677,10,Post-Monsoon
Punjab,Moga,2014-10,30.7839866,75.16057423,13.0,0.0,0.0447774158,6.0,301.81,412.3333333333333,0.3333333333333333,-0.8807339449541285,10,Post-Monsoon
Punjab,Moga,2016-07,30.7839866,75.16057423,326.0,0.0,0.1628037717,16.0,302.7066666,149.33333333333334,0.3333333333333333,24.076923076923077,7,Monsoon
Punjab,Moga,2017-07,30.7839866,75.16057423,21.0,0.0,0.131497755,5.0,302.03200000000004,120.0,0.0,-0.9355828220858896,7,Monsoon
Punjab,Moga,2018-07,30.7839866,75.16057423,7.0,0.0,0.3783828603,7.0,304.27500000000003,118.0,0.0,-0.6666666666666667,7,Monsoon
Punjab,Moga,2019-07,30.7839866,75.16057423,13.0,0.0,0.0654870152,3.0,308.964,13.666666666666666,0.0,0.8571428571428572,7,Monsoon
Punjab,Moga,2020-02,30.7839866,75.16057423,68.0,0.0,0.1776788307,0.0,289.6733334,29.333333333333332,0.0,4.230769230769231,2,Winter
Punjab,Mohali,2009-06,30.7041168,76.7176885,41273.0,0.0,0.012219545299999999,5.0,313.63333339999997,41273.0,0.0,0.0,6,Monsoon
Punjab,Mohali,2013-08,30.7041168,76.7176885,46.0,0.0,0.1379093667,0.0,300.9966666,20659.5,0.0,-0.9988854699198023,8,Monsoon
Punjab,Muktsar,2016-08,30.4692,74.5182,15.0,0.0,0.1496760657,23.0,301.644,15.0,0.0,0.0,8,Monsoon
Punjab,Muktsar,2019-06,30.4692,74.5182,12.0,0.0,0.09348640128,0.0,308.936,13.5,0.0,-0.19999999999999996,6,Monsoon
Punjab,Nawanshahr,2020-06,31.1268889,76.15768481,37.0,0.0,0.3439373856,10.0,306.935,37.0,0.0,0.0,6,Monsoon
Punjab,Patiala,2011-08,30.2090874,76.33987209,5.0,3.0,0.5662339261,28.0,302.34000000000003,5.0,3.0,0.0,8,Monsoon
Punjab,Patiala,2012-05,30.2090874,76.33987209,30.0,0.0,0.003398637663,3.0,315.1866666,17.5,1.5,5.0,5,Summer
Punjab,Patiala,2012-07,30.2090874,76.33987209,35.0,0.0,0.1044610004,11.0,303.21500000000003,23.333333333333332,1.0,0.16666666666666674,7,Monsoon
Punjab,Patiala,2012-08,30.2090874,76.33987209,18.0,0.0,0.4128820429,0.0,301.548,27.666666666666668,0.0,-0.48571428571428577,8,Monsoon
Punjab,Patiala,2012-09,30.2090874,76.33987209,17.0,1.0,0.3715674042,0.0,296.752,23.333333333333332,0.3333333333333333,-0.05555555555555558,9,Monsoon
Punjab,Patiala,2013-07,30.2090874,76.33987209,12.0,0.0,0.2895728397,5.0,305.595,15.666666666666666,0.3333333333333333,-0.2941176470588235,7,Monsoon
Punjab,Patiala,2014-07,30.2090874,76.33987209,28.0,0.0,0.1538627421,0.0,304.29,19.0,0.3333333333333333,1.3333333333333335,7,Monsoon
Punjab,Patiala,2016-06,30.2090874,76.33987209,480.0,2.0,0.02500362103,3.0,314.3266666,173.33333333333334,0.6666666666666666,16.142857142857142,6,Monsoon
Punjab,Patiala,2016-08,30.2090874,76.33987209,28.0,0.0,0.6933094487,20.0,302.6266666,178.66666666666666,0.6666666666666666,-0.9416666666666667,8,Monsoon
Punjab,Patiala,2017-05,30.2090874,76.33987209,22.0,0.0,0.01948679743,0.0,311.54400000000004,176.66666666666666,0.6666666666666666,-0.2142857142857143,5,Summer
Punjab,Patiala,2018-07,30.2090874,76.33987209,71.0,0.0,1.170283469,10.0,0.0,40.333333333333336,0.0,2.227272727272727,7,Monsoon
Punjab,Patiala,2018-09,30.2090874,76.33987209,19.0,0.0,0.003788368621,0.0,301.24333340000004,37.333333333333336,0.0,-0.7323943661971831,9,Monsoon
Punjab,Patiala,2019-06,30.2090874,76.33987209,141.0,2.0,0.02437384092,3.0,315.21,77.0,0.6666666666666666,6.421052631578948,6,Monsoon
Punjab,Patiala,2021-01,30.2090874,76.33987209,41.0,0.0,0.002698492666,16.0,291.34000000000003,67.0,0.6666666666666666,-0.7092198581560284,1,Winter
Punjab,Patiala,2021-06,30.2090874,76.33987209,20.0,1.0,0.02640826338,4.0,306.4133334,67.33333333333333,1.0,-0.5121951219512195,6,Monsoon
Punjab,Patiala,2021-11,30.2090874,76.33987209,49.0,0.0,0.002883805667,4.0,299.76,36.666666666666664,0.3333333333333333,1.4500000000000002,11,Post-Monsoon
Punjab,Patiala,2022-04,30.2090874,76.33987209,218.0,2.0,0.0004382394791,5.0,311.5233334,95.66666666666667,1.0,3.4489795918367347,4,Summer
Punjab,Patiala,2022-06,30.2090874,76.33987209,283.0,0.0,0.01315846829,3.0,312.0266666,183.33333333333334,0.6666666666666666,0.298165137614679,6,Monsoon
Punjab,Roopnagar,2009-08,30.9688367,76.526088,94.0,0.0,0.1790536523,0.0,299.6533334,94.0,0.0,0.0,8,Monsoon
Punjab,Roopnagar,2016-03,30.9688367,76.526088,42.0,0.0,0.01270124195,12.0,299.18333340000004,68.0,0.0,-0.5531914893617021,3,Summer
Punjab,Roopnagar,2018-01,30.9688367,76.526088,37.0,0.0,6.4e-05,12.0,291.2933334,57.666666666666664,0.0,-0.11904761904761907,1,Winter
Punjab,Rupnagar,2012-06,31.09168085,76.52726739,24.0,1.0,0.04968281096,0.0,312.895,24.0,1.0,0.0,6,Monsoon
Punjab,Rupnagar,2016-07,31.09168085,76.52726739,70.0,0.0,0.1248681535,0.0,302.93,47.0,0.5,1.9166666666666665,7,Monsoon
Punjab,Rupnagar,2017-04,31.09168085,76.52726739,25.0,0.0,0.1987305729,11.0,301.6333334,39.666666666666664,0.3333333333333333,-0.6428571428571428,4,Summer
Punjab,Rupnagar,2017-06,31.09168085,76.52726739,61.0,0.0,0.6116129531,12.0,306.6,52.0,0.0,1.44,6,Monsoon
Punjab,S.A.S Nagar,2010-07,30.7041168,76.7176885,100100.0,0.0,0.4547184123,10.0,301.505,100100.0,0.0,0.0,7,Monsoon
Punjab,S.A.S Nagar,2012-05,30.7041168,76.7176885,15133.0,0.0,0.00313175938,5.0,310.8166666,57616.5,0.0,-0.8488211788211788,5,Summer
Punjab,S.A.S Nagar,2012-06,30.7041168,76.7176885,173.0,0.0,0.01710492682,5.0,314.172,38468.666666666664,0.0,-0.9885680301328224,6,Monsoon
Punjab,S.A.S Nagar,2012-07,30.7041168,76.7176885,7.0,0.0,0.1163993226,4.0,311.04,5104.333333333333,0.0,-0.9595375722543352,7,Monsoon
Punjab,S.A.S Nagar,2015-04,30.7041168,76.7176885,40.0,0.0,0.06508126192,0.0,303.476,73.33333333333333,0.0,4.714285714285714,4,Summer
Punjab,S.A.S Nagar,2015-10,30.7041168,76.7176885,18.0,1.0,0.01927856949,13.0,302.93,21.666666666666668,0.3333333333333333,-0.55,10,Post-Monsoon
Punjab,S.A.S Nagar,2017-01,30.7041168,76.7176885,103.0,0.0,0.1335549893,11.0,286.992,53.666666666666664,0.3333333333333333,4.722222222222222,1,Winter
Punjab,S.A.S Nagar,2017-03,30.7041168,76.7176885,135.0,0.0,0.006693405674,16.0,296.8766666,85.33333333333333,0.3333333333333333,0.3106796116504855,3,Summer
Punjab,S.A.S Nagar,2018-07,30.7041168,76.7176885,18.0,0.0,0.4432133977,9.0,302.77,85.33333333333333,0.0,-0.8666666666666667,7,Monsoon
Punjab,S.A.S Nagar,2018-08,30.7041168,76.7176885,15.0,1.0,0.2640002865,18.0,299.876,56.0,0.3333333333333333,-0.16666666666666663,8,Monsoon
Punjab,S.A.S Nagar,2018-12,30.7041168,76.7176885,12.0,0.0,7.52e-05,12.0,290.5233334,15.0,0.3333333333333333,-0.19999999999999996,12,Winter
Punjab,S.A.S Nagar,2019-02,30.7041168,76.7176885,8.0,0.0,0.7055489849,12.0,290.188,11.666666666666666,0.3333333333333333,-0.33333333333333337,2,Winter
Punjab,S.A.S Nagar,2019-04,30.7041168,76.7176885,18.0,0.0,0.3997254864,8.0,306.5466666,12.666666666666666,0.0,1.25,4,Summer
Punjab,S.A.S Nagar,2019-07,30.7041168,76.7176885,24.0,0.0,0.2836651093,14.0,304.1333334,16.666666666666668,0.0,0.33333333333333326,7,Monsoon
Punjab,S.A.S Nagar,2019-08,30.7041168,76.7176885,10.0,0.0,0.7007146467,14.0,303.85,17.333333333333332,0.0,-0.5833333333333333,8,Monsoon
Punjab,S.A.S Nagar,2019-09,30.7041168,76.7176885,129.0,0.0,0.2011654714,22.0,300.184,54.333333333333336,0.0,11.9,9,Monsoon
Punjab,S.A.S Nagar,2019-10,30.7041168,76.7176885,12914.0,0.0,0.382718801245,16.0,300.7291667,4351.0,0.0,99.10852713178295,10,Post-Monsoon
Punjab,S.A.S Nagar,2021-09,30.7041168,76.7176885,138.0,0.0,0.230550585,0.0,303.05,4393.666666666667,0.0,-0.9893139228743999,9,Monsoon
Punjab,S.A.S Nagar,2021-10,30.7041168,76.7176885,1526.0,0.0,0.02311760924005,14.0,303.6433333,4859.333333333333,0.0,10.057971014492754,10,Post-Monsoon
Punjab,S.A.S Nagar,2022-04,30.7041168,76.7176885,113.0,0.0,0.00900936075,6.0,309.4233334,592.3333333333334,0.0,-0.9259501965923984,4,Summer
Punjab,S.A.S Nagar,2022-05,30.7041168,76.7176885,18.0,0.0,0.03361474363,7.0,307.8933334,552.3333333333334,0.0,-0.8407079646017699,5,Summer
Punjab,SBS Nagar,2021-11,30.8260412,75.1989654,73.0,0.0,0.0007596994465,0.0,301.37333340000004,73.0,0.0,0.0,11,Post-Monsoon
Punjab,Sahibzada Ajit Singh Nagar,2021-06,30.7041168,76.7176885,342.0,0.0,0.1349510589,0.0,307.21,342.0,0.0,0.0,6,Monsoon
Punjab,Sangrur,2009-07,30.2093363,75.81842243,15.0,0.0,0.1600339974,0.0,304.81333340000003,15.0,0.0,0.0,7,Monsoon
Punjab,Sangrur,2014-09,30.2093363,75.81842243,94.0,0.0,0.01133081453,20.0,302.30333340000004,54.5,0.0,5.266666666666667,9,Monsoon
Punjab,Sangrur,2017-07,30.2093363,75.81842243,124.0,0.0,0.2316729127,0.0,300.82,77.66666666666667,0.0,0.31914893617021267,7,Monsoon
Punjab,Sangrur,2021-07,30.2093363,75.81842243,20.0,0.0,1.065992561,19.0,299.98,79.33333333333333,0.0,-0.8387096774193549,7,Monsoon
Punjab,Sangrur,2021-08,30.2093363,75.81842243,68.0,0.0,0.05516396388,0.0,300.0433334,70.66666666666667,0.0,2.4,8,Monsoon
Punjab,Sangrur,2021-09,30.2093363,75.81842243,14.0,0.0,1.002353163,33.0,299.8066666,34.0,0.0,-0.7941176470588236,9,Monsoon
Punjab,Shahid Bhagat Singh Nagar,2013-08,31.1239515,76.1201871,15.0,0.0,0.9829391138,20.0,299.87333340000004,15.0,0.0,0.0,8,Monsoon
Punjab,Shahid Bhagat Singh Nagar,2015-01,31.1239515,76.1201871,45.0,0.0,0.1243184449,10.0,286.27,30.0,0.0,2.0,1,Winter
Punjab,Shahid Bhagat Singh Nagar,2021-05,31.1239515,76.1201871,19.0,0.0,0.2613503669,0.0,307.13,26.333333333333332,0.0,-0.5777777777777777,5,Summer
Punjab,Shahid Bhagat Singh Nagar,2021-10,31.1239515,76.1201871,25.0,0.0,0.06016452786,23.0,301.12,29.666666666666668,0.0,0.3157894736842106,10,Post-Monsoon
Punjab,Sri Muktsar Sahib,2011-05,30.4692,74.5182,26.0,0.0,0.1699077818,2.0,315.1,26.0,0.0,0.0,5,Summer
Rajasthan,Ajmer,2010-08,26.4691,74.639,48.0,0.0,0.8916603858,0.0,299.7,48.0,0.0,0.0,8,Monsoon
Rajasthan,Ajmer,2016-04,26.4691,74.639,105105.0,0.0,0.0001033584209,0.0,313.824,52576.5,0.0,2188.6875,4,Summer
Rajasthan,Alwar,2009-08,27.5,76.5,141.0,0.0,0.003631386624,12.0,305.5366666,141.0,0.0,0.0,8,Monsoon
Rajasthan,Alwar,2009-12,27.5,76.5,48.0,0.0,0.0001994088449,7.0,295.4966666,94.5,0.0,-0.6595744680851063,12,Winter
Rajasthan,Alwar,2010-05,27.5,76.5,25.0,0.0,4.88e-05,3.0,319.28000000000003,71.33333333333333,0.0,-0.47916666666666663,5,Summer
Rajasthan,Alwar,2011-07,27.5,76.5,99.0,0.0,0.09057020661,9.0,307.6866666,57.333333333333336,0.0,2.96,7,Monsoon
Rajasthan,Alwar,2011-08,27.5,76.5,112.0,1.0,0.6604013132,0.0,302.08,78.66666666666667,0.3333333333333333,0.13131313131313127,8,Monsoon
Rajasthan,Alwar,2012-03,27.5,76.5,39.0,0.0,0.001286355149,5.0,307.09000000000003,83.33333333333333,0.3333333333333333,-0.6517857142857143,3,Summer
Rajasthan,Alwar,2013-12,27.5,76.5,46.0,0.0,7.72e-05,0.0,299.5466666,65.66666666666667,0.3333333333333333,0.17948717948717952,12,Winter
Rajasthan,Alwar,2015-05,27.5,76.5,25.0,0.0,0.0007119202353,5.0,314.75,36.666666666666664,0.0,-0.4565217391304348,5,Summer
Rajasthan,Alwar,2015-08,27.5,76.5,55.0,1.0,0.3633527266,19.0,302.87,42.0,0.3333333333333333,1.2000000000000002,8,Monsoon
Rajasthan,Alwar,2015-11,27.5,76.5,39.0,0.0,0.0003933674654,4.0,302.29200000000003,39.666666666666664,0.3333333333333333,-0.2909090909090909,11,Post-Monsoon
Rajasthan,Alwar,2016-04,27.5,76.5,35.0,0.0,3.63e-05,0.0,317.11,43.0,0.3333333333333333,-0.10256410256410253,4,Summer
Rajasthan,Alwar,2016-08,27.5,76.5,115220.0,0.0,0.4360500959,13.0,299.38,38431.333333333336,0.0,3291.0,8,Monsoon
Rajasthan,Alwar,2016-09,27.5,76.5,122.0,0.0,0.5693385276,0.0,300.985,38459.0,0.0,-0.998941156049297,9,Monsoon
Rajasthan,Alwar,2018-10,27.5,76.5,107.0,0.0,0.03519232221,10.0,307.8066666,38483.0,0.0,-0.12295081967213117,10,Post-Monsoon
Rajasthan,Alwar,2019-10,27.5,76.5,37.0,0.0,0.01078684374,8.0,304.704,88.66666666666667,0.0,-0.6542056074766356,10,Post-Monsoon
Rajasthan,Alwar,2019-11,27.5,76.5,60.0,0.0,3e-05,0.0,305.435,68.0,0.0,0.6216216216216217,11,Post-Monsoon
Rajasthan,Banswara,2009-07,23.4929453,74.34983641,60.0,0.0,0.2818631478,0.0,311.40000000000003,60.0,0.0,0.0,7,Monsoon
Rajasthan,Banswara,2012-08,23.4929453,74.34983641,125.0,0.0,5.292548855,4.0,0.0,92.5,0.0,1.0833333333333335,8,Monsoon
Rajasthan,Banswara,2015-05,23.4929453,74.34983641,24.0,0.0,0.0004038102313,4.0,316.5133334,69.66666666666667,0.0,-0.808,5,Summer
Rajasthan,Banswara,2016-04,23.4929453,74.34983641,2322.0,0.0,0.00012561053615,2.0,319.13700000000006,823.6666666666666,0.0,95.75,4,Summer
Rajasthan,Banswara,2016-05,23.4929453,74.34983641,3232.0,0.0,0.06217404038,4.0,319.1,1859.3333333333333,0.0,0.39190353143841516,5,Summer
Rajasthan,Banswara,2016-08,23.4929453,74.34983641,9.0,2.0,1.74784395,1.0,0.0,1854.3333333333333,0.6666666666666666,-0.9972153465346535,8,Monsoon
Rajasthan,Banswara,2017-03,23.4929453,74.34983641,100.0,0.0,7.63e-05,6.0,311.0666666,1113.6666666666667,0.6666666666666666,10.11111111111111,3,Summer
Rajasthan,Banswara,2017-04,23.4929453,74.34983641,29.0,0.0,0.003079595399,4.0,314.696,46.0,0.6666666666666666,-0.71,4,Summer
Rajasthan,Banswara,2017-08,23.4929453,74.34983641,8.0,4.0,0.1941433319,10.0,299.7,45.666666666666664,1.3333333333333333,-0.7241379310344828,8,Monsoon
Rajasthan,Banswara,2018-04,23.4929453,74.34983641,52.0,0.0,0.0003921304463,4.0,319.5233334,29.666666666666668,1.3333333333333333,5.5,4,Summer
Rajasthan,Banwara,2009-10,26.3843347,75.6883764,4.0,1.0,0.1752200023,5.0,305.31,4.0,1.0,0.0,10,Post-Monsoon
Rajasthan,Baran,2010-07,24.91765715,76.69627663,7878.0,1.0,0.3150708961,0.0,307.5066666,7878.0,1.0,0.0,7,Monsoon
Rajasthan,Baran,2015-05,24.91765715,76.69627663,202.0,1.0,0.004020620418,4.0,322.0133334,4040.0,1.0,-0.9743589743589743,5,Summer
Rajasthan,Baran,2015-08,24.91765715,76.69627663,3255.0,0.0,1.0072307078,3.5,149.99,3778.3333333333335,0.6666666666666666,15.113861386138613,8,Monsoon
Rajasthan,Baran,2016-07,24.91765715,76.69627663,595617.0,0.0,1.5426182496666667,5.0,100.21333333333332,199691.33333333334,0.3333333333333333,181.9852534562212,7,Monsoon
Rajasthan,Baran,2016-08,24.91765715,76.69627663,11074129.0,0.0,1.9306442916666668,5.666666666666667,92.72666666666667,3891000.3333333335,0.0,17.592701350028626,8,Monsoon
Rajasthan,Baran,2017-07,24.91765715,76.69627663,97.0,0.0,0.01665119009,0.0,310.815,3889947.6666666665,0.0,-0.9999912408461198,7,Monsoon
Rajasthan,Baran,2019-07,24.91765715,76.69627663,5961.0,0.0,1.01154252455,6.5,310.5333333,3693395.6666666665,0.0,60.45360824742268,7,Monsoon
Rajasthan,Baran,2019-08,24.91765715,76.69627663,1848.0,0.0,2.8767908527999997,12.5,150.1733333,2635.3333333333335,0.0,-0.6899849018621036,8,Monsoon
Rajasthan,Barmer,2009-08,25.5819034,71.61966243,30.0,0.0,0.09526770837,2.0,300.6,30.0,0.0,0.0,8,Monsoon
Rajasthan,Barmer,2009-11,25.5819034,71.61966243,14.0,0.0,4.52e-05,2.0,317.43333340000004,22.0,0.0,-0.5333333333333333,11,Post-Monsoon
Rajasthan,Barmer,2010-06,25.5819034,71.61966243,1510.0,0.0,0.11225955299000001,0.5,311.771,518.0,0.0,106.85714285714286,6,Monsoon
Rajasthan,Barmer,2010-09,25.5819034,71.61966243,63.0,0.0,0.8041934578,5.0,310.6533334,529.0,0.0,-0.9582781456953642,9,Monsoon
Rajasthan,Barmer,2011-04,25.5819034,71.61966243,18.0,0.0,3.48e-05,2.0,326.5066666,530.3333333333334,0.0,-0.7142857142857143,4,Summer
Rajasthan,Barmer,2016-04,25.5819034,71.61966243,40.0,0.0,0.0002168356472,2.0,317.0966666,40.333333333333336,0.0,1.2222222222222223,4,Summer
Rajasthan,Bharatpur,2011-09,27.26521245,77.36912555,25.0,0.0,0.5832599148,0.0,301.5866666,25.0,0.0,0.0,9,Monsoon
Rajasthan,Bharatpur,2011-10,27.26521245,77.36912555,17.0,0.0,0.0006525899866,5.0,312.53000000000003,21.0,0.0,-0.31999999999999995,10,Post-Monsoon
Rajasthan,Bharatpur,2012-09,27.26521245,77.36912555,17.0,0.0,0.3723711919,0.0,302.08,19.666666666666668,0.0,0.0,9,Monsoon
Rajasthan,Bharatpur,2016-04,27.26521245,77.36912555,64.0,0.0,6.65e-05,3.0,317.19333340000003,32.666666666666664,0.0,2.764705882352941,4,Summer
Rajasthan,Bharatpur,2016-06,27.26521245,77.36912555,14.0,0.0,0.1416317695,3.0,310.36,31.666666666666668,0.0,-0.78125,6,Monsoon
Rajasthan,Bhilwara,2010-08,25.48877345,74.69961284,4584.0,0.0,0.8403567535500001,7.5,152.01,4584.0,0.0,0.0,8,Monsoon
Rajasthan,Bhilwara,2013-05,25.48877345,74.69961284,70.0,0.0,2.45e-05,3.0,322.48,2327.0,0.0,-0.9847294938917975,5,Summer
Rajasthan,Bhilwara,2013-07,25.48877345,74.69961284,36.0,0.0,0.02729033978,5.0,310.9066666,1563.3333333333333,0.0,-0.48571428571428577,7,Monsoon
Rajasthan,Bhilwara,2015-04,25.48877345,74.69961284,21.0,0.0,0.1198008524,5.0,310.5333334,42.333333333333336,0.0,-0.41666666666666663,4,Summer
Rajasthan,Bhilwara,2015-06,25.48877345,74.69961284,8273.0,0.0,0.03417028815,5.0,311.8566666,2776.6666666666665,0.0,392.95238095238096,6,Monsoon
Rajasthan,Bhilwara,2016-08,25.48877345,74.69961284,102.0,0.0,1.655531389,10.0,301.36,2798.6666666666665,0.0,-0.9876707361295781,8,Monsoon
Rajasthan,Bhilwara,2022-06,25.48877345,74.69961284,160.0,0.0,5.06e-05,3.0,316.99333340000004,2845.0,0.0,0.5686274509803921,6,Monsoon
Rajasthan,Bikaner,2010-07,28.0159286,73.3171367,245.0,0.0,0.001686712518,2.0,313.644,245.0,0.0,0.0,7,Monsoon
Rajasthan,Bikaner,2010-08,28.0159286,73.3171367,587296.0,3.0,0.187681377669,0.0,313.40500000000003,293770.5,1.5,2396.126530612245,8,Monsoon
Rajasthan,Bikaner,2010-11,28.0159286,73.3171367,31318.0,0.0,0.010095793419,1.0,309.43600000000004,206286.33333333334,1.0,-0.9466742494415082,11,Post-Monsoon
Rajasthan,Bikaner,2011-08,28.0159286,73.3171367,5152.0,1.0,0.10873385878,3.0,319.45000000000005,207922.0,1.3333333333333333,-0.835493965131873,8,Monsoon
Rajasthan,Bikaner,2012-04,28.0159286,73.3171367,19.0,0.0,0.007015052341,2.0,322.9833334,12163.0,0.3333333333333333,-0.9963121118012422,4,Summer
Rajasthan,Bikaner,2012-05,28.0159286,73.3171367,11814.0,1.0,0.0308141094209,1.0,317.8,5661.666666666667,0.6666666666666666,620.7894736842105,5,Summer
Rajasthan,Bikaner,2012-10,28.0159286,73.3171367,103.0,1.0,8.15e-05,7.0,318.94333340000003,3978.6666666666665,0.6666666666666666,-0.9912815303876756,10,Post-Monsoon
Rajasthan,Bikaner,2014-07,28.0159286,73.3171367,1727142.0,0.0,0.000994530376,2.0,316.6764444,579686.3333333334,0.6666666666666666,16767.368932038837,7,Monsoon
Rajasthan,Bikaner,2014-12,28.0159286,73.3171367,17.0,0.0,4.16e-05,2.0,309.6766666,575754.0,0.3333333333333333,-0.9999901571497885,12,Winter
Rajasthan,Bikaner,2016-04,28.0159286,73.3171367,22.0,0.0,0.001066446264,2.0,317.61333340000004,575727.0,0.0,0.2941176470588236,4,Summer
Rajasthan,Bikaner,2018-10,28.0159286,73.3171367,9.0,0.0,7.49e-05,5.0,317.8066666,16.0,0.0,-0.5909090909090908,10,Post-Monsoon
Rajasthan,Bikaner,2022-05,28.0159286,73.3171367,27.0,0.0,8.15e-05,2.0,321.53000000000003,19.333333333333332,0.0,2.0,5,Summer
Rajasthan,Bundi,2013-06,25.5,75.833333,80.0,0.0,0.0009695734422,3.0,319.7033334,80.0,0.0,0.0,6,Monsoon
Rajasthan,Chittorgarh,2009-07,24.71779695,74.47210311,46.0,0.0,1.393162419,5.0,306.18,46.0,0.0,0.0,7,Monsoon
Rajasthan,Chittorgarh,2013-06,24.71779695,74.47210311,17.0,0.0,1.278073595,6.0,308.03000000000003,31.5,0.0,-0.6304347826086957,6,Monsoon
Rajasthan,Churu,2009-07,28.2061443,74.6919073,107.0,0.0,0.006273636726,3.0,317.2866666,107.0,0.0,0.0,7,Monsoon
Rajasthan,Churu,2017-05,28.2061443,74.6919073,30.0,0.0,0.02531387093,2.0,319.168,68.5,0.0,-0.719626168224299,5,Summer
Rajasthan,Dausa,2011-03,26.80486585,76.4437457,29.0,0.0,0.01178702713,12.0,297.58,29.0,0.0,0.0,3,Summer
Rajasthan,Dausa,2016-06,26.80486585,76.4437457,14.0,0.0,0.008378110078,3.0,319.576,21.5,0.0,-0.5172413793103448,6,Monsoon
Rajasthan,Dausa,2016-09,26.80486585,76.4437457,39.0,0.0,0.02681781732,10.0,306.81333340000003,27.333333333333332,0.0,1.7857142857142856,9,Monsoon
Rajasthan,Dholpur,2010-08,26.7010642,77.896749,79.0,3.0,0.6512077973,10.0,287.93333340000004,79.0,3.0,0.0,8,Monsoon
Rajasthan,Dholpur,2010-09,26.7010642,77.896749,312.0,0.0,0.9064866299,10.0,302.58,195.5,1.5,2.949367088607595,9,Monsoon
Rajasthan,Dholpur,2010-11,26.7010642,77.896749,5.0,0.0,0.0001038365434,0.0,305.2966666,132.0,1.0,-0.983974358974359,11,Post-Monsoon
Rajasthan,Dholpur,2011-07,26.7010642,77.896749,113.0,4.0,0.7531481687,6.0,295.95,143.33333333333334,1.3333333333333333,21.6,7,Monsoon
Rajasthan,Dholpur,2016-05,26.7010642,77.896749,26.0,0.0,0.03467914434,3.0,316.7,48.0,1.3333333333333333,-0.7699115044247787,5,Summer
Rajasthan,Dholpur,2018-07,26.7010642,77.896749,28.0,0.0,0.0557844815,4.0,312.46,55.666666666666664,1.3333333333333333,0.07692307692307687,7,Monsoon
Rajasthan,Dungarpur,2010-05,23.666667,73.75,41.0,0.0,0.0003296468491,3.0,314.1,41.0,0.0,0.0,5,Summer
Rajasthan,Dungarpur,2012-04,23.666667,73.75,322.0,0.0,9.65e-05,5.0,317.0133334,181.5,0.0,6.853658536585366,4,Summer
Rajasthan,Dungarpur,2014-05,23.666667,73.75,20.0,0.0,0.0003565337076,5.0,320.828,127.66666666666667,0.0,-0.937888198757764,5,Summer
Rajasthan,Dungarpur,2015-10,23.666667,73.75,52.0,0.0,0.003910761975,16.0,304.6033334,131.33333333333334,0.0,1.6,10,Post-Monsoon
Rajasthan,Dungarpur,2016-05,23.666667,73.75,11.0,0.0,0.0002796120097,0.0,317.952,27.666666666666668,0.0,-0.7884615384615384,5,Summer
Rajasthan,Dungarpur,2016-07,23.666667,73.75,1434.0,1.0,1.29176011365,3.5,152.4,499.0,0.3333333333333333,129.36363636363637,7,Monsoon
Rajasthan,Dungarpur,2016-08,23.666667,73.75,25.0,1.0,2.146028616,0.0,0.0,490.0,0.6666666666666666,-0.9825662482566249,8,Monsoon
Rajasthan,Dungarpur,2017-07,23.666667,73.75,10.0,0.0,0.643086119,6.0,283.3,489.6666666666667,0.6666666666666666,-0.6,7,Monsoon
Rajasthan,Dungarpur,2017-10,23.666667,73.75,191.0,0.0,4.77e-05,11.0,308.4066666,75.33333333333333,0.3333333333333333,18.1,10,Post-Monsoon
Rajasthan,Dungarpur,2018-05,23.666667,73.75,10.0,1.0,0.0001177763051,4.0,319.01,70.33333333333333,0.3333333333333333,-0.9476439790575917,5,Summer
Rajasthan,Ganganagar,2012-05,29.9049489,73.87929341,16.0,1.0,0.000709490789,0.0,316.016,16.0,1.0,0.0,5,Summer
Rajasthan,Ganganagar,2015-08,29.9049489,73.87929341,21.0,0.0,0.8532648468,12.0,303.31,18.5,0.5,0.3125,8,Monsoon
Rajasthan,Ganganagar,2016-10,29.9049489,73.87929341,15.0,0.0,3.58e-05,5.0,307.15000000000003,17.333333333333332,0.3333333333333333,-0.2857142857142857,10,Post-Monsoon
Rajasthan,Ganganagar,2018-10,29.9049489,73.87929341,126.0,4.0,0.04742286749,7.0,305.8666666,54.0,1.3333333333333333,7.4,10,Post-Monsoon
Rajasthan,Hanumangarh,2009-06,29.5760254,74.3342203,43.0,0.0,0.101884322,0.0,313.084,43.0,0.0,0.0,6,Monsoon
Rajasthan,Hanumangarh,2015-06,29.5760254,74.3342203,30.0,0.0,0.07898035984,3.0,313.3333334,36.5,0.0,-0.3023255813953488,6,Monsoon
Rajasthan,Hanumangarh,2016-05,29.5760254,74.3342203,52.0,0.0,0.0438418807,2.0,310.18,41.666666666666664,0.0,0.7333333333333334,5,Summer
Rajasthan,Hanumangarh,2016-10,29.5760254,74.3342203,130.0,0.0,0.03387866188,13.0,306.825,70.66666666666667,0.0,1.5,10,Post-Monsoon
Rajasthan,Jaipur,2009-06,26.9154576,75.8189817,152.0,0.0,0.04719422384,3.0,313.7833334,152.0,0.0,0.0,6,Monsoon
Rajasthan,Jaipur,2009-07,26.9154576,75.8189817,7415.0,1.0,0.24862698090000002,7.0,303.16499999999996,3783.5,0.5,47.7828947368421,7,Monsoon
Rajasthan,Jaipur,2010-03,26.9154576,75.8189817,30.0,0.0,4.38e-05,3.0,317.74333340000004,2532.3333333333335,0.3333333333333333,-0.9959541469993257,3,Summer
Rajasthan,Jaipur,2010-06,26.9154576,75.8189817,20.0,0.0,0.006955662528,3.0,318.98,2488.3333333333335,0.3333333333333333,-0.33333333333333337,6,Monsoon
Rajasthan,Jaipur,2010-07,26.9154576,75.8189817,766766984.0,0.0,0.06203419344,4.0,310.33,255589011.33333334,0.0,38338348.2,7,Monsoon
Rajasthan,Jaipur,2010-08,26.9154576,75.8189817,190.0,0.0,0.4362499848,9.0,305.94,255589064.66666666,0.0,-0.9999997522063365,8,Monsoon
Rajasthan,Jaipur,2011-05,26.9154576,75.8189817,24.0,0.0,0.0004107214367,3.0,318.7466666,255589066.0,0.0,-0.8736842105263158,5,Summer
Rajasthan,Jaipur,2012-04,26.9154576,75.8189817,81.0,0.0,0.001570399189,0.0,317.4866666,98.33333333333333,0.0,2.375,4,Summer
Rajasthan,Jaipur,2015-12,26.9154576,75.8189817,7.0,0.0,0.0001063621229,5.0,300.6433334,37.333333333333336,0.0,-0.9135802469135803,12,Winter
Rajasthan,Jaipur,2016-04,26.9154576,75.8189817,592019.0,2.0,0.0011819984046666666,2.0,315.91288893333336,197369.0,0.6666666666666666,84573.14285714286,4,Summer
Rajasthan,Jaipur,2016-05,26.9154576,75.8189817,29.0,0.0,0.02591271182,3.0,312.97,197351.66666666666,0.6666666666666666,-0.9999510150856645,5,Summer
Rajasthan,Jaipur,2016-06,26.9154576,75.8189817,16.0,0.0,0.0001260099311,0.0,321.16,197354.66666666666,0.6666666666666666,-0.4482758620689655,6,Monsoon
Rajasthan,Jaipur,2016-08,26.9154576,75.8189817,546.0,0.0,0.7369537585,7.0,302.0066666,197.0,0.0,33.125,8,Monsoon
Rajasthan,Jaipur,2019-01,26.9154576,75.8189817,100.0,0.0,0.001989509346,6.0,293.448,220.66666666666666,0.0,-0.8168498168498168,1,Winter
Rajasthan,Jaisalmer,2009-07,27.02801615,70.77850562,26.0,0.0,0.2065965225,1.0,313.75333340000003,26.0,0.0,0.0,7,Monsoon
Rajasthan,Jaisalmer,2010-09,27.02801615,70.77850562,620951.0,0.0,0.4775632144,8.0,309.81,310488.5,0.0,23881.73076923077,9,Monsoon
Rajasthan,Jalore,2010-03,25.3476006,72.6260916,26.0,0.0,1.97e-05,0.0,322.73,26.0,0.0,0.0,3,Summer
Rajasthan,Jhalawar,2016-05,24.31255575,76.52279955,2530.0,0.0,0.002341808249,3.0,320.1673333,2530.0,0.0,0.0,5,Summer
Rajasthan,Jhalawar,2019-07,24.31255575,76.52279955,25.0,0.0,0.02344851527,6.0,306.40000000000003,1277.5,0.0,-0.9901185770750988,7,Monsoon
Rajasthan,Jhunjhunu,2010-05,28.1287995,75.3992581,110.0,0.0,0.003708860091,2.0,318.65000000000003,110.0,0.0,0.0,5,Summer
Rajasthan,Jhunjhunu,2013-07,28.1287995,75.3992581,25.0,0.0,0.3915142683,3.0,310.6333334,67.5,0.0,-0.7727272727272727,7,Monsoon
Rajasthan,Jhunjhunu,2014-04,28.1287995,75.3992581,40.0,0.0,0.07788692591,0.0,314.38,58.333333333333336,0.0,0.6000000000000001,4,Summer
Rajasthan,Jhunjhunu,2015-07,28.1287995,75.3992581,46.0,0.0,0.2515313335,6.0,308.4466666,37.0,0.0,0.1499999999999999,7,Monsoon
Rajasthan,Jhunjhunu,2016-04,28.1287995,75.3992581,38.0,0.0,3.25e-05,2.0,320.67,41.333333333333336,0.0,-0.17391304347826086,4,Summer
Rajasthan,Jhunjhunu,2018-09,28.1287995,75.3992581,27.0,0.0,0.0582638765,0.0,305.69,37.0,0.0,-0.2894736842105263,9,Monsoon
Rajasthan,Jodhpur,2016-06,26.2967719,73.0351433,24.0,0.0,5.13e-05,2.0,326.3,24.0,0.0,0.0,6,Monsoon
Rajasthan,Karauli,2010-07,26.51668105,77.05772977,52.0,0.0,0.3437849542,0.0,313.8933334,52.0,0.0,0.0,7,Monsoon
Rajasthan,Karauli,2011-04,26.51668105,77.05772977,10.0,0.0,0.04155761421,0.0,309.4633334,31.0,0.0,-0.8076923076923077,4,Summer
Rajasthan,Kota,2012-09,25.1737019,75.8574194,2103.0,2.0,0.00108179291,0.0,309.1366666,2103.0,2.0,0.0,9,Monsoon
Rajasthan,Kota,2015-08,25.1737019,75.8574194,65.0,0.0,0.7833807502,13.0,301.8,1084.0,1.0,-0.969091773656681,8,Monsoon
Rajasthan,Kota,2016-07,25.1737019,75.8574194,45.0,0.0,0.5350019157,4.0,313.52,737.6666666666666,0.6666666666666666,-0.3076923076923077,7,Monsoon
Rajasthan,Kota,2016-09,25.1737019,75.8574194,8.0,1.0,0.6350601277,13.0,301.7266666,39.333333333333336,0.3333333333333333,-0.8222222222222222,9,Monsoon
Rajasthan,Kota,2017-07,25.1737019,75.8574194,34.0,1.0,0.8324153053,5.0,313.86,29.0,0.6666666666666666,3.25,7,Monsoon
Rajasthan,Kota,2017-08,25.1737019,75.8574194,49.0,0.0,0.8194548876,8.0,291.7,30.333333333333332,0.6666666666666666,0.4411764705882353,8,Monsoon
Rajasthan,Kotputli,2011-05,27.707172,76.1996447,10.0,0.0,0.07403732303,3.0,308.756,10.0,0.0,0.0,5,Summer
Rajasthan,Nagaur,2010-07,27.0607859,74.17667538,48.0,0.0,0.0285026515,2.0,308.94,48.0,0.0,0.0,7,Monsoon
Rajasthan,Nagaur,2012-06,27.0607859,74.17667538,55.0,0.0,0.0001455379887,0.0,313.85,51.5,0.0,0.14583333333333326,6,Monsoon
Rajasthan,Nagaur,2015-01,27.0607859,74.17667538,285.0,0.0,0.000137535981,3.0,301.64,129.33333333333334,0.0,4.181818181818182,1,Winter
Rajasthan,Nagaur,2015-11,27.0607859,74.17667538,32.0,0.0,0.004505655533,3.0,308.3533334,124.0,0.0,-0.887719298245614,11,Post-Monsoon
Rajasthan,Nagaur,2017-10,27.0607859,74.17667538,30.0,0.0,4.4e-05,5.0,319.6533334,115.66666666666667,0.0,-0.0625,10,Post-Monsoon
Rajasthan,Nagaur (Rajasthan),2016-09,27.0607859,74.17667538,9.0,0.0,5.28e-05,10.0,310.9566666,9.0,0.0,0.0,9,Monsoon
Rajasthan,Pali,2009-08,25.6040908,73.41560879,73.0,0.0,0.04027627979,0.0,306.24,73.0,0.0,0.0,8,Monsoon
Rajasthan,Pali,2010-06,25.6040908,73.41560879,331.0,0.0,0.001078489207,2.0,318.6266666,202.0,0.0,3.5342465753424657,6,Monsoon
Rajasthan,Pali,2010-07,25.6040908,73.41560879,109176.0,0.0,0.08643451456,2.0,309.9733334,36526.666666666664,0.0,328.8368580060423,7,Monsoon
Rajasthan,Pali,2015-03,25.6040908,73.41560879,208.0,0.0,0.00253122573,0.0,307.81,36571.666666666664,0.0,-0.9980948193742214,3,Summer
Rajasthan,Pali,2018-07,25.6040908,73.41560879,130.0,0.0,0.08072211146,0.0,310.1266666,36504.666666666664,0.0,-0.375,7,Monsoon
Rajasthan,Pali,2019-07,25.6040908,73.41560879,15.0,0.0,1.240952559,5.0,302.81,117.66666666666667,0.0,-0.8846153846153846,7,Monsoon
Rajasthan,Pratapgarh,2015-09,24.0333495,74.7801315,38.0,0.0,0.1531067513,16.0,302.34000000000003,38.0,0.0,0.0,9,Monsoon
Rajasthan,Pratapgarh,2015-11,24.0333495,74.7801315,65.0,0.0,6.98e-05,9.0,307.6433334,51.5,0.0,0.7105263157894737,11,Post-Monsoon
Rajasthan,Pratapgarh,2016-05,24.0333495,74.7801315,122.0,0.0,5.74e-05,5.0,322.6566666,75.0,0.0,0.8769230769230769,5,Summer
Rajasthan,Pratapgarh,2016-07,24.0333495,74.7801315,49.0,0.0,1.027283734,5.0,304.27,78.66666666666667,0.0,-0.5983606557377049,7,Monsoon
Rajasthan,Pratapgarh,2016-09,24.0333495,74.7801315,9282.0,0.0,0.02465310712,0.0,305.528,3151.0,0.0,188.42857142857142,9,Monsoon
Rajasthan,Pratapgarh,2018-04,24.0333495,74.7801315,91.0,0.0,3.21e-05,0.0,318.06333340000003,3140.6666666666665,0.0,-0.9901960784313726,4,Summer
Rajasthan,Pratapgarh,2018-06,24.0333495,74.7801315,7.0,2.0,0.01617544578,5.0,311.34000000000003,3126.6666666666665,0.6666666666666666,-0.9230769230769231,6,Monsoon
Rajasthan,Pratapgarh,2018-08,24.0333495,74.7801315,114.0,0.0,0.3972550528,0.0,296.74,70.66666666666667,0.6666666666666666,15.285714285714285,8,Monsoon
Rajasthan,Pratapgarh,2019-07,24.0333495,74.7801315,90.0,0.0,1.640495292,0.0,299.62,70.33333333333333,0.6666666666666666,-0.21052631578947367,7,Monsoon
Rajasthan,Rajsamand,2013-05,25.29131615,73.82449247,76.0,0.0,3.73e-05,0.0,322.2833334,76.0,0.0,0.0,5,Summer
Rajasthan,Sawai Madhopur,2015-10,26.22914115,76.30453277,8.0,0.0,3.84e-05,7.0,315.0333334,8.0,0.0,0.0,10,Post-Monsoon
Rajasthan,Sikar,2009-09,27.662826,75.02792629,50.0,4.0,5.28e-05,6.0,316.92,50.0,4.0,0.0,9,Monsoon
Rajasthan,Sikar,2009-10,27.662826,75.02792629,2526.0,0.0,0.0028223361405,4.5,314.386,1288.0,2.0,49.52,10,Post-Monsoon
Rajasthan,Sikar,2010-05,27.662826,75.02792629,17232.0,0.0,0.0021068265382,3.0,317.4313333,6602.666666666667,1.3333333333333333,5.821852731591449,5,Summer
Rajasthan,Sikar,2015-08,27.662826,75.02792629,61.0,0.0,0.01534478709,15.0,303.59000000000003,6606.333333333333,0.0,-0.9964600742804085,8,Monsoon
Rajasthan,Sikar,2017-06,27.662826,75.02792629,24.0,0.0,0.1424104959,4.0,310.04400000000004,5772.333333333333,0.0,-0.6065573770491803,6,Monsoon
Rajasthan,Sikar,2018-08,27.662826,75.02792629,10.0,0.0,0.2688765832,0.0,301.3866666,31.666666666666668,0.0,-0.5833333333333333,8,Monsoon
Rajasthan,Sirohi,2010-05,24.8114047,72.83002573,64.0,0.0,3.27e-05,3.0,321.1,64.0,0.0,0.0,5,Summer
Rajasthan,Sirohi,2018-05,24.8114047,72.83002573,61.0,0.0,5.3e-05,6.0,311.5233334,62.5,0.0,-0.046875,5,Summer
Rajasthan,Sri Ganganagar,2018-10,29.9270556,73.8761519,190.0,5.0,0.001742356455,0.0,306.5,190.0,5.0,0.0,10,Post-Monsoon
Rajasthan,Tonk,2009-07,26.12214725,75.66375374,15.0,1.0,0.111645169,6.0,303.98,15.0,1.0,0.0,7,Monsoon
Rajasthan,Tonk,2010-05,26.12214725,75.66375374,100.0,0.0,0.002274422779,2.0,315.656,57.5,0.5,5.666666666666667,5,Summer
Rajasthan,Tonk,2010-06,26.12214725,75.66375374,33.0,0.0,0.06648818451,0.0,313.575,49.333333333333336,0.3333333333333333,-0.6699999999999999,6,Monsoon
Rajasthan,Tonk,2010-08,26.12214725,75.66375374,55.0,0.0,0.356582535,9.0,303.94,62.666666666666664,0.0,0.6666666666666667,8,Monsoon
Rajasthan,Tonk,2011-09,26.12214725,75.66375374,7.0,2.0,0.1119576456,9.0,303.816,31.666666666666668,0.6666666666666666,-0.8727272727272728,9,Monsoon
Rajasthan,Tonk,2012-05,26.12214725,75.66375374,37.0,0.0,9.88e-05,2.0,319.9733334,33.0,0.6666666666666666,4.285714285714286,5,Summer
Rajasthan,Tonk,2012-06,26.12214725,75.66375374,353532.0,0.0,4.959999999999999e-05,2.0,315.944,117858.66666666667,0.6666666666666666,9553.918918918918,6,Monsoon
Rajasthan,Tonk,2014-04,26.12214725,75.66375374,24.0,0.0,0.001898254077,3.0,320.3833334,117864.33333333333,0.0,-0.9999321136417637,4,Summer
Rajasthan,Tonk,2016-05,26.12214725,75.66375374,22.0,0.0,0.0006157854564,3.0,322.9733334,117859.33333333333,0.0,-0.08333333333333337,5,Summer
Rajasthan,Udaipur,2009-07,24.578721,73.6862571,39.0,16.0,0.06096480064,5.0,313.468,39.0,16.0,0.0,7,Monsoon
Rajasthan,Udaipur,2010-04,24.578721,73.6862571,22.0,0.0,0.03234873621,3.0,323.5233334,30.5,8.0,-0.4358974358974359,4,Summer
Rajasthan,Udaipur,2010-05,24.578721,73.6862571,46.0,0.0,0.003692868597,3.0,322.9233334,35.666666666666664,5.333333333333333,1.0909090909090908,5,Summer
Rajasthan,Udaipur,2010-07,24.578721,73.6862571,25.0,0.0,0.5481710268,10.0,303.29,31.0,0.0,-0.4565217391304348,7,Monsoon
Rajasthan,Udaipur,2010-08,24.578721,73.6862571,90.0,3.0,1.34947865,17.0,301.81,53.666666666666664,1.0,2.6,8,Monsoon
Rajasthan,Udaipur,2010-09,24.578721,73.6862571,21.0,0.0,0.6120103759,7.0,301.16,45.333333333333336,1.0,-0.7666666666666666,9,Monsoon
Rajasthan,Udaipur,2011-07,24.578721,73.6862571,12.0,1.0,0.3321386133,2.5,305.83500000000004,41.0,1.3333333333333333,-0.4285714285714286,7,Monsoon
Rajasthan,Udaipur,2011-10,24.578721,73.6862571,23.0,0.0,5.44e-05,0.0,306.776,18.666666666666668,0.3333333333333333,0.9166666666666667,10,Post-Monsoon
Rajasthan,Udaipur,2013-03,24.578721,73.6862571,29.0,0.0,5.8e-05,0.0,308.66,21.333333333333332,0.3333333333333333,0.26086956521739135,3,Summer
Rajasthan,Udaipur,2013-07,24.578721,73.6862571,4027.0,2.0,0.245422759325,5.5,153.57,1359.6666666666667,0.6666666666666666,137.86206896551724,7,Monsoon
Rajasthan,Udaipur,2015-04,24.578721,73.6862571,133.0,0.0,0.0195123703,5.0,314.23,1396.3333333333333,0.6666666666666666,-0.9669729327042463,4,Summer
Rajasthan,Udaipur,2016-06,24.578721,73.6862571,77.0,0.0,0.0004823618879,0.0,323.464,1412.3333333333333,0.6666666666666666,-0.42105263157894735,6,Monsoon
Rajasthan,Udaipur,2016-07,24.578721,73.6862571,37376.0,3.0,0.6026878176666667,9.333333333333334,300.24,12528.666666666666,1.0,484.4025974025974,7,Monsoon
Rajasthan,Udaipur,2016-08,24.578721,73.6862571,84.0,7.0,0.5920455575,15.0,300.76,12512.333333333334,3.3333333333333335,-0.9977525684931506,8,Monsoon
Rajasthan,Udaipur,2017-05,24.578721,73.6862571,388.0,0.0,0.01242968032,6.0,318.48,12616.0,3.3333333333333335,3.6190476190476186,5,Summer
Sikkim,East Sikkim,2013-05,27.2799097,88.67466492,42.0,0.0,0.3717602677,14.0,286.9133334,42.0,0.0,0.0,5,Summer
Sikkim,East Sikkim,2013-08,27.2799097,88.67466492,103154.0,1.0,0.9940663089,21.0,284.892,51598.0,0.5,2455.0476190476193,8,Monsoon
Sikkim,East Sikkim,2018-01,27.2799097,88.67466492,42.0,0.0,0.05691643846,10.0,286.2733334,34412.666666666664,0.3333333333333333,-0.9995928417705566,1,Winter
Sikkim,Gangtok,2018-09,27.3257569,88.69827695,20.0,0.0,1.996362965,34.0,277.8,20.0,0.0,0.0,9,Monsoon
Sikkim,North Sikkim,2014-09,27.666667,88.5,2424.0,0.0,0.4646315671,0.0,288.98400000000004,2424.0,0.0,0.0,9,Monsoon
Sikkim,Singtam,2017-10,27.2319975,88.4970841,60.0,0.0,1.200161459,37.0,280.68,60.0,0.0,0.0,10,Post-Monsoon
Sikkim,Singtam,2020-05,27.2319975,88.4970841,71.0,0.0,1.124004168,0.0,286.168,65.5,0.0,0.18333333333333335,5,Summer
Sikkim,South Sikkim,2019-09,27.333333,88.416667,92.0,0.0,1.009580672,24.0,286.285,92.0,0.0,0.0,9,Monsoon
Sikkim,West Sikkim,2011-06,27.333333,88.25,16.0,0.0,1.244188423,0.0,291.47,16.0,0.0,0.0,6,Monsoon
Sikkim,West Sikkim,2013-03,27.333333,88.25,22.0,0.0,0.7446975529,0.0,289.5566666,19.0,0.0,0.375,3,Summer
Tamil Nadu,Ariyalur,2011-12,11.07603595,79.11745538,7.0,0.0,0.09005000891,12.0,299.948,7.0,0.0,0.0,12,Winter
Tamil Nadu,Ariyalur,2018-01,11.07603595,79.11745538,12.0,0.0,0.0003547658254,10.0,304.928,9.5,0.0,0.7142857142857142,1,Winter
Tamil Nadu,Ariyalur,2018-04,11.07603595,79.11745538,6.0,0.0,0.002088762807,5.0,314.408,8.333333333333334,0.0,-0.5,4,Summer
Tamil Nadu,Ariyalur,2018-06,11.07603595,79.11745538,9.0,0.0,0.08966642706,7.0,312.53000000000003,9.0,0.0,0.5,6,Monsoon
Tamil Nadu,Ariyalur,2019-02,11.07603595,79.11745538,15.0,0.0,0.01820628309,0.0,307.656,10.0,0.0,0.6666666666666667,2,Winter
Tamil Nadu,Ariyalur,2019-04,11.07603595,79.11745538,11.0,0.0,0.01383985113,0.0,313.964,11.666666666666666,0.0,-0.2666666666666667,4,Summer
Tamil Nadu,Ariyalur,2021-10,11.07603595,79.11745538,17.0,0.0,0.826018148,9.0,308.38,14.333333333333334,0.0,0.5454545454545454,10,Post-Monsoon
Tamil Nadu,Ariyalur,2022-01,11.07603595,79.11745538,15.0,0.0,0.08308958667,10.0,300.355,14.333333333333334,0.0,-0.11764705882352944,1,Winter
Tamil Nadu,Ariyalur,2022-02,11.07603595,79.11745538,6.0,0.0,0.01250872941,10.0,303.384,12.666666666666666,0.0,-0.6,2,Winter
Tamil Nadu,Ariyalur,2022-03,11.07603595,79.11745538,14.0,0.0,0.003166009915,8.0,308.436,11.666666666666666,0.0,1.3333333333333335,3,Summer
Tamil Nadu,Ariyalur,2022-04,11.07603595,79.11745538,17.0,0.0,0.03080676776,8.0,310.16,12.333333333333334,0.0,0.2142857142857142,4,Summer
Tamil Nadu,Ariyalur (Perambalur),2009-06,11.1489062,79.0686377,40.0,0.0,0.09155758183,0.0,313.58,40.0,0.0,0.0,6,Monsoon
Tamil Nadu,Coimbatore,2009-11,11.0600516,77.0679581,47.0,0.0,0.2932651034,9.0,301.54,47.0,0.0,0.0,11,Post-Monsoon
Tamil Nadu,Coimbatore,2009-12,11.0600516,77.0679581,99.0,0.0,0.2122926837,7.0,301.56,73.0,0.0,1.106382978723404,12,Winter
Tamil Nadu,Coimbatore,2011-06,11.0600516,77.0679581,66.0,0.0,1.029452637,7.0,308.40000000000003,70.66666666666667,0.0,-0.33333333333333337,6,Monsoon
Tamil Nadu,Coimbatore,2011-08,11.0600516,77.0679581,20.0,0.0,1.285018479,7.0,308.7,61.666666666666664,0.0,-0.696969696969697,8,Monsoon
Tamil Nadu,Coimbatore,2011-09,11.0600516,77.0679581,1012.0,0.0,0.95056669725,7.0,306.78,366.0,0.0,49.6,9,Monsoon
Tamil Nadu,Coimbatore,2014-06,11.0600516,77.0679581,4417.0,0.0,0.07168652205500001,7.5,309.9183333,1816.3333333333333,0.0,3.3646245059288535,6,Monsoon
Tamil Nadu,Coimbatore,2014-07,11.0600516,77.0679581,15.0,0.0,0.5002897111,6.0,311.04,1814.6666666666667,0.0,-0.996604029884537,7,Monsoon
Tamil Nadu,Coimbatore (Tiruppur),2010-09,11.1147893,77.3475668,34.0,0.0,0.2260338625,4.0,313.73,34.0,0.0,0.0,9,Monsoon
Tamil Nadu,Cuddalore,2009-07,11.7564329,79.7634644,34.0,0.0,0.1377319061,6.0,309.67,34.0,0.0,0.0,7,Monsoon
Tamil Nadu,Cuddalore,2010-04,11.7564329,79.7634644,27.0,0.0,0.001728863208,7.0,309.095,30.5,0.0,-0.20588235294117652,4,Summer
Tamil Nadu,Cuddalore,2010-08,11.7564329,79.7634644,51.0,0.0,2.003332569,12.0,0.0,37.333333333333336,0.0,0.8888888888888888,8,Monsoon
Tamil Nadu,Cuddalore,2010-10,11.7564329,79.7634644,1437.0,2.0,0.52260878125,8.5,304.51,505.0,0.6666666666666666,27.176470588235293,10,Post-Monsoon
Tamil Nadu,Cuddalore,2010-12,11.7564329,79.7634644,11.0,0.0,1.479400296,0.0,297.26,499.6666666666667,0.6666666666666666,-0.9923451635351427,12,Winter
Tamil Nadu,Cuddalore,2011-05,11.7564329,79.7634644,28.0,0.0,0.04302878099,0.0,308.944,492.0,0.6666666666666666,1.5454545454545454,5,Summer
Tamil Nadu,Cuddalore,2011-06,11.7564329,79.7634644,31.0,0.0,0.1460372828,9.0,309.02500000000003,23.333333333333332,0.0,0.1071428571428572,6,Monsoon
Tamil Nadu,Cuddalore,2011-12,11.7564329,79.7634644,33.0,0.0,0.1001201888,13.0,299.34000000000003,30.666666666666668,0.0,0.06451612903225801,12,Winter
Tamil Nadu,Cuddalore,2012-01,11.7564329,79.7634644,17.0,0.0,0.8230760943,7.0,296.6,27.0,0.0,-0.48484848484848486,1,Winter
Tamil Nadu,Cuddalore,2012-02,11.7564329,79.7634644,30.0,0.0,0.01694272744,8.0,303.836,26.666666666666668,0.0,0.7647058823529411,2,Winter
Tamil Nadu,Cuddalore,2012-03,11.7564329,79.7634644,32.0,0.0,0.0978887894,7.0,305.27500000000003,26.333333333333332,0.0,0.06666666666666665,3,Summer
Tamil Nadu,Cuddalore,2012-06,11.7564329,79.7634644,31.0,0.0,0.06080490984,7.0,310.54,31.0,0.0,-0.03125,6,Monsoon
Tamil Nadu,Cuddalore,2012-08,11.7564329,79.7634644,15.0,0.0,0.005562222011,0.0,309.755,26.0,0.0,-0.5161290322580645,8,Monsoon
Tamil Nadu,Cuddalore,2013-06,11.7564329,79.7634644,33.0,1.0,0.04156357207,0.0,285.48,26.333333333333332,0.3333333333333333,1.2000000000000002,6,Monsoon
Tamil Nadu,Cuddalore,2013-10,11.7564329,79.7634644,11.0,0.0,0.1238680207,9.0,306.1333334,19.666666666666668,0.3333333333333333,-0.6666666666666667,10,Post-Monsoon
Tamil Nadu,Cuddalore,2014-09,11.7564329,79.7634644,16.0,0.0,0.06392840193,9.0,307.46,20.0,0.3333333333333333,0.4545454545454546,9,Monsoon
Tamil Nadu,Cuddalore,2014-10,11.7564329,79.7634644,83.0,0.0,0.8588027256,9.0,300.325,36.666666666666664,0.0,4.1875,10,Post-Monsoon
Tamil Nadu,Cuddalore,2015-01,11.7564329,79.7634644,90.0,0.0,0.1011246013,0.0,301.316,63.0,0.0,0.0843373493975903,1,Winter
Tamil Nadu,Cuddalore,2016-05,11.7564329,79.7634644,17.0,1.0,0.00789764028,8.0,311.55,63.333333333333336,0.3333333333333333,-0.8111111111111111,5,Summer
Tamil Nadu,Cuddalore,2017-01,11.7564329,79.7634644,1220.0,0.0,0.03167776122,11.0,303.1966666,442.3333333333333,0.3333333333333333,70.76470588235294,1,Winter
Tamil Nadu,Cuddalore,2019-10,11.7564329,79.7634644,49.0,0.0,0.9259456486,8.0,0.0,428.6666666666667,0.3333333333333333,-0.9598360655737705,10,Post-Monsoon
Tamil Nadu,Dharmapuri,2011-07,12.09680475,78.19304301,118.0,0.0,0.1487190445,5.0,0.0,118.0,0.0,0.0,7,Monsoon
Tamil Nadu,Dharmapuri,2012-04,12.09680475,78.19304301,3728.0,0.0,0.0032544759380000003,7.0,312.06666670000004,1923.0,0.0,30.593220338983052,4,Summer
Tamil Nadu,Dharmapuri,2012-09,12.09680475,78.19304301,55.0,0.0,0.4888781713,0.0,304.26,1300.3333333333333,0.0,-0.9852467811158798,9,Monsoon
Tamil Nadu,Dharmapuri,2012-10,12.09680475,78.19304301,11.0,0.0,0.6249224588,0.0,301.71,1264.6666666666667,0.0,-0.8,10,Post-Monsoon
Tamil Nadu,Dharmapuri,2015-09,12.09680475,78.19304301,249.0,0.0,0.6949605747,9.0,306.95,105.0,0.0,21.636363636363637,9,Monsoon
Tamil Nadu,Dharmapuri,2018-12,12.09680475,78.19304301,22.0,0.0,0.0408257884,0.0,301.35,94.0,0.0,-0.9116465863453815,12,Winter
Tamil Nadu,Dharmapuri,2019-01,12.09680475,78.19304301,3711.0,0.0,0.02921215626,8.0,303.125,1327.3333333333333,0.0,167.6818181818182,1,Winter
Tamil Nadu,Dharmapuri,2019-06,12.09680475,78.19304301,635239.0,0.0,0.20679703137999997,7.666666666666667,309.2816666666667,212990.66666666666,0.0,170.1773106979251,6,Monsoon
Tamil Nadu,Dharmapuri,2022-01,12.09680475,78.19304301,17.0,0.0,0.1122425766,15.0,298.36,212989.0,0.0,-0.9999732384189258,1,Winter
Tamil Nadu,Dharmapuri,2022-06,12.09680475,78.19304301,2426.0,0.0,0.08874493976,13.0,306.105,212560.66666666666,0.0,141.7058823529412,6,Monsoon
Tamil Nadu,Dindigul,2009-09,10.3303299,78.06739791,83.0,0.0,0.9820606935,0.0,306.135,83.0,0.0,0.0,9,Monsoon
Tamil Nadu,Dindigul,2009-12,10.3303299,78.06739791,1399.0,0.0,0.05902678926,10.666666666666666,301.56666666666666,741.0,0.0,15.85542168674699,12,Winter
Tamil Nadu,Dindigul,2010-02,10.3303299,78.06739791,112.0,2.0,0.0007620685002,10.0,305.6,531.3333333333334,0.6666666666666666,-0.9199428162973553,2,Winter
Tamil Nadu,Dindigul,2010-04,10.3303299,78.06739791,19.0,0.0,0.01524021493,9.0,313.04,510.0,0.6666666666666666,-0.8303571428571428,4,Summer
Tamil Nadu,Dindigul,2010-07,10.3303299,78.06739791,9.0,0.0,0.348618156,8.0,304.90000000000003,46.666666666666664,0.6666666666666666,-0.5263157894736843,7,Monsoon
Tamil Nadu,Dindigul,2010-11,10.3303299,78.06739791,22.0,0.0,1.336285699,4.0,299.68,16.666666666666668,0.0,1.4444444444444446,11,Post-Monsoon
Tamil Nadu,Dindigul,2011-08,10.3303299,78.06739791,13.0,0.0,0.3488107081,10.0,310.2,14.666666666666666,0.0,-0.40909090909090906,8,Monsoon
Tamil Nadu,Dindigul,2011-09,10.3303299,78.06739791,6.0,1.0,0.5877774472,14.0,304.32,13.666666666666666,0.3333333333333333,-0.5384615384615384,9,Monsoon
Tamil Nadu,Dindigul,2011-12,10.3303299,78.06739791,15.0,0.0,0.1354393511,12.0,300.63,11.333333333333334,0.3333333333333333,1.5,12,Winter
Tamil Nadu,Dindigul,2012-01,10.3303299,78.06739791,69121610.0,0.0,0.06830692305,10.5,299.5604167,23040543.666666668,0.3333333333333333,4608106.333333333,1,Winter
Tamil Nadu,Dindigul,2012-04,10.3303299,78.06739791,122112.0,0.0,0.11878325540000001,8.333333333333334,312.08888893333335,23081245.666666668,0.0,-0.9982333744830307,4,Summer
Tamil Nadu,Dindigul,2012-05,10.3303299,78.06739791,2820.0,0.0,0.2239368782,12.5,305.34400000000005,23082180.666666668,0.0,-0.9769064465408805,5,Summer
Tamil Nadu,Dindigul,2012-08,10.3303299,78.06739791,16.0,0.0,0.04182149426,0.0,310.84000000000003,41649.333333333336,0.0,-0.9943262411347518,8,Monsoon
Tamil Nadu,Dindigul,2012-09,10.3303299,78.06739791,23.0,0.0,0.2779618353,11.0,310.0933334,953.0,0.0,0.4375,9,Monsoon
Tamil Nadu,Dindigul,2012-10,10.3303299,78.06739791,23.0,0.0,0.176139476,13.0,308.06333340000003,20.666666666666668,0.0,0.0,10,Post-Monsoon
Tamil Nadu,Dindigul,2012-11,10.3303299,78.06739791,17.0,0.0,0.06692680828,16.0,304.05,21.0,0.0,-0.26086956521739135,11,Post-Monsoon
Tamil Nadu,Dindigul,2013-01,10.3303299,78.06739791,21.0,0.0,0.0002848368054,9.0,306.5566666,20.333333333333332,0.0,0.23529411764705888,1,Winter
Tamil Nadu,Dindigul,2013-02,10.3303299,78.06739791,2452.0,0.0,0.02577595032,9.0,308.1733334,830.0,0.0,115.76190476190476,2,Winter
Tamil Nadu,Dindigul,2013-08,10.3303299,78.06739791,28.0,0.0,0.05475062244,7.0,311.88,833.6666666666666,0.0,-0.9885807504078303,8,Monsoon
Tamil Nadu,Dindigul,2014-02,10.3303299,78.06739791,17.0,0.0,0.0625999871,0.0,308.95,832.3333333333334,0.0,-0.3928571428571429,2,Winter
Tamil Nadu,Dindigul,2015-07,10.3303299,78.06739791,38.0,2.0,0.04472962968,12.0,308.43333340000004,27.666666666666668,0.6666666666666666,1.2352941176470589,7,Monsoon
Tamil Nadu,Dindigul,2016-03,10.3303299,78.06739791,25.0,0.0,0.0008165524709,0.0,310.48,26.666666666666668,0.6666666666666666,-0.3421052631578947,3,Summer
Tamil Nadu,Dindigul,2016-06,10.3303299,78.06739791,92.0,0.0,0.3591558087,12.0,308.392,51.666666666666664,0.6666666666666666,2.68,6,Monsoon
Tamil Nadu,Dindigul,2017-03,10.3303299,78.06739791,34.0,0.0,0.1183955565,0.0,309.41,50.333333333333336,0.0,-0.6304347826086957,3,Summer
Tamil Nadu,Dindigul,2018-02,10.3303299,78.06739791,36.0,0.0,0.00111927392,0.0,308.44,54.0,0.0,0.05882352941176472,2,Winter
Tamil Nadu,Dindigul,2018-03,10.3303299,78.06739791,2326.0,0.0,0.01096789583205,4.0,311.6863333,798.6666666666666,0.0,63.611111111111114,3,Summer
Tamil Nadu,Dindigul,2018-04,10.3303299,78.06739791,8522.0,0.0,0.103385432836,4.0,310.82000000000005,3628.0,0.0,2.6638005159071367,4,Summer
Tamil Nadu,Dindigul,2018-06,10.3303299,78.06739791,17.0,0.0,0.6313222635,12.0,310.72,3621.6666666666665,0.0,-0.9980051631072518,6,Monsoon
Tamil Nadu,Dindigul,2018-07,10.3303299,78.06739791,56.0,0.0,0.2364849897,0.0,309.66,2865.0,0.0,2.2941176470588234,7,Monsoon
Tamil Nadu,Dindigul,2021-10,10.3303299,78.06739791,5.0,0.0,0.6264433056,11.0,302.435,26.0,0.0,-0.9107142857142857,10,Post-Monsoon
Tamil Nadu,Dindigul - Palani,2019-05,10.4485636,77.5314268,19.0,0.0,0.1533088396,0.0,304.925,19.0,0.0,0.0,5,Summer
Tamil Nadu,Dindigul-Palani,2020-06,10.4485636,77.5314268,57.0,0.0,0.573766176,14.0,305.2,57.0,0.0,0.0,6,Monsoon
Tamil Nadu,Erode,2010-07,11.3692044,77.67662687,15.0,0.0,0.3839312901,10.0,302.15000000000003,15.0,0.0,0.0,7,Monsoon
Tamil Nadu,Erode,2011-01,11.3692044,77.67662687,15.0,0.0,0.05608280949,10.0,300.428,15.0,0.0,0.0,1,Winter
Tamil Nadu,Erode,2011-07,11.3692044,77.67662687,25.0,0.0,0.3980800576,4.0,309.42,18.333333333333332,0.0,0.6666666666666667,7,Monsoon
Tamil Nadu,Erode,2011-12,11.3692044,77.67662687,14.0,1.0,0.01396388131,0.0,302.42,18.0,0.3333333333333333,-0.43999999999999995,12,Winter
Tamil Nadu,Erode,2012-04,11.3692044,77.67662687,50.0,0.0,0.005433380723,7.0,313.892,29.666666666666668,0.3333333333333333,2.5714285714285716,4,Summer
Tamil Nadu,Erode,2012-10,11.3692044,77.67662687,20.0,0.0,0.3620120551,15.0,303.945,28.0,0.3333333333333333,-0.6,10,Post-Monsoon
Tamil Nadu,Erode,2014-11,11.3692044,77.67662687,7.0,0.0,0.07031989907,0.0,297.41,25.666666666666668,0.0,-0.65,11,Post-Monsoon
Tamil Nadu,Erode,2019-02,11.3692044,77.67662687,22.0,0.0,0.004181771232,0.0,309.376,16.333333333333332,0.0,2.142857142857143,2,Winter
Tamil Nadu,Erode,2019-03,11.3692044,77.67662687,31.0,0.0,0.02002703379,5.0,311.68,20.0,0.0,0.40909090909090917,3,Summer
Tamil Nadu,Erode,2019-07,11.3692044,77.67662687,19.0,0.0,0.06368053727,8.0,309.90500000000003,24.0,0.0,-0.3870967741935484,7,Monsoon
Tamil Nadu,Kallakurichi,2020-12,11.7406259,78.9637131,21.0,0.0,0.489202687,10.0,299.3,21.0,0.0,0.0,12,Winter
Tamil Nadu,Kallakurichi,2021-11,11.7406259,78.9637131,19.0,0.0,1.221413876,13.0,299.13,20.0,0.0,-0.09523809523809523,11,Post-Monsoon
Tamil Nadu,Kallakurichi,2021-12,11.7406259,78.9637131,19.0,0.0,0.0474376868,12.0,300.584,19.666666666666668,0.0,0.0,12,Winter
Tamil Nadu,Kallakurichi,2022-04,11.7406259,78.9637131,14.0,0.0,0.3512801639,10.0,312.57,17.333333333333332,0.0,-0.26315789473684215,4,Summer
Tamil Nadu,Kallakurichi,2022-05,11.7406259,78.9637131,40.0,0.0,0.2016062298,12.0,306.932,24.333333333333332,0.0,1.8571428571428572,5,Summer
Tamil Nadu,Kancheepuram,2010-06,12.87960515,79.70427615,15.0,0.0,0.3288881967,10.0,308.82,15.0,0.0,0.0,6,Monsoon
Tamil Nadu,Kancheepuram,2011-03,12.87960515,79.70427615,40.0,0.0,0.0006368193414,9.0,308.59200000000004,27.5,0.0,1.6666666666666665,3,Summer
Tamil Nadu,Kancheepuram,2011-05,12.87960515,79.70427615,12.0,0.0,0.023009611,0.0,311.176,22.333333333333332,0.0,-0.7,5,Summer
Tamil Nadu,Kancheepuram,2011-10,12.87960515,79.70427615,749.0,0.0,0.19044006792,13.5,305.808,267.0,0.0,61.416666666666664,10,Post-Monsoon
Tamil Nadu,Kancheepuram,2011-11,12.87960515,79.70427615,13.0,0.0,0.05622662403,11.0,303.59200000000004,258.0,0.0,-0.9826435246995995,11,Post-Monsoon
Tamil Nadu,Kancheepuram,2012-05,12.87960515,79.70427615,29.0,1.0,0.04848823026,5.0,309.53000000000003,263.6666666666667,0.3333333333333333,1.2307692307692308,5,Summer
Tamil Nadu,Kancheepuram,2013-01,12.87960515,79.70427615,17.0,0.0,0.0001887218324,0.0,302.4666666,19.666666666666668,0.3333333333333333,-0.4137931034482759,1,Winter
Tamil Nadu,Kancheepuram,2013-06,12.87960515,79.70427615,11.0,0.0,0.05041929388,8.0,312.12,19.0,0.3333333333333333,-0.3529411764705882,6,Monsoon
Tamil Nadu,Kancheepuram,2014-06,12.87960515,79.70427615,30.0,0.0,0.03716732033,7.0,310.9533334,19.333333333333332,0.0,1.727272727272727,6,Monsoon
Tamil Nadu,Kancheepuram,2014-08,12.87960515,79.70427615,2742.0,0.0,0.11428523387,7.0,0.0,927.6666666666666,0.0,90.4,8,Monsoon
Tamil Nadu,Kancheepuram,2014-10,12.87960515,79.70427615,3116.0,0.0,0.4526941122,13.0,304.1125,1962.6666666666667,0.0,0.1363967906637491,10,Post-Monsoon
Tamil Nadu,Kancheepuram,2015-07,12.87960515,79.70427615,9.0,0.0,0.03157146974,10.0,309.11333340000004,1955.6666666666667,0.0,-0.9971116816431322,7,Monsoon
Tamil Nadu,Kancheepuram,2015-08,12.87960515,79.70427615,33.0,1.0,0.1904723822,9.0,306.68,1052.6666666666667,0.3333333333333333,2.6666666666666665,8,Monsoon
Tamil Nadu,Kancheepuram,2015-09,12.87960515,79.70427615,17.0,0.0,0.7056521456,10.0,308.5,19.666666666666668,0.3333333333333333,-0.48484848484848486,9,Monsoon
Tamil Nadu,Kancheepuram,2016-08,12.87960515,79.70427615,38.0,0.0,0.001497096309,9.0,307.25,29.333333333333332,0.3333333333333333,1.2352941176470589,8,Monsoon
Tamil Nadu,Kanyakumari,2012-05,8.079252,77.5499338,2753.0,0.0,0.0,0.0,0.0,2753.0,0.0,0.0,5,Summer
Tamil Nadu,Kanyakumari,2013-12,8.079252,77.5499338,17.0,1.0,0.0,0.0,0.0,1385.0,0.5,-0.9938249182709771,12,Winter
Tamil Nadu,Karur,2009-08,10.9301522,78.08485455,42.0,0.0,0.01174368439,4.0,309.79,42.0,0.0,0.0,8,Monsoon
Tamil Nadu,Karur,2009-09,10.9301522,78.08485455,26.0,0.0,0.5334647889,7.0,306.65000000000003,34.0,0.0,-0.38095238095238093,9,Monsoon
Tamil Nadu,Karur,2009-11,10.9301522,78.08485455,17.0,0.0,0.1796470802,5.0,304.52,28.333333333333332,0.0,-0.34615384615384615,11,Post-Monsoon
Tamil Nadu,Karur,2011-01,10.9301522,78.08485455,28.0,0.0,0.06905559809,0.0,300.47200000000004,23.666666666666668,0.0,0.6470588235294117,1,Winter
Tamil Nadu,Karur,2011-04,10.9301522,78.08485455,4.0,0.0,1.121350154,6.0,313.2333334,16.333333333333332,0.0,-0.8571428571428572,4,Summer
Tamil Nadu,Karur,2011-10,10.9301522,78.08485455,13.0,0.0,0.1310474115,10.0,306.16400000000004,15.0,0.0,2.25,10,Post-Monsoon
Tamil Nadu,Karur,2012-09,10.9301522,78.08485455,17.0,0.0,0.112516274,0.0,312.62,11.333333333333334,0.0,0.3076923076923077,9,Monsoon
Tamil Nadu,Karur,2013-01,10.9301522,78.08485455,5627128.0,0.0,0.00019098639253333332,4.333333333333333,307.6766666666667,1875719.3333333333,0.0,331006.5294117647,1,Winter
Tamil Nadu,Karur,2013-02,10.9301522,78.08485455,48.0,0.0,0.006638077823,5.0,310.565,1875731.0,0.0,-0.9999914698937007,2,Winter
Tamil Nadu,Karur,2015-01,10.9301522,78.08485455,16.0,0.0,0.5549979658,11.0,302.40000000000003,1875730.6666666667,0.0,-0.6666666666666667,1,Winter
Tamil Nadu,Karur,2019-02,10.9301522,78.08485455,12.0,0.0,0.006853667065,5.0,311.98400000000004,25.333333333333332,0.0,-0.25,2,Winter
Tamil Nadu,Krishnagiri,2009-06,12.5188835,78.2206536,5.0,0.0,0.1711496253,11.0,308.955,5.0,0.0,0.0,6,Monsoon
Tamil Nadu,Krishnagiri,2010-04,12.5188835,78.2206536,35.0,1.0,0.04607911174,7.0,309.46,20.0,0.5,6.0,4,Summer
Tamil Nadu,Krishnagiri,2010-05,12.5188835,78.2206536,24.0,0.0,0.1981429391,9.0,309.585,21.333333333333332,0.3333333333333333,-0.3142857142857143,5,Summer
Tamil Nadu,Krishnagiri,2012-04,12.5188835,78.2206536,11.0,0.0,0.003494631922,0.0,313.42400000000004,23.333333333333332,0.3333333333333333,-0.5416666666666667,4,Summer
Tamil Nadu,Krishnagiri,2012-05,12.5188835,78.2206536,1694.0,0.0,0.04517766227,11.0,303.4358333,576.3333333333334,0.0,153.0,5,Summer
Tamil Nadu,Krishnagiri,2012-12,12.5188835,78.2206536,11.0,0.0,0.07234204857,12.0,301.336,572.0,0.0,-0.9935064935064936,12,Winter
Tamil Nadu,Krishnagiri,2013-04,12.5188835,78.2206536,26.0,0.0,0.003534351908,7.0,312.408,577.0,0.0,1.3636363636363638,4,Summer
Tamil Nadu,Krishnagiri,2013-09,12.5188835,78.2206536,13.0,1.0,0.002749145822,0.0,305.732,16.666666666666668,0.3333333333333333,-0.5,9,Monsoon
Tamil Nadu,Krishnagiri,2013-12,12.5188835,78.2206536,19.0,0.0,0.03303856738,12.0,298.52500000000003,19.333333333333332,0.3333333333333333,0.46153846153846145,12,Winter
Tamil Nadu,Krishnagiri,2014-05,12.5188835,78.2206536,19.0,0.0,0.1968196772,0.0,306.79200000000003,17.0,0.3333333333333333,0.0,5,Summer
Tamil Nadu,Krishnagiri,2014-08,12.5188835,78.2206536,11.0,0.0,0.08581389102,6.0,0.0,16.333333333333332,0.0,-0.42105263157894735,8,Monsoon
Tamil Nadu,Krishnagiri,2014-09,12.5188835,78.2206536,10.0,0.0,0.01780704353,10.0,308.56,13.333333333333334,0.0,-0.09090909090909094,9,Monsoon
Tamil Nadu,Krishnagiri,2015-07,12.5188835,78.2206536,8.0,0.0,0.0661046851,0.0,305.8466666,9.666666666666666,0.0,-0.19999999999999996,7,Monsoon
Tamil Nadu,Krishnagiri,2015-08,12.5188835,78.2206536,17.0,0.0,0.2335807501,10.0,310.96,11.666666666666666,0.0,1.125,8,Monsoon
Tamil Nadu,Krishnagiri,2017-05,12.5188835,78.2206536,32.0,0.0,0.01496514999,0.0,312.2866666,19.0,0.0,0.8823529411764706,5,Summer
Tamil Nadu,Madurai,2011-01,9.9261153,78.1140983,10.0,0.0,0.007762837172,8.0,302.52500000000003,10.0,0.0,0.0,1,Winter
Tamil Nadu,Madurai,2011-02,9.9261153,78.1140983,15.0,1.0,0.002687165159,8.0,305.2133334,12.5,0.5,0.5,2,Winter
Tamil Nadu,Madurai,2011-05,9.9261153,78.1140983,9.0,0.0,0.2091158931,0.0,313.58,11.333333333333334,0.3333333333333333,-0.4,5,Summer
Tamil Nadu,Madurai,2012-02,9.9261153,78.1140983,12.0,0.0,6.85e-05,0.0,307.90000000000003,12.0,0.3333333333333333,0.33333333333333326,2,Winter
Tamil Nadu,Madurai,2012-07,9.9261153,78.1140983,61.0,0.0,0.1028386753,0.0,311.04,27.333333333333332,0.0,4.083333333333333,7,Monsoon
Tamil Nadu,Madurai,2012-09,9.9261153,78.1140983,79.0,5.0,0.08848779477,7.0,315.5666666,50.666666666666664,1.6666666666666667,0.29508196721311486,9,Monsoon
Tamil Nadu,Madurai,2013-03,9.9261153,78.1140983,11.0,0.0,0.282964712,8.0,307.7266666,50.333333333333336,1.6666666666666667,-0.8607594936708861,3,Summer
Tamil Nadu,Madurai,2013-09,9.9261153,78.1140983,12.0,0.0,0.006452685803,6.0,314.26,34.0,1.6666666666666667,0.09090909090909083,9,Monsoon
Tamil Nadu,Madurai,2014-01,9.9261153,78.1140983,1728.0,0.0,0.011833386264999999,7.0,304.2025,583.6666666666666,0.0,143.0,1,Winter
Tamil Nadu,Madurai,2014-07,9.9261153,78.1140983,20.0,0.0,0.04261313763,5.0,316.39,586.6666666666666,0.0,-0.9884259259259259,7,Monsoon
Tamil Nadu,Madurai,2014-09,9.9261153,78.1140983,38.0,0.0,0.0532266498,5.0,314.512,595.3333333333334,0.0,0.8999999999999999,9,Monsoon
Tamil Nadu,Madurai,2014-10,9.9261153,78.1140983,22.0,0.0,0.4587254372,8.0,309.7366666,26.666666666666668,0.0,-0.42105263157894735,10,Post-Monsoon
Tamil Nadu,Madurai,2015-08,9.9261153,78.1140983,1146.0,0.0,0.042167241684999995,8.0,312.26,402.0,0.0,51.09090909090909,8,Monsoon
Tamil Nadu,Madurai,2016-10,9.9261153,78.1140983,35.0,0.0,0.1283348373,7.0,309.5266666,401.0,0.0,-0.9694589877835951,10,Post-Monsoon
Tamil Nadu,Madurai,2017-07,9.9261153,78.1140983,3349.0,0.0,0.09416109467,5.0,316.09400000000005,1510.0,0.0,94.68571428571428,7,Monsoon
Tamil Nadu,Madurai,2017-08,9.9261153,78.1140983,72.0,0.0,0.3622124981,6.0,0.0,1152.0,0.0,-0.978501045088086,8,Monsoon
Tamil Nadu,Madurai,2017-09,9.9261153,78.1140983,77.0,0.0,0.01214871972,8.0,312.515,1166.0,0.0,0.06944444444444442,9,Monsoon
Tamil Nadu,Madurai,2018-03,9.9261153,78.1140983,49.0,0.0,0.007711442964,0.0,315.2866666,66.0,0.0,-0.36363636363636365,3,Summer
Tamil Nadu,Madurai,2018-05,9.9261153,78.1140983,26.0,0.0,0.2308199901,0.0,314.46,50.666666666666664,0.0,-0.4693877551020408,5,Summer
Tamil Nadu,Madurai,2018-06,9.9261153,78.1140983,30.0,0.0,0.08342478546,7.0,309.44,35.0,0.0,0.15384615384615374,6,Monsoon
Tamil Nadu,Madurai,2018-07,9.9261153,78.1140983,2064.0,0.0,0.16882211257000002,6.5,310.754,706.6666666666666,0.0,67.8,7,Monsoon
Tamil Nadu,Madurai,2018-08,9.9261153,78.1140983,120.0,0.0,0.136954351,5.0,311.7,738.0,0.0,-0.9418604651162791,8,Monsoon
Tamil Nadu,Madurai,2019-02,9.9261153,78.1140983,41.0,0.0,0.1070984761,5.0,307.46500000000003,741.6666666666666,0.0,-0.6583333333333333,2,Winter
Tamil Nadu,Madurai,2019-03,9.9261153,78.1140983,39.0,0.0,0.006165418869,5.0,316.66400000000004,66.66666666666667,0.0,-0.04878048780487809,3,Summer
Tamil Nadu,Madurai,2019-05,9.9261153,78.1140983,79.0,0.0,0.03958777948,5.0,314.96500000000003,53.0,0.0,1.0256410256410255,5,Summer
Tamil Nadu,Madurai,2019-08,9.9261153,78.1140983,32.0,0.0,0.004243494,4.0,316.54,50.0,0.0,-0.5949367088607596,8,Monsoon
Tamil Nadu,Madurai,2019-10,9.9261153,78.1140983,80.0,0.0,0.3511513506,5.0,300.66,63.666666666666664,0.0,1.5,10,Post-Monsoon
Tamil Nadu,Madurai,2019-11,9.9261153,78.1140983,492640.0,0.0,0.42072783686666665,7.333333333333333,301.99,164250.66666666666,0.0,6157.0,11,Post-Monsoon
Tamil Nadu,Madurai,2021-10,9.9261153,78.1140983,21.0,0.0,0.2064460402,9.0,310.44,164247.0,0.0,-0.9999573725235467,10,Post-Monsoon
Tamil Nadu,Nagapattinam,2017-05,10.8056276,79.82465978,23.0,0.0,0.1958682632,9.0,313.82,23.0,0.0,0.0,5,Summer
Tamil Nadu,Nagapattinam,2019-03,10.8056276,79.82465978,166.0,0.0,0.01486379149,8.0,308.78400000000005,94.5,0.0,6.217391304347826,3,Summer
Tamil Nadu,Nagapattinam,2020-04,10.8056276,79.82465978,11.0,0.0,0.02148075123,0.0,313.475,66.66666666666667,0.0,-0.9337349397590361,4,Summer
Tamil Nadu,Nagercoil,2015-04,8.1880471,77.4290492,14.0,0.0,0.06234778461,8.0,308.112,14.0,0.0,0.0,4,Summer
Tamil Nadu,Nagercoil,2016-12,8.1880471,77.4290492,12.0,0.0,0.1764551993,16.0,304.98,13.0,0.0,-0.1428571428571429,12,Winter
Tamil Nadu,Nagercoil,2017-04,8.1880471,77.4290492,18.0,0.0,0.008152987262,8.0,314.47200000000004,14.666666666666666,0.0,0.5,4,Summer
Tamil Nadu,Namakkal,2009-06,11.28422485,78.16615284,7248.0,0.0,0.14691937654999998,6.0,312.1613333,7248.0,0.0,0.0,6,Monsoon
Tamil Nadu,Namakkal,2009-09,11.28422485,78.16615284,32.0,0.0,0.2588042895,7.0,308.22400000000005,3640.0,0.0,-0.9955849889624724,9,Monsoon
Tamil Nadu,Namakkal,2010-07,11.28422485,78.16615284,21.0,0.0,0.06997262745,0.0,307.19,2433.6666666666665,0.0,-0.34375,7,Monsoon
Tamil Nadu,Namakkal,2011-02,11.28422485,78.16615284,16.0,0.0,0.0005447172178,8.0,305.6366666,23.0,0.0,-0.23809523809523814,2,Winter
Tamil Nadu,Namakkal,2013-01,11.28422485,78.16615284,47.0,0.0,4.94e-05,6.0,309.1366666,28.0,0.0,1.9375,1,Winter
Tamil Nadu,Namakkal,2013-10,11.28422485,78.16615284,34.0,0.0,0.0475826547,0.0,309.264,32.333333333333336,0.0,-0.276595744680851,10,Post-Monsoon
Tamil Nadu,Namakkal,2014-06,11.28422485,78.16615284,64.0,0.0,0.02587236356,5.0,311.83,48.333333333333336,0.0,0.8823529411764706,6,Monsoon
Tamil Nadu,Namakkal,2015-03,11.28422485,78.16615284,5.0,0.0,0.100397294,6.0,312.75,34.333333333333336,0.0,-0.921875,3,Summer
Tamil Nadu,Namakkal,2015-09,11.28422485,78.16615284,11.0,0.0,0.02088359924,6.0,313.495,26.666666666666668,0.0,1.2000000000000002,9,Monsoon
Tamil Nadu,Namakkal,2016-02,11.28422485,78.16615284,16.0,0.0,8.1e-05,7.0,307.796,10.666666666666666,0.0,0.4545454545454546,2,Winter
Tamil Nadu,Perambalur,2009-10,11.2287716,78.81825555,24.0,0.0,0.01342844467,6.0,307.264,24.0,0.0,0.0,10,Post-Monsoon
Tamil Nadu,Perambalur,2009-11,11.2287716,78.81825555,15.0,0.0,0.3929613565,0.0,301.0933334,19.5,0.0,-0.375,11,Post-Monsoon
Tamil Nadu,Perambalur,2009-12,11.2287716,78.81825555,18.0,0.0,0.28373793,0.0,301.755,19.0,0.0,0.19999999999999996,12,Winter
Tamil Nadu,Perambalur,2010-04,11.2287716,78.81825555,17.0,0.0,0.02047602677,5.0,313.54,16.666666666666668,0.0,-0.05555555555555558,4,Summer
Tamil Nadu,Perambalur,2010-05,11.2287716,78.81825555,25.0,0.0,0.09829214322,9.0,313.14,20.0,0.0,0.47058823529411775,5,Summer
Tamil Nadu,Perambalur,2011-05,11.2287716,78.81825555,32.0,0.0,0.1562797557,8.0,310.3433334,24.666666666666668,0.0,0.28,5,Summer
Tamil Nadu,Perambalur,2011-08,11.2287716,78.81825555,1032.0,0.0,0.05254854861,6.0,307.9533334,363.0,0.0,31.25,8,Monsoon
Tamil Nadu,Perambalur,2011-11,11.2287716,78.81825555,24.0,0.0,0.05385096547,13.0,303.736,362.6666666666667,0.0,-0.9767441860465116,11,Post-Monsoon
Tamil Nadu,Perambalur,2012-03,11.2287716,78.81825555,1510422322.0,0.0,0.03909132243176,4.2,310.80233332,503474459.3333333,0.0,62934262.416666664,3,Summer
Tamil Nadu,Perambalur,2012-05,11.2287716,78.81825555,13.0,0.0,0.1577435245,0.0,309.90500000000003,503474119.6666667,0.0,-0.9999999913931357,5,Summer
Tamil Nadu,Perambalur,2013-10,11.2287716,78.81825555,12.0,0.0,0.38604976,9.0,306.34000000000003,503474115.6666667,0.0,-0.07692307692307687,10,Post-Monsoon
Tamil Nadu,Perambalur,2014-11,11.2287716,78.81825555,11.0,0.0,0.1652418715,5.0,300.5933334,12.0,0.0,-0.08333333333333337,11,Post-Monsoon
Tamil Nadu,Perambalur,2015-01,11.2287716,78.81825555,22.0,0.0,0.0263399782,0.0,304.196,15.0,0.0,1.0,1,Winter
Tamil Nadu,Perambalur,2017-11,11.2287716,78.81825555,4.0,0.0,0.3540646967,0.0,303.48,12.333333333333334,0.0,-0.8181818181818181,11,Post-Monsoon
Tamil Nadu,Perambalur,2018-04,11.2287716,78.81825555,8.0,0.0,0.005058819012,5.0,314.836,11.333333333333334,0.0,1.0,4,Summer
Tamil Nadu,Perambalur,2019-10,11.2287716,78.81825555,22.0,0.0,0.1930179447,0.0,307.28000000000003,11.333333333333334,0.0,1.75,10,Post-Monsoon
Tamil Nadu,Perambalur,2021-03,11.2287716,78.81825555,1414.0,0.0,0.0007425420286,0.0,310.0666666,481.3333333333333,0.0,63.272727272727266,3,Summer
Tamil Nadu,Pudukkottai,2009-11,10.5,78.833333,8.0,0.0,0.7379969291,0.0,305.5,8.0,0.0,0.0,11,Post-Monsoon
Tamil Nadu,Pudukkottai,2010-07,10.5,78.833333,32.0,0.0,0.3626294376,9.0,310.21,20.0,0.0,3.0,7,Monsoon
Tamil Nadu,Pudukkottai,2010-08,10.5,78.833333,41.0,0.0,0.2143385869,7.0,310.75,27.0,0.0,0.28125,8,Monsoon
Tamil Nadu,Pudukkottai,2013-02,10.5,78.833333,2422.0,0.0,0.046527868145,3.5,304.60749999999996,831.6666666666666,0.0,58.073170731707314,2,Winter
Tamil Nadu,Pudukkottai,2014-09,10.5,78.833333,18.0,0.0,0.05216851253,9.0,312.3066666,827.0,0.0,-0.9925681255161024,9,Monsoon
Tamil Nadu,Pudukkottai,2015-09,10.5,78.833333,27.0,0.0,0.1439393646,9.0,309.3066666,822.3333333333334,0.0,0.5,9,Monsoon
Tamil Nadu,Pudukkottai,2016-09,10.5,78.833333,15.0,0.0,0.01512466229,9.0,308.6733334,20.0,0.0,-0.4444444444444444,9,Monsoon
Tamil Nadu,Pudukkottai,2018-07,10.5,78.833333,73.0,0.0,0.04202111823,0.0,309.38,38.333333333333336,0.0,3.8666666666666663,7,Monsoon
Tamil Nadu,Pudukkottai,2018-09,10.5,78.833333,25.0,0.0,0.02749093974,8.0,311.395,37.666666666666664,0.0,-0.6575342465753424,9,Monsoon
Tamil Nadu,Pudukkottai,2022-03,10.5,78.833333,15.0,0.0,0.06721439309,0.0,306.37,37.666666666666664,0.0,-0.4,3,Summer
Tamil Nadu,Pudukottai,2012-03,10.3826515,78.8191259,64.0,0.0,0.091436118,8.0,306.005,64.0,0.0,0.0,3,Summer
Tamil Nadu,Pudukottai,2012-05,10.3826515,78.8191259,27202718.0,0.0,0.169550140275,3.75,231.553,13601391.0,0.0,425041.46875,5,Summer
Tamil Nadu,Pudukottai,2012-06,10.3826515,78.8191259,15.0,1.0,0.2128374253,7.0,315.72,9067599.0,0.3333333333333333,-0.9999994485845127,6,Monsoon
Tamil Nadu,Pudukottai,2012-07,10.3826515,78.8191259,30.0,0.0,0.1325257191,6.0,314.34000000000003,9067587.666666666,0.3333333333333333,1.0,7,Monsoon
Tamil Nadu,Pudukottai,2012-09,10.3826515,78.8191259,22.0,0.0,0.05871243898,8.0,307.75,22.333333333333332,0.3333333333333333,-0.2666666666666667,9,Monsoon
Tamil Nadu,Pudukottai,2014-08,10.3826515,78.8191259,46.0,0.0,0.244373011,7.0,308.06,32.666666666666664,0.0,1.0909090909090908,8,Monsoon
Tamil Nadu,Pudukottai,2014-09,10.3826515,78.8191259,1721.0,0.0,0.02296332081,9.0,312.9466666,596.3333333333334,0.0,36.41304347826087,9,Monsoon
Tamil Nadu,Pudukottai,2019-02,10.3826515,78.8191259,25.0,0.0,0.02520112055,8.0,304.52500000000003,597.3333333333334,0.0,-0.9854735618826264,2,Winter
Tamil Nadu,Pudukottai,2019-09,10.3826515,78.8191259,20.0,0.0,0.8883258545,9.0,311.5,588.6666666666666,0.0,-0.19999999999999996,9,Monsoon
Tamil Nadu,Pudukottai,2021-02,10.3826515,78.8191259,41.0,0.0,0.07038244234,7.0,302.62,28.666666666666668,0.0,1.0499999999999998,2,Winter
Tamil Nadu,Pudukottai,2021-10,10.3826515,78.8191259,20.0,0.0,0.3938476267,10.0,304.16,27.0,0.0,-0.5121951219512195,10,Post-Monsoon
Tamil Nadu,Pudukottai,2022-01,10.3826515,78.8191259,88.0,0.0,0.1074129745,12.0,300.7666666,49.666666666666664,0.0,3.4000000000000004,1,Winter
Tamil Nadu,Ramanathapuram,2009-09,9.3895523,78.85907072,4944.0,0.0,0.0,5.5,311.12,4944.0,0.0,0.0,9,Monsoon
Tamil Nadu,Ramanathapuram,2010-01,9.3895523,78.85907072,26.0,1.0,0.0,9.0,301.73,2485.0,0.5,-0.9947411003236246,1,Winter
Tamil Nadu,Ramanathapuram,2010-03,9.3895523,78.85907072,46.0,0.0,0.0,0.0,307.8833334,1672.0,0.3333333333333333,0.7692307692307692,3,Summer
Tamil Nadu,Ramanathapuram,2010-05,9.3895523,78.85907072,38.0,0.0,0.0,5.0,308.265,36.666666666666664,0.3333333333333333,-0.17391304347826086,5,Summer
Tamil Nadu,Ramanathapuram,2010-09,9.3895523,78.85907072,18.0,0.0,0.0,6.0,312.59000000000003,34.0,0.0,-0.5263157894736843,9,Monsoon
Tamil Nadu,Ramanathapuram,2011-08,9.3895523,78.85907072,17.0,0.0,0.0,5.0,311.32,24.333333333333332,0.0,-0.05555555555555558,8,Monsoon
Tamil Nadu,Ramanathapuram,2011-11,9.3895523,78.85907072,20.0,0.0,0.0,9.0,304.084,18.333333333333332,0.0,0.17647058823529416,11,Post-Monsoon
Tamil Nadu,Ramanathapuram,2012-01,9.3895523,78.85907072,30.0,0.0,0.0,11.0,299.84000000000003,22.333333333333332,0.0,0.5,1,Winter
Tamil Nadu,Ramanathapuram,2012-02,9.3895523,78.85907072,1040.0,2.0,0.0,8.0,304.6925,363.3333333333333,0.6666666666666666,33.666666666666664,2,Winter
Tamil Nadu,Ramanathapuram,2012-07,9.3895523,78.85907072,22.0,0.0,0.0,0.0,313.63,364.0,0.6666666666666666,-0.9788461538461538,7,Monsoon
Tamil Nadu,Ramanathapuram,2012-08,9.3895523,78.85907072,31.0,0.0,0.0,4.0,314.74,364.3333333333333,0.6666666666666666,0.40909090909090917,8,Monsoon
Tamil Nadu,Ramanathapuram,2012-09,9.3895523,78.85907072,1749.0,0.0,0.0,4.5,312.656,600.6666666666666,0.0,55.41935483870968,9,Monsoon
Tamil Nadu,Ramanathapuram,2012-10,9.3895523,78.85907072,17.0,0.0,0.0,5.0,313.67,599.0,0.0,-0.9902801600914809,10,Post-Monsoon
Tamil Nadu,Ramanathapuram,2012-12,9.3895523,78.85907072,171425.0,0.0,0.0,4.0,301.3872222,57730.333333333336,0.0,10082.823529411764,12,Winter
Tamil Nadu,Ramanathapuram,2013-01,9.3895523,78.85907072,1515.0,0.0,0.0,4.5,300.664,57652.333333333336,0.0,-0.9911623158815809,1,Winter
Tamil Nadu,Ramanathapuram,2013-03,9.3895523,78.85907072,3110.0,0.0,0.0,9.0,307.0733333,58683.333333333336,0.0,1.052805280528053,3,Summer
Tamil Nadu,Ramanathapuram,2013-11,9.3895523,78.85907072,12.0,0.0,0.0,6.0,302.42,1545.6666666666667,0.0,-0.9961414790996784,11,Post-Monsoon
Tamil Nadu,Ramanathapuram,2014-02,9.3895523,78.85907072,15.0,0.0,0.0,7.0,307.436,1045.6666666666667,0.0,0.25,2,Winter
Tamil Nadu,Ramanathapuram,2014-03,9.3895523,78.85907072,911.0,0.0,0.0,3.0,307.395,312.6666666666667,0.0,59.733333333333334,3,Summer
Tamil Nadu,Ramanathapuram,2014-06,9.3895523,78.85907072,12.0,0.0,0.0,7.0,308.9833334,312.6666666666667,0.0,-0.986827661909989,6,Monsoon
Tamil Nadu,Ramanathapuram,2014-10,9.3895523,78.85907072,11.0,0.0,0.0,6.0,306.67,311.3333333333333,0.0,-0.08333333333333337,10,Post-Monsoon
Tamil Nadu,Ramanathapuram,2015-03,9.3895523,78.85907072,12.0,0.0,0.0,0.0,308.208,11.666666666666666,0.0,0.09090909090909083,3,Summer
Tamil Nadu,Ramanathapuram,2015-06,9.3895523,78.85907072,12.0,0.0,0.0,8.0,312.6733334,11.666666666666666,0.0,0.0,6,Monsoon
Tamil Nadu,Ramanathapuram,2016-01,9.3895523,78.85907072,5.0,0.0,0.0,13.0,301.76,9.666666666666666,0.0,-0.5833333333333333,1,Winter
Tamil Nadu,Ramanathapuram,2016-11,9.3895523,78.85907072,24.0,0.0,0.0,0.0,301.7933334,13.666666666666666,0.0,3.8,11,Post-Monsoon
Tamil Nadu,Ramanathapuram,2017-02,9.3895523,78.85907072,13.0,0.0,0.0,6.0,307.616,14.0,0.0,-0.45833333333333337,2,Winter
Tamil Nadu,Ramanathapuram,2018-04,9.3895523,78.85907072,2023.0,0.0,0.0,2.5,310.87,686.6666666666666,0.0,154.6153846153846,4,Summer
Tamil Nadu,Ramanathapuram,2018-06,9.3895523,78.85907072,912.0,0.0,0.0,4.5,314.7533333,982.6666666666666,0.0,-0.5491843796342066,6,Monsoon
Tamil Nadu,Ramanathapuram,2018-07,9.3895523,78.85907072,15.0,0.0,0.0,5.0,315.1,983.3333333333334,0.0,-0.9835526315789473,7,Monsoon
Tamil Nadu,Ramanathapuram,2019-02,9.3895523,78.85907072,21.0,0.0,0.0,7.0,306.29,316.0,0.0,0.3999999999999999,2,Winter
Tamil Nadu,Ramanathapuram,2019-03,9.3895523,78.85907072,1925.0,0.0,0.0,3.0,309.732,653.6666666666666,0.0,90.66666666666667,3,Summer
Tamil Nadu,Ramanathapuram,2021-10,9.3895523,78.85907072,5.0,0.0,0.0,7.0,307.32,650.3333333333334,0.0,-0.9974025974025974,10,Post-Monsoon
Tamil Nadu,Ramanathapuram Paramakudi,2020-10,9.4684575,78.7462095,21.0,0.0,0.1927879139,0.0,0.0,21.0,0.0,0.0,10,Post-Monsoon
Tamil Nadu,Ramanathapuram ��������������������������������������������������������������������������������������������������������������������������������������������������������������������������������������������������������������������������������������������������� Paramakudi,2016-09,9.4684575,78.7462095,99.0,0.0,0.05448286421,5.0,312.96,99.0,0.0,0.0,9,Monsoon
Tamil Nadu,Ramanathapuram- Paramakudi,2016-02,9.4684575,78.7462095,18.0,0.0,0.03950816745,0.0,307.74,18.0,0.0,0.0,2,Winter
Tamil Nadu,Ramanathapuram- Paramakudi,2016-07,9.4684575,78.7462095,17.0,0.0,0.2001215612,4.0,316.54,17.5,0.0,-0.05555555555555558,7,Monsoon
Tamil Nadu,Ramanathapuram- Paramakudi,2017-03,9.4684575,78.7462095,49.0,1.0,0.2112541014,6.0,309.94,28.0,0.3333333333333333,1.8823529411764706,3,Summer
Tamil Nadu,Ramanathapuram-Paramakudi,2017-01,9.4684575,78.7462095,65.0,0.0,0.0001585142489,6.0,308.89,65.0,0.0,0.0,1,Winter
Tamil Nadu,Ramanathapuram-Paramakudi,2017-03,9.4684575,78.7462095,14.0,1.0,0.2280513671,5.0,312.12,39.5,0.5,-0.7846153846153846,3,Summer
Tamil Nadu,Saidapet,2011-10,13.020817,80.2239536,5.0,0.0,0.04185250031,11.0,307.22,5.0,0.0,0.0,10,Post-Monsoon
Tamil Nadu,Salem,2009-06,11.0600516,77.0679581,16.0,0.0,0.1693351768,5.0,310.86,16.0,0.0,0.0,6,Monsoon
Tamil Nadu,Salem,2009-07,11.0600516,77.0679581,122467.0,0.0,0.4026352124333334,3.3333333333333335,302.76,61241.5,0.0,7653.1875,7,Monsoon
Tamil Nadu,Salem,2009-08,11.0600516,77.0679581,2521.0,0.0,0.21783875865,4.0,308.7533333,41668.0,0.0,-0.979414862779361,8,Monsoon
Tamil Nadu,Salem,2010-05,11.0600516,77.0679581,8214.0,0.0,0.24197561725,8.0,310.35333330000003,44400.666666666664,0.0,2.258230860769536,5,Summer
Tamil Nadu,Salem,2010-09,11.0600516,77.0679581,1835.0,0.0,0.29623752975,3.5,154.12,4190.0,0.0,-0.7766009252495739,9,Monsoon
Tamil Nadu,Salem,2011-05,11.0600516,77.0679581,13.0,0.0,0.1690344056,10.0,303.44,3354.0,0.0,-0.9929155313351499,5,Summer
Tamil Nadu,Salem,2011-06,11.0600516,77.0679581,60.0,0.0,0.08771809858,10.0,302.875,636.0,0.0,3.615384615384615,6,Monsoon
Tamil Nadu,Salem,2011-07,11.0600516,77.0679581,858.0,0.0,0.49340181525,4.0,306.3733333,310.3333333333333,0.0,13.3,7,Monsoon
Tamil Nadu,Salem,2011-12,11.0600516,77.0679581,15.0,0.0,0.1249275227,10.0,301.82,311.0,0.0,-0.9825174825174825,12,Winter
Tamil Nadu,Salem,2012-01,11.0600516,77.0679581,9.0,0.0,0.01085998228,9.0,302.22400000000005,294.0,0.0,-0.4,1,Winter
Tamil Nadu,Salem,2012-05,11.0600516,77.0679581,111114.0,0.0,0.10322987663333333,5.333333333333333,308.20133333333337,37046.0,0.0,12345.0,5,Summer
Tamil Nadu,Salem,2012-06,11.0600516,77.0679581,16.0,0.0,0.1627695047,8.0,308.545,37046.333333333336,0.0,-0.9998560037439027,6,Monsoon
Tamil Nadu,Salem,2012-08,11.0600516,77.0679581,27308630.0,0.0,0.6720222261275,1.75,228.07,9139920.0,0.0,1706788.375,8,Monsoon
Tamil Nadu,Salem,2012-11,11.0600516,77.0679581,15.0,0.0,0.3881372966,10.0,303.745,9102887.0,0.0,-0.9999994507230865,11,Post-Monsoon
Tamil Nadu,Salem,2013-12,11.0600516,77.0679581,17.0,0.0,0.01032229399,8.0,301.30400000000003,9102887.333333334,0.0,0.1333333333333333,12,Winter
Tamil Nadu,Salem,2014-07,11.0600516,77.0679581,20.0,0.0,0.0728804288,6.0,302.7133334,17.333333333333332,0.0,0.17647058823529416,7,Monsoon
Tamil Nadu,Salem,2014-08,11.0600516,77.0679581,150.0,0.0,0.7223715104,0.0,308.92,62.333333333333336,0.0,6.5,8,Monsoon
Tamil Nadu,Salem,2015-06,11.0600516,77.0679581,1115.0,0.0,0.21497844515,5.5,304.95166670000003,428.3333333333333,0.0,6.433333333333334,6,Monsoon
Tamil Nadu,Salem,2015-11,11.0600516,77.0679581,20.0,0.0,0.4925684909,4.0,301.12,428.3333333333333,0.0,-0.9820627802690582,11,Post-Monsoon
Tamil Nadu,Salem,2016-04,11.0600516,77.0679581,19.0,0.0,0.06672174128,0.0,309.768,384.6666666666667,0.0,-0.050000000000000044,4,Summer
Tamil Nadu,Salem,2017-02,11.0600516,77.0679581,164.0,4.0,0.00044786498854999996,7.0,310.84749999999997,67.66666666666667,1.3333333333333333,7.631578947368421,2,Winter
Tamil Nadu,Salem,2017-03,11.0600516,77.0679581,14.0,0.0,0.02025262231,8.0,314.1,65.66666666666667,1.3333333333333333,-0.9146341463414634,3,Summer
Tamil Nadu,Salem,2017-04,11.0600516,77.0679581,16.0,0.0,0.0191757263,6.0,311.445,64.66666666666667,1.3333333333333333,0.1428571428571428,4,Summer
Tamil Nadu,Salem,2017-06,11.0600516,77.0679581,18.0,0.0,0.1453390936,7.0,308.7,16.0,0.0,0.125,6,Monsoon
Tamil Nadu,Salem,2017-08,11.0600516,77.0679581,25.0,0.0,0.7634166473,0.0,310.64,19.666666666666668,0.0,0.38888888888888884,8,Monsoon
Tamil Nadu,Salem,2018-02,11.0600516,77.0679581,48.0,0.0,0.3704065416,0.0,305.264,30.333333333333332,0.0,0.9199999999999999,2,Winter
Tamil Nadu,Salem,2018-07,11.0600516,77.0679581,45.0,0.0,0.372596741,4.0,302.48,39.333333333333336,0.0,-0.0625,7,Monsoon
Tamil Nadu,Salem,2019-01,11.0600516,77.0679581,83.0,0.0,0.07573510553,7.0,301.56,58.666666666666664,0.0,0.8444444444444446,1,Winter
Tamil Nadu,Salem,2021-08,11.0600516,77.0679581,23.0,0.0,0.6687287045,9.0,305.96,50.333333333333336,0.0,-0.7228915662650602,8,Monsoon
Tamil Nadu,Salem,2021-10,11.0600516,77.0679581,36.0,0.0,0.7678714966,9.0,307.8,47.333333333333336,0.0,0.5652173913043479,10,Post-Monsoon
Tamil Nadu,Salem,2021-11,11.0600516,77.0679581,13.0,0.0,0.419424465,10.0,299.325,24.0,0.0,-0.6388888888888888,11,Post-Monsoon
Tamil Nadu,Sivaganga,2010-04,9.851231,78.53047155,13.0,0.0,0.09213108734,4.0,317.03000000000003,13.0,0.0,0.0,4,Summer
Tamil Nadu,Sivaganga,2010-10,9.851231,78.53047155,30.0,0.0,0.616651917,10.0,308.625,21.5,0.0,1.3076923076923075,10,Post-Monsoon
Tamil Nadu,Sivaganga,2011-05,9.851231,78.53047155,22.0,0.0,0.187793751,8.0,311.645,21.666666666666668,0.0,-0.2666666666666667,5,Summer
Tamil Nadu,Sivaganga,2011-11,9.851231,78.53047155,6.0,0.0,0.2603008803,10.0,304.4533334,19.333333333333332,0.0,-0.7272727272727273,11,Post-Monsoon
Tamil Nadu,Sivaganga,2013-07,9.851231,78.53047155,17.0,0.0,0.1589887735,0.0,313.92,15.0,0.0,1.8333333333333335,7,Monsoon
Tamil Nadu,Sivaganga,2013-11,9.851231,78.53047155,15.0,0.0,0.07244195142,8.0,308.62,12.666666666666666,0.0,-0.11764705882352944,11,Post-Monsoon
Tamil Nadu,Sivaganga,2014-12,9.851231,78.53047155,25.0,0.0,0.06946399162,5.0,297.7733334,19.0,0.0,0.6666666666666667,12,Winter
Tamil Nadu,Sivaganga,2015-02,9.851231,78.53047155,302020.0,0.0,0.011110418293000001,5.0,305.5122222666667,100686.66666666667,0.0,12079.8,2,Winter
Tamil Nadu,Sivaganga,2015-03,9.851231,78.53047155,10.0,0.0,0.07480465741,0.0,310.0866666,100685.0,0.0,-0.9999668896099596,3,Summer
Tamil Nadu,Sivaganga,2015-09,9.851231,78.53047155,21.0,0.0,0.2748594806,8.0,0.0,100683.66666666667,0.0,1.1,9,Monsoon
Tamil Nadu,Sivaganga,2016-12,9.851231,78.53047155,19.0,0.0,0.02638827419,8.0,306.08,16.666666666666668,0.0,-0.09523809523809523,12,Winter
Tamil Nadu,Sivaganga,2017-04,9.851231,78.53047155,23.0,0.0,0.0009406631337,5.0,314.7966666,21.0,0.0,0.21052631578947367,4,Summer
Tamil Nadu,Sivaganga,2017-07,9.851231,78.53047155,19.0,0.0,0.1272849679,0.0,311.7,20.333333333333332,0.0,-0.17391304347826086,7,Monsoon
Tamil Nadu,Sivaganga,2018-03,9.851231,78.53047155,10.0,0.0,0.01019267569,5.0,315.09200000000004,17.333333333333332,0.0,-0.4736842105263158,3,Summer
Tamil Nadu,Sivaganga,2018-07,9.851231,78.53047155,20.0,0.0,0.1954551777,7.0,310.38,16.333333333333332,0.0,1.0,7,Monsoon
Tamil Nadu,Sivaganga,2018-08,9.851231,78.53047155,11.0,0.0,0.07232866875,0.0,315.25333340000003,13.666666666666666,0.0,-0.44999999999999996,8,Monsoon
Tamil Nadu,Sivaganga,2018-09,9.851231,78.53047155,4129.0,0.0,0.22861801285,3.5,310.4525,1386.6666666666667,0.0,374.3636363636364,9,Monsoon
Tamil Nadu,Sivaganga,2020-02,9.851231,78.53047155,13.0,0.0,0.01681857719,0.0,307.356,1384.3333333333333,0.0,-0.9968515379026399,2,Winter
Tamil Nadu,Sivaganga,2021-09,9.851231,78.53047155,13.0,0.0,0.07165945303,0.0,309.6533334,1385.0,0.0,0.0,9,Monsoon
Tamil Nadu,Tenkasi,2022-05,9.0318958,77.36536125,19.0,0.0,0.4864043787,7.0,314.98,19.0,0.0,0.0,5,Summer
Tamil Nadu,Tenkasi (Tirunelveli),2020-06,8.9707606,77.3036864,25.0,0.0,0.9300106017,9.0,304.92,25.0,0.0,0.0,6,Monsoon
Tamil Nadu,Thanjavur,2009-07,10.7860267,79.1381497,32.0,0.0,0.137618034,0.0,312.97,32.0,0.0,0.0,7,Monsoon
Tamil Nadu,Thanjavur,2010-12,10.7860267,79.1381497,4.0,1.0,1.911279191,7.0,300.36,18.0,0.5,-0.875,12,Winter
Tamil Nadu,Thanjavur,2011-01,10.7860267,79.1381497,66.0,2.0,0.009439082476,0.0,303.0133334,34.0,1.0,15.5,1,Winter
Tamil Nadu,Thanjavur,2011-02,10.7860267,79.1381497,18.0,0.0,0.01659719939,8.0,305.6433334,29.333333333333332,1.0,-0.7272727272727273,2,Winter
Tamil Nadu,Thanjavur,2011-06,10.7860267,79.1381497,25.0,0.0,0.09185294468,6.0,310.8666666,36.333333333333336,0.6666666666666666,0.38888888888888884,6,Monsoon
Tamil Nadu,Thanjavur,2011-10,10.7860267,79.1381497,20.0,0.0,0.05761341603,12.0,305.0966666,21.0,0.0,-0.19999999999999996,10,Post-Monsoon
Tamil Nadu,Thanjavur,2011-12,10.7860267,79.1381497,32.0,0.0,0.05632934196,0.0,300.37,25.666666666666668,0.0,0.6000000000000001,12,Winter
Tamil Nadu,Thanjavur,2012-03,10.7860267,79.1381497,1910193.0,0.0,0.0003521894186,7.75,310.23483335000003,636748.3333333334,0.0,59692.53125,3,Summer
Tamil Nadu,Thanjavur,2012-05,10.7860267,79.1381497,72.0,0.0,0.1342329424,7.0,311.07,636765.6666666666,0.0,-0.9999623074736427,5,Summer
Tamil Nadu,Thanjavur,2012-09,10.7860267,79.1381497,4819.0,0.0,0.10977229332999999,4.0,309.0475,638361.3333333334,0.0,65.93055555555556,9,Monsoon
Tamil Nadu,Thanjavur,2012-10,10.7860267,79.1381497,65.0,0.0,0.6264695704,9.0,309.9666666,1652.0,0.0,-0.9865117244241544,10,Post-Monsoon
Tamil Nadu,Thanjavur,2013-07,10.7860267,79.1381497,45.0,2.0,0.08412576544,4.0,0.0,1643.0,0.6666666666666666,-0.3076923076923077,7,Monsoon
Tamil Nadu,Thanjavur,2013-11,10.7860267,79.1381497,18.0,0.0,0.002248812803,11.0,304.9533334,42.666666666666664,0.6666666666666666,-0.6,11,Post-Monsoon
Tamil Nadu,Thanjavur,2014-09,10.7860267,79.1381497,28.0,0.0,0.2006695863,7.0,307.11,30.333333333333332,0.6666666666666666,0.5555555555555556,9,Monsoon
Tamil Nadu,Thanjavur,2014-10,10.7860267,79.1381497,86.0,0.0,0.4247855229,8.0,302.4066666,44.0,0.0,2.0714285714285716,10,Post-Monsoon
Tamil Nadu,Thanjavur,2015-09,10.7860267,79.1381497,2219.0,0.0,0.078665023515,7.5,313.415,777.6666666666666,0.0,24.802325581395348,9,Monsoon
Tamil Nadu,Thanjavur,2016-06,10.7860267,79.1381497,15.0,0.0,0.4507535239,8.0,313.17,773.3333333333334,0.0,-0.9932401982875169,6,Monsoon
Tamil Nadu,Thanjavur,2016-09,10.7860267,79.1381497,56.0,0.0,0.06720439713,8.0,311.56,763.3333333333334,0.0,2.7333333333333334,9,Monsoon
Tamil Nadu,Thanjavur,2018-04,10.7860267,79.1381497,68.0,0.0,0.007168373219,6.0,313.145,46.333333333333336,0.0,0.2142857142857142,4,Summer
Tamil Nadu,Thanjavur,2018-07,10.7860267,79.1381497,10.0,0.0,0.03713612888,0.0,313.2,44.666666666666664,0.0,-0.8529411764705882,7,Monsoon
Tamil Nadu,Thanjavur,2018-08,10.7860267,79.1381497,15.0,0.0,0.126728941,6.0,310.33,31.0,0.0,0.5,8,Monsoon
Tamil Nadu,Thanjavur,2020-02,10.7860267,79.1381497,61.0,0.0,0.01945987739,0.0,308.735,28.666666666666668,0.0,3.0666666666666664,2,Winter
Tamil Nadu,Thanjavur,2020-07,10.7860267,79.1381497,57.0,0.0,0.2544956103,7.0,311.48,44.333333333333336,0.0,-0.06557377049180324,7,Monsoon
Tamil Nadu,Thanjavur,2022-06,10.7860267,79.1381497,9.0,0.0,0.1644044216,9.0,310.305,42.333333333333336,0.0,-0.8421052631578947,6,Monsoon
Tamil Nadu,The Nilgiris,2019-06,11.4,76.7,16.0,0.0,1.149095645,18.0,301.55333340000004,16.0,0.0,0.0,6,Monsoon
Tamil Nadu,Theni,2009-07,9.9696643,77.47420049,5010.0,0.0,0.16014008935500001,4.0,315.10333330000003,5010.0,0.0,0.0,7,Monsoon
Tamil Nadu,Theni,2009-08,9.9696643,77.47420049,82.0,0.0,0.2169554891,4.0,315.25,2546.0,0.0,-0.9836327345309381,8,Monsoon
Tamil Nadu,Theni,2009-11,9.9696643,77.47420049,5.0,0.0,2.362386394,5.0,0.0,1699.0,0.0,-0.9390243902439024,11,Post-Monsoon
Tamil Nadu,Theni,2010-05,9.9696643,77.47420049,231321.0,0.0,0.06161970975,6.0,314.80611113333333,77136.0,0.0,46263.2,5,Summer
Tamil Nadu,Theni,2010-06,9.9696643,77.47420049,25.0,0.0,0.5856858554,0.0,0.0,77117.0,0.0,-0.9998919250738152,6,Monsoon
Tamil Nadu,Theni,2010-07,9.9696643,77.47420049,28.0,0.0,0.2688121983,5.0,316.6666666,77124.66666666667,0.0,0.1200000000000001,7,Monsoon
Tamil Nadu,Theni,2011-04,9.9696643,77.47420049,11.0,0.0,0.5498600001,0.0,313.6533334,21.333333333333332,0.0,-0.6071428571428572,4,Summer
Tamil Nadu,Theni,2011-05,9.9696643,77.47420049,11.0,0.0,0.07313094396,0.0,308.6866666,16.666666666666668,0.0,0.0,5,Summer
Tamil Nadu,Theni,2012-01,9.9696643,77.47420049,21.0,0.0,0.4204133468,13.0,300.02500000000003,14.333333333333334,0.0,0.9090909090909092,1,Winter
Tamil Nadu,Theni,2012-05,9.9696643,77.47420049,9.0,0.0,0.2895826607,7.0,309.65000000000003,13.666666666666666,0.0,-0.5714285714285714,5,Summer
Tamil Nadu,Theni,2012-08,9.9696643,77.47420049,3026.0,0.0,0.30990392305,5.0,315.87,1018.6666666666666,0.0,335.22222222222223,8,Monsoon
Tamil Nadu,Theni,2013-06,9.9696643,77.47420049,63.0,0.0,0.1166061241,0.0,318.31,1032.6666666666667,0.0,-0.9791804362194316,6,Monsoon
Tamil Nadu,Theni,2013-10,9.9696643,77.47420049,36.0,0.0,0.01359488298,0.0,316.8433334,1041.6666666666667,0.0,-0.4285714285714286,10,Post-Monsoon
Tamil Nadu,Theni,2014-06,9.9696643,77.47420049,66.0,0.0,0.07469071328,7.0,312.1533334,55.0,0.0,0.8333333333333333,6,Monsoon
Tamil Nadu,Theni,2014-07,9.9696643,77.47420049,10.0,0.0,0.06728575799,6.0,314.31333340000003,37.333333333333336,0.0,-0.8484848484848485,7,Monsoon
Tamil Nadu,Theni,2015-05,9.9696643,77.47420049,36.0,0.0,0.7331649154,10.0,305.39,37.333333333333336,0.0,2.6,5,Summer
Tamil Nadu,Theni,2015-08,9.9696643,77.47420049,19.0,0.0,0.01443692172,0.0,313.955,21.666666666666668,0.0,-0.4722222222222222,8,Monsoon
Tamil Nadu,Theni,2017-05,9.9696643,77.47420049,31.0,0.0,0.1821434045,6.0,312.2333334,28.666666666666668,0.0,0.631578947368421,5,Summer
Tamil Nadu,Theni,2018-06,9.9696643,77.47420049,28.0,0.0,0.06686248441,6.0,311.88,26.0,0.0,-0.09677419354838712,6,Monsoon
Tamil Nadu,Theni,2019-08,9.9696643,77.47420049,34.0,0.0,0.2719435978,3.0,0.0,31.0,0.0,0.2142857142857142,8,Monsoon
Tamil Nadu,Theni,2019-09,9.9696643,77.47420049,43.0,0.0,0.04284734381,6.0,313.90000000000003,35.0,0.0,0.2647058823529411,9,Monsoon
Tamil Nadu,Thiruvallur,2010-07,13.13014755,79.92435386,85.0,0.0,0.2797536479,8.0,304.68,85.0,0.0,0.0,7,Monsoon
Tamil Nadu,Thiruvallur,2011-02,13.13014755,79.92435386,30.0,0.0,0.04554685673,7.0,304.865,57.5,0.0,-0.6470588235294117,2,Winter
Tamil Nadu,Thiruvallur,2011-08,13.13014755,79.92435386,35.0,0.0,0.161409477,8.0,0.0,50.0,0.0,0.16666666666666674,8,Monsoon
Tamil Nadu,Thiruvallur,2011-12,13.13014755,79.92435386,31.0,2.0,0.03851227113,9.0,303.12,32.0,0.6666666666666666,-0.11428571428571432,12,Winter
Tamil Nadu,Thiruvallur,2014-07,13.13014755,79.92435386,13.0,0.0,0.02428256253,8.0,308.82,26.333333333333332,0.6666666666666666,-0.5806451612903225,7,Monsoon
Tamil Nadu,Thiruvallur,2016-07,13.13014755,79.92435386,32.0,0.0,0.6003986335,11.0,0.0,25.333333333333332,0.6666666666666666,1.4615384615384617,7,Monsoon
Tamil Nadu,Thiruvallur,2016-08,13.13014755,79.92435386,59.0,0.0,0.0369367276,9.0,310.6,34.666666666666664,0.0,0.84375,8,Monsoon
Tamil Nadu,Thiruvallur,2016-11,13.13014755,79.92435386,60.0,0.0,0.01207404781,0.0,302.2066666,50.333333333333336,0.0,0.016949152542372836,11,Post-Monsoon
Tamil Nadu,Thiruvallur,2017-08,13.13014755,79.92435386,20.0,0.0,0.4863094222,6.0,306.34000000000003,46.333333333333336,0.0,-0.6666666666666667,8,Monsoon
Tamil Nadu,Thiruvallur,2017-09,13.13014755,79.92435386,36.0,0.0,0.3660471481,10.0,302.5,38.666666666666664,0.0,0.8,9,Monsoon
Tamil Nadu,Thiruvallur,2017-10,13.13014755,79.92435386,26.0,0.0,0.7070288885,0.0,308.01,27.333333333333332,0.0,-0.2777777777777778,10,Post-Monsoon
Tamil Nadu,Thiruvalluvar,2019-07,13.1120553,80.0917415,43.0,0.0,0.640574405,8.0,308.27,43.0,0.0,0.0,7,Monsoon
Tamil Nadu,Thiruvannamalai,2009-07,9.539867,77.6197904,36.0,0.0,0.2663984074,4.0,316.06,36.0,0.0,0.0,7,Monsoon
Tamil Nadu,Thiruvannamalai,2010-03,9.539867,77.6197904,162.0,0.0,0.0004217284325,6.0,314.064,99.0,0.0,3.5,3,Summer
Tamil Nadu,Thiruvannamalai,2011-12,9.539867,77.6197904,15.0,0.0,0.1140164655,13.0,302.008,71.0,0.0,-0.9074074074074074,12,Winter
Tamil Nadu,Thiruvannamalai,2012-09,9.539867,77.6197904,32.0,0.0,0.0590562396,6.0,312.81,69.66666666666667,0.0,1.1333333333333333,9,Monsoon
Tamil Nadu,Thiruvannamalai,2014-07,9.539867,77.6197904,12.0,0.0,0.04375064205,4.0,312.5133334,19.666666666666668,0.0,-0.625,7,Monsoon
Tamil Nadu,Thiruvannamalai,2014-08,9.539867,77.6197904,10.0,0.0,0.1517497553,4.0,317.54,18.0,0.0,-0.16666666666666663,8,Monsoon
Tamil Nadu,Thiruvannamalai,2014-09,9.539867,77.6197904,11.0,0.0,0.09246116795,5.0,315.5333334,11.0,0.0,0.10000000000000009,9,Monsoon
Tamil Nadu,Thiruvannamalai,2015-09,9.539867,77.6197904,28.0,0.0,0.2862972577,7.0,304.40000000000003,16.333333333333332,0.0,1.5454545454545454,9,Monsoon
Tamil Nadu,Thiruvannamalai,2015-10,9.539867,77.6197904,429.0,0.0,0.32222227529999997,4.0,310.95333330000005,156.0,0.0,14.321428571428571,10,Post-Monsoon
Tamil Nadu,Thiruvarur,2010-06,10.73618605,79.63318659,301531.0,0.0,0.19092823709999998,9.333333333333334,204.69555553333336,301531.0,0.0,0.0,6,Monsoon
Tamil Nadu,Thiruvarur,2010-08,10.73618605,79.63318659,22.0,0.0,0.1489311489,9.0,311.02,150776.5,0.0,-0.9999270390109143,8,Monsoon
Tamil Nadu,Thiruvarur,2010-12,10.73618605,79.63318659,54.0,0.0,1.128930165,0.0,299.76,100535.66666666667,0.0,1.4545454545454546,12,Winter
Tamil Nadu,Thiruvarur,2011-01,10.73618605,79.63318659,5.0,0.0,0.02959746411,9.0,301.3166666,27.0,0.0,-0.9074074074074074,1,Winter
Tamil Nadu,Thiruvarur,2011-07,10.73618605,79.63318659,24.0,0.0,0.131480009,9.0,309.84000000000003,27.666666666666668,0.0,3.8,7,Monsoon
Tamil Nadu,Thiruvarur,2012-01,10.73618605,79.63318659,10.0,0.0,0.0001073696507,0.0,301.38,13.0,0.0,-0.5833333333333333,1,Winter
Tamil Nadu,Thiruvarur,2012-06,10.73618605,79.63318659,112.0,0.0,0.04590510032,8.0,313.3,48.666666666666664,0.0,10.2,6,Monsoon
Tamil Nadu,Thiruvarur,2016-09,10.73618605,79.63318659,16.0,0.0,0.01058325331,0.0,311.68,46.0,0.0,-0.8571428571428572,9,Monsoon
Tamil Nadu,Thiruvarur,2020-03,10.73618605,79.63318659,32.0,0.0,0.05966742573,7.0,307.67,53.333333333333336,0.0,1.0,3,Summer
Tamil Nadu,Thoothukudi,2011-11,8.8052602,78.1452745,20.0,0.0,0.09363320126,0.0,307.66,20.0,0.0,0.0,11,Post-Monsoon
Tamil Nadu,Thoothukudi,2012-01,8.8052602,78.1452745,4215.0,0.0,0.108767232785,5.0,301.0858333,2117.5,0.0,209.75,1,Winter
Tamil Nadu,Thoothukudi,2012-02,8.8052602,78.1452745,1914.0,0.0,0.1150612060071,6.5,306.775,2049.6666666666665,0.0,-0.5459074733096085,2,Winter
Tamil Nadu,Thoothukudi,2012-03,8.8052602,78.1452745,55.0,0.0,0.006415241047,7.0,312.02,2061.3333333333335,0.0,-0.9712643678160919,3,Summer
Tamil Nadu,Thoothukudi,2012-04,8.8052602,78.1452745,12.0,0.0,0.07551768305,5.0,311.975,660.3333333333334,0.0,-0.7818181818181819,4,Summer
Tamil Nadu,Thoothukudi,2012-05,8.8052602,78.1452745,21.0,0.0,0.07773494995,6.0,314.18,29.333333333333332,0.0,0.75,5,Summer
Tamil Nadu,Thoothukudi,2012-07,8.8052602,78.1452745,17.0,0.0,0.06364257279,4.0,314.46,16.666666666666668,0.0,-0.19047619047619047,7,Monsoon
Tamil Nadu,Thoothukudi,2013-08,8.8052602,78.1452745,12.0,0.0,0.05777245412,4.0,315.25333340000003,16.666666666666668,0.0,-0.2941176470588235,8,Monsoon
Tamil Nadu,Thoothukudi,2013-09,8.8052602,78.1452745,20.0,0.0,0.004823381798,0.0,318.776,16.333333333333332,0.0,0.6666666666666667,9,Monsoon
Tamil Nadu,Thoothukudi,2017-08,8.8052602,78.1452745,29.0,0.0,0.09788972959,3.0,316.4866666,20.333333333333332,0.0,0.44999999999999996,8,Monsoon
Tamil Nadu,Thoothukudi,2018-05,8.8052602,78.1452745,15.0,0.0,0.06162917279,3.0,314.968,21.333333333333332,0.0,-0.48275862068965514,5,Summer
Tamil Nadu,Thoothukudi,2019-02,8.8052602,78.1452745,34.0,0.0,0.2012647131,4.0,308.52500000000003,26.0,0.0,1.2666666666666666,2,Winter
Tamil Nadu,Tiruchirapalli,2010-05,10.8219673,78.6830614,29.0,0.0,0.03043903458,7.0,310.54,29.0,0.0,0.0,5,Summer
Tamil Nadu,Tiruchirapalli,2011-10,10.8219673,78.6830614,16.0,0.0,0.678364012,12.0,304.6733334,22.5,0.0,-0.4482758620689655,10,Post-Monsoon
Tamil Nadu,Tiruchirapalli,2012-04,10.8219673,78.6830614,29.0,0.0,0.01557259856,6.0,316.05,24.666666666666668,0.0,0.8125,4,Summer
Tamil Nadu,Tiruchirapalli,2012-05,10.8219673,78.6830614,148580.0,1.0,0.2225211699,7.333333333333333,310.0796666666667,49541.666666666664,0.3333333333333333,5122.448275862069,5,Summer
Tamil Nadu,Tiruchirapalli,2012-06,10.8219673,78.6830614,1512.0,0.0,0.03807349164,3.0,312.1416667,50040.333333333336,0.3333333333333333,-0.9898236640193835,6,Monsoon
Tamil Nadu,Tiruchirapalli,2012-08,10.8219673,78.6830614,20.0,0.0,0.1723455923,7.0,307.92,50037.333333333336,0.3333333333333333,-0.9867724867724867,8,Monsoon
Tamil Nadu,Tiruchirapalli,2012-09,10.8219673,78.6830614,191645.0,0.0,0.10407292364,8.333333333333334,309.19300000000004,64392.333333333336,0.0,9581.25,9,Monsoon
Tamil Nadu,Tiruchirapalli,2013-04,10.8219673,78.6830614,15.0,0.0,0.01382630121,5.0,315.185,63893.333333333336,0.0,-0.9999217302825537,4,Summer
Tamil Nadu,Tiruchirapalli,2015-01,10.8219673,78.6830614,2613.0,0.0,0.04471014177,0.0,303.45000000000005,64757.666666666664,0.0,173.2,1,Winter
Tamil Nadu,Tiruchirapalli,2015-04,10.8219673,78.6830614,2432.0,0.0,0.13141247082,5.5,309.648,1686.6666666666667,0.0,-0.0692690394182931,4,Summer
Tamil Nadu,Tiruchirapalli,2015-06,10.8219673,78.6830614,11.0,0.0,0.1777859728,10.0,309.8933334,1685.3333333333333,0.0,-0.9954769736842105,6,Monsoon
Tamil Nadu,Tiruchirapalli,2015-09,10.8219673,78.6830614,18.0,0.0,0.2222987456,7.0,310.745,820.3333333333334,0.0,0.6363636363636365,9,Monsoon
Tamil Nadu,Tiruchirapalli,2016-09,10.8219673,78.6830614,11.0,0.0,0.0047640781,7.0,310.944,13.333333333333334,0.0,-0.38888888888888884,9,Monsoon
Tamil Nadu,Tiruchirapalli,2017-06,10.8219673,78.6830614,19.0,0.0,0.1358727892,5.0,312.3866666,16.0,0.0,0.7272727272727273,6,Monsoon
Tamil Nadu,Tiruchirapalli,2018-02,10.8219673,78.6830614,23.0,0.0,0.0134968099,0.0,308.73,17.666666666666668,0.0,0.21052631578947367,2,Winter
Tamil Nadu,Tiruchirapalli,2018-05,10.8219673,78.6830614,31.0,0.0,0.137969752,8.0,310.38,24.333333333333332,0.0,0.34782608695652173,5,Summer
Tamil Nadu,Tiruchirapalli,2018-06,10.8219673,78.6830614,17.0,0.0,0.02972300449,0.0,310.38,23.666666666666668,0.0,-0.4516129032258065,6,Monsoon
Tamil Nadu,Tiruchirappalli,2009-09,10.7992254,78.6811423,8.0,0.0,0.5714350858,9.0,305.684,8.0,0.0,0.0,9,Monsoon
Tamil Nadu,Tiruchirappalli,2012-04,10.7992254,78.6811423,34.0,0.0,0.01526588756,0.0,313.5,21.0,0.0,3.25,4,Summer
Tamil Nadu,Tiruchirappalli,2013-03,10.7992254,78.6811423,1116.0,0.0,0.022591156,3.5,314.90999999999997,386.0,0.0,31.823529411764703,3,Summer
Tamil Nadu,Tiruchirappalli,2013-07,10.7992254,78.6811423,13.0,0.0,0.0353640941,4.0,316.02,387.6666666666667,0.0,-0.9883512544802867,7,Monsoon
Tamil Nadu,Tiruchirappalli,2014-01,10.7992254,78.6811423,22.0,0.0,0.02187047771,8.0,304.436,383.6666666666667,0.0,0.6923076923076923,1,Winter
Tamil Nadu,Tiruchirappalli,2014-06,10.7992254,78.6811423,37.0,0.0,0.1879498449,9.0,309.87,24.0,0.0,0.6818181818181819,6,Monsoon
Tamil Nadu,Tiruchirappalli,2014-07,10.7992254,78.6811423,19.0,0.0,0.1672357026,6.0,314.40000000000003,26.0,0.0,-0.4864864864864865,7,Monsoon
Tamil Nadu,Tiruchirappalli,2022-06,10.7992254,78.6811423,71717.0,0.0,0.058259840089999994,9.0,308.19,23924.333333333332,0.0,3773.5789473684213,6,Monsoon
Tamil Nadu,Tirunelveli,2009-08,8.7284271,77.7112925,17.0,0.0,0.09101110964,5.0,312.8,17.0,0.0,0.0,8,Monsoon
Tamil Nadu,Tirunelveli,2010-06,8.7284271,77.7112925,36.0,0.0,0.7543232993,0.0,0.0,26.5,0.0,1.1176470588235294,6,Monsoon
Tamil Nadu,Tirunelveli,2011-03,8.7284271,77.7112925,104.0,2.0,0.087986142,11.0,305.67,52.333333333333336,0.6666666666666666,1.8888888888888888,3,Summer
Tamil Nadu,Tirunelveli,2011-04,8.7284271,77.7112925,13.0,0.0,0.09876300738,9.0,307.04400000000004,51.0,0.6666666666666666,-0.875,4,Summer
Tamil Nadu,Tirunelveli,2011-05,8.7284271,77.7112925,16.0,0.0,0.02563029155,10.0,308.03200000000004,44.333333333333336,0.6666666666666666,0.23076923076923084,5,Summer
Tamil Nadu,Tirunelveli,2012-04,8.7284271,77.7112925,188393343303326.0,44.0,0.07157962327,8.0,314.2,62797781101118.336,14.666666666666666,11774583956456.875,4,Summer
Tamil Nadu,Tirunelveli,2012-06,8.7284271,77.7112925,11.0,0.0,0.03784565483,4.0,308.2133334,62797781101117.664,14.666666666666666,-0.9999999999999416,6,Monsoon
Tamil Nadu,Tirunelveli,2013-01,8.7284271,77.7112925,5145.0,0.0,0.13779028864850001,7.5,301.9075,62797781102827.336,14.666666666666666,466.72727272727275,1,Winter
Tamil Nadu,Tirunelveli,2013-02,8.7284271,77.7112925,28.0,0.0,0.004292547772,15.0,305.068,1728.0,0.0,-0.9945578231292517,2,Winter
Tamil Nadu,Tirunelveli,2014-02,8.7284271,77.7112925,32.0,0.0,0.04096906064,16.0,303.81333340000003,1735.0,0.0,0.1428571428571428,2,Winter
Tamil Nadu,Tirunelveli,2015-09,8.7284271,77.7112925,8519.0,3.0,0.05310053076,0.0,309.4066667,2859.6666666666665,1.0,265.21875,9,Monsoon
Tamil Nadu,Tirunelveli,2016-01,8.7284271,77.7112925,32.0,1.0,0.0001528329676,18.0,301.7266666,2861.0,1.3333333333333333,-0.9962436905740111,1,Winter
Tamil Nadu,Tirunelveli,2016-02,8.7284271,77.7112925,1313.0,2.0,0.007543587547,0.0,300.14,3288.0,2.0,40.03125,2,Winter
Tamil Nadu,Tirunelveli,2017-03,8.7284271,77.7112925,12.0,0.0,0.01638806454,10.0,312.56,452.3333333333333,1.0,-0.9908606245239908,3,Summer
Tamil Nadu,Tirunelveli,2017-07,8.7284271,77.7112925,3737.0,1.0,0.025585724025,3.0,154.78,1687.3333333333333,1.0,310.4166666666667,7,Monsoon
Tamil Nadu,Tirunelveli,2019-03,8.7284271,77.7112925,35.0,0.0,0.02209664155,9.0,311.208,1261.3333333333333,0.3333333333333333,-0.9906341985549907,3,Summer
Tamil Nadu,Tirunelveli,2019-12,8.7284271,77.7112925,141.0,0.0,1.0093334811499999,6.0,300.20000000000005,1304.3333333333333,0.3333333333333333,3.0285714285714285,12,Winter
Tamil Nadu,Tirunelveli,2020-06,8.7284271,77.7112925,4.0,0.0,0.1544300263,0.0,312.72,60.0,0.0,-0.9716312056737588,6,Monsoon
Tamil Nadu,Tirunelveli Sankarankovil,2015-01,8.7352443,77.6864945,16.0,1.0,0.01956942885,17.0,301.0733334,16.0,1.0,0.0,1,Winter
Tamil Nadu,Tirunelveli- Sankarankovil,2016-01,8.7352443,77.6864945,28.0,1.0,0.0001528329676,18.0,301.7266666,28.0,1.0,0.0,1,Winter
Tamil Nadu,Tirunelveli- Sankarankovil,2017-01,8.7352443,77.6864945,142.0,1.0,0.0006228565076,15.0,305.964,85.0,1.0,4.071428571428571,1,Winter
Tamil Nadu,Tirupattur,2018-04,12.490898,78.564709,13.0,0.0,0.02718676381,8.0,310.3666666,13.0,0.0,0.0,4,Summer
Tamil Nadu,Tiruppur,2017-06,11.1017815,77.345192,25.0,0.0,0.3065164123,4.0,315.93333340000004,25.0,0.0,0.0,6,Monsoon
Tamil Nadu,Tiruppur,2018-02,11.1017815,77.345192,23.0,0.0,4.51e-05,6.0,310.59000000000003,24.0,0.0,-0.07999999999999996,2,Winter
Tamil Nadu,Tiruppur,2018-09,11.1017815,77.345192,22.0,0.0,0.1093620474,4.0,312.02,23.333333333333332,0.0,-0.04347826086956519,9,Monsoon
Tamil Nadu,Tiruvallur,2016-05,13.1394221,79.9070839,28.0,0.0,0.00443689115,7.0,313.128,28.0,0.0,0.0,5,Summer
Tamil Nadu,Tiruvallur,2017-06,13.1394221,79.9070839,14.0,0.0,0.2430307088,7.0,309.98,21.0,0.0,-0.5,6,Monsoon
Tamil Nadu,Tiruvallur,2017-10,13.1394221,79.9070839,47.0,0.0,0.7070288885,0.0,308.01,29.666666666666668,0.0,2.357142857142857,10,Post-Monsoon
Tamil Nadu,Tiruvallur,2018-02,13.1394221,79.9070839,17.0,0.0,0.004817441641,9.0,305.68,26.0,0.0,-0.6382978723404256,2,Winter
Tamil Nadu,Tiruvallur,2019-07,13.1394221,79.9070839,11.0,0.0,0.05142898177,5.0,312.88,25.0,0.0,-0.3529411764705882,7,Monsoon
Tamil Nadu,Tiruvallur,2021-12,13.1394221,79.9070839,147613.0,0.0,0.38070102756,5.333333333333333,300.7044444666667,49213.666666666664,0.0,13418.363636363636,12,Winter
Tamil Nadu,Tiruvannamalai,2009-12,12.22721295,79.07015555,13.0,0.0,0.2505485455,0.0,296.54,13.0,0.0,0.0,12,Winter
Tamil Nadu,Tiruvannamalai,2010-04,12.22721295,79.07015555,29.0,0.0,0.008206570204,7.0,312.01,21.0,0.0,1.2307692307692308,4,Summer
Tamil Nadu,Tiruvannamalai,2010-06,12.22721295,79.07015555,10.0,0.0,0.5326681065,7.0,0.0,17.333333333333332,0.0,-0.6551724137931034,6,Monsoon
Tamil Nadu,Tiruvannamalai,2010-07,12.22721295,79.07015555,18920.0,0.0,0.19110280258333331,6.333333333333333,306.8333333333333,6319.666666666667,0.0,1891.0,7,Monsoon
Tamil Nadu,Tiruvannamalai,2010-09,12.22721295,79.07015555,25.0,0.0,0.5170620122,9.0,310.88,6318.333333333333,0.0,-0.9986786469344608,9,Monsoon
Tamil Nadu,Tiruvannamalai,2010-10,12.22721295,79.07015555,1935.0,0.0,0.17291779810000002,12.5,304.1593333,6960.0,0.0,76.4,10,Post-Monsoon
Tamil Nadu,Tiruvannamalai,2011-02,12.22721295,79.07015555,22.0,0.0,0.2452633783,0.0,302.415,660.6666666666666,0.0,-0.9886304909560724,2,Winter
Tamil Nadu,Tiruvannamalai,2011-09,12.22721295,79.07015555,11.0,0.0,0.2335127029,10.0,306.3866666,656.0,0.0,-0.5,9,Monsoon
Tamil Nadu,Tiruvannamalai,2011-10,12.22721295,79.07015555,12.0,0.0,0.6497342933,0.0,306.41,15.0,0.0,0.09090909090909083,10,Post-Monsoon
Tamil Nadu,Tiruvannamalai,2011-12,12.22721295,79.07015555,109.0,0.0,0.05097378067,0.0,301.28499999999997,44.0,0.0,8.083333333333334,12,Winter
Tamil Nadu,Tiruvannamalai,2012-06,12.22721295,79.07015555,21.0,0.0,0.1398941167,0.0,309.2266666,47.333333333333336,0.0,-0.8073394495412844,6,Monsoon
Tamil Nadu,Tiruvannamalai,2012-10,12.22721295,79.07015555,35.0,0.0,0.5108825033,15.0,307.01,55.0,0.0,0.6666666666666667,10,Post-Monsoon
Tamil Nadu,Tiruvannamalai,2013-08,12.22721295,79.07015555,13.0,0.0,0.06108949063,0.0,311.08,23.0,0.0,-0.6285714285714286,8,Monsoon
Tamil Nadu,Tiruvannamalai,2013-09,12.22721295,79.07015555,15.0,0.0,0.008465507017,0.0,304.48,21.0,0.0,0.15384615384615374,9,Monsoon
Tamil Nadu,Tiruvannamalai,2013-10,12.22721295,79.07015555,13.0,0.0,0.1621631192,0.0,302.37333340000004,13.666666666666666,0.0,-0.1333333333333333,10,Post-Monsoon
Tamil Nadu,Tiruvannamalai,2013-11,12.22721295,79.07015555,13.0,0.0,0.4448974126,13.0,298.39,13.666666666666666,0.0,0.0,11,Post-Monsoon
Tamil Nadu,Tiruvannamalai,2014-09,12.22721295,79.07015555,13.0,0.0,0.3490585958,0.0,311.05,13.0,0.0,0.0,9,Monsoon
Tamil Nadu,Tiruvannamalai,2014-11,12.22721295,79.07015555,16.0,0.0,0.1103597661,0.0,297.916,14.0,0.0,0.23076923076923084,11,Post-Monsoon
Tamil Nadu,Tiruvannamalai,2015-07,12.22721295,79.07015555,8118.0,0.0,0.04925701754,10.5,308.95000000000005,2715.6666666666665,0.0,506.375,7,Monsoon
Tamil Nadu,Tiruvannamalai,2015-08,12.22721295,79.07015555,12.0,0.0,0.2000845659,15.0,306.82,2715.3333333333335,0.0,-0.9985218033998522,8,Monsoon
Tamil Nadu,Tiruvannamalai,2015-09,12.22721295,79.07015555,21.0,0.0,0.005526542963,11.0,310.0733334,2717.0,0.0,0.75,9,Monsoon
Tamil Nadu,Tiruvannamalai,2015-12,12.22721295,79.07015555,1414.0,0.0,0.175830916605,10.0,300.1605,482.3333333333333,0.0,66.33333333333333,12,Winter
Tamil Nadu,Tiruvannamalai,2017-01,12.22721295,79.07015555,21.0,0.0,0.001709245432,8.0,305.58,485.3333333333333,0.0,-0.9851485148514851,1,Winter
Tamil Nadu,Tiruvannamalai,2017-02,12.22721295,79.07015555,55.0,0.0,0.01086650283,9.0,305.96,496.6666666666667,0.0,1.619047619047619,2,Winter
Tamil Nadu,Tiruvannamalai,2017-03,12.22721295,79.07015555,35.0,0.0,0.04302942016,7.0,311.49333340000004,37.0,0.0,-0.36363636363636365,3,Summer
Tamil Nadu,Tiruvannamalai,2017-06,12.22721295,79.07015555,1326.0,0.0,0.187535780665,7.5,156.66,472.0,0.0,36.885714285714286,6,Monsoon
Tamil Nadu,Tiruvannamalai,2017-08,12.22721295,79.07015555,46.0,0.0,0.3997835747,8.0,301.88,469.0,0.0,-0.9653092006033183,8,Monsoon
Tamil Nadu,Tiruvannamalai,2019-09,12.22721295,79.07015555,22.0,0.0,0.4951226494,0.0,305.37,464.6666666666667,0.0,-0.5217391304347826,9,Monsoon
Tamil Nadu,Tiruvannamalai,2019-12,12.22721295,79.07015555,16.0,0.0,0.4837179754,12.0,299.49333340000004,28.0,0.0,-0.2727272727272727,12,Winter
Tamil Nadu,Tiruvannamalai,2020-02,12.22721295,79.07015555,31.0,0.0,0.02488543113,10.0,302.396,23.0,0.0,0.9375,2,Winter
Tamil Nadu,Tiruvarur,2013-07,10.7760127,79.6199369,53.0,0.0,0.09663766654,6.0,297.84000000000003,53.0,0.0,0.0,7,Monsoon
Tamil Nadu,Tiruvarur,2013-08,10.7760127,79.6199369,19.0,0.0,0.0555670842,0.0,307.1733334,36.0,0.0,-0.6415094339622642,8,Monsoon
Tamil Nadu,Tiruvarur,2015-08,10.7760127,79.6199369,25.0,0.0,0.002387303385,11.0,308.98400000000004,32.333333333333336,0.0,0.3157894736842106,8,Monsoon
Tamil Nadu,Tiruvarur,2016-01,10.7760127,79.6199369,35.0,1.0,0.03216665551,17.0,300.108,26.333333333333332,0.3333333333333333,0.3999999999999999,1,Winter
Tamil Nadu,Tiruvarur,2018-05,10.7760127,79.6199369,57.0,0.0,0.01896917175,9.0,310.61333340000004,39.0,0.3333333333333333,0.6285714285714286,5,Summer
Tamil Nadu,Tiruvarur,2018-07,10.7760127,79.6199369,270.0,0.0,0.09072206866,0.0,309.34000000000003,120.66666666666667,0.3333333333333333,3.7368421052631575,7,Monsoon
Tamil Nadu,Tiruvarur,2018-12,10.7760127,79.6199369,31.0,0.0,0.5308807053,19.0,299.1866666,119.33333333333333,0.0,-0.8851851851851852,12,Winter
Tamil Nadu,Tiruvarur,2019-03,10.7760127,79.6199369,263.0,0.0,0.01496587186,8.0,309.768,188.0,0.0,7.483870967741936,3,Summer
Tamil Nadu,Trichy,2009-10,10.7992254,78.6811423,38.0,0.0,0.1131071402,7.0,308.672,38.0,0.0,0.0,10,Post-Monsoon
Tamil Nadu,Trichy,2009-12,10.7992254,78.6811423,28.0,0.0,0.1823243828,15.0,302.42,33.0,0.0,-0.26315789473684215,12,Winter
Tamil Nadu,Trichy,2010-04,10.7992254,78.6811423,53.0,0.0,0.02047602677,5.0,313.54,39.666666666666664,0.0,0.8928571428571428,4,Summer
Tamil Nadu,Trichy,2010-06,10.7992254,78.6811423,114.0,0.0,0.1820403341,5.0,0.0,65.0,0.0,1.150943396226415,6,Monsoon
Tamil Nadu,Trichy,2012-03,10.7992254,78.6811423,3840.0,0.0,0.01976844684,7.0,313.72,1335.6666666666667,0.0,32.68421052631579,3,Summer
Tamil Nadu,Trichy,2012-09,10.7992254,78.6811423,35.0,0.0,0.2203914603,9.0,310.09000000000003,1329.6666666666667,0.0,-0.9908854166666666,9,Monsoon
Tamil Nadu,Trichy,2016-02,10.7992254,78.6811423,13.0,0.0,0.002555762427,0.0,0.0,1296.0,0.0,-0.6285714285714286,2,Winter
Tamil Nadu,Trichy,2019-03,10.7992254,78.6811423,23.0,0.0,0.006489457821,6.0,312.632,23.666666666666668,0.0,0.7692307692307692,3,Summer
Tamil Nadu,Tuticorin,2011-12,8.8052602,78.1452745,29.0,0.0,0.2115017909,10.0,302.015,29.0,0.0,0.0,12,Winter
Tamil Nadu,Tuticorin,2014-08,8.8052602,78.1452745,12.0,0.0,0.2282621062,4.0,314.7066666,20.5,0.0,-0.5862068965517242,8,Monsoon
Tamil Nadu,Udhagamandalam,2017-05,11.471119,76.69065831,18.0,0.0,1.190697949,21.0,302.5733334,18.0,0.0,0.0,5,Summer
Tamil Nadu,Vellore,2009-06,12.7948109,79.0006411,28.0,0.0,0.5008628407,12.0,306.065,28.0,0.0,0.0,6,Monsoon
Tamil Nadu,Vellore,2009-11,12.7948109,79.0006411,15.0,0.0,0.402067569,10.0,303.5,21.5,0.0,-0.4642857142857143,11,Post-Monsoon
Tamil Nadu,Vellore,2010-03,12.7948109,79.0006411,17.0,0.0,0.0002419117117,7.0,311.24,20.0,0.0,0.1333333333333333,3,Summer
Tamil Nadu,Vellore,2010-05,12.7948109,79.0006411,12.0,0.0,0.009212822525,7.0,310.415,14.666666666666666,0.0,-0.2941176470588235,5,Summer
Tamil Nadu,Vellore,2010-06,12.7948109,79.0006411,11.0,1.0,0.2716898918,11.0,301.04,13.333333333333334,0.3333333333333333,-0.08333333333333337,6,Monsoon
Tamil Nadu,Vellore,2010-07,12.7948109,79.0006411,8.0,0.0,0.0739963587,12.0,302.18,10.333333333333334,0.3333333333333333,-0.2727272727272727,7,Monsoon
Tamil Nadu,Vellore,2011-01,12.7948109,79.0006411,12.0,0.0,0.02786890543,13.0,299.88,10.333333333333334,0.3333333333333333,0.5,1,Winter
Tamil Nadu,Vellore,2011-06,12.7948109,79.0006411,18.0,0.0,0.07847968235,11.0,308.992,12.666666666666666,0.0,0.5,6,Monsoon
Tamil Nadu,Vellore,2013-03,12.7948109,79.0006411,24.0,0.0,0.06182826599,9.0,308.57,18.0,0.0,0.33333333333333326,3,Summer
Tamil Nadu,Vellore,2013-06,12.7948109,79.0006411,2782.0,0.0,0.040332459485,9.0,307.61,941.3333333333334,0.0,114.91666666666667,6,Monsoon
Tamil Nadu,Vellore,2013-07,12.7948109,79.0006411,1545.0,0.0,0.16835466524999998,4.0,154.27,1450.3333333333333,0.0,-0.44464414090582316,7,Monsoon
Tamil Nadu,Vellore,2014-09,12.7948109,79.0006411,21.0,0.0,0.292709877,0.0,309.02,1449.3333333333333,0.0,-0.9864077669902913,9,Monsoon
Tamil Nadu,Vellore,2015-04,12.7948109,79.0006411,62.0,0.0,0.3469043541,11.0,309.53000000000003,542.6666666666666,0.0,1.9523809523809526,4,Summer
Tamil Nadu,Vellore,2015-06,12.7948109,79.0006411,1414.0,0.0,0.01588204335,6.5,305.9375,499.0,0.0,21.806451612903224,6,Monsoon
Tamil Nadu,Vellore,2015-12,12.7948109,79.0006411,11.0,0.0,0.1240609589,0.0,297.1333334,495.6666666666667,0.0,-0.9922206506364922,12,Winter
Tamil Nadu,Vellore,2017-07,12.7948109,79.0006411,13.0,0.0,0.05852103832,9.0,307.48,479.3333333333333,0.0,0.18181818181818188,7,Monsoon
Tamil Nadu,Vellore,2018-09,12.7948109,79.0006411,21.0,0.0,0.2668336276,16.0,304.22,15.0,0.0,0.6153846153846154,9,Monsoon
Tamil Nadu,Vellore,2021-10,12.7948109,79.0006411,28.0,0.0,0.5468101684,17.0,303.285,20.666666666666668,0.0,0.33333333333333326,10,Post-Monsoon
Tamil Nadu,Vellore,2021-12,12.7948109,79.0006411,5.0,0.0,0.6062372998,8.0,297.32,18.0,0.0,-0.8214285714285714,12,Winter
Tamil Nadu,Vellore,2022-05,12.7948109,79.0006411,1515.0,0.0,0.11058086685,10.0,307.528,516.0,0.0,302.0,5,Summer
Tamil Nadu,Vellore-Ranipet,2020-03,12.9250412,79.13588254,10.0,0.0,0.002387693989,9.0,309.9366666,10.0,0.0,0.0,3,Summer
Tamil Nadu,Villupuram,2009-11,11.9415377,79.4861469,337.0,0.0,1.0440577706,5.0,298.775,337.0,0.0,0.0,11,Post-Monsoon
Tamil Nadu,Villupuram,2010-01,11.9415377,79.4861469,11.0,0.0,0.02355016768,0.0,301.18,174.0,0.0,-0.9673590504451038,1,Winter
Tamil Nadu,Villupuram,2010-04,11.9415377,79.4861469,3812.0,0.0,0.010740190785,8.0,308.79400000000004,1386.6666666666667,0.0,345.54545454545456,4,Summer
Tamil Nadu,Villupuram,2010-05,11.9415377,79.4861469,14.0,0.0,0.0880913051,9.0,310.5,1279.0,0.0,-0.9963273871983211,5,Summer
Tamil Nadu,Villupuram,2010-07,11.9415377,79.4861469,10.0,0.0,0.2144749053,10.0,309.4733334,1278.6666666666667,0.0,-0.2857142857142857,7,Monsoon
Tamil Nadu,Villupuram,2010-08,11.9415377,79.4861469,14158.0,0.0,0.13786193326500001,9.5,306.5025,4727.333333333333,0.0,1414.8,8,Monsoon
Tamil Nadu,Villupuram,2010-10,11.9415377,79.4861469,68.0,0.0,0.1745568604,8.0,306.4733334,4745.333333333333,0.0,-0.995197061731883,10,Post-Monsoon
Tamil Nadu,Villupuram,2010-11,11.9415377,79.4861469,1010.0,0.0,0.8495832581,8.0,301.64,5078.666666666667,0.0,13.852941176470589,11,Post-Monsoon
Tamil Nadu,Villupuram,2010-12,11.9415377,79.4861469,1810.0,0.0,0.8613124639199999,11.0,298.338,962.6666666666666,0.0,0.7920792079207921,12,Winter
Tamil Nadu,Villupuram,2011-01,11.9415377,79.4861469,1612.0,0.0,0.29046726995,4.0,299.0673333,1477.3333333333333,0.0,-0.1093922651933702,1,Winter
Tamil Nadu,Villupuram,2011-02,11.9415377,79.4861469,12.0,0.0,0.01182924502,0.0,301.928,1144.6666666666667,0.0,-0.9925558312655087,2,Winter
Tamil Nadu,Villupuram,2011-08,11.9415377,79.4861469,13.0,0.0,0.08046590516,0.0,0.0,545.6666666666666,0.0,0.08333333333333326,8,Monsoon
Tamil Nadu,Villupuram,2011-11,11.9415377,79.4861469,21.0,0.0,0.2480165043,13.0,301.86,15.333333333333334,0.0,0.6153846153846154,11,Post-Monsoon
Tamil Nadu,Villupuram,2012-03,11.9415377,79.4861469,12.0,0.0,0.004706182434,8.0,306.81,15.333333333333334,0.0,-0.4285714285714286,3,Summer
Tamil Nadu,Villupuram,2012-08,11.9415377,79.4861469,14.0,0.0,0.005562222011,0.0,309.755,15.666666666666666,0.0,0.16666666666666674,8,Monsoon
Tamil Nadu,Villupuram,2012-09,11.9415377,79.4861469,28.0,0.0,0.07824471196,9.0,309.29,18.0,0.0,1.0,9,Monsoon
Tamil Nadu,Villupuram,2013-08,11.9415377,79.4861469,36.0,0.0,0.03939331949,11.0,306.30400000000003,26.0,0.0,0.2857142857142858,8,Monsoon
Tamil Nadu,Villupuram,2013-10,11.9415377,79.4861469,11.0,0.0,0.3594520028,9.0,303.92,25.0,0.0,-0.6944444444444444,10,Post-Monsoon
Tamil Nadu,Villupuram,2014-07,11.9415377,79.4861469,13.0,0.0,0.06611503092,10.0,304.91,20.0,0.0,0.18181818181818188,7,Monsoon
Tamil Nadu,Villupuram,2014-09,11.9415377,79.4861469,26.0,1.0,0.17582794,9.0,307.74,16.666666666666668,0.3333333333333333,1.0,9,Monsoon
Tamil Nadu,Villupuram,2017-07,11.9415377,79.4861469,54.0,0.0,0.06536877034,9.0,311.732,31.0,0.3333333333333333,1.076923076923077,7,Monsoon
Tamil Nadu,Villupuram,2018-06,11.9415377,79.4861469,36.0,0.0,0.2189262954,8.0,312.48,38.666666666666664,0.3333333333333333,-0.33333333333333337,6,Monsoon
Tamil Nadu,Villupuram,2019-02,11.9415377,79.4861469,39.0,0.0,0.03007789526,8.0,303.58,43.0,0.0,0.08333333333333326,2,Winter
Tamil Nadu,Villupuram,2020-02,11.9415377,79.4861469,5.0,0.0,0.0003017665283,8.0,307.492,26.666666666666668,0.0,-0.8717948717948718,2,Winter
Tamil Nadu,Villupuram  Kallakurichi,2010-06,11.629177,78.8599569,24.0,0.0,0.3314093963,7.0,0.0,24.0,0.0,0.0,6,Monsoon
Tamil Nadu,Villupuram - Kallakurichi,2010-07,11.629177,78.8599569,15.0,1.0,0.2404901144,12.0,308.42,15.0,1.0,0.0,7,Monsoon
Tamil Nadu,Villupuram - Kallakurichi,2017-02,11.629177,78.8599569,16.0,0.0,0.002099677066,8.0,303.78000000000003,15.5,0.5,0.06666666666666665,2,Winter
Tamil Nadu,Villupuram - Kallakurichi,2018-07,11.629177,78.8599569,22.0,0.0,0.03334587989,7.0,309.475,17.666666666666668,0.3333333333333333,0.375,7,Monsoon
Tamil Nadu,Villupuram - Kallakurichi,2019-04,11.629177,78.8599569,22.0,0.0,0.006734349841,0.0,314.855,20.0,0.0,0.0,4,Summer
Tamil Nadu,Villupuram- Kallakurichi,2016-06,11.629177,78.8599569,28.0,0.0,0.3961613472,10.0,309.8066666,28.0,0.0,0.0,6,Monsoon
Tamil Nadu,Villupuram- Kallakurichi,2017-03,11.629177,78.8599569,29.0,0.0,0.004245533546,7.0,310.44,28.5,0.0,0.03571428571428581,3,Summer
Tamil Nadu,Viluppuram,2009-08,11.9137874,79.50789298,11.0,0.0,0.06914162024,9.0,306.32,11.0,0.0,0.0,8,Monsoon
Tamil Nadu,Viluppuram,2011-05,11.9137874,79.50789298,13.0,0.0,0.1192932364,9.0,309.29,12.0,0.0,0.18181818181818188,5,Summer
Tamil Nadu,Viluppuram,2013-09,11.9137874,79.50789298,12.0,0.0,0.0107975695,0.0,308.28000000000003,12.0,0.0,-0.07692307692307687,9,Monsoon
Tamil Nadu,Virudhunagar,2009-06,9.5208936,77.8784564,27.0,0.0,0.08781859786,0.0,315.388,27.0,0.0,0.0,6,Monsoon
Tamil Nadu,Virudhunagar,2009-07,9.5208936,77.8784564,20.0,0.0,0.3250132791,4.0,314.2666666,23.5,0.0,-0.2592592592592593,7,Monsoon
Tamil Nadu,Virudhunagar,2009-08,9.5208936,77.8784564,2615.0,0.0,0.099704962105,0.0,317.24,887.3333333333334,0.0,129.75,8,Monsoon
Tamil Nadu,Virudhunagar,2010-01,9.5208936,77.8784564,38.0,1.0,0.001339757931,9.0,306.376,891.0,0.3333333333333333,-0.9854684512428298,1,Winter
Tamil Nadu,Virudhunagar,2010-02,9.5208936,77.8784564,68.0,0.0,0.0001739029875,8.0,306.688,907.0,0.3333333333333333,0.7894736842105263,2,Winter
Tamil Nadu,Virudhunagar,2010-03,9.5208936,77.8784564,12.0,0.0,0.0009794524482,5.0,316.2266666,39.333333333333336,0.3333333333333333,-0.8235294117647058,3,Summer
Tamil Nadu,Virudhunagar,2010-06,9.5208936,77.8784564,36.0,0.0,0.2630083229,3.0,316.32,38.666666666666664,0.0,2.0,6,Monsoon
Tamil Nadu,Virudhunagar,2010-07,9.5208936,77.8784564,12.0,0.0,0.4509067222,4.0,0.0,20.0,0.0,-0.6666666666666667,7,Monsoon
Tamil Nadu,Virudhunagar,2011-06,9.5208936,77.8784564,251725.0,0.0,0.03158357145,7.0,314.315,83924.33333333333,0.0,20976.083333333332,6,Monsoon
Tamil Nadu,Virudhunagar,2012-01,9.5208936,77.8784564,26.0,0.0,0.00110089784,10.0,302.10400000000004,83921.0,0.0,-0.9998967126824908,1,Winter
Tamil Nadu,Virudhunagar,2012-05,9.5208936,77.8784564,21.0,0.0,0.2172936417,6.0,308.295,83924.0,0.0,-0.1923076923076923,5,Summer
Tamil Nadu,Virudhunagar,2012-06,9.5208936,77.8784564,13.0,1.0,0.04795209708,0.0,314.51,20.0,0.3333333333333333,-0.38095238095238093,6,Monsoon
Tamil Nadu,Virudhunagar,2012-07,9.5208936,77.8784564,30.0,0.0,0.02502542013,5.0,312.2066666,21.333333333333332,0.3333333333333333,1.3076923076923075,7,Monsoon
Tamil Nadu,Virudhunagar,2012-09,9.5208936,77.8784564,3339.0,0.0,0.052325398025,3.0,313.3913333,1127.3333333333333,0.3333333333333333,110.3,9,Monsoon
Tamil Nadu,Virudhunagar,2013-01,9.5208936,77.8784564,31.0,0.0,0.004856145483,7.0,306.872,1133.3333333333333,0.0,-0.9907157831686133,1,Winter
Tamil Nadu,Virudhunagar,2013-03,9.5208936,77.8784564,29.0,0.0,0.0001981041995,0.0,313.992,1133.0,0.0,-0.06451612903225812,3,Summer
Tamil Nadu,Virudhunagar,2013-08,9.5208936,77.8784564,18.0,0.0,0.03245187607,4.0,315.09000000000003,26.0,0.0,-0.3793103448275862,8,Monsoon
Tamil Nadu,Virudhunagar,2014-07,9.5208936,77.8784564,15.0,0.0,0.08271113376,0.0,318.14,20.666666666666668,0.0,-0.16666666666666663,7,Monsoon
Tamil Nadu,Virudhunagar,2014-09,9.5208936,77.8784564,18.0,0.0,0.07242752053,6.0,315.04,17.0,0.0,0.19999999999999996,9,Monsoon
Tamil Nadu,Virudhunagar,2014-12,9.5208936,77.8784564,24.0,0.0,0.5706834957,15.0,298.3866666,19.0,0.0,0.33333333333333326,12,Winter
Tamil Nadu,Virudhunagar,2015-05,9.5208936,77.8784564,11.0,0.0,0.1365211513,10.0,310.23,17.666666666666668,0.0,-0.5416666666666667,5,Summer
Tamil Nadu,Virudhunagar,2016-02,9.5208936,77.8784564,19.0,0.0,0.0004432805844,8.0,305.36400000000003,18.0,0.0,0.7272727272727273,2,Winter
Tamil Nadu,Virudhunagar,2016-07,9.5208936,77.8784564,77.0,0.0,0.09810245649,5.0,316.6733334,35.666666666666664,0.0,3.052631578947368,7,Monsoon
Tamil Nadu,Virudhunagar,2017-01,9.5208936,77.8784564,27.0,0.0,0.03137469281,12.0,305.335,41.0,0.0,-0.6493506493506493,1,Winter
Tamil Nadu,Virudhunagar,2017-03,9.5208936,77.8784564,42.0,0.0,0.0008606096731,7.0,316.94,48.666666666666664,0.0,0.5555555555555556,3,Summer
Tamil Nadu,Virudhunagar,2017-05,9.5208936,77.8784564,20.0,1.0,0.1281874512,0.0,312.595,29.666666666666668,0.3333333333333333,-0.5238095238095238,5,Summer
Tamil Nadu,Virudhunagar,2018-02,9.5208936,77.8784564,15.0,0.0,0.001063323669,0.0,307.91,25.666666666666668,0.3333333333333333,-0.25,2,Winter
Tamil Nadu,Virudhunagar,2018-07,9.5208936,77.8784564,19.0,0.0,0.1895831553,6.0,311.1666666,18.0,0.3333333333333333,0.2666666666666666,7,Monsoon
Tamil Nadu,Virudhunagar,2018-09,9.5208936,77.8784564,45.0,0.0,0.546553799,0.0,312.2733334,26.333333333333332,0.0,1.3684210526315788,9,Monsoon
Tamil Nadu,Virudhunagar,2020-11,9.5208936,77.8784564,15.0,0.0,0.2187206529,12.0,302.26,26.333333333333332,0.0,-0.6666666666666667,11,Post-Monsoon
Tamil Nadu,Virudhunagar,2022-02,9.5208936,77.8784564,17.0,0.0,0.3079754379,7.0,306.0,25.666666666666668,0.0,0.1333333333333333,2,Winter
Tamil Nadu,Virudhunagar (Sivakasi),2011-08,9.4477045,77.8000434,11.0,0.0,0.1531222646,5.0,317.78000000000003,11.0,0.0,0.0,8,Monsoon
Tamil Nadu,Virudhunagar - Sivakasi,2021-08,9.4477045,77.8000434,17.0,0.0,0.3986938278,6.0,297.09000000000003,17.0,0.0,0.0,8,Monsoon
Tamil Nadu,Virudhunagar Sivakasi,2019-11,9.4477045,77.8000434,27.0,0.0,0.1080855292,16.0,303.635,27.0,0.0,0.0,11,Post-Monsoon
Tamil Nadu,Virudhunagar Sivakasi,2020-12,9.4477045,77.8000434,8.0,0.0,0.2942502005,12.0,300.48,17.5,0.0,-0.7037037037037037,12,Winter
Tamil Nadu,Virudhunagar Sivakasi,2021-01,9.4477045,77.8000434,7.0,0.0,0.08665667543,0.0,301.34000000000003,14.0,0.0,-0.125,1,Winter
Tamil Nadu,Virudhunagar- Sivakasi,2015-06,9.4477045,77.8000434,4713.0,0.0,0.05028336116,4.0,311.4,4713.0,0.0,0.0,6,Monsoon
Tamil Nadu,Virudhunagar- Sivakasi,2018-08,9.4477045,77.8000434,44.0,0.0,0.04841057558,4.0,314.5,2378.5,0.0,-0.9906641205177169,8,Monsoon
Tamil Nadu,Virudhunagar- Sivakasi,2019-08,9.4477045,77.8000434,14.0,0.0,0.2505011478,4.0,317.42,1590.3333333333333,0.0,-0.6818181818181819,8,Monsoon
Telangana,Adilabad,2009-06,19.5,78.5,33.0,0.0,0.002598334048,4.0,318.28000000000003,33.0,0.0,0.0,6,Monsoon
Telangana,Adilabad,2009-07,19.5,78.5,2520.0,0.0,0.8993081510500001,5.5,150.20000000000002,1276.5,0.0,75.36363636363636,7,Monsoon
Telangana,Adilabad,2009-08,19.5,78.5,1825.0,0.0,0.6972662844,5.0,304.91499999999996,1459.3333333333333,0.0,-0.2757936507936508,8,Monsoon
Telangana,Adilabad,2009-09,19.5,78.5,1212.0,1.0,0.54346229055,19.0,297.555,1852.3333333333333,0.3333333333333333,-0.33589041095890415,9,Monsoon
Telangana,Adilabad,2010-06,19.5,78.5,67.0,0.0,0.008853658437,3.0,321.2233334,1034.6666666666667,0.3333333333333333,-0.9447194719471947,6,Monsoon
Telangana,Adilabad,2010-07,19.5,78.5,3030.0,0.0,0.1208336402,7.0,300.42,1436.3333333333333,0.3333333333333333,44.223880597014926,7,Monsoon
Telangana,Adilabad,2010-08,19.5,78.5,17.0,0.0,0.7283672143,5.0,0.0,1038.0,0.0,-0.9943894389438944,8,Monsoon
Telangana,Adilabad,2011-05,19.5,78.5,32.0,0.0,0.0181271038,4.0,317.78000000000003,1026.3333333333333,0.0,0.8823529411764706,5,Summer
Telangana,Adilabad,2016-07,19.5,78.5,126.0,0.0,3.456844338,9.0,0.0,58.333333333333336,0.0,2.9375,7,Monsoon
Telangana,Adilabad,2017-05,19.5,78.5,18.0,0.0,0.05207400162,4.0,321.0333334,58.666666666666664,0.0,-0.8571428571428572,5,Summer
Telangana,Adilabad,2018-07,19.5,78.5,17.0,2.0,0.3123038618,0.0,307.51,53.666666666666664,0.6666666666666666,-0.05555555555555558,7,Monsoon
Telangana,Adilabad,2018-08,19.5,78.5,12.0,1.0,1.383005458,7.0,0.0,15.666666666666666,1.0,-0.2941176470588235,8,Monsoon
Telangana,Adilabad,2019-08,19.5,78.5,51.0,0.0,1.224324813,0.0,304.52,26.666666666666668,1.0,3.25,8,Monsoon
Telangana,Adilabad,2020-06,19.5,78.5,40.0,0.0,0.1657612636,4.0,315.264,34.333333333333336,0.3333333333333333,-0.21568627450980393,6,Monsoon
Telangana,Hyderabad,2011-04,17.360589,78.4740613,168.0,0.0,6.04e-05,6.0,315.7733334,168.0,0.0,0.0,4,Summer
Telangana,Hyderabad,2015-07,17.360589,78.4740613,55.0,0.0,0.02201896554,7.0,308.18,111.5,0.0,-0.6726190476190477,7,Monsoon
Telangana,Hyderabad,2016-07,17.360589,78.4740613,100.0,0.0,1.164418437,3.0,0.0,107.66666666666667,0.0,0.8181818181818181,7,Monsoon
Telangana,Hyderabad,2022-04,17.360589,78.4740613,95.0,0.0,0.0008799355934,6.0,312.86400000000003,83.33333333333333,0.0,-0.050000000000000044,4,Summer
Telangana,Jogulamba Gadwal,2018-04,16.0999202,77.73415835,56.0,0.0,0.004504152605,0.0,315.848,56.0,0.0,0.0,4,Summer
Telangana,Kamareddy,2017-06,18.316551,78.05393808,18511.0,0.0,0.23529794464999998,2.5,303.4183333,18511.0,0.0,0.0,6,Monsoon
Telangana,Kamareddy,2017-08,18.316551,78.05393808,39.0,0.0,0.1346873564,11.0,301.12,9275.0,0.0,-0.9978931446167144,8,Monsoon
Telangana,Karimnagar,2012-07,18.4348122,79.1328042,28.0,0.0,0.8460837891,3.0,0.0,28.0,0.0,0.0,7,Monsoon
Telangana,Karimnagar,2012-08,18.4348122,79.1328042,30.0,0.0,0.1208673306,12.0,300.38,29.0,0.0,0.0714285714285714,8,Monsoon
Telangana,Karimnagar,2016-06,18.4348122,79.1328042,14.0,0.0,0.09335516652,4.0,312.56333340000003,24.0,0.0,-0.5333333333333333,6,Monsoon
Telangana,Karimnagar,2018-07,18.4348122,79.1328042,31.0,0.0,0.3415092275,0.0,0.0,25.0,0.0,1.2142857142857144,7,Monsoon
Telangana,Karimnagar,2018-08,18.4348122,79.1328042,176.0,0.0,0.46820256429999996,1.5,150.29,73.66666666666667,0.0,4.67741935483871,8,Monsoon
Telangana,Khammam,2009-12,17.5,80.333333,51.0,0.0,0.0002191727025,13.0,303.512,51.0,0.0,0.0,12,Winter
Telangana,Khammam,2010-02,17.5,80.333333,45.0,0.0,0.02373097727,12.0,307.365,48.0,0.0,-0.11764705882352944,2,Winter
Telangana,Khammam,2010-06,17.5,80.333333,15.0,0.0,0.521019932,5.0,0.0,37.0,0.0,-0.6666666666666667,6,Monsoon
Telangana,Khammam,2011-02,17.5,80.333333,127.0,0.0,5.96e-05,11.0,302.8433334,62.333333333333336,0.0,7.466666666666667,2,Winter
Telangana,Khammam,2011-06,17.5,80.333333,23.0,0.0,0.2141278393,7.0,312.58,55.0,0.0,-0.8188976377952756,6,Monsoon
Telangana,Khammam,2012-06,17.5,80.333333,15.0,0.0,0.1640880779,0.0,314.43,55.0,0.0,-0.34782608695652173,6,Monsoon
Telangana,Khammam,2013-11,17.5,80.333333,10.0,0.0,0.001717888786,20.0,301.656,16.0,0.0,-0.33333333333333337,11,Post-Monsoon
Telangana,Khammam,2014-06,17.5,80.333333,456.0,0.0,0.3336585644,8.0,311.24,160.33333333333334,0.0,44.6,6,Monsoon
Telangana,Khammam,2014-07,17.5,80.333333,17.0,0.0,0.3368025453,8.0,314.12,161.0,0.0,-0.9627192982456141,7,Monsoon
Telangana,Khammam,2016-07,17.5,80.333333,77.0,2.0,0.5223220101,0.0,0.0,183.33333333333334,0.6666666666666666,3.5294117647058822,7,Monsoon
Telangana,Khammam,2016-09,17.5,80.333333,341622.0,0.0,0.8862206365333334,6.0,301.7633333333333,113905.33333333333,0.6666666666666666,4435.649350649351,9,Monsoon
Telangana,Khammam,2016-10,17.5,80.333333,131314.0,2.0,0.275052199366,10.666666666666666,302.46000000000004,157671.0,1.3333333333333333,-0.6156160902986342,10,Post-Monsoon
Telangana,Khammam,2017-07,17.5,80.333333,26.0,0.0,0.8386162575,10.0,300.27,157654.0,0.6666666666666666,-0.9998020013098375,7,Monsoon
Telangana,Khammam,2017-08,17.5,80.333333,42.0,0.0,0.5414964367,11.0,305.23,43794.0,0.6666666666666666,0.6153846153846154,8,Monsoon
Telangana,Khammam,2017-09,17.5,80.333333,16.0,0.0,0.1018610045,15.0,301.76,28.0,0.0,-0.6190476190476191,9,Monsoon
Telangana,Khammam,2018-07,17.5,80.333333,40.0,0.0,0.4959143679,8.0,0.0,32.666666666666664,0.0,1.5,7,Monsoon
Telangana,Mahaboobnagar,2016-04,17.720535,79.627202,26.0,0.0,0.004185301086,5.0,318.628,26.0,0.0,0.0,4,Summer
Telangana,Mahaboobnagar,2017-08,17.720535,79.627202,39.0,0.0,0.3855423934,13.0,304.48,32.5,0.0,0.5,8,Monsoon
Telangana,Mahaboobnagar,2019-08,17.720535,79.627202,32.0,0.0,0.4098800068,0.0,303.2133334,32.333333333333336,0.0,-0.17948717948717952,8,Monsoon
Telangana,Mahabubabad,2017-07,17.7138983,80.04134253,449.0,0.0,0.30931891135,7.0,150.96,449.0,0.0,0.0,7,Monsoon
Telangana,Mahabubnagar,2010-03,16.69656855,77.95911462,16.0,0.0,4.61e-05,0.0,314.308,16.0,0.0,0.0,3,Summer
Telangana,Mahabubnagar,2011-01,16.69656855,77.95911462,5.0,0.0,0.0007232686035,7.0,305.312,10.5,0.0,-0.6875,1,Winter
Telangana,Mahabubnagar,2011-10,16.69656855,77.95911462,12.0,0.0,0.09391132625,12.0,307.612,11.0,0.0,1.4,10,Post-Monsoon
Telangana,Mahabubnagar,2012-04,16.69656855,77.95911462,24.0,0.0,0.04230192465,4.0,316.9266666,13.666666666666666,0.0,1.0,4,Summer
Telangana,Mahabubnagar,2012-05,16.69656855,77.95911462,32265753.0,0.0,0.0001060085564,2.0,317.4235,10755263.0,0.0,1344405.375,5,Summer
Telangana,Mahabubnagar,2012-06,16.69656855,77.95911462,17.0,0.0,0.03516551716,0.0,310.02,10755264.666666666,0.0,-0.9999994731255768,6,Monsoon
Telangana,Mahabubnagar,2012-07,16.69656855,77.95911462,35487113.0,0.0,0.351652183625,4.75,309.655,22584294.333333332,0.0,2087476.2352941176,7,Monsoon
Telangana,Mahabubnagar,2012-08,16.69656855,77.95911462,5224385019.0,1.0,0.184857491888,7.6,246.01866668000002,1753290716.3333333,0.3333333333333333,146.21921783268198,8,Monsoon
Telangana,Mahabubnagar,2012-09,16.69656855,77.95911462,2331223929.0,0.0,0.7002614944400001,4.2,121.672,2530365353.6666665,0.3333333333333333,-0.5537802209213478,9,Monsoon
Telangana,Mahabubnagar,2013-01,16.69656855,77.95911462,31.0,0.0,0.0009094189528,0.0,307.736,2518536326.3333335,0.3333333333333333,-0.9999999867022642,1,Winter
Telangana,Mahabubnagar,2013-03,16.69656855,77.95911462,13.0,0.0,3.17e-05,5.0,315.632,777074657.6666666,0.0,-0.5806451612903225,3,Summer
Telangana,Mahabubnagar,2013-04,16.69656855,77.95911462,2318.0,0.0,0.0012623978790000001,5.0,318.14,787.3333333333334,0.0,177.30769230769232,4,Summer
Telangana,Mahabubnagar,2013-05,16.69656855,77.95911462,37.0,0.0,0.1126142587,0.0,317.66400000000004,789.3333333333334,0.0,-0.9840379637618637,5,Summer
Telangana,Mahabubnagar,2013-08,16.69656855,77.95911462,16.0,0.0,0.2247113055,6.0,307.32,790.3333333333334,0.0,-0.5675675675675675,8,Monsoon
Telangana,Mahabubnagar,2013-09,16.69656855,77.95911462,40.0,2.0,0.2215723677,12.0,304.77,31.0,0.6666666666666666,1.5,9,Monsoon
Telangana,Mahabubnagar,2013-11,16.69656855,77.95911462,6226.0,2.0,0.042699701825,12.0,304.09833330000004,2094.0,1.3333333333333333,154.65,11,Post-Monsoon
Telangana,Mahabubnagar,2014-06,16.69656855,77.95911462,2821.0,1.0,0.098157712845,4.0,313.7333333,3029.0,1.6666666666666667,-0.546900096370061,6,Monsoon
Telangana,Mahabubnagar,2015-02,16.69656855,77.95911462,31.0,0.0,4.45e-05,5.0,313.768,3026.0,1.0,-0.989010989010989,2,Winter
Telangana,Mahabubnagar,2015-03,16.69656855,77.95911462,3532.0,0.0,0.0041849523024999995,2.5,314.294,2128.0,0.3333333333333333,112.93548387096774,3,Summer
Telangana,Mahabubnagar,2015-07,16.69656855,77.95911462,25.0,0.0,0.1679268557,4.0,302.14,1196.0,0.0,-0.9929218573046432,7,Monsoon
Telangana,Mahabubnagar,2015-08,16.69656855,77.95911462,40.0,0.0,0.06186586537,6.0,310.23,1199.0,0.0,0.6000000000000001,8,Monsoon
Telangana,Mahabubnagar,2016-07,16.69656855,77.95911462,1341.0,0.0,0.5367393483,1.0,0.0,468.6666666666667,0.0,32.525,7,Monsoon
Telangana,Mahabubnagar,2016-09,16.69656855,77.95911462,30.0,0.0,1.477629048,4.0,0.0,470.3333333333333,0.0,-0.9776286353467561,9,Monsoon
Telangana,Mahabubnagar,2019-03,16.69656855,77.95911462,46.0,0.0,0.000115105571,0.0,318.008,472.3333333333333,0.0,0.5333333333333334,3,Summer
Telangana,Mahabubnagar,2019-07,16.69656855,77.95911462,26.0,0.0,0.4700085241,0.0,0.0,34.0,0.0,-0.4347826086956522,7,Monsoon
Telangana,Mahabubnagar,2019-08,16.69656855,77.95911462,32.0,0.0,0.1482366824,0.0,304.16,34.666666666666664,0.0,0.23076923076923084,8,Monsoon
Telangana,Mahbubnagar,2010-03,16.7434538,77.9923191,11.0,0.0,8.07e-05,6.0,312.74,11.0,0.0,0.0,3,Summer
Telangana,Mahbubnagar,2010-04,16.7434538,77.9923191,21.0,1.0,0.005087815953,0.0,315.46,16.0,0.5,0.9090909090909092,4,Summer
Telangana,Mahbubnagar,2011-04,16.7434538,77.9923191,4551.0,0.0,0.03769683834,0.0,314.94,1527.6666666666667,0.3333333333333333,215.71428571428572,4,Summer
Telangana,Mahbubnagar,2011-08,16.7434538,77.9923191,42.0,0.0,0.09568464298,8.0,303.78000000000003,1538.0,0.3333333333333333,-0.990771259063942,8,Monsoon
Telangana,Mahbubnagar,2011-09,16.7434538,77.9923191,72.0,0.0,0.09478223202,11.0,303.88,1555.0,0.0,0.7142857142857142,9,Monsoon
Telangana,Mahbubnagar,2013-04,16.7434538,77.9923191,32.0,0.0,0.0001378212273,5.0,319.5133334,48.666666666666664,0.0,-0.5555555555555556,4,Summer
Telangana,Mahbubnagar,2013-11,16.7434538,77.9923191,39.0,0.0,0.03351575273,0.0,303.256,47.666666666666664,0.0,0.21875,11,Post-Monsoon
Telangana,Mahbubnagar,2014-07,16.7434538,77.9923191,51.0,0.0,0.5930059149,4.0,0.0,40.666666666666664,0.0,0.3076923076923077,7,Monsoon
Telangana,Mahbubnagar,2015-09,16.7434538,77.9923191,172.0,1.0,0.1218917038,13.0,308.672,87.33333333333333,0.3333333333333333,2.372549019607843,9,Monsoon
Telangana,Medak,2009-08,17.9375095,78.21174499,10.0,0.0,0.04898724345,0.0,308.75333340000003,10.0,0.0,0.0,8,Monsoon
Telangana,Medak,2010-05,17.9375095,78.21174499,10128.0,0.0,0.0007175172885,4.0,315.3453333,5069.0,0.0,1011.8,5,Summer
Telangana,Medak,2010-06,17.9375095,78.21174499,10.0,0.0,0.01181214154,4.0,316.372,3382.6666666666665,0.0,-0.9990126382306477,6,Monsoon
Telangana,Medak,2010-07,17.9375095,78.21174499,3131.0,0.0,0.8967460869,0.0,0.0,4423.0,0.0,312.1,7,Monsoon
Telangana,Medak,2010-10,17.9375095,78.21174499,10.0,0.0,0.2200512556,12.0,301.07,1050.3333333333333,0.0,-0.9968061322261258,10,Post-Monsoon
Telangana,Medak,2011-06,17.9375095,78.21174499,101414.0,0.0,0.1468096966,4.666666666666667,310.02755559999997,34851.666666666664,0.0,10140.4,6,Monsoon
Telangana,Medak,2011-08,17.9375095,78.21174499,10.0,0.0,0.1016172701,8.0,291.03000000000003,33811.333333333336,0.0,-0.9999013942848127,8,Monsoon
Telangana,Medak,2012-03,17.9375095,78.21174499,39.0,0.0,8.48e-05,0.0,316.6333334,33821.0,0.0,2.9,3,Summer
Telangana,Medak,2012-08,17.9375095,78.21174499,34.0,0.0,0.4892417684,13.0,302.41,27.666666666666668,0.0,-0.1282051282051282,8,Monsoon
Telangana,Medak,2013-08,17.9375095,78.21174499,93201.0,6.0,0.3012551828,5.0,0.0,31091.333333333332,2.0,2740.205882352941,8,Monsoon
Telangana,Medak,2013-09,17.9375095,78.21174499,4011.0,2.0,0.041202777335,6.5,301.54333330000003,32415.333333333332,2.6666666666666665,-0.9569639810731645,9,Monsoon
Telangana,Medak,2013-12,17.9375095,78.21174499,20.0,0.0,0.007756390548,9.0,300.69,32410.666666666668,2.6666666666666665,-0.9950137122911992,12,Winter
Telangana,Medak,2014-09,17.9375095,78.21174499,14.0,0.0,0.2963973753,10.0,304.22,1348.3333333333333,0.6666666666666666,-0.30000000000000004,9,Monsoon
Telangana,Medak,2015-08,17.9375095,78.21174499,13.0,0.0,0.02797983728,9.0,306.62,15.666666666666666,0.0,-0.0714285714285714,8,Monsoon
Telangana,Medak,2015-11,17.9375095,78.21174499,14.0,0.0,0.01483482862,9.0,305.185,13.666666666666666,0.0,0.07692307692307687,11,Post-Monsoon
Telangana,Medak,2016-07,17.9375095,78.21174499,202250.0,2.0,0.4383765199,0.0,307.62,67425.66666666667,0.6666666666666666,14445.42857142857,7,Monsoon
Telangana,Medak,2016-08,17.9375095,78.21174499,10.0,0.0,0.3950823454,10.0,297.1866666,67424.66666666667,0.6666666666666666,-0.9999505562422744,8,Monsoon
Telangana,Medak,2016-09,17.9375095,78.21174499,1644593030.0,3.0,1.30437354252,8.8,180.301,548265096.6666666,1.6666666666666667,164459302.0,9,Monsoon
Telangana,Medak,2016-10,17.9375095,78.21174499,122735432320.0,0.0,0.3022158507,11.166666666666666,301.67311109999997,41460008453.333336,1.0,73.62966830158584,10,Post-Monsoon
Telangana,Medak,2018-02,17.9375095,78.21174499,172.0,0.0,4.17e-05,5.0,306.81333340000003,41460008507.333336,1.0,-0.9999999985986117,2,Winter
Telangana,Medchal,2019-07,17.6339929,78.4843146,13.0,0.0,0.5488513022,0.0,307.28000000000003,13.0,0.0,0.0,7,Monsoon
Telangana,Nalgonda,2010-05,16.8579636,79.21749353,52.0,0.0,0.01125191925,0.0,311.344,52.0,0.0,0.0,5,Summer
Telangana,Nalgonda,2012-06,16.8579636,79.21749353,27.0,0.0,0.06025808794,0.0,311.46,39.5,0.0,-0.4807692307692307,6,Monsoon
Telangana,Nalgonda,2012-07,16.8579636,79.21749353,1426.0,0.0,0.9452091085,6.0,305.47,501.6666666666667,0.0,51.81481481481482,7,Monsoon
Telangana,Nalgonda,2012-08,16.8579636,79.21749353,2478.0,1.0,0.230689427395,3.5,305.82166670000004,1310.3333333333333,0.3333333333333333,0.7377279102384291,8,Monsoon
Telangana,Nalgonda,2013-04,16.8579636,79.21749353,39.0,0.0,0.001363379965,4.0,314.2966666,1314.3333333333333,0.3333333333333333,-0.9842615012106537,4,Summer
Telangana,Nalgonda,2014-02,16.8579636,79.21749353,31.0,0.0,0.0001085946434,7.0,303.616,849.3333333333334,0.3333333333333333,-0.20512820512820518,2,Winter
Telangana,Nalgonda,2014-09,16.8579636,79.21749353,31.0,0.0,0.7103140646,0.0,301.69,33.666666666666664,0.0,0.0,9,Monsoon
Telangana,Nalgonda,2015-08,16.8579636,79.21749353,15.0,1.0,0.4315755021,10.0,304.16,25.666666666666668,0.3333333333333333,-0.5161290322580645,8,Monsoon
Telangana,Nalgonda,2016-08,16.8579636,79.21749353,18.0,0.0,0.03716008922,6.0,312.81,21.333333333333332,0.3333333333333333,0.19999999999999996,8,Monsoon
Telangana,Nalgonda,2019-02,16.8579636,79.21749353,59.0,0.0,0.0002344754334,0.0,312.188,30.666666666666668,0.3333333333333333,2.2777777777777777,2,Winter
Telangana,Nalgonda,2021-11,16.8579636,79.21749353,9.0,0.0,0.4669624216,5.0,299.08,28.666666666666668,0.0,-0.847457627118644,11,Post-Monsoon
Telangana,Nalgonda,2021-12,16.8579636,79.21749353,8.0,0.0,0.003025986003,12.0,300.728,25.333333333333332,0.0,-0.11111111111111116,12,Winter
Telangana,Nalgonda,2022-03,16.8579636,79.21749353,6.0,0.0,0.0001335467262,8.0,309.556,7.666666666666667,0.0,-0.25,3,Summer
Telangana,Nizamabad,2009-07,18.75,78.25,23.0,1.0,0.8527514312,7.0,302.27,23.0,1.0,0.0,7,Monsoon
Telangana,Nizamabad,2009-10,18.75,78.25,245.0,0.0,0.01806527296,15.0,305.396,134.0,0.5,9.652173913043478,10,Post-Monsoon
Telangana,Nizamabad,2012-03,18.75,78.25,13.0,0.0,2.62e-05,7.0,311.2066666,93.66666666666667,0.3333333333333333,-0.9469387755102041,3,Summer
Telangana,Nizamabad,2013-04,18.75,78.25,17.0,0.0,0.02781673759,7.0,313.588,91.66666666666667,0.0,0.3076923076923077,4,Summer
Telangana,Nizamabad,2013-05,18.75,78.25,97.0,0.0,0.002620412488,4.0,316.3433334,42.333333333333336,0.0,4.705882352941177,5,Summer
Telangana,Nizamabad,2013-06,18.75,78.25,851745.0,0.0,0.5803716173333333,4.333333333333333,207.77333333333334,283953.0,0.0,8779.876288659794,6,Monsoon
Telangana,Nizamabad,2013-07,18.75,78.25,12.0,0.0,0.4735748811,6.0,303.6,283951.3333333333,0.0,-0.9999859112762622,7,Monsoon
Telangana,Nizamabad,2014-06,18.75,78.25,27.0,0.0,0.005093628783,0.0,313.68,283928.0,0.0,1.25,6,Monsoon
Telangana,Nizamabad,2016-08,18.75,78.25,54.0,0.0,0.551274374,9.0,297.34000000000003,31.0,0.0,1.0,8,Monsoon
Telangana,Nizamabad,2016-11,18.75,78.25,80.0,0.0,3.46e-05,9.0,304.66,53.666666666666664,0.0,0.4814814814814814,11,Post-Monsoon
Telangana,Nizamabad,2017-06,18.75,78.25,18.0,0.0,0.4665800098,0.0,315.83,50.666666666666664,0.0,-0.775,6,Monsoon
Telangana,Nizamabad,2018-03,18.75,78.25,158.0,0.0,0.05867749867,9.0,307.24,85.33333333333333,0.0,7.777777777777779,3,Summer
Telangana,Nizamabad,2018-10,18.75,78.25,27.0,0.0,0.008511625856,11.0,305.4866666,67.66666666666667,0.0,-0.8291139240506329,10,Post-Monsoon
Telangana,Nizamabad,2018-11,18.75,78.25,59127.0,2.0,0.008457472944999999,5.0,305.97400000000005,19770.666666666668,0.6666666666666666,2188.8888888888887,11,Post-Monsoon
Telangana,RAJANNA SIRCILLA,2017-07,18.452116,78.76455837,135.0,0.0,0.2563134841,0.0,0.0,135.0,0.0,0.0,7,Monsoon
Telangana,Rajanna Sircilla,2017-06,18.452116,78.76455837,29.0,0.0,0.3004186749,6.0,302.14,29.0,0.0,0.0,6,Monsoon
Telangana,RangaReddy,2013-08,17.1333954,78.39709787,9156.0,1.0,1.10395918,9.0,0.0,9156.0,1.0,0.0,8,Monsoon
Telangana,Rangareddy,2010-05,17.1333954,78.39709787,242.0,0.0,0.04867560953,0.0,313.955,242.0,0.0,0.0,5,Summer
Telangana,Rangareddy,2018-10,17.1333954,78.39709787,27.0,0.0,0.01133198841,10.0,307.045,134.5,0.0,-0.8884297520661157,10,Post-Monsoon
Telangana,Sangareddy,2017-08,17.86859205,77.82281995,27.0,0.0,0.5456919244,0.0,300.36,27.0,0.0,0.0,8,Monsoon
Telangana,Sangareddy,2018-02,17.86859205,77.82281995,19.0,0.0,0.02473361358,5.0,305.855,23.0,0.0,-0.2962962962962963,2,Winter
Telangana,Sangareddy,2018-09,17.86859205,77.82281995,18.0,0.0,0.1445507564,13.0,305.6033334,21.333333333333332,0.0,-0.052631578947368474,9,Monsoon
Telangana,Sangareddy,2019-09,17.86859205,77.82281995,603052.0,0.0,0.7059804630333333,6.333333333333333,300.45,201029.66666666666,0.0,33501.88888888889,9,Monsoon
Telangana,Sangareddy,2019-10,17.86859205,77.82281995,3434.0,0.0,0.3207304375,16.0,298.86400000000003,202168.0,0.0,-0.9943056320184661,10,Post-Monsoon
Telangana,Suryapet,2018-07,17.08001385,79.79253297,14.0,0.0,0.4034975547,4.0,0.0,14.0,0.0,0.0,7,Monsoon
Telangana,Wanaparthy,2019-07,16.2852944,77.98644727,19.0,0.0,0.4771254742,3.0,308.82,19.0,0.0,0.0,7,Monsoon
Telangana,Wanaparthy,2020-04,16.2852944,77.98644727,73.0,0.0,0.0001341205911,0.0,315.388,46.0,0.0,2.8421052631578947,4,Summer
Telangana,Warangal,2010-04,17.9820644,79.5970954,30.0,0.0,0.01763627921,4.0,316.37333340000004,30.0,0.0,0.0,4,Summer
Telangana,Warangal,2010-06,17.9820644,79.5970954,501010.0,0.0,0.14932886894333333,4.333333333333333,310.7955556,250520.0,0.0,16699.333333333332,6,Monsoon
Telangana,Warangal,2010-07,17.9820644,79.5970954,30.0,2.0,1.182017417,7.0,0.0,167023.33333333334,0.6666666666666666,-0.9999401209556695,7,Monsoon
Telangana,Warangal,2010-08,17.9820644,79.5970954,5025.0,0.0,0.8338772429,4.5,303.9966667,168688.33333333334,0.6666666666666666,166.5,8,Monsoon
Telangana,Warangal,2010-09,17.9820644,79.5970954,51.0,0.0,1.656995705,0.0,298.96,1702.0,0.6666666666666666,-0.9898507462686568,9,Monsoon
Telangana,Warangal,2010-10,17.9820644,79.5970954,13.0,0.0,0.684105454,14.0,301.07,1696.3333333333333,0.0,-0.7450980392156863,10,Post-Monsoon
Telangana,Warangal,2011-04,17.9820644,79.5970954,8.0,0.0,0.1189280815,7.0,310.945,24.0,0.0,-0.3846153846153846,4,Summer
Telangana,Warangal,2011-08,17.9820644,79.5970954,2054.0,0.0,0.36711440989,7.0,305.21333330000004,691.6666666666666,0.0,255.75,8,Monsoon
Telangana,Warangal,2011-09,17.9820644,79.5970954,17.0,0.0,0.7258221073,0.0,302.38,693.0,0.0,-0.9917234664070107,9,Monsoon
Telangana,Warangal,2012-07,17.9820644,79.5970954,92.0,0.0,1.712991938,5.0,0.0,721.0,0.0,4.411764705882353,7,Monsoon
Telangana,Warangal,2013-04,17.9820644,79.5970954,43.0,0.0,0.03655789313,6.0,313.8666666,50.666666666666664,0.0,-0.5326086956521738,4,Summer
Telangana,Warangal,2015-05,17.9820644,79.5970954,24.0,1.0,0.0001530263857,4.0,316.86,53.0,0.3333333333333333,-0.4418604651162791,5,Summer
Telangana,Warangal,2017-07,17.9820644,79.5970954,22.0,0.0,0.1567977445,6.0,305.54,29.666666666666668,0.3333333333333333,-0.08333333333333337,7,Monsoon
Telangana,Warangal Urban,2017-12,18.00441,79.56838,44.0,0.0,5.4e-05,8.0,305.216,44.0,0.0,0.0,12,Winter
Telangana,Warangal Urban,2020-02,18.00441,79.56838,55.0,0.0,5.29e-05,10.0,306.11333340000004,49.5,0.0,0.25,2,Winter
Tripura,Agartala,2018-12,23.8312377,91.2823821,102.0,0.0,3.43e-05,14.0,298.192,102.0,0.0,0.0,12,Winter
Tripura,Dhalai,2011-02,23.8253158,91.97322267,13.0,6.0,0.00235266067,35.0,295.5666666,13.0,6.0,0.0,2,Winter
Tripura,Dhalai,2011-04,23.8253158,91.97322267,57.0,1.0,0.06001272779,0.0,303.34000000000003,35.0,3.5,3.384615384615385,4,Summer
Tripura,Dhalai,2014-05,23.8253158,91.97322267,458291178650.0,172.0,0.1338603606,0.0,301.385,152763726240.0,59.666666666666664,8040196115.666667,5,Summer
Tripura,Dhalai,2017-03,23.8253158,91.97322267,6.0,1.0,0.06434863246,34.0,299.44,152763726237.66666,58.0,-0.9999999999869079,3,Summer
Tripura,Dhalai,2017-05,23.8253158,91.97322267,39.0,0.0,0.09305463564,41.0,299.7033334,152763726231.66666,57.666666666666664,5.5,5,Summer
Tripura,Dhalai District,2014-05,23.9551603,91.8252174,828.0,24.0,0.07230890149,0.0,301.135,828.0,24.0,0.0,5,Summer
Tripura,Gomati,2019-06,23.4613369,91.60718004,190.0,0.0,0.3864496424,0.0,301.72,190.0,0.0,0.0,6,Monsoon
Tripura,Gomati,2019-08,23.4613369,91.60718004,22.0,0.0,0.4134095106,28.0,0.0,106.0,0.0,-0.8842105263157894,8,Monsoon
Tripura,Khowai,2015-04,24.04673835,91.62320954,151.0,1.0,0.8868027999,18.0,298.78400000000005,151.0,1.0,0.0,4,Summer
Tripura,Khowai,2018-11,24.04673835,91.62320954,15.0,1.0,0.002108316505,0.0,299.096,83.0,1.0,-0.9006622516556292,11,Post-Monsoon
Tripura,North Tripura,2014-02,24.0921476,92.24512135,62.0,0.0,0.3112377587,34.0,295.56,62.0,0.0,0.0,2,Winter
Tripura,North Tripura,2017-02,24.0921476,92.24512135,23.0,0.0,8.98e-05,36.0,297.7,42.5,0.0,-0.6290322580645161,2,Winter
Tripura,North Tripura,2018-02,24.0921476,92.24512135,969.0,0.0,0.024959503305,35.5,297.804,351.3333333333333,0.0,41.130434782608695,2,Winter
Tripura,Sepahijala,2017-01,23.53074455,91.30156539,19.0,0.0,6.23e-05,19.0,295.4833334,19.0,0.0,0.0,1,Winter
Tripura,South Tripura,2010-12,23.5,91.666667,29.0,3.0,0.0001007299876,0.0,295.4366666,29.0,3.0,0.0,12,Winter
Tripura,South Tripura,2014-02,23.5,91.666667,18.0,0.0,0.02572835827,12.0,298.832,23.5,1.5,-0.3793103448275862,2,Winter
Tripura,South Tripura,2014-12,23.5,91.666667,12.0,1.0,8.77e-05,12.0,294.18,19.666666666666668,1.3333333333333333,-0.33333333333333337,12,Winter
Tripura,South Tripura,2015-04,23.5,91.666667,30.0,1.0,1.017967427,21.0,299.975,20.0,0.6666666666666666,1.5,4,Summer
Tripura,Unakoti,2014-02,24.3167458,92.06650224,30.0,0.0,8.72e-05,29.0,294.8166666,30.0,0.0,0.0,2,Winter
Tripura,West Tripura,2011-01,23.916667,91.5,11.0,1.0,0.1111277588,6.0,291.748,11.0,1.0,0.0,1,Winter
Tripura,West Tripura,2016-12,23.916667,91.5,236.0,1.0,0.01185782413,0.0,297.46,123.5,1.0,20.454545454545453,12,Winter
Tripura,West Tripura,2017-04,23.916667,91.5,131.0,0.0,0.1045395675,17.0,300.585,126.0,0.6666666666666666,-0.44491525423728817,4,Summer
Uttar Pradesh,Agra,2013-10,27.1752554,78.0098161,1439.0,0.0,0.04681567132,6.5,305.14,1439.0,0.0,0.0,10,Post-Monsoon
Uttar Pradesh,Agra,2015-09,27.1752554,78.0098161,45.0,0.0,0.3932036085,0.0,306.40000000000003,742.0,0.0,-0.9687282835302293,9,Monsoon
Uttar Pradesh,Agra,2021-09,27.1752554,78.0098161,43.0,1.0,0.2492950753,8.0,301.05333340000004,509.0,0.3333333333333333,-0.0444444444444444,9,Monsoon
Uttar Pradesh,Aligarh,2010-05,27.833333,78.166667,14.0,2.0,0.0007197108288,4.0,316.39,14.0,2.0,0.0,5,Summer
Uttar Pradesh,Aligarh,2016-07,27.833333,78.166667,36.0,2.0,0.4506540532,0.0,302.8666666,25.0,2.0,1.5714285714285716,7,Monsoon
Uttar Pradesh,Aligarh,2019-07,27.833333,78.166667,75.0,2.0,0.1384236479,4.0,299.86,41.666666666666664,2.0,1.0833333333333335,7,Monsoon
Uttar Pradesh,Allahabad,2009-08,25.4381302,81.8338005,5129.0,0.0,0.51315924915,10.0,307.4133333,5129.0,0.0,0.0,8,Monsoon
Uttar Pradesh,Allahabad,2010-05,25.4381302,81.8338005,9.0,1.0,0.009275116486,4.0,312.2366666,2569.0,0.5,-0.9982452719828426,5,Summer
Uttar Pradesh,Allahabad,2010-07,25.4381302,81.8338005,8.0,1.0,0.9722630211,5.0,0.0,1715.3333333333333,0.6666666666666666,-0.11111111111111116,7,Monsoon
Uttar Pradesh,Allahabad,2011-07,25.4381302,81.8338005,16.0,0.0,0.4000203478,8.0,305.24,11.0,0.6666666666666666,1.0,7,Monsoon
Uttar Pradesh,Allahabad,2011-08,25.4381302,81.8338005,16.0,0.0,1.052934161,5.0,0.0,13.333333333333334,0.3333333333333333,0.0,8,Monsoon
Uttar Pradesh,Ambedkar Nagar,2009-09,26.40349795,82.60728149,15.0,1.0,1.288642508,16.0,301.0,15.0,1.0,0.0,9,Monsoon
Uttar Pradesh,Ambedkar Nagar,2009-10,26.40349795,82.60728149,29.0,3.0,0.02880228527,13.0,301.86333340000004,22.0,2.0,0.9333333333333333,10,Post-Monsoon
Uttar Pradesh,Amethi,2017-05,26.34738315,81.62387832,6.0,1.0,0.05352101694,4.0,313.908,6.0,1.0,0.0,5,Summer
Uttar Pradesh,Amethi,2017-09,26.34738315,81.62387832,47.0,1.0,0.6776805605,20.0,299.55,26.5,1.0,6.833333333333333,9,Monsoon
Uttar Pradesh,Auraiya,2010-05,26.65573395,79.51504701,14.0,1.0,0.09098014692,3.0,312.188,14.0,1.0,0.0,5,Summer
Uttar Pradesh,Auraiya,2011-10,26.65573395,79.51504701,39.0,0.0,4.49e-05,0.0,307.2966666,26.5,0.5,1.7857142857142856,10,Post-Monsoon
Uttar Pradesh,Auraiya,2013-06,26.65573395,79.51504701,16.0,0.0,1.421101916,4.0,0.0,23.0,0.3333333333333333,-0.5897435897435898,6,Monsoon
Uttar Pradesh,Auraiya,2013-07,26.65573395,79.51504701,2047.0,0.0,0.84888709715,4.5,302.44,700.6666666666666,0.0,126.9375,7,Monsoon
Uttar Pradesh,Auraiya,2018-10,26.65573395,79.51504701,103.0,3.0,0.0012251311,8.0,304.74333340000004,722.0,1.0,-0.9496824621397166,10,Post-Monsoon
Uttar Pradesh,Auraiya,2019-06,26.65573395,79.51504701,70.0,0.0,0.001052918649,5.0,312.86400000000003,740.0,1.0,-0.3203883495145631,6,Monsoon
Uttar Pradesh,Auraiya,2019-10,26.65573395,79.51504701,209.0,0.0,1.52e-05,8.0,303.85,127.33333333333333,1.0,1.9857142857142858,10,Post-Monsoon
Uttar Pradesh,Auraiya,2021-09,26.65573395,79.51504701,34.0,0.0,0.6104519708,17.0,302.57,104.33333333333333,0.0,-0.8373205741626795,9,Monsoon
Uttar Pradesh,Auraiya,2021-11,26.65573395,79.51504701,43.0,0.0,8e-05,6.0,300.43333340000004,95.33333333333333,0.0,0.2647058823529411,11,Post-Monsoon
Uttar Pradesh,Azamgarh,2013-05,26.02269675,83.02887343,33.0,1.0,0.02195376676,4.0,311.96,33.0,1.0,0.0,5,Summer
Uttar Pradesh,Azamgarh,2013-08,26.02269675,83.02887343,369.0,2.0,0.6334850485,12.0,301.90000000000003,201.0,1.5,10.181818181818182,8,Monsoon
Uttar Pradesh,Azamgarh,2016-07,26.02269675,83.02887343,1911.0,1.0,0.8561954561,3.5,148.86,771.0,1.3333333333333333,4.178861788617886,7,Monsoon
Uttar Pradesh,Azamgarh,2016-08,26.02269675,83.02887343,23.0,0.0,0.5988926578,9.0,298.79,767.6666666666666,1.0,-0.9879644165358451,8,Monsoon
Uttar Pradesh,Azamgarh,2017-07,26.02269675,83.02887343,11.0,0.0,1.465155439,0.0,303.44,648.3333333333334,0.3333333333333333,-0.5217391304347826,7,Monsoon
Uttar Pradesh,Azamgarh,2021-09,26.02269675,83.02887343,575.0,3.0,0.3132791294,15.0,300.825,203.0,1.0,51.27272727272727,9,Monsoon
Uttar Pradesh,Badaun,2015-08,28.116667,78.983333,7467.0,5.0,0.3726159013,8.0,304.96500000000003,7467.0,5.0,0.0,8,Monsoon
Uttar Pradesh,Badaun,2015-09,28.116667,78.983333,3952.0,4.0,0.00512631228,14.0,305.11,5709.5,4.5,-0.47073791348600513,9,Monsoon
Uttar Pradesh,Badaun,2016-08,28.116667,78.983333,16.0,0.0,0.4679969753,0.0,300.6,3811.6666666666665,3.0,-0.9959514170040485,8,Monsoon
Uttar Pradesh,Badaun,2016-09,28.116667,78.983333,18.0,0.0,0.5388081754,15.0,302.12,1328.6666666666667,1.3333333333333333,0.125,9,Monsoon
Uttar Pradesh,Ballia,2021-10,25.87793255,84.11995931,14.0,0.0,0.01048046614,11.0,301.336,14.0,0.0,0.0,10,Post-Monsoon
Uttar Pradesh,Balrampur,2011-06,27.4504805,82.39541774,9.0,1.0,0.3563857428,4.0,304.92,9.0,1.0,0.0,6,Monsoon
Uttar Pradesh,Banda,2010-05,25.6240669,80.44804739,19.0,0.0,0.0002656154313,3.0,308.865,19.0,0.0,0.0,5,Summer
Uttar Pradesh,Bara Banki,2016-11,26.9013312,81.2151601,24.0,0.0,9.49e-05,7.0,303.11,24.0,0.0,0.0,11,Post-Monsoon
Uttar Pradesh,Bara-Banki,2016-04,26.9013312,81.2151601,67.0,0.0,5.71e-05,4.0,313.3866666,67.0,0.0,0.0,4,Summer
Uttar Pradesh,Bara-Banki,2016-08,26.9013312,81.2151601,9.0,1.0,0.7966329457,9.0,300.5733334,38.0,0.5,-0.8656716417910448,8,Monsoon
Uttar Pradesh,Bara-Banki,2017-09,26.9013312,81.2151601,15.0,1.0,0.06115148311,20.0,301.15000000000003,30.333333333333332,0.6666666666666666,0.6666666666666667,9,Monsoon
Uttar Pradesh,Bareilly,2009-12,28.416667,79.383333,11.0,5.0,7.38e-05,6.0,294.8833334,11.0,5.0,0.0,12,Winter
Uttar Pradesh,Bareilly,2010-08,28.416667,79.383333,1950.0,4.0,1.4022808905000002,6.5,0.0,980.5,4.5,176.27272727272728,8,Monsoon
Uttar Pradesh,Bareilly,2010-10,28.416667,79.383333,15.0,1.0,0.00367616289,13.0,303.3366666,658.6666666666666,3.3333333333333335,-0.9923076923076923,10,Post-Monsoon
Uttar Pradesh,Bareilly,2014-06,28.416667,79.383333,11.0,0.0,0.1027656192,6.0,306.64,658.6666666666666,1.6666666666666667,-0.2666666666666667,6,Monsoon
Uttar Pradesh,Bareilly,2015-08,28.416667,79.383333,64.0,0.0,0.8535924188,11.0,302.57,30.0,0.3333333333333333,4.818181818181818,8,Monsoon
Uttar Pradesh,Bareilly,2018-09,28.416667,79.383333,36904.0,0.0,0.7864838707,8.0,302.48,12326.333333333334,0.0,575.625,9,Monsoon
Uttar Pradesh,Bareilly,2019-01,28.416667,79.383333,2102.0,0.0,0.3676343825,12.0,291.52,13023.333333333334,0.0,-0.943041404725775,1,Winter
Uttar Pradesh,Bareilly,2019-08,28.416667,79.383333,16.0,0.0,0.4327190655,9.0,304.08,13007.333333333334,0.0,-0.9923882017126546,8,Monsoon
Uttar Pradesh,Bareilly,2021-09,28.416667,79.383333,158.0,5.0,0.6523132363,19.0,300.48400000000004,758.6666666666666,1.6666666666666667,8.875,9,Monsoon
Uttar Pradesh,Budaun,2010-09,28.06831165,79.04607312,7.0,1.0,0.9623278501,8.0,299.74,7.0,1.0,0.0,9,Monsoon
Uttar Pradesh,Budaun,2011-08,28.06831165,79.04607312,53.0,3.0,0.740874916,6.0,0.0,30.0,2.0,6.571428571428571,8,Monsoon
Uttar Pradesh,Budaun,2016-07,28.06831165,79.04607312,8.0,1.0,0.2508885451,6.0,299.88,22.666666666666668,1.6666666666666667,-0.8490566037735849,7,Monsoon
Uttar Pradesh,Budaun,2016-08,28.06831165,79.04607312,1839.0,0.0,0.29998248065,8.0,303.045,633.3333333333334,1.3333333333333333,228.875,8,Monsoon
Uttar Pradesh,Budaun,2016-09,28.06831165,79.04607312,481115.0,1.0,0.08362142712333333,14.0,303.9511111333333,160987.33333333334,0.6666666666666666,260.6177270255574,9,Monsoon
Uttar Pradesh,Budaun,2016-10,28.06831165,79.04607312,29.0,0.0,2.78e-05,7.0,305.74333340000004,160994.33333333334,0.3333333333333333,-0.999939723350966,10,Post-Monsoon
Uttar Pradesh,Budaun,2017-08,28.06831165,79.04607312,160.0,3.0,0.05634271209,10.0,300.6,160434.66666666666,1.3333333333333333,4.517241379310345,8,Monsoon
Uttar Pradesh,Budaun,2019-08,28.06831165,79.04607312,360.0,0.0,0.8708419923,15.0,301.665,183.0,1.0,1.25,8,Monsoon
Uttar Pradesh,Bulandshahar,2010-04,28.5246712,77.5996529,518.0,4.0,0.01219871481,3.0,315.86,518.0,4.0,0.0,4,Summer
Uttar Pradesh,Bulandshahar,2011-09,28.5246712,77.5996529,49.0,0.0,0.3030659847,17.0,301.036,283.5,2.0,-0.9054054054054054,9,Monsoon
Uttar Pradesh,Chandauli,2012-06,25.1265777,83.24965577,15.0,0.0,5.87e-05,0.0,313.34000000000003,15.0,0.0,0.0,6,Monsoon
Uttar Pradesh,Chandauli,2013-09,25.1265777,83.24965577,2319.0,0.0,0.26988376669999997,7.5,301.5833334,1167.0,0.0,153.6,9,Monsoon
Uttar Pradesh,Chandauli,2013-10,25.1265777,83.24965577,20.0,0.0,1.245188512,0.0,299.552,784.6666666666666,0.0,-0.9913755929279862,10,Post-Monsoon
Uttar Pradesh,Chandauli,2014-09,25.1265777,83.24965577,17.0,1.0,0.2721729072,17.0,302.844,785.3333333333334,0.3333333333333333,-0.15000000000000002,9,Monsoon
Uttar Pradesh,Chandauli,2015-06,25.1265777,83.24965577,45.0,0.0,0.2952944687,6.0,314.788,27.333333333333332,0.3333333333333333,1.6470588235294117,6,Monsoon
Uttar Pradesh,Chandauli,2015-07,25.1265777,83.24965577,37.0,0.0,0.4928741399,9.0,302.51,33.0,0.3333333333333333,-0.1777777777777778,7,Monsoon
Uttar Pradesh,Chandauli,2015-08,25.1265777,83.24965577,1815.0,1.0,0.40521043045,14.5,301.923,632.3333333333334,0.3333333333333333,48.054054054054056,8,Monsoon
Uttar Pradesh,Chandauli,2015-09,25.1265777,83.24965577,892019.0,3.0,0.38298548503,13.0,302.2035555333334,297957.0,1.3333333333333333,490.47052341597794,9,Monsoon
Uttar Pradesh,Chandauli,2016-05,25.1265777,83.24965577,36.0,0.0,0.04507422306,5.0,315.82,297956.6666666667,1.3333333333333333,-0.9999596421152465,5,Summer
Uttar Pradesh,Chandauli,2016-07,25.1265777,83.24965577,12.0,1.0,0.839618801,12.0,0.0,297355.6666666667,1.3333333333333333,-0.6666666666666667,7,Monsoon
Uttar Pradesh,Chandauli,2016-08,25.1265777,83.24965577,272.0,5.0,0.7012221567,10.0,0.0,106.66666666666667,2.0,21.666666666666668,8,Monsoon
Uttar Pradesh,Chandauli,2016-09,25.1265777,83.24965577,563283513.0,4.0,1.1024480952,6.0,301.82399999999996,187761265.66666666,3.3333333333333335,2070894.268382353,9,Monsoon
Uttar Pradesh,Chandauli,2016-10,25.1265777,83.24965577,5516.0,0.0,0.47334107989999996,26.0,301.89700000000005,187763100.33333334,3.0,-0.9999902074179828,10,Post-Monsoon
Uttar Pradesh,Chandauli,2017-05,25.1265777,83.24965577,13.0,1.0,0.06106084845,6.0,315.43,187763014.0,1.6666666666666667,-0.997643219724438,5,Summer
Uttar Pradesh,Chandauli,2017-07,25.1265777,83.24965577,271522.0,3.0,2.3890794963333337,4.666666666666667,101.26,92350.33333333333,1.3333333333333333,20885.30769230769,7,Monsoon
Uttar Pradesh,Chandauli,2017-08,25.1265777,83.24965577,12.0,0.0,0.7534587358,6.0,0.0,90515.66666666667,1.3333333333333333,-0.9999558046861764,8,Monsoon
Uttar Pradesh,Chandauli,2017-09,25.1265777,83.24965577,11.0,0.0,0.3127235689,17.0,303.37,90515.0,1.0,-0.08333333333333337,9,Monsoon
Uttar Pradesh,Chandauli,2018-05,25.1265777,83.24965577,17.0,0.0,0.04421720051,6.0,311.496,13.333333333333334,0.0,0.5454545454545454,5,Summer
Uttar Pradesh,Chandauli,2019-08,25.1265777,83.24965577,515.0,1.0,0.5828444825000001,8.0,300.29200000000003,181.0,0.3333333333333333,29.294117647058822,8,Monsoon
Uttar Pradesh,Chandauli,2019-09,25.1265777,83.24965577,271336.0,1.0,0.7071716531,13.333333333333334,301.10999999999996,90622.66666666667,0.6666666666666666,525.8660194174757,9,Monsoon
Uttar Pradesh,Chandauli,2021-10,25.1265777,83.24965577,38.0,0.0,0.5887707151,19.0,301.548,90629.66666666667,0.6666666666666666,-0.9998599522363416,10,Post-Monsoon
Uttar Pradesh,Chandauli,2021-11,25.1265777,83.24965577,24.0,1.0,8.66e-05,14.0,301.456,90466.0,0.6666666666666666,-0.368421052631579,11,Post-Monsoon
Uttar Pradesh,Deoria,2019-10,26.42384715,83.76273169,14.0,1.0,0.03316729229,0.0,301.6666666,14.0,1.0,0.0,10,Post-Monsoon
Uttar Pradesh,Etawah,2016-07,26.71832435,79.09025375,20.0,0.0,0.408398283,5.0,310.41,20.0,0.0,0.0,7,Monsoon
Uttar Pradesh,Farrukhabad,2010-07,27.43719385,79.48912947,12.0,0.0,0.8445044952,0.0,303.28000000000003,12.0,0.0,0.0,7,Monsoon
Uttar Pradesh,Farrukhabad,2019-09,27.43719385,79.48912947,29.0,0.0,0.3975436355,6.0,286.88,20.5,0.0,1.4166666666666665,9,Monsoon
Uttar Pradesh,Farrukhabad,2019-11,27.43719385,79.48912947,12.0,0.0,7.3e-05,5.0,304.156,17.666666666666668,0.0,-0.5862068965517242,11,Post-Monsoon
Uttar Pradesh,Farrukhabad,2021-06,27.43719385,79.48912947,7.0,0.0,0.07073094221,0.0,306.42,16.0,0.0,-0.41666666666666663,6,Monsoon
Uttar Pradesh,Farrukhabad,2021-08,27.43719385,79.48912947,86.0,0.0,0.2052839351,0.0,300.81,35.0,0.0,11.285714285714286,8,Monsoon
Uttar Pradesh,Farrukhabad,2021-10,27.43719385,79.48912947,13.0,0.0,0.0489604129,0.0,302.764,35.333333333333336,0.0,-0.8488372093023255,10,Post-Monsoon
Uttar Pradesh,Fatehpur,2015-09,25.8435395,80.91800397,5712.0,1.0,0.096756231675,12.5,305.6,5712.0,1.0,0.0,9,Monsoon
Uttar Pradesh,Fatehpur,2016-06,25.8435395,80.91800397,18.0,1.0,0.1599538863,0.0,310.48,2865.0,1.0,-0.9968487394957983,6,Monsoon
Uttar Pradesh,Fatehpur,2016-08,25.8435395,80.91800397,65.0,1.0,0.7442011591,7.0,301.36,1931.6666666666667,1.0,2.611111111111111,8,Monsoon
Uttar Pradesh,Fatehpur,2017-05,25.8435395,80.91800397,15.0,2.0,0.02290172493,0.0,315.43,32.666666666666664,1.3333333333333333,-0.7692307692307692,5,Summer
Uttar Pradesh,Fatehpur,2019-09,25.8435395,80.91800397,6.0,0.0,0.9107555011,0.0,295.27,28.666666666666668,1.0,-0.6,9,Monsoon
Uttar Pradesh,Fatehpur,2019-10,25.8435395,80.91800397,6.0,0.0,0.007440193699,15.0,303.6166666,9.0,0.6666666666666666,0.0,10,Post-Monsoon
Uttar Pradesh,Fatehpur,2019-11,25.8435395,80.91800397,8.0,0.0,2.74e-05,5.0,301.57,6.666666666666667,0.0,0.33333333333333326,11,Post-Monsoon
Uttar Pradesh,Fatehpur,2020-08,25.8435395,80.91800397,187.0,1.0,0.5896636661000001,5.5,304.04,67.0,0.3333333333333333,22.375,8,Monsoon
Uttar Pradesh,Fatehpur,2020-10,25.8435395,80.91800397,5.0,0.0,0.002515332414,0.0,305.3533334,66.66666666666667,0.3333333333333333,-0.9732620320855615,10,Post-Monsoon
Uttar Pradesh,Fatehpur,2022-01,25.8435395,80.91800397,1.0,0.0,0.09903011933,0.0,290.18,64.33333333333333,0.3333333333333333,-0.8,1,Winter
Uttar Pradesh,Firozabad,2013-06,27.17736635,78.38991198,2015.0,0.0,0.019687122647,2.5,310.46000000000004,2015.0,0.0,0.0,6,Monsoon
Uttar Pradesh,Firozabad,2014-09,27.17736635,78.38991198,1713.0,0.0,0.5255959994,12.5,299.27750000000003,1864.0,0.0,-0.14987593052109183,9,Monsoon
Uttar Pradesh,Firozabad,2019-07,27.17736635,78.38991198,32.0,3.0,1.205940721,6.0,311.51,1253.3333333333333,1.0,-0.9813193228254524,7,Monsoon
Uttar Pradesh,Firozabad,2021-09,27.17736635,78.38991198,5754.0,5.0,0.7518674339,10.0,304.5,2499.6666666666665,2.6666666666666665,178.8125,9,Monsoon
Uttar Pradesh,Gautam Buddha Nagar,2015-08,28.6292302,77.38416795,48.0,0.0,0.4748045819,12.0,300.04,48.0,0.0,0.0,8,Monsoon
Uttar Pradesh,Gautam Buddha Nagar,2016-02,28.6292302,77.38416795,39.0,0.0,0.0559048986,15.0,293.5166666,43.5,0.0,-0.1875,2,Winter
Uttar Pradesh,Ghaziabad,2010-07,28.6711527,77.4120356,13.0,0.0,1.624889875,7.0,310.38,13.0,0.0,0.0,7,Monsoon
Uttar Pradesh,Ghaziabad,2010-08,28.6711527,77.4120356,18.0,0.0,0.8559485539,8.0,301.74,15.5,0.0,0.3846153846153846,8,Monsoon
Uttar Pradesh,Ghaziabad,2010-09,28.6711527,77.4120356,11.0,0.0,0.03179926932,0.0,301.3833334,14.0,0.0,-0.38888888888888884,9,Monsoon
Uttar Pradesh,Ghaziabad,2021-08,28.6711527,77.4120356,388.0,0.0,0.06308053572,14.0,299.81333340000003,139.0,0.0,34.27272727272727,8,Monsoon
Uttar Pradesh,Ghazipur,2009-08,25.6035084,83.50745405,1323.0,2.0,0.4423700934,3.0,304.16,1323.0,2.0,0.0,8,Monsoon
Uttar Pradesh,Ghazipur,2010-06,25.6035084,83.50745405,15.0,0.0,0.002565244546,3.0,311.688,669.0,1.0,-0.9886621315192744,6,Monsoon
Uttar Pradesh,Ghazipur,2010-07,25.6035084,83.50745405,7.0,1.0,0.4952042744,4.0,0.0,448.3333333333333,1.0,-0.5333333333333333,7,Monsoon
Uttar Pradesh,Ghazipur,2011-08,25.6035084,83.50745405,12.0,0.0,1.199552044,4.0,261.5,11.333333333333334,0.3333333333333333,0.7142857142857142,8,Monsoon
Uttar Pradesh,Ghazipur,2011-09,25.6035084,83.50745405,30.0,0.0,0.406454022,0.0,300.38,16.333333333333332,0.3333333333333333,1.5,9,Monsoon
Uttar Pradesh,Ghazipur,2017-08,25.6035084,83.50745405,1814.0,0.0,0.5683334984,6.0,151.615,618.6666666666666,0.0,59.46666666666667,8,Monsoon
Uttar Pradesh,Ghazipur,2019-07,25.6035084,83.50745405,12.0,0.0,1.071848138,6.0,308.97,618.6666666666666,0.0,-0.9933847850055126,7,Monsoon
Uttar Pradesh,Ghazipur,2021-09,25.6035084,83.50745405,912.0,0.0,1.419633441,11.0,299.34000000000003,912.6666666666666,0.0,75.0,9,Monsoon
Uttar Pradesh,Ghazipur,2021-10,25.6035084,83.50745405,124310.0,0.0,0.5284590758533333,11.333333333333334,301.6401111333334,41744.666666666664,0.0,135.3048245614035,10,Post-Monsoon
Uttar Pradesh,Ghazipur,2021-11,25.6035084,83.50745405,9.0,1.0,0.0001084777241,0.0,301.172,41743.666666666664,0.3333333333333333,-0.9999276003539538,11,Post-Monsoon
Uttar Pradesh,Gonda,2010-04,27.1096669,81.91832912,20.0,0.0,0.03583704675,4.0,310.02,20.0,0.0,0.0,4,Summer
Uttar Pradesh,Gonda,2010-08,27.1096669,81.91832912,21.0,2.0,1.205974333,7.0,0.0,20.5,1.0,0.050000000000000044,8,Monsoon
Uttar Pradesh,Gonda,2010-09,27.1096669,81.91832912,12.0,0.0,0.4842939321,6.0,302.03000000000003,17.666666666666668,0.6666666666666666,-0.4285714285714286,9,Monsoon
Uttar Pradesh,Gonda,2019-07,27.1096669,81.91832912,19.0,2.0,0.5614854338,0.0,303.47,17.333333333333332,1.3333333333333333,0.5833333333333333,7,Monsoon
Uttar Pradesh,Gonda,2019-08,27.1096669,81.91832912,1217.0,0.0,0.6635734505499999,5.0,302.56666670000004,416.0,0.6666666666666666,63.05263157894737,8,Monsoon
Uttar Pradesh,Gorakhpur,2009-11,26.6711433,83.36457244,13.0,2.0,3.72e-05,4.0,299.17,13.0,2.0,0.0,11,Post-Monsoon
Uttar Pradesh,Gorakhpur,2012-07,26.6711433,83.36457244,16.0,2.0,1.121683594,0.0,299.56,14.5,2.0,0.23076923076923084,7,Monsoon
Uttar Pradesh,Hardoi,2010-05,27.33857665,80.09752646,22.0,0.0,0.004001136077,5.0,311.7133334,22.0,0.0,0.0,5,Summer
Uttar Pradesh,Hardoi,2010-08,27.33857665,80.09752646,10.0,0.0,0.7603290878,6.0,306.40000000000003,16.0,0.0,-0.5454545454545454,8,Monsoon
Uttar Pradesh,Hardoi,2012-08,27.33857665,80.09752646,1714.0,1.0,0.48282909765000004,8.5,281.81,582.0,0.3333333333333333,170.4,8,Monsoon
Uttar Pradesh,Hardoi,2013-06,27.33857665,80.09752646,12.0,0.0,0.6728428037,4.0,0.0,578.6666666666666,0.3333333333333333,-0.9929988331388565,6,Monsoon
Uttar Pradesh,Hardoi,2015-08,27.33857665,80.09752646,50.0,0.0,0.5873462079,11.0,0.0,592.0,0.3333333333333333,3.166666666666667,8,Monsoon
Uttar Pradesh,Hardoi,2015-09,27.33857665,80.09752646,8475.0,1.0,0.044436126445,14.5,304.2066667,2845.6666666666665,0.3333333333333333,168.5,9,Monsoon
Uttar Pradesh,Hardoi,2016-05,27.33857665,80.09752646,1834.0,0.0,0.2888336044,4.0,305.195,3453.0,0.3333333333333333,-0.7835988200589971,5,Summer
Uttar Pradesh,Hardoi,2016-06,27.33857665,80.09752646,12.0,0.0,0.01785300023,5.0,309.012,3440.3333333333335,0.3333333333333333,-0.9934569247546347,6,Monsoon
Uttar Pradesh,Hardoi,2016-07,27.33857665,80.09752646,933.0,0.0,0.7078000626,0.0,307.7,926.3333333333334,0.0,76.75,7,Monsoon
Uttar Pradesh,Hardoi,2017-05,27.33857665,80.09752646,1216.0,3.0,0.03936572711,0.0,312.2683334,720.3333333333334,1.0,0.30332261521972126,5,Summer
Uttar Pradesh,Hardoi,2021-09,27.33857665,80.09752646,150.0,0.0,0.4999214549,0.0,302.1,766.3333333333334,1.0,-0.8766447368421053,9,Monsoon
Uttar Pradesh,Jalaun,2011-07,26.105546,79.42765265,16.0,1.0,1.09924818,7.0,305.52,16.0,1.0,0.0,7,Monsoon
Uttar Pradesh,Jalaun,2011-08,26.105546,79.42765265,34.0,0.0,0.8479031731,2.0,0.0,25.0,0.5,1.125,8,Monsoon
Uttar Pradesh,Jalaun,2012-07,26.105546,79.42765265,41.0,1.0,0.08876741346,4.0,309.23,30.333333333333332,0.6666666666666666,0.2058823529411764,7,Monsoon
Uttar Pradesh,Jalaun,2012-08,26.105546,79.42765265,29.0,0.0,0.2546054365,0.0,301.86,34.666666666666664,0.3333333333333333,-0.29268292682926833,8,Monsoon
Uttar Pradesh,Jalaun,2013-07,26.105546,79.42765265,30.0,0.0,0.9081972174,0.0,303.39,33.333333333333336,0.3333333333333333,0.034482758620689724,7,Monsoon
Uttar Pradesh,Jalaun,2015-10,26.105546,79.42765265,68.0,0.0,0.01230069884,5.0,309.89,42.333333333333336,0.0,1.2666666666666666,10,Post-Monsoon
Uttar Pradesh,Jalaun,2019-07,26.105546,79.42765265,47.0,3.0,0.08099650702,0.0,313.168,48.333333333333336,1.0,-0.3088235294117647,7,Monsoon
Uttar Pradesh,Jalaun,2019-08,26.105546,79.42765265,5.0,0.0,0.7243944379,16.0,302.43,40.0,1.0,-0.8936170212765957,8,Monsoon
Uttar Pradesh,Jalaun,2019-10,26.105546,79.42765265,15.0,0.0,0.001466828363,0.0,305.3833334,22.333333333333332,1.0,2.0,10,Post-Monsoon
Uttar Pradesh,Jalaun,2021-09,26.105546,79.42765265,23.0,1.0,0.2619904802,13.0,302.2,14.333333333333334,0.3333333333333333,0.5333333333333334,9,Monsoon
Uttar Pradesh,Jalaun,2021-10,26.105546,79.42765265,7.0,0.0,0.1089528815,14.0,303.08,15.0,0.3333333333333333,-0.6956521739130435,10,Post-Monsoon
Uttar Pradesh,Jaunpur,2017-08,25.7955927,82.48834098,25.0,2.0,0.3332824536,17.0,300.96,25.0,2.0,0.0,8,Monsoon
Uttar Pradesh,Jaunpur,2018-08,25.7955927,82.48834098,4524.0,0.0,0.62629386645,3.5,300.05,2274.5,1.0,179.96,8,Monsoon
Uttar Pradesh,Jhansi,2009-09,25.5301308,78.65242146,19.0,3.0,0.04468250718,8.0,308.00333340000003,19.0,3.0,0.0,9,Monsoon
Uttar Pradesh,Jhansi,2015-08,25.5301308,78.65242146,16.0,0.0,0.05373441695,14.0,302.2666666,17.5,1.5,-0.1578947368421053,8,Monsoon
Uttar Pradesh,Jhansi,2015-09,25.5301308,78.65242146,2823.0,0.0,0.24077569565,5.5,308.25466670000003,952.6666666666666,1.0,175.4375,9,Monsoon
Uttar Pradesh,Jhansi,2015-10,25.5301308,78.65242146,26.0,0.0,0.0009302723369,7.0,312.25333340000003,955.0,0.0,-0.9907899397803754,10,Post-Monsoon
Uttar Pradesh,Jhansi,2021-09,25.5301308,78.65242146,40.0,0.0,0.1756067177,13.0,303.2266666,963.0,0.0,0.5384615384615385,9,Monsoon
Uttar Pradesh,Kannauj,2016-05,26.9996974,79.68861213,2849.0,0.0,0.03151930732,2.0,311.5633333,2849.0,0.0,0.0,5,Summer
Uttar Pradesh,Kannauj,2016-06,26.9996974,79.68861213,73.0,2.0,0.1768429674,5.0,305.61,1461.0,1.0,-0.9743769743769743,6,Monsoon
Uttar Pradesh,Kannauj,2018-09,26.9996974,79.68861213,39.0,0.0,0.1795235948,16.0,303.945,987.0,0.6666666666666666,-0.4657534246575342,9,Monsoon
Uttar Pradesh,Kannauj,2018-10,26.9996974,79.68861213,111.0,0.0,0.002815972306,13.0,305.55333340000004,74.33333333333333,0.6666666666666666,1.8461538461538463,10,Post-Monsoon
Uttar Pradesh,Kannauj,2019-08,26.9996974,79.68861213,75.0,0.0,0.8697516112,0.0,300.21,75.0,0.0,-0.32432432432432434,8,Monsoon
Uttar Pradesh,Kannauj,2021-08,26.9996974,79.68861213,911.0,0.0,0.1708038105,16.0,303.46,365.6666666666667,0.0,11.146666666666667,8,Monsoon
Uttar Pradesh,Kannauj,2021-09,26.9996974,79.68861213,8342.0,0.0,0.19687095345,14.0,301.6433333,3109.3333333333335,0.0,8.156970362239298,9,Monsoon
Uttar Pradesh,Kanpur,2015-08,26.4609135,80.3217588,38.0,1.0,0.06079837925,8.0,304.975,38.0,1.0,0.0,8,Monsoon
Uttar Pradesh,Kanpur (Dehat),2019-07,26.4600465,79.85551,153.0,2.0,1.010539474,2.0,311.90000000000003,153.0,2.0,0.0,7,Monsoon
Uttar Pradesh,Kanpur Nagar,2012-09,26.4402119,80.26930513,348394.0,0.0,0.05374530317,15.0,302.716,348394.0,0.0,0.0,9,Monsoon
Uttar Pradesh,Kaushambi,2012-06,25.53609455,81.44672839,23.0,0.0,0.0001772749073,3.0,313.6566666,23.0,0.0,0.0,6,Monsoon
Uttar Pradesh,Kaushambi,2015-06,25.53609455,81.44672839,42.0,0.0,5.03e-05,0.0,314.99,32.5,0.0,0.826086956521739,6,Monsoon
Uttar Pradesh,Kaushambi,2016-05,25.53609455,81.44672839,71.0,0.0,0.006137379379,4.0,316.3,45.333333333333336,0.0,0.6904761904761905,5,Summer
Uttar Pradesh,Kaushambi,2016-08,25.53609455,81.44672839,189.0,1.0,0.8086427352,8.0,302.92,100.66666666666667,0.3333333333333333,1.6619718309859155,8,Monsoon
Uttar Pradesh,Kaushambi,2017-05,25.53609455,81.44672839,39.0,0.0,0.03315191897,5.0,313.25,99.66666666666667,0.3333333333333333,-0.7936507936507937,5,Summer
Uttar Pradesh,Kaushambi,2021-08,25.53609455,81.44672839,10.0,0.0,1.055170653,14.0,300.74,79.33333333333333,0.3333333333333333,-0.7435897435897436,8,Monsoon
Uttar Pradesh,Kaushambi,2021-09,25.53609455,81.44672839,10.0,0.0,0.8086172793,17.0,299.67,19.666666666666668,0.0,0.0,9,Monsoon
Uttar Pradesh,Kaushambi,2022-06,25.53609455,81.44672839,8.0,2.0,0.01293798244,5.0,311.985,9.333333333333334,0.6666666666666666,-0.19999999999999996,6,Monsoon
Uttar Pradesh,Kushinagar,2016-08,26.7438272,83.9162322,44.0,1.0,0.4079508719,20.0,301.856,44.0,1.0,0.0,8,Monsoon
Uttar Pradesh,Kushinagar,2019-08,26.7438272,83.9162322,25.0,1.0,1.473709979,19.0,300.704,34.5,1.0,-0.43181818181818177,8,Monsoon
Uttar Pradesh,Lakhimpur Kheri,2011-08,27.98506015,80.75384538,48.0,0.0,1.245870313,12.0,288.9533334,48.0,0.0,0.0,8,Monsoon
Uttar Pradesh,Lakhimpur Kheri,2012-07,27.98506015,80.75384538,33.0,0.0,0.1495115982,8.0,305.95,40.5,0.0,-0.3125,7,Monsoon
Uttar Pradesh,Lakhimpur Kheri,2012-09,27.98506015,80.75384538,24.0,1.0,2.675316422,18.0,301.06,35.0,0.3333333333333333,-0.2727272727272727,9,Monsoon
Uttar Pradesh,Lakhimpur Kheri,2016-08,27.98506015,80.75384538,27.0,2.0,1.095861544,13.0,301.56,28.0,1.0,0.125,8,Monsoon
Uttar Pradesh,Lakhimpur kheri,2014-08,27.98506015,80.75384538,3.0,0.0,0.08111239529,0.0,301.85,3.0,0.0,0.0,8,Monsoon
Uttar Pradesh,Lalitpur,2019-10,24.70038485,78.51866759,26.0,0.0,0.0199100931,14.0,303.3,26.0,0.0,0.0,10,Post-Monsoon
Uttar Pradesh,Lucknow,2009-10,26.8420098,80.94785711,47.0,0.0,2.62e-05,9.0,303.588,47.0,0.0,0.0,10,Post-Monsoon
Uttar Pradesh,Lucknow,2010-04,26.8420098,80.94785711,43.0,1.0,0.0001121594501,4.0,311.7333334,45.0,0.5,-0.08510638297872342,4,Summer
Uttar Pradesh,Lucknow,2012-07,26.8420098,80.94785711,263020.0,3.0,1.1495150925333333,2.3333333333333335,202.88333333333335,87703.33333333333,1.3333333333333333,6115.7441860465115,7,Monsoon
Uttar Pradesh,Lucknow,2012-08,26.8420098,80.94785711,29.0,0.0,1.132204714,0.0,303.08,87697.33333333333,1.3333333333333333,-0.9998897422249259,8,Monsoon
Uttar Pradesh,Lucknow,2013-04,26.8420098,80.94785711,12.0,0.0,0.001357264057,6.0,309.94,87687.0,1.0,-0.5862068965517242,4,Summer
Uttar Pradesh,Lucknow,2014-04,26.8420098,80.94785711,11.0,0.0,0.0005369273635,7.0,305.3666666,17.333333333333332,0.0,-0.08333333333333337,4,Summer
Uttar Pradesh,Lucknow,2014-12,26.8420098,80.94785711,17.0,0.0,0.0004688717545,6.0,290.86,13.333333333333334,0.0,0.5454545454545454,12,Winter
Uttar Pradesh,Lucknow,2015-07,26.8420098,80.94785711,17.0,0.0,1.010651082,0.0,0.0,15.0,0.0,0.0,7,Monsoon
Uttar Pradesh,Lucknow,2015-09,26.8420098,80.94785711,1219.0,0.0,0.12084465335,13.0,304.3325,417.6666666666667,0.0,70.70588235294117,9,Monsoon
Uttar Pradesh,Lucknow,2015-10,26.8420098,80.94785711,10.0,0.0,5.44e-05,12.0,307.16,415.3333333333333,0.0,-0.9917965545529123,10,Post-Monsoon
Uttar Pradesh,Lucknow,2016-06,26.8420098,80.94785711,10.0,0.0,0.8302538979,0.0,314.64,413.0,0.0,0.0,6,Monsoon
Uttar Pradesh,Lucknow,2021-08,26.8420098,80.94785711,13873.0,1.0,0.25610150535,8.5,151.55,4631.0,0.3333333333333333,1386.3,8,Monsoon
Uttar Pradesh,Lucknow,2021-10,26.8420098,80.94785711,131220.0,0.0,0.11386825658833334,14.0,302.25288886666664,48367.666666666664,0.3333333333333333,8.45866070784978,10,Post-Monsoon
Uttar Pradesh,Maharajganj,2011-01,26.46876745,81.17995234,321.0,42.0,0.1612736045,4.0,295.312,321.0,42.0,0.0,1,Winter
Uttar Pradesh,Mahoba,2020-02,25.36176885,79.70499475,40.0,0.0,0.0001586055263,18.0,293.52,40.0,0.0,0.0,2,Winter
Uttar Pradesh,Mainpuri,2021-08,27.2098219,79.04813701,32.0,0.0,0.2972599919,11.0,303.41,32.0,0.0,0.0,8,Monsoon
Uttar Pradesh,Mathura,2015-10,27.633333,77.583333,40.0,0.0,0.01922118528,4.0,311.5733334,40.0,0.0,0.0,10,Post-Monsoon
Uttar Pradesh,Mathura,2016-05,27.633333,77.583333,173.0,3.0,0.04562310327,3.0,321.7366666,106.5,1.5,3.325,5,Summer
Uttar Pradesh,Mathura,2016-11,27.633333,77.583333,282.0,0.0,9.49e-05,3.0,307.1566666,165.0,1.0,0.630057803468208,11,Post-Monsoon
Uttar Pradesh,Mathura,2019-06,27.633333,77.583333,194.0,0.0,0.03729180815,3.0,314.3433334,216.33333333333334,1.0,-0.3120567375886525,6,Monsoon
Uttar Pradesh,Mathura,2021-08,27.633333,77.583333,182.0,6.0,0.1655406454,0.0,306.056,219.33333333333334,2.0,-0.061855670103092786,8,Monsoon
Uttar Pradesh,Mau,2016-05,26.0376878,83.49793418,20.0,0.0,0.2601296122,4.0,308.24,20.0,0.0,0.0,5,Summer
Uttar Pradesh,Mau,2017-06,26.0376878,83.49793418,11.0,0.0,0.1246368736,5.0,308.865,15.5,0.0,-0.44999999999999996,6,Monsoon
Uttar Pradesh,Mau,2017-08,26.0376878,83.49793418,10.0,0.0,0.6229923477,16.0,301.3066666,13.666666666666666,0.0,-0.09090909090909094,8,Monsoon
Uttar Pradesh,Mirzapur,2011-08,25.1010477,82.62574936,51.0,2.0,1.392780375,4.0,301.96,51.0,2.0,0.0,8,Monsoon
Uttar Pradesh,Mirzapur,2014-07,25.1010477,82.62574936,12.0,0.0,0.5395933643,6.0,304.0733334,31.5,1.0,-0.7647058823529411,7,Monsoon
Uttar Pradesh,Mirzapur,2016-07,25.1010477,82.62574936,43.0,0.0,0.7607275653,9.0,0.0,35.333333333333336,0.6666666666666666,2.5833333333333335,7,Monsoon
Uttar Pradesh,Mirzapur,2016-08,25.1010477,82.62574936,940.0,2.0,1.9978306763,6.0,151.41,331.6666666666667,0.6666666666666666,20.86046511627907,8,Monsoon
Uttar Pradesh,Mirzapur,2016-10,25.1010477,82.62574936,1442.0,0.0,0.6320282972,22.0,302.0875,808.3333333333334,0.6666666666666666,0.5340425531914894,10,Post-Monsoon
Uttar Pradesh,Mirzapur,2017-05,25.1010477,82.62574936,69.0,2.0,0.001518857119,0.0,318.1066666,817.0,1.3333333333333333,-0.9521497919556172,5,Summer
Uttar Pradesh,Mirzapur,2017-06,25.1010477,82.62574936,2516.0,2.0,0.15458415209999998,2.5,313.31600000000003,1342.3333333333333,1.3333333333333333,35.46376811594203,6,Monsoon
Uttar Pradesh,Mirzapur,2017-10,25.1010477,82.62574936,85.0,0.0,0.2245114684,16.0,304.195,890.0,1.3333333333333333,-0.9662162162162162,10,Post-Monsoon
Uttar Pradesh,Mirzapur,2022-05,25.1010477,82.62574936,12.0,0.0,0.0004174087149,4.0,313.0,871.0,0.6666666666666666,-0.8588235294117648,5,Summer
Uttar Pradesh,Muzaffarnagar,2019-09,29.44800635,77.74068503,8.0,0.0,0.5270895123,20.0,301.356,8.0,0.0,0.0,9,Monsoon
Uttar Pradesh,Muzaffarnagar,2021-08,29.44800635,77.74068503,140.0,0.0,0.0667314591,13.0,298.66,74.0,0.0,16.5,8,Monsoon
Uttar Pradesh,Panchsheel Nagar,2021-08,28.573908,77.38394602,3.0,0.0,0.005460305864,14.0,300.96,3.0,0.0,0.0,8,Monsoon
Uttar Pradesh,Pilibhit,2009-08,28.6908066,79.83107249,157.0,0.0,0.5070418247,15.0,300.50333340000003,157.0,0.0,0.0,8,Monsoon
Uttar Pradesh,Pratapgarh,2010-08,25.75,81.75,9.0,3.0,1.329514999,11.0,0.0,9.0,3.0,0.0,8,Monsoon
Uttar Pradesh,Pratapgarh,2010-09,25.75,81.75,40.0,0.0,0.3507650031,13.0,301.4066666,24.5,1.5,3.4444444444444446,9,Monsoon
Uttar Pradesh,Pratapgarh,2012-08,25.75,81.75,19.0,0.0,0.8976307268,9.0,298.2,22.666666666666668,1.0,-0.525,8,Monsoon
Uttar Pradesh,Rae-Bareilly,2016-07,26.25019525,81.38095671,2210.0,4.0,0.6483412614,5.0,0.0,2210.0,4.0,0.0,7,Monsoon
Uttar Pradesh,Rae-Bareilly,2017-04,26.25019525,81.38095671,15.0,0.0,0.03456115924,4.0,312.32,1112.5,2.0,-0.9932126696832579,4,Summer
Uttar Pradesh,Raebareli,2013-09,26.25252795,81.17502109,39.0,3.0,0.02699545983,17.0,301.752,39.0,3.0,0.0,9,Monsoon
Uttar Pradesh,Saharanpur,2011-08,29.9880774,77.50812995,13.0,0.0,0.3720825074,19.0,293.6866666,13.0,0.0,0.0,8,Monsoon
Uttar Pradesh,Saharanpur,2015-08,29.9880774,77.50812995,113.0,0.0,0.7003341687,21.0,298.92,63.0,0.0,7.692307692307692,8,Monsoon
Uttar Pradesh,Saharanpur,2016-09,29.9880774,77.50812995,1444.0,0.0,0.49064107489000003,21.0,301.92499999999995,523.3333333333334,0.0,11.778761061946902,9,Monsoon
Uttar Pradesh,Saharanpur,2019-10,29.9880774,77.50812995,21.0,0.0,0.5449565275,19.0,300.49,526.0,0.0,-0.9854570637119113,10,Post-Monsoon
Uttar Pradesh,Saharanpur,2021-09,29.9880774,77.50812995,5.0,0.0,0.433826222,17.0,299.995,490.0,0.0,-0.7619047619047619,9,Monsoon
Uttar Pradesh,Sant Kabir Nagar,2019-09,26.7882737,82.9600798,18.0,0.0,0.6775651825,0.0,300.42,18.0,0.0,0.0,9,Monsoon
Uttar Pradesh,Sant Ravidas Nagar,2021-09,25.3560294,82.50057725,7.0,1.0,0.5724666311,18.0,302.53000000000003,7.0,1.0,0.0,9,Monsoon
Uttar Pradesh,Sant Ravidas Nagar,2022-05,25.3560294,82.50057725,21.0,1.0,0.03582953885,4.0,311.22400000000005,14.0,1.0,2.0,5,Summer
Uttar Pradesh,Shahjahanpur,2009-08,27.91263315,79.74656295,12.0,4.0,1.747453525,0.0,298.96,12.0,4.0,0.0,8,Monsoon
Uttar Pradesh,Shamli,2019-10,29.5008816,77.34838259,5.0,0.0,0.002175384014,14.0,298.23,5.0,0.0,0.0,10,Post-Monsoon
Uttar Pradesh,Shravasti,2013-09,27.5083429,82.0263569,25.0,2.0,0.11739406,14.0,300.376,25.0,2.0,0.0,9,Monsoon
Uttar Pradesh,Shravasti,2014-10,27.5083429,82.0263569,17.0,2.0,0.01535263721,13.0,302.64,21.0,2.0,-0.31999999999999995,10,Post-Monsoon
Uttar Pradesh,Shravasti,2018-07,27.5083429,82.0263569,35.0,5.0,0.6959592285,11.0,0.0,25.666666666666668,3.0,1.0588235294117645,7,Monsoon
Uttar Pradesh,Siddharth Nagar,2009-07,27.25264095,82.86964796,9.0,3.0,0.4175227936,0.0,304.02500000000003,9.0,3.0,0.0,7,Monsoon
Uttar Pradesh,Siddharth Nagar,2014-09,27.25264095,82.86964796,16.0,1.0,0.270232543,15.0,300.976,12.5,2.0,0.7777777777777777,9,Monsoon
Uttar Pradesh,Siddharth Nagar,2014-10,27.25264095,82.86964796,17.0,2.0,0.01986413341,0.0,301.53000000000003,14.0,2.0,0.0625,10,Post-Monsoon
Uttar Pradesh,Siddharth Nagar,2015-07,27.25264095,82.86964796,37.0,0.0,0.2366803124,8.0,0.0,23.333333333333332,1.0,1.176470588235294,7,Monsoon
Uttar Pradesh,Siddharth Nagar,2016-07,27.25264095,82.86964796,3.0,2.0,0.2673979473,4.0,0.0,19.0,1.3333333333333333,-0.9189189189189189,7,Monsoon
Uttar Pradesh,Siddharth Nagar,2016-08,27.25264095,82.86964796,7.0,1.0,0.6261146988,13.0,303.3666666,15.666666666666666,1.0,1.3333333333333335,8,Monsoon
Uttar Pradesh,Siddharth Nagar,2017-02,27.25264095,82.86964796,15.0,1.0,0.01254942549,0.0,294.652,8.333333333333334,1.3333333333333333,1.1428571428571428,2,Winter
Uttar Pradesh,Siddharth Nagar,2017-03,27.25264095,82.86964796,16.0,0.0,0.004839875014,8.0,303.5166666,12.666666666666666,0.6666666666666666,0.06666666666666665,3,Summer
Uttar Pradesh,Siddharth Nagar,2018-08,27.25264095,82.86964796,3210.0,3.0,1.37451965895,5.0,286.20500000000004,1080.3333333333333,1.3333333333333333,199.625,8,Monsoon
Uttar Pradesh,Siddharth Nagar,2018-09,27.25264095,82.86964796,33.0,1.0,0.7210717794,20.0,301.38,1086.3333333333333,1.3333333333333333,-0.9897196261682243,9,Monsoon
Uttar Pradesh,Siddharth Nagar,2019-08,27.25264095,82.86964796,9.0,1.0,0.7824356537,0.0,300.79,1084.0,1.6666666666666667,-0.7272727272727273,8,Monsoon
Uttar Pradesh,Siddharth Nagar,2021-09,27.25264095,82.86964796,60.0,2.0,0.2459655701,20.0,300.81333340000003,34.0,1.3333333333333333,5.666666666666667,9,Monsoon
Uttar Pradesh,Siddharth Nagar,2021-10,27.25264095,82.86964796,24.0,0.0,0.1597301369,9.0,300.395,31.0,1.0,-0.6,10,Post-Monsoon
Uttar Pradesh,Siddharth Nagar,2022-05,27.25264095,82.86964796,30.0,1.0,0.05871040047,5.0,308.695,38.0,1.0,0.25,5,Summer
Uttar Pradesh,Sitapur,2019-07,27.5046392,80.82946583,344.0,0.0,0.9672363146,7.0,0.0,344.0,0.0,0.0,7,Monsoon
Uttar Pradesh,Sonbhadra,2021-11,24.38657525,83.07863061,119.0,0.0,6.28e-05,12.0,299.768,119.0,0.0,0.0,11,Post-Monsoon
Uttar Pradesh,Unnao,2010-08,26.57550365,80.61376178,63.0,0.0,1.685035722,9.0,302.24,63.0,0.0,0.0,8,Monsoon
Uttar Pradesh,Unnao,2012-04,26.57550365,80.61376178,75.0,0.0,0.02286046324,5.0,308.5266666,69.0,0.0,0.19047619047619047,4,Summer
Uttar Pradesh,Unnao,2012-05,26.57550365,80.61376178,15.0,2.0,0.005721131603,5.0,310.81,51.0,0.6666666666666666,-0.8,5,Summer
Uttar Pradesh,Unnao,2012-08,26.57550365,80.61376178,186.0,0.0,0.5652478263,0.0,0.0,92.0,0.6666666666666666,11.4,8,Monsoon
Uttar Pradesh,Unnao,2013-08,26.57550365,80.61376178,34.0,1.0,0.4352456376,4.0,306.02,78.33333333333333,1.0,-0.8172043010752688,8,Monsoon
Uttar Pradesh,Unnao,2014-05,26.57550365,80.61376178,11914.0,2.0,0.0151070055065,5.0,314.1193333,4044.6666666666665,1.0,349.4117647058824,5,Summer
Uttar Pradesh,Unnao,2016-05,26.57550365,80.61376178,17.0,0.0,6.43e-05,4.0,314.86,3988.3333333333335,1.0,-0.9985731072687595,5,Summer
Uttar Pradesh,Uttar Pradesh,2010-05,26.8420098,80.94785711,18.0,0.0,0.007380153207,5.0,308.78000000000003,18.0,0.0,0.0,5,Summer
Uttar Pradesh,Varanasi,2010-07,25.3356491,83.0076292,1717.0,0.0,0.9219296621,0.0,0.0,1717.0,0.0,0.0,7,Monsoon
Uttar Pradesh,Varanasi,2016-08,25.3356491,83.0076292,2.0,1.0,0.9202396928,6.0,0.0,859.5,0.5,-0.9988351776354106,8,Monsoon
Uttar Pradesh,Varanasi,2017-06,25.3356491,83.0076292,16.0,2.0,0.3044072988,5.0,310.89,578.3333333333334,1.0,7.0,6,Monsoon
Uttarakhand,Almora,2009-06,29.703095,79.43317023,11916.0,1.0,0.2477682567335,0.0,302.5466667,11916.0,1.0,0.0,6,Monsoon
Uttarakhand,Almora,2009-07,29.703095,79.43317023,24.0,2.0,0.2137620211,23.0,298.6633334,5970.0,1.5,-0.9979859013091642,7,Monsoon
Uttarakhand,Almora,2012-08,29.703095,79.43317023,17.0,0.0,2.146771585,20.0,272.095,3985.6666666666665,1.0,-0.29166666666666663,8,Monsoon
Uttarakhand,Almora,2015-04,29.703095,79.43317023,16.0,0.0,0.09138773066,0.0,295.8933334,19.0,0.6666666666666666,-0.05882352941176472,4,Summer
Uttarakhand,Almora,2016-06,29.703095,79.43317023,46.0,0.0,0.7497734966,0.0,295.9966666,26.333333333333332,0.0,1.875,6,Monsoon
Uttarakhand,Almora,2019-03,29.703095,79.43317023,28.0,0.0,0.1610176345,21.0,294.936,30.0,0.0,-0.3913043478260869,3,Summer
Uttarakhand,Bageshwar,2011-07,30.0084975,79.93004575,19.0,0.0,1.19183345,25.0,274.116,19.0,0.0,0.0,7,Monsoon
Uttarakhand,Chamoli,2010-06,30.5,79.5,32.0,0.0,0.2640573566,11.0,284.8766666,32.0,0.0,0.0,6,Monsoon
Uttarakhand,Chamoli,2013-07,30.5,79.5,58.0,0.0,0.9531846172,5.0,280.6266666,45.0,0.0,0.8125,7,Monsoon
Uttarakhand,Champawat,2011-03,29.23631315,80.10172077,66.0,0.0,0.05943331965,0.0,297.74333340000004,66.0,0.0,0.0,3,Summer
Uttarakhand,Champawat,2011-07,29.23631315,80.10172077,1.0,1.0,2.027111,0.0,299.90000000000003,33.5,0.5,-0.9848484848484849,7,Monsoon
Uttarakhand,Champawat,2021-09,29.23631315,80.10172077,3.0,1.0,0.400900506,0.0,297.488,23.333333333333332,0.6666666666666666,2.0,9,Monsoon
Uttarakhand,Dehradun,2009-08,30.3255646,78.0436813,143.0,0.0,0.2474946798,34.0,298.62,143.0,0.0,0.0,8,Monsoon
Uttarakhand,Dehradun,2009-12,30.3255646,78.0436813,4.0,0.0,0.0006261171766,12.0,288.96,73.5,0.0,-0.972027972027972,12,Winter
Uttarakhand,Dehradun,2010-09,30.3255646,78.0436813,19.0,0.0,2.604377781,0.0,283.42400000000004,55.333333333333336,0.0,3.75,9,Monsoon
Uttarakhand,Dehradun,2013-04,30.3255646,78.0436813,29.0,0.0,0.1573451136,20.0,302.5366666,17.333333333333332,0.0,0.5263157894736843,4,Summer
Uttarakhand,Dehradun,2013-06,30.3255646,78.0436813,15.0,0.0,0.623198409,13.0,299.955,21.0,0.0,-0.48275862068965514,6,Monsoon
Uttarakhand,Dehradun,2013-07,30.3255646,78.0436813,45.0,2.0,0.9771555092,21.0,295.99,29.666666666666668,0.6666666666666666,2.0,7,Monsoon
Uttarakhand,Dehradun,2016-07,30.3255646,78.0436813,41.0,0.0,3.39884712,0.0,292.36,33.666666666666664,0.6666666666666666,-0.0888888888888889,7,Monsoon
Uttarakhand,Dehradun,2019-07,30.3255646,78.0436813,29.0,0.0,1.157722778,16.0,295.97,38.333333333333336,0.6666666666666666,-0.29268292682926833,7,Monsoon
Uttarakhand,Dehradun,2021-09,30.3255646,78.0436813,1025.0,1.0,0.47665783165,0.0,297.034,365.0,0.3333333333333333,34.3448275862069,9,Monsoon
Uttarakhand,Haridwar,2009-06,29.91235135,78.00871782,134.0,1.0,6.96e-05,0.0,314.1466666,134.0,1.0,0.0,6,Monsoon
Uttarakhand,Haridwar,2011-06,29.91235135,78.00871782,27.0,0.0,0.2152802117,0.0,302.51,80.5,0.5,-0.7985074626865671,6,Monsoon
Uttarakhand,Haridwar,2011-09,29.91235135,78.00871782,10.0,0.0,0.2491719523,0.0,300.54400000000004,57.0,0.3333333333333333,-0.6296296296296297,9,Monsoon
Uttarakhand,Haridwar,2012-10,29.91235135,78.00871782,126.0,1.0,0.02495645839,30.0,302.14,54.333333333333336,0.3333333333333333,11.6,10,Post-Monsoon
Uttarakhand,Haridwar,2013-06,29.91235135,78.00871782,51.0,0.0,2.501123016,20.0,300.28000000000003,62.333333333333336,0.3333333333333333,-0.5952380952380952,6,Monsoon
Uttarakhand,Haridwar,2013-09,29.91235135,78.00871782,50.0,1.0,0.4037716843,29.0,298.908,75.66666666666667,0.6666666666666666,-0.019607843137254943,9,Monsoon
Uttarakhand,Haridwar,2016-06,29.91235135,78.00871782,67.0,0.0,0.1251127343,17.0,302.0,56.0,0.3333333333333333,0.3400000000000001,6,Monsoon
Uttarakhand,Haridwar,2018-08,29.91235135,78.00871782,50.0,0.0,1.067449565,8.0,301.87,55.666666666666664,0.3333333333333333,-0.25373134328358204,8,Monsoon
Uttarakhand,Haridwar,2019-09,29.91235135,78.00871782,80.0,0.0,0.1369732541,0.0,299.875,65.66666666666667,0.0,0.6000000000000001,9,Monsoon
Uttarakhand,Haridwar,2021-09,29.91235135,78.00871782,41.0,3.0,0.33613461915,12.0,300.5633333,57.0,1.0,-0.48750000000000004,9,Monsoon
Uttarakhand,Haridwar,2021-10,29.91235135,78.00871782,172.0,0.0,6.86e-05,0.0,302.0233334,97.66666666666667,1.0,3.1951219512195124,10,Post-Monsoon
Uttarakhand,Nainital,2009-06,29.29478295,79.41548094,77.0,0.0,0.001155309137,23.0,308.0966666,77.0,0.0,0.0,6,Monsoon
Uttarakhand,Nainital,2010-04,29.29478295,79.41548094,23.0,0.0,0.000198828127,20.0,305.8366666,50.0,0.0,-0.7012987012987013,4,Summer
Uttarakhand,Nainital,2010-05,29.29478295,79.41548094,34.0,2.0,0.05917055359,0.0,306.44,44.666666666666664,0.6666666666666666,0.4782608695652173,5,Summer
Uttarakhand,Nainital,2010-08,29.29478295,79.41548094,3.0,0.0,1.53304402,0.0,287.34000000000003,20.0,0.6666666666666666,-0.9117647058823529,8,Monsoon
Uttarakhand,Nainital,2010-09,29.29478295,79.41548094,508135.0,0.0,0.8191441814,0.0,298.5133334,169390.66666666666,0.6666666666666666,169377.33333333334,9,Monsoon
Uttarakhand,Nainital,2011-05,29.29478295,79.41548094,132929.0,0.0,0.14320113836666667,7.333333333333333,303.5544444,213689.0,0.0,-0.7383982603048402,5,Summer
Uttarakhand,Nainital,2013-05,29.29478295,79.41548094,11.0,0.0,0.005238654671,22.0,305.1333334,213691.66666666666,0.0,-0.9999172490577677,5,Summer
Uttarakhand,Nainital,2018-12,29.29478295,79.41548094,9.0,0.0,0.0203542968,17.0,288.716,44316.333333333336,0.0,-0.18181818181818177,12,Winter
Uttarakhand,Nainital,2019-08,29.29478295,79.41548094,492.0,0.0,0.4806696712,22.0,303.34000000000003,170.66666666666666,0.0,53.666666666666664,8,Monsoon
Uttarakhand,Pauri,2012-05,30.1479882,78.7759518,42.0,0.0,0.4081425836,18.0,302.1533334,42.0,0.0,0.0,5,Summer
Uttarakhand,Pauri Garhwal,2012-08,29.84591115,78.70766746,58.0,0.0,1.962977678,23.0,290.67,58.0,0.0,0.0,8,Monsoon
Uttarakhand,Pauri Garhwal,2019-10,29.84591115,78.70766746,8.0,0.0,0.1611135297,34.0,295.2,33.0,0.0,-0.8620689655172413,10,Post-Monsoon
Uttarakhand,Pithoragarh,2009-06,29.585871,80.215167,16.0,0.0,0.109107781,0.0,298.13,16.0,0.0,0.0,6,Monsoon
Uttarakhand,Pithoragarh,2012-06,29.585871,80.215167,101.0,1.0,0.5690513164,23.0,293.156,58.5,0.5,5.3125,6,Monsoon
Uttarakhand,Pithoragarh,2014-06,29.585871,80.215167,45.0,0.0,1.768520064,26.0,294.4866666,54.0,0.3333333333333333,-0.5544554455445545,6,Monsoon
Uttarakhand,Pithoragarh,2014-07,29.585871,80.215167,60.0,0.0,0.3711660687,26.0,296.05,68.66666666666667,0.3333333333333333,0.33333333333333326,7,Monsoon
Uttarakhand,Pratap Nagar,2010-07,29.2175566,79.5024268,25.0,1.0,4.752676189,18.0,300.29,25.0,1.0,0.0,7,Monsoon
Uttarakhand,Rudraprayag,2013-07,30.3009965,79.06287965,41.0,1.0,1.492103608,18.0,282.325,41.0,1.0,0.0,7,Monsoon
Uttarakhand,Rudraprayag,2016-05,30.3009965,79.06287965,48.0,0.0,0.1755433531,0.0,300.12333340000004,44.5,0.5,0.1707317073170731,5,Summer
Uttarakhand,Rudraprayag,2016-06,30.3009965,79.06287965,46.0,0.0,0.5716554241,25.0,299.46,45.0,0.3333333333333333,-0.04166666666666663,6,Monsoon
Uttarakhand,Rudraprayag,2017-07,30.3009965,79.06287965,13.0,0.0,1.602749148,11.0,284.49333340000004,35.666666666666664,0.0,-0.7173913043478262,7,Monsoon
Uttarakhand,Rudraprayag,2018-04,30.3009965,79.06287965,9.0,0.0,0.1631998365,22.0,296.4066666,22.666666666666668,0.0,-0.3076923076923077,4,Summer
Uttarakhand,Rudraprayag,2019-08,30.3009965,79.06287965,20.0,0.0,2.366893812,0.0,280.18,14.0,0.0,1.2222222222222223,8,Monsoon
Uttarakhand,Tehri,2011-07,30.40260205,78.38835789,8.0,0.0,0.7451201882,10.0,297.27,8.0,0.0,0.0,7,Monsoon
Uttarakhand,Tehri,2012-07,30.40260205,78.38835789,18.0,0.0,0.267498839,16.0,305.9033334,13.0,0.0,1.25,7,Monsoon
Uttarakhand,Tehri,2013-07,30.40260205,78.38835789,12.0,2.0,1.119331194,29.0,294.75,12.666666666666666,0.6666666666666666,-0.33333333333333337,7,Monsoon
Uttarakhand,Tehri,2013-12,30.40260205,78.38835789,13.0,1.0,0.001210797981,12.0,289.56,14.333333333333334,1.0,0.08333333333333326,12,Winter
Uttarakhand,Tehri,2018-09,30.40260205,78.38835789,21.0,1.0,1.449797307,0.0,287.5066666,15.333333333333334,1.3333333333333333,0.6153846153846154,9,Monsoon
Uttarakhand,Tehri Garhwal,2015-04,30.5,78.666667,68.0,0.0,0.2523844608,24.0,293.45,68.0,0.0,0.0,4,Summer
Uttarakhand,Tehri Garhwal,2017-09,30.5,78.666667,7.0,0.0,1.526703808,0.0,288.02,37.5,0.0,-0.8970588235294118,9,Monsoon
Uttarakhand,Tehri Garhwal,2019-08,30.5,78.666667,5.0,1.0,1.486027581,23.0,286.252,26.666666666666668,0.3333333333333333,-0.2857142857142857,8,Monsoon
Uttarakhand,Udham Singh Nagar,2017-10,29.0480988,79.43131332,9.0,0.0,0.01370921104,35.0,298.8566666,9.0,0.0,0.0,10,Post-Monsoon
Uttarakhand,Udham Singh Nagar,2022-05,29.0480988,79.43131332,39.0,0.0,0.1078197664,28.0,300.28000000000003,24.0,0.0,3.333333333333333,5,Summer
Uttarakhand,Uttarkashi,2009-07,30.7291049,78.4403495,11.0,2.0,0.9592088222,24.0,298.168,11.0,2.0,0.0,7,Monsoon
Uttarakhand,Uttarkashi,2013-06,30.7291049,78.4403495,17.0,0.0,0.3719316922,0.0,298.76,14.0,1.0,0.5454545454545454,6,Monsoon
Uttarakhand,Uttarkashi,2013-07,30.7291049,78.4403495,11.0,1.0,0.9771555092,21.0,295.99,13.0,1.0,-0.3529411764705882,7,Monsoon
Uttarakhand,Uttarkashi,2013-09,30.7291049,78.4403495,26.0,0.0,0.5605079031,30.0,294.81333340000003,18.0,0.3333333333333333,1.3636363636363638,9,Monsoon
Uttarakhand,Uttarkashi,2014-07,30.7291049,78.4403495,3.0,0.0,0.3212381182,0.0,301.77,13.333333333333334,0.3333333333333333,-0.8846153846153846,7,Monsoon
West Bengal,24 North Parganas,2011-07,22.5998923,88.40887363,76.0,0.0,0.4891034868,5.0,301.11333340000004,76.0,0.0,0.0,7,Monsoon
West Bengal,Balurghat,2014-06,25.2634866,88.78900294,17.0,1.0,1.055040469,6.0,293.772,17.0,1.0,0.0,6,Monsoon
West Bengal,Bankura,2009-09,23.13195425,87.2073972,3646.0,0.0,0.4479642155,0.0,301.32,3646.0,0.0,0.0,9,Monsoon
West Bengal,Bankura,2010-10,23.13195425,87.2073972,10.0,0.0,0.04128890433,14.0,303.48,1828.0,0.0,-0.9972572682391662,10,Post-Monsoon
West Bengal,Bankura,2010-11,23.13195425,87.2073972,66424623.0,0.0,0.0231250024676,7.8,302.5212,22142759.666666668,0.0,6642461.3,11,Post-Monsoon
West Bengal,Bankura,2011-02,23.13195425,87.2073972,521111.0,0.0,8.326666666666667e-05,5.0,304.0011110666667,22315248.0,0.0,-0.992154851974094,2,Winter
West Bengal,Bankura,2011-03,23.13195425,87.2073972,451913.0,1.0,0.13420260973333334,2.0,308.772,22465882.333333332,0.3333333333333333,-0.1327893673324877,3,Summer
West Bengal,Bankura,2011-06,23.13195425,87.2073972,4646333336.0,1.0,1.71177642496,3.8,120.65599999999999,1549102120.0,0.6666666666666666,10280.477487923561,6,Monsoon
West Bengal,Bankura,2011-07,23.13195425,87.2073972,1212.0,0.0,1.000746546,5.0,0.0,1548928820.3333333,0.6666666666666666,-0.99999973914915,7,Monsoon
West Bengal,Bankura,2011-08,23.13195425,87.2073972,2.1123165189453993e+31,1.0,1.3199007196928572,3.9285714285714284,193.21523810000002,7.041055063151331e+30,0.6666666666666666,1.7428354116711217e+28,8,Monsoon
West Bengal,Bankura,2011-09,23.13195425,87.2073972,8757931851917134.0,0.0,0.8468137573857143,6.714285714285714,214.8152380857143,7.041055063151334e+30,0.3333333333333333,-0.9999999999999996,9,Monsoon
West Bengal,Bankura,2011-10,23.13195425,87.2073972,7074.0,1.0,0.05755053315,0.0,302.255,7.041055063151334e+30,0.6666666666666666,-0.9999999999991923,10,Post-Monsoon
West Bengal,Bankura,2011-11,23.13195425,87.2073972,25.0,0.0,8.05e-05,8.0,301.935,2919310617308077.5,0.3333333333333333,-0.9964659315804354,11,Post-Monsoon
West Bengal,Bankura,2012-05,23.13195425,87.2073972,9756.0,1.0,0.16680593745,8.5,308.0866666,5618.333333333333,0.6666666666666666,389.24,5,Summer
West Bengal,Bankura,2012-07,23.13195425,87.2073972,397354.0,1.0,0.7012629788,2.3333333333333335,200.81333333333336,135711.66666666666,0.6666666666666666,39.72919229192292,7,Monsoon
West Bengal,Bankura,2012-09,23.13195425,87.2073972,9067.0,0.0,0.8540369965000001,13.0,151.71,138725.66666666666,0.6666666666666666,-0.977181555992893,9,Monsoon
West Bengal,Bankura,2012-11,23.13195425,87.2073972,61.0,0.0,0.2224849364,8.0,301.61333340000004,135494.0,0.3333333333333333,-0.9932723061652146,11,Post-Monsoon
West Bengal,Bankura,2013-05,23.13195425,87.2073972,7037.0,0.0,0.358715609,8.5,308.3636667,5388.333333333333,0.0,114.36065573770492,5,Summer
West Bengal,Bankura,2013-07,23.13195425,87.2073972,2382.0,0.0,0.1753418573,0.0,301.69,3160.0,0.0,-0.6615034815972716,7,Monsoon
West Bengal,Bankura,2013-08,23.13195425,87.2073972,578214920.0,0.0,1.4532635395,8.25,301.3316667,192741446.33333334,0.0,242742.45927791772,8,Monsoon
West Bengal,Bankura,2013-09,23.13195425,87.2073972,223980132.0,1.0,0.7798006372999999,16.75,300.60666664999997,267399144.66666666,0.3333333333333333,-0.6126351564916381,9,Monsoon
West Bengal,Bankura,2013-10,23.13195425,87.2073972,4.6423040503422873e+24,0.0,0.5792075722083333,8.916666666666666,300.06183333333337,1.5474346834474292e+24,0.3333333333333333,2.072641001185894e+16,10,Post-Monsoon
West Bengal,Bankura,2013-11,23.13195425,87.2073972,463428.0,0.0,0.004194095635333334,9.333333333333334,299.6437778,1.5474346834474292e+24,0.3333333333333333,-1.0,11,Post-Monsoon
West Bengal,Bankura,2014-05,23.13195425,87.2073972,29.0,0.0,0.7871395027,10.0,306.0866666,1.5474346834474292e+24,0.0,-0.9999374228574881,5,Summer
West Bengal,Bankura,2014-07,23.13195425,87.2073972,232330.0,0.0,2.2422429323333333,3.3333333333333335,0.0,231929.0,0.0,8010.379310344828,7,Monsoon
West Bengal,Bankura,2015-07,23.13195425,87.2073972,50.0,0.0,2.398600255,0.0,300.12,77469.66666666667,0.0,-0.9997847888778892,7,Monsoon
West Bengal,Bankura,2015-08,23.13195425,87.2073972,6734142362.0,1.0,0.7449695821800001,7.6,302.43866668,2244791580.6666665,0.3333333333333333,134682846.24,8,Monsoon
West Bengal,Bankura,2015-09,23.13195425,87.2073972,72181.0,0.0,0.6735439485,11.0,300.95,2244738197.6666665,0.3333333333333333,-0.999989281337382,9,Monsoon
West Bengal,Bankura,2016-03,23.13195425,87.2073972,50.0,0.0,0.002279863416,6.0,311.01,2244738197.6666665,0.3333333333333333,-0.9993072969340963,3,Summer
West Bengal,Bankura,2016-04,23.13195425,87.2073972,30.0,0.0,0.06224836321,6.0,311.04400000000004,24087.0,0.0,-0.4,4,Summer
West Bengal,Bankura,2016-05,23.13195425,87.2073972,122122662849.0,0.0,0.205275310652,5.8,311.1558,40707554309.666664,0.0,4070755427.3,5,Summer
West Bengal,Bankura,2016-06,23.13195425,87.2073972,267023655656.0,0.0,0.44756307165000003,10.0,303.2038889,129715439511.66667,0.0,1.186520089118631,6,Monsoon
West Bengal,Bankura,2016-09,23.13195425,87.2073972,49.0,0.0,0.3177472798,13.0,303.12,129715439518.0,0.0,-0.9999999998164957,9,Monsoon
West Bengal,Bankura,2016-10,23.13195425,87.2073972,121149.0,0.0,0.18479503855,9.5,300.34950000000003,89007925618.0,0.0,2471.4285714285716,10,Post-Monsoon
West Bengal,Bankura,2017-11,23.13195425,87.2073972,101.0,1.0,2.9e-05,10.0,300.0066666,40433.0,0.3333333333333333,-0.9991663158589835,11,Post-Monsoon
West Bengal,Bankura,2019-04,23.13195425,87.2073972,83.0,0.0,0.09626971162,7.0,309.34000000000003,40444.333333333336,0.3333333333333333,-0.17821782178217827,4,Summer
West Bengal,Bardhaman,2011-10,23.41146995,87.84499445,150.0,0.0,0.2890344527,24.0,300.91,150.0,0.0,0.0,10,Post-Monsoon
West Bengal,Bardhaman,2015-07,23.41146995,87.84499445,12.0,0.0,1.938187705,5.0,301.51,81.0,0.0,-0.92,7,Monsoon
West Bengal,Bardhaman,2015-08,23.41146995,87.84499445,1621.0,0.0,1.7479547785,1.0,0.0,594.3333333333334,0.0,134.08333333333334,8,Monsoon
West Bengal,Bardhaman,2015-12,23.41146995,87.84499445,59.0,0.0,0.0709529131,5.0,300.9866666,564.0,0.0,-0.9636027143738433,12,Winter
West Bengal,Bardhaman,2018-06,23.41146995,87.84499445,67.0,0.0,0.6528929526,9.0,306.69,582.3333333333334,0.0,0.13559322033898313,6,Monsoon
West Bengal,Bardhaman,2021-04,23.41146995,87.84499445,41.0,0.0,0.02559297015,0.0,306.36,55.666666666666664,0.0,-0.3880597014925373,4,Summer
West Bengal,Bardhaman,2021-06,23.41146995,87.84499445,29.0,0.0,0.9575893962,0.0,300.72,45.666666666666664,0.0,-0.29268292682926833,6,Monsoon
West Bengal,Bardhaman,2022-02,23.41146995,87.84499445,89.0,0.0,0.003711025774,0.0,296.68,53.0,0.0,2.0689655172413794,2,Winter
West Bengal,Bardhaman,2022-04,23.41146995,87.84499445,91.0,0.0,0.1065287191,11.0,306.0133334,69.66666666666667,0.0,0.022471910112359605,4,Summer
West Bengal,Basirhat,2019-06,22.642931,88.8930579,27.0,0.0,1.666489829,9.0,300.668,27.0,0.0,0.0,6,Monsoon
West Bengal,Basirhat,2021-08,22.642931,88.8930579,37.0,0.0,0.7029735752,4.0,0.0,32.0,0.0,0.37037037037037046,8,Monsoon
West Bengal,Birbhum,2010-07,24.0,87.583333,203713.0,0.0,1.0460999174666668,2.3333333333333335,101.71,203713.0,0.0,0.0,7,Monsoon
West Bengal,Birbhum,2010-08,24.0,87.583333,32.0,0.0,0.5289607512,6.0,0.0,101872.5,0.0,-0.9998429162596398,8,Monsoon
West Bengal,Birbhum,2010-09,24.0,87.583333,33.0,0.0,0.3474999999,14.0,301.56,67926.0,0.0,0.03125,9,Monsoon
West Bengal,Birbhum,2010-11,24.0,87.583333,2323.0,0.0,0.04555250344,0.0,303.165,796.0,0.0,69.39393939393939,11,Post-Monsoon
West Bengal,Birbhum,2011-03,24.0,87.583333,16.0,1.0,0.001634080366,6.0,302.85,790.6666666666666,0.3333333333333333,-0.9931123547137323,3,Summer
West Bengal,Birbhum,2011-07,24.0,87.583333,55.0,0.0,1.554170713,2.0,0.0,798.0,0.3333333333333333,2.4375,7,Monsoon
West Bengal,Birbhum,2011-08,24.0,87.583333,155179206267336.0,0.0,1.2652538795000001,6.666666666666667,100.51333333333332,51726402089135.664,0.3333333333333333,2821440113950.5635,8,Monsoon
West Bengal,Birbhum,2011-09,24.0,87.583333,41.0,0.0,1.492180517,0.0,300.24,51726402089144.0,0.0,-0.9999999999997358,9,Monsoon
West Bengal,Birbhum,2011-11,24.0,87.583333,34.0,0.0,0.02658370427,8.0,303.108,51726402089137.0,0.0,-0.1707317073170732,11,Post-Monsoon
West Bengal,Birbhum,2012-07,24.0,87.583333,5321.0,0.0,0.6296381912,5.0,302.57,1798.6666666666667,0.0,155.5,7,Monsoon
West Bengal,Birbhum,2012-08,24.0,87.583333,19.0,0.0,0.5199324555,6.0,301.74,1791.3333333333333,0.0,-0.996429242623567,8,Monsoon
West Bengal,Birbhum,2013-06,24.0,87.583333,126.0,0.0,0.7894428198,0.0,305.21,1822.0,0.0,5.631578947368421,6,Monsoon
West Bengal,Birbhum,2013-07,24.0,87.583333,37280343451.0,2.0,0.28191885226,5.8,182.17600000000002,12426781198.666666,0.6666666666666666,295875740.67460316,7,Monsoon
West Bengal,Birbhum,2013-08,24.0,87.583333,1046842.0,0.0,0.7537140390333334,5.666666666666667,201.16333333333333,12427130139.666666,0.6666666666666666,-0.9999719197329452,8,Monsoon
West Bengal,Birbhum,2013-09,24.0,87.583333,26169.0,2.0,0.52100184475,13.0,301.9666667,12427138820.666666,1.3333333333333333,-0.9750019582706846,9,Monsoon
West Bengal,Birbhum,2013-10,24.0,87.583333,2426.0,0.0,0.2975842725,8.5,299.59833330000004,358479.0,0.6666666666666666,-0.9072948909014483,10,Post-Monsoon
West Bengal,Birbhum,2013-11,24.0,87.583333,1730.0,0.0,0.029727045645000002,0.0,300.5603333,10108.333333333334,0.6666666666666666,-0.2868920032976092,11,Post-Monsoon
West Bengal,Birbhum,2013-12,24.0,87.583333,9131.0,0.0,8.27e-05,5.0,297.804,4429.0,0.0,4.278034682080925,12,Winter
West Bengal,Birbhum,2014-04,24.0,87.583333,3130.0,0.0,0.019179322685,8.5,310.898,4663.666666666667,0.0,-0.6572116964187931,4,Summer
West Bengal,Birbhum,2014-07,24.0,87.583333,28115.0,0.0,0.77887777805,6.5,152.52,13458.666666666666,0.0,7.982428115015974,7,Monsoon
West Bengal,Birbhum,2014-08,24.0,87.583333,32.0,0.0,0.7284770323,0.0,302.16,10425.666666666666,0.0,-0.9988618175351236,8,Monsoon
West Bengal,Birbhum,2014-09,24.0,87.583333,152.0,0.0,0.1947968649,0.0,301.01,9433.0,0.0,3.75,9,Monsoon
West Bengal,Birbhum,2014-10,24.0,87.583333,82.0,0.0,0.07103023029,0.0,300.79200000000003,88.66666666666667,0.0,-0.4605263157894737,10,Post-Monsoon
West Bengal,Birbhum,2015-05,24.0,87.583333,77.0,0.0,0.1001214283,8.0,304.34000000000003,103.66666666666667,0.0,-0.060975609756097615,5,Summer
West Bengal,Birbhum,2015-07,24.0,87.583333,31.0,0.0,0.979236586,6.0,306.68,63.333333333333336,0.0,-0.5974025974025974,7,Monsoon
West Bengal,Birbhum,2015-08,24.0,87.583333,19.0,0.0,0.6843670933,0.0,303.17,42.333333333333336,0.0,-0.3870967741935484,8,Monsoon
West Bengal,Birbhum,2015-09,24.0,87.583333,26112.0,0.0,1.382785148,24.0,302.28000000000003,8720.666666666666,0.0,1373.3157894736842,9,Monsoon
West Bengal,Birbhum,2015-10,24.0,87.583333,286284.0,0.0,0.0597272682,26.0,302.76,104138.33333333333,0.0,9.963694852941176,10,Post-Monsoon
West Bengal,Birbhum,2016-03,24.0,87.583333,33.0,0.0,0.05428874424,0.0,306.71500000000003,104143.0,0.0,-0.9998847298486817,3,Summer
West Bengal,Birbhum,2016-07,24.0,87.583333,4159.0,0.0,1.17826725015,4.0,0.0,96825.33333333333,0.0,125.03030303030303,7,Monsoon
West Bengal,Birbhum,2017-07,24.0,87.583333,340383383.0,0.0,0.5813826903,4.0,306.40000000000003,113462525.0,0.0,81841.60230824718,7,Monsoon
West Bengal,Birbhum,2017-09,24.0,87.583333,97.0,0.0,0.8089144552,18.0,296.27,113462546.33333333,0.0,-0.9999997150272169,9,Monsoon
West Bengal,Birbhum,2018-10,24.0,87.583333,49.0,0.0,0.001771063983,17.0,302.8333334,113461176.33333333,0.0,-0.4948453608247423,10,Post-Monsoon
West Bengal,Birbhum,2018-11,24.0,87.583333,117.0,0.0,0.01147096072,14.0,301.736,87.66666666666667,0.0,1.3877551020408165,11,Post-Monsoon
West Bengal,Birbhum,2019-01,24.0,87.583333,51.0,0.0,6.93e-05,6.0,297.82,72.33333333333333,0.0,-0.5641025641025641,1,Winter
West Bengal,Birbhum,2021-06,24.0,87.583333,513551.0,0.0,1.0359566472,0.0,298.76666666666665,171239.66666666666,0.0,10068.627450980392,6,Monsoon
West Bengal,Birbhum,2021-07,24.0,87.583333,27.0,0.0,0.9184439755,7.0,302.72,171209.66666666666,0.0,-0.9999474248906146,7,Monsoon
West Bengal,Birbhum,2021-10,24.0,87.583333,38.0,0.0,0.6824351099,24.0,304.15000000000003,171205.33333333334,0.0,0.40740740740740744,10,Post-Monsoon
West Bengal,Bishnupur,2019-04,23.0758821,87.3146517,83.0,0.0,0.09626971162,7.0,309.34000000000003,83.0,0.0,0.0,4,Summer
West Bengal,Burdwan,2010-07,23.2495714,87.8681751,97.0,1.0,0.508871035,5.0,0.0,97.0,1.0,0.0,7,Monsoon
West Bengal,Burdwan,2010-12,23.2495714,87.8681751,6150.0,1.0,0.08212493820000001,2.5,297.6075,3123.5,1.0,62.402061855670105,12,Winter
West Bengal,Burdwan,2011-03,23.2495714,87.8681751,40.0,0.0,9.79e-05,5.0,308.132,2095.6666666666665,0.6666666666666666,-0.9934959349593496,3,Summer
West Bengal,Burdwan,2011-04,23.2495714,87.8681751,152118.0,1.0,0.07242597966,6.0,306.8566667,52769.333333333336,0.6666666666666666,3801.95,4,Summer
West Bengal,Burdwan,2011-06,23.2495714,87.8681751,182789891013232.0,0.0,1.4804779159571428,2.5714285714285716,306.59980951428577,60929963721796.664,0.3333333333333333,1201632225.3849907,6,Monsoon
West Bengal,Burdwan,2011-07,23.2495714,87.8681751,2022.0,0.0,0.65990774725,3.0,300.53,60929963722457.336,0.3333333333333333,-0.9999999999889381,7,Monsoon
West Bengal,Burdwan,2011-08,23.2495714,87.8681751,3248.0,0.0,1.7339868752499998,8.5,151.07,60929963672834.0,0.0,0.6063303659742829,8,Monsoon
West Bengal,Burdwan,2011-10,23.2495714,87.8681751,6075.0,0.0,0.1459516279235,18.5,301.89750000000004,3781.6666666666665,0.0,0.8703817733990147,10,Post-Monsoon
West Bengal,Burdwan,2011-11,23.2495714,87.8681751,1630.0,0.0,8.236707545e-05,6.5,301.95000000000005,3651.0,0.0,-0.7316872427983538,11,Post-Monsoon
West Bengal,Burdwan,2013-05,23.2495714,87.8681751,43.0,0.0,0.02006135743,0.0,309.048,2582.6666666666665,0.0,-0.9736196319018405,5,Summer
West Bengal,Burdwan,2013-06,23.2495714,87.8681751,5737173305372.0,1.0,0.6558589236200001,8.2,308.49,1912391102348.3333,0.3333333333333333,133422635007.65117,6,Monsoon
West Bengal,Burdwan,2013-07,23.2495714,87.8681751,1406465.0,1.0,0.5357669516333333,8.0,0.0,1912391570626.6667,0.6666666666666666,-0.9999997548505292,7,Monsoon
West Bengal,Burdwan,2013-08,23.2495714,87.8681751,3686381717.0,0.0,0.83362907664,5.6,182.708,1913620364518.0,0.6666666666666666,2620.026272960934,8,Monsoon
West Bengal,Burdwan,2013-09,23.2495714,87.8681751,35.0,0.0,0.675687971,0.0,303.12,1229262739.0,0.3333333333333333,-0.9999999905055953,9,Monsoon
West Bengal,Burdwan,2013-10,23.2495714,87.8681751,105.0,0.0,0.2118755592,20.0,298.86,1228793952.3333333,0.0,2.0,10,Post-Monsoon
West Bengal,Burdwan,2014-05,23.2495714,87.8681751,26.0,0.0,0.271653495,9.0,308.1,55.333333333333336,0.0,-0.7523809523809524,5,Summer
West Bengal,Burdwan,2014-06,23.2495714,87.8681751,38.0,0.0,2.021732673,3.0,309.88,56.333333333333336,0.0,0.46153846153846145,6,Monsoon
West Bengal,Burdwan,2014-08,23.2495714,87.8681751,51426037.0,0.0,0.88954701425,3.0,304.03999999999996,17142033.666666668,0.0,1353315.7631578948,8,Monsoon
West Bengal,Burdwan,2014-09,23.2495714,87.8681751,20.0,0.0,0.6415584593,13.0,297.2,17142031.666666668,0.0,-0.9999996110919455,9,Monsoon
West Bengal,Burdwan,2014-11,23.2495714,87.8681751,37.0,0.0,0.005422309301,18.0,301.84000000000003,17142031.333333332,0.0,0.8500000000000001,11,Post-Monsoon
West Bengal,Burdwan,2015-03,23.2495714,87.8681751,46.0,0.0,0.0003333427365,7.0,304.812,34.333333333333336,0.0,0.2432432432432432,3,Summer
West Bengal,Burdwan,2015-04,23.2495714,87.8681751,30401919.0,0.0,0.29143604235,7.0,306.225,10134000.666666666,0.0,660910.2826086957,4,Summer
West Bengal,Burdwan,2015-05,23.2495714,87.8681751,88381454444.0,0.0,0.24333910311666665,11.666666666666666,305.0421666666667,29470618803.0,0.0,2906.1011748962296,5,Summer
West Bengal,Burdwan,2015-06,23.2495714,87.8681751,14.0,0.0,0.9555868208,0.0,0.0,29470618792.333332,0.0,-0.9999999998415957,6,Monsoon
West Bengal,Burdwan,2015-07,23.2495714,87.8681751,36.0,0.0,1.751969541,0.0,0.0,29460484831.333332,0.0,1.5714285714285716,7,Monsoon
West Bengal,Burdwan,2015-08,23.2495714,87.8681751,3838.0,0.0,0.7444905027,0.0,300.4866666,1296.0,0.0,105.61111111111111,8,Monsoon
West Bengal,Burdwan,2015-09,23.2495714,87.8681751,363637.0,0.0,0.22512204450000003,21.0,303.47111113333335,122503.66666666667,0.0,93.74648254299115,9,Monsoon
West Bengal,Burdwan,2015-10,23.2495714,87.8681751,13828.0,0.0,0.16090082083,24.0,302.328,127101.0,0.0,-0.9619730665471335,10,Post-Monsoon
West Bengal,Burdwan,2016-03,23.2495714,87.8681751,47.0,0.0,0.01095217981,8.0,304.7333334,125837.33333333333,0.0,-0.996601099218976,3,Summer
West Bengal,Burdwan,2016-04,23.2495714,87.8681751,24.0,0.0,0.1317388752,8.0,305.212,4633.0,0.0,-0.4893617021276596,4,Summer
West Bengal,Burdwan,2016-05,23.2495714,87.8681751,2652.0,0.0,0.2793775176,6.5,306.8235,907.6666666666666,0.0,109.5,5,Summer
West Bengal,Burdwan,2016-06,23.2495714,87.8681751,12.0,0.0,0.2689992205,8.0,308.74,896.0,0.0,-0.995475113122172,6,Monsoon
West Bengal,Burdwan,2016-07,23.2495714,87.8681751,59.0,0.0,0.8754437899,0.0,0.0,907.6666666666666,0.0,3.916666666666667,7,Monsoon
West Bengal,Burdwan,2016-08,23.2495714,87.8681751,114.0,0.0,0.7249962112,14.0,298.3,61.666666666666664,0.0,0.9322033898305084,8,Monsoon
West Bengal,Burdwan,2017-03,23.2495714,87.8681751,27.0,0.0,0.02462458392,10.0,305.116,66.66666666666667,0.0,-0.7631578947368421,3,Summer
West Bengal,Burdwan,2017-06,23.2495714,87.8681751,71.0,0.0,0.6980844596,11.0,307.1866666,70.66666666666667,0.0,1.6296296296296298,6,Monsoon
West Bengal,Burdwan,2017-07,23.2495714,87.8681751,154.0,0.0,1.387436199,5.0,0.0,84.0,0.0,1.1690140845070425,7,Monsoon
West Bengal,Burdwan,2017-08,23.2495714,87.8681751,23.0,0.0,0.8085990065,4.0,0.0,82.66666666666667,0.0,-0.8506493506493507,8,Monsoon
West Bengal,Burdwan,2019-06,23.2495714,87.8681751,40.0,0.0,1.396773262,9.0,307.445,72.33333333333333,0.0,0.7391304347826086,6,Monsoon
West Bengal,Burdwan,2019-10,23.2495714,87.8681751,23.0,0.0,0.7170284008,27.0,300.115,28.666666666666668,0.0,-0.42500000000000004,10,Post-Monsoon
West Bengal,Burdwan,2021-12,23.2495714,87.8681751,89.0,0.0,1.914023558,8.0,297.16,50.666666666666664,0.0,2.869565217391304,12,Winter
West Bengal,Chapra,2010-08,23.55917085,88.57108716,24.0,1.0,0.574056877,12.0,300.12,24.0,1.0,0.0,8,Monsoon
West Bengal,Cooch Bihar,2011-07,26.3223696,89.4592445,3.0,0.0,0.8626475887,4.0,300.96,3.0,0.0,0.0,7,Monsoon
West Bengal,Dakshin Dinajpur,2009-09,25.38703085,88.50471505,4369.0,4.0,0.42477818555,25.0,298.76750000000004,4369.0,4.0,0.0,9,Monsoon
West Bengal,Dakshin Dinajpur,2009-10,25.38703085,88.50471505,5132.0,0.0,1.1780743972,24.0,299.7633333,4750.5,2.0,0.1746395056076906,10,Post-Monsoon
West Bengal,Dakshin Dinajpur,2011-04,25.38703085,88.50471505,151.0,0.0,0.465613352,19.0,298.9666666,3217.3333333333335,1.3333333333333333,-0.970576773187841,4,Summer
West Bengal,Dakshin Dinajpur,2011-05,25.38703085,88.50471505,15.0,0.0,0.6051147217,11.0,300.7133334,1766.0,0.0,-0.9006622516556292,5,Summer
West Bengal,Dakshin Dinajpur,2011-08,25.38703085,88.50471505,22.0,0.0,0.5057740247,15.0,288.56,62.666666666666664,0.0,0.46666666666666656,8,Monsoon
West Bengal,Dakshin Dinajpur,2011-10,25.38703085,88.50471505,30.0,0.0,0.1342358017,17.0,300.66,22.333333333333332,0.0,0.36363636363636354,10,Post-Monsoon
West Bengal,Dakshin Dinajpur,2012-04,25.38703085,88.50471505,80.0,0.0,0.03266755462,19.0,301.3566666,44.0,0.0,1.6666666666666665,4,Summer
West Bengal,Dakshin Dinajpur,2013-10,25.38703085,88.50471505,11848.0,2.0,0.66965317015,28.0,299.27500000000003,3986.0,0.6666666666666666,147.1,10,Post-Monsoon
West Bengal,Dakshin Dinajpur,2014-06,25.38703085,88.50471505,162828.0,5.0,1.010059671,5.0,305.98,58252.0,2.3333333333333335,12.74307900067522,6,Monsoon
West Bengal,Dakshin Dinajpur,2014-09,25.38703085,88.50471505,23.0,0.0,0.1735476764,0.0,298.3566666,58233.0,2.3333333333333335,-0.9998587466529099,9,Monsoon
West Bengal,Dakshin Dinajpur,2015-11,25.38703085,88.50471505,100.0,0.0,0.03306367674,14.0,300.9133334,54317.0,1.6666666666666667,3.3478260869565215,11,Post-Monsoon
West Bengal,Dakshin Dinajpur,2016-07,25.38703085,88.50471505,42.0,0.0,1.567592651,4.0,0.0,55.0,0.0,-0.5800000000000001,7,Monsoon
West Bengal,Dakshin Dinajpur,2016-08,25.38703085,88.50471505,7242.0,0.0,0.5268346398,19.0,303.6,2461.3333333333335,0.0,171.42857142857142,8,Monsoon
West Bengal,Dakshin Dinajpur,2017-07,25.38703085,88.50471505,72.0,0.0,0.5189521535,4.0,300.96,2452.0,0.0,-0.9900579950289975,7,Monsoon
West Bengal,Darjeeling,2011-06,26.8700325,88.3608759,183183.0,0.0,0.7972522722,0.0,302.212,183183.0,0.0,0.0,6,Monsoon
West Bengal,Darjeeling,2013-06,26.8700325,88.3608759,179.0,0.0,2.876126342,0.0,302.62,91681.0,0.0,-0.9990228350884088,6,Monsoon
West Bengal,"Darjeeling, Jalpaiguri",2013-08,26.8735351,88.6131918,530.0,0.0,1.789624224,7.0,300.0933334,530.0,0.0,0.0,8,Monsoon
West Bengal,Dinajpur,2010-04,25.8707958,87.96259728,27.0,0.0,0.0001169802441,6.0,308.95,27.0,0.0,0.0,4,Summer
West Bengal,Hooghly,2009-07,22.9052114,88.3760639,44.0,0.0,0.6681143026,7.0,303.34000000000003,44.0,0.0,0.0,7,Monsoon
West Bengal,Hooghly,2010-04,22.9052114,88.3760639,148.0,0.0,0.00181662063,11.0,303.908,96.0,0.0,2.3636363636363638,4,Summer
West Bengal,Hooghly,2010-07,22.9052114,88.3760639,65.0,0.0,0.4111894395,0.0,301.44,85.66666666666667,0.0,-0.5608108108108107,7,Monsoon
West Bengal,Hooghly,2010-08,22.9052114,88.3760639,11.0,0.0,0.6375606769,10.0,299.40000000000003,74.66666666666667,0.0,-0.8307692307692307,8,Monsoon
West Bengal,Hooghly,2010-09,22.9052114,88.3760639,2732.0,0.0,0.7749973804,18.0,298.8333334,936.0,0.0,247.36363636363637,9,Monsoon
West Bengal,Hooghly,2010-10,22.9052114,88.3760639,100.0,0.0,0.1825438571,0.0,302.585,947.6666666666666,0.0,-0.9633967789165446,10,Post-Monsoon
West Bengal,Hooghly,2011-03,22.9052114,88.3760639,356569.0,0.0,0.16075951728666668,15.0,301.85,119800.33333333333,0.0,3564.69,3,Summer
West Bengal,Hooghly,2011-04,22.9052114,88.3760639,253835.0,0.0,0.2048474260666667,5.0,301.44666666666666,203501.33333333334,0.0,-0.288118148240593,4,Summer
West Bengal,Hooghly,2011-10,22.9052114,88.3760639,4294.0,0.0,0.08795907942,19.0,303.084,204899.33333333334,0.0,-0.9830834991234463,10,Post-Monsoon
West Bengal,Hooghly,2012-05,22.9052114,88.3760639,2224.0,0.0,0.5080524104499999,6.5,305.124,86784.33333333333,0.0,-0.48206800186306475,5,Summer
West Bengal,Hooghly,2012-07,22.9052114,88.3760639,37334924.0,0.0,0.947074592875,5.25,300.80416665,12447147.333333334,0.0,16786.28597122302,7,Monsoon
West Bengal,Hooghly,2012-08,22.9052114,88.3760639,2221922.0,0.0,0.6891255085,3.3333333333333335,301.3222222,13186356.666666666,0.0,-0.940486767831642,8,Monsoon
West Bengal,Hooghly,2012-09,22.9052114,88.3760639,65.0,2.0,1.354658172,10.0,297.26,13185637.0,0.6666666666666666,-0.999970746047791,9,Monsoon
West Bengal,Hooghly,2013-05,22.9052114,88.3760639,3928.0,0.0,0.226061102265,9.0,151.5375,741971.6666666666,0.6666666666666666,59.43076923076923,5,Summer
West Bengal,Hooghly,2013-06,22.9052114,88.3760639,355618293013.0,0.0,0.7297451686833334,7.166666666666667,301.7632777666667,118539432335.33333,0.6666666666666666,90534187.64893076,6,Monsoon
West Bengal,Hooghly,2013-07,22.9052114,88.3760639,2434.0,0.0,0.71268582765,5.0,300.82,118539433125.0,0.0,-0.9999999931555827,7,Monsoon
West Bengal,Hooghly,2013-08,22.9052114,88.3760639,122729.0,3.0,1.3487211839999997,4.666666666666667,300.33888886666665,118539472725.33333,1.0,49.422760887428105,8,Monsoon
West Bengal,Hooghly,2013-10,22.9052114,88.3760639,576052.0,0.0,1.5058321539666668,17.333333333333332,300.69666666666666,233738.33333333334,1.0,3.693690977682536,10,Post-Monsoon
West Bengal,Hooghly,2013-11,22.9052114,88.3760639,13.0,0.0,6.04e-05,9.0,298.81333340000003,232931.33333333334,1.0,-0.999977432592891,11,Post-Monsoon
West Bengal,Hooghly,2013-12,22.9052114,88.3760639,69.0,0.0,5.11e-05,10.0,297.692,192044.66666666666,0.0,4.3076923076923075,12,Winter
West Bengal,Hooghly,2014-08,22.9052114,88.3760639,566060215859164.0,0.0,0.8223158398285715,5.857142857142857,258.05,188686738619748.66,0.0,8203771244334.71,8,Monsoon
West Bengal,Hooghly,2014-09,22.9052114,88.3760639,224362372.0,0.0,0.9803978433,21.0,300.3,188686813407201.66,0.0,-0.9999996036422174,9,Monsoon
West Bengal,Hooghly,2014-11,22.9052114,88.3760639,123940.0,0.0,8.486666666666667e-05,11.0,302.0922222,188686813448492.0,0.0,-0.9994475900798553,11,Post-Monsoon
West Bengal,Hooghly,2015-04,22.9052114,88.3760639,10.0,0.0,0.7278883779,15.0,304.02500000000003,74828774.0,0.0,-0.9999193157979668,4,Summer
West Bengal,Hooghly,2015-05,22.9052114,88.3760639,2932.0,0.0,0.1988079739,7.5,304.8575,42294.0,0.0,292.2,5,Summer
West Bengal,Hooghly,2015-08,22.9052114,88.3760639,30.0,0.0,0.6829723977,8.0,303.06,990.6666666666666,0.0,-0.9897680763983628,8,Monsoon
West Bengal,Hooghly,2016-03,22.9052114,88.3760639,35.0,0.0,0.3501829609,0.0,299.54,999.0,0.0,0.16666666666666674,3,Summer
West Bengal,Hooghly,2016-05,22.9052114,88.3760639,14.0,0.0,0.5737764719,13.0,306.085,26.333333333333332,0.0,-0.6,5,Summer
West Bengal,Hooghly,2016-07,22.9052114,88.3760639,4.571109146925133e+18,0.0,0.7027602741,0.0,295.2,1.5237030489750444e+18,0.0,3.2650779620893805e+17,7,Monsoon
West Bengal,Hooghly,2016-08,22.9052114,88.3760639,1491124.0,0.0,1.7835332634999999,13.0,150.82,1.5237030489755412e+18,0.0,-0.9999999999996738,8,Monsoon
West Bengal,Hooghly,2019-11,22.9052114,88.3760639,301.0,0.0,0.7525065351,15.0,300.7266666,1.5237030489755415e+18,0.0,-0.9997981388536433,11,Post-Monsoon
West Bengal,Hooghly,2020-03,22.9052114,88.3760639,43.0,0.0,0.2020248538,12.0,298.785,497156.0,0.0,-0.8571428571428572,3,Summer
West Bengal,Hooghly,2021-03,22.9052114,88.3760639,2929.0,0.0,6.9e-05,0.0,303.87,1091.0,0.0,67.11627906976744,3,Summer
West Bengal,Hooghly,2021-04,22.9052114,88.3760639,25289.0,0.0,0.07614544717499999,6.5,305.7933333,9420.333333333334,0.0,7.634004779788324,4,Summer
West Bengal,Hooghly,2022-04,22.9052114,88.3760639,5040.0,0.0,0.029162605245,6.0,302.209,11086.0,0.0,-0.800703863339792,4,Summer
West Bengal,Howrah,2009-10,22.5736296,88.3251045,163131243266.0,0.0,0.05016815469,17.0,303.16400000000004,163131243266.0,0.0,0.0,10,Post-Monsoon
West Bengal,Howrah,2010-04,22.5736296,88.3251045,121.0,0.0,0.0001091301774,12.0,304.8966666,81565621693.5,0.0,-0.9999999992582659,4,Summer
West Bengal,Howrah,2010-05,22.5736296,88.3251045,9090.0,3.0,0.1501845099,10.0,303.645,54377084159.0,1.0,74.12396694214875,5,Summer
West Bengal,Howrah,2010-06,22.5736296,88.3251045,24.0,0.0,0.8787628304,11.0,0.0,3078.3333333333335,1.0,-0.9973597359735974,6,Monsoon
West Bengal,Howrah,2011-06,22.5736296,88.3251045,37145145.0,3.0,0.3472671727,13.0,303.756,12384753.0,2.0,1547713.375,6,Monsoon
West Bengal,Howrah,2011-09,22.5736296,88.3251045,53859018493.0,0.0,1.178799367,4.0,300.05,17965387887.333332,1.0,1448.9611858561866,9,Monsoon
West Bengal,Howrah,2011-10,22.5736296,88.3251045,84.0,0.0,0.1589969597,12.0,303.865,17965387907.333332,1.0,-0.9999999984403726,10,Post-Monsoon
West Bengal,Howrah,2012-02,22.5736296,88.3251045,76.0,0.0,0.03647180793,9.0,298.91200000000003,17953006217.666668,0.0,-0.09523809523809523,2,Winter
West Bengal,Howrah,2013-07,22.5736296,88.3251045,32.0,3.0,0.3236214334,13.0,302.5066666,64.0,1.0,-0.5789473684210527,7,Monsoon
West Bengal,Howrah,2013-09,22.5736296,88.3251045,164.0,0.0,0.9759187793,10.0,299.935,90.66666666666667,1.0,4.125,9,Monsoon
West Bengal,Howrah,2014-09,22.5736296,88.3251045,17.0,0.0,0.742394535,20.0,299.32,71.0,1.0,-0.8963414634146342,9,Monsoon
West Bengal,Howrah,2016-04,22.5736296,88.3251045,35.0,0.0,0.0009789672656,10.0,307.0866666,72.0,0.0,1.0588235294117645,4,Summer
West Bengal,Howrah,2016-11,22.5736296,88.3251045,70.0,0.0,0.1587350213,17.0,300.87,40.666666666666664,0.0,1.0,11,Post-Monsoon
West Bengal,Howrah,2018-03,22.5736296,88.3251045,6.0,0.0,0.0450272739,12.0,305.452,37.0,0.0,-0.9142857142857143,3,Summer
West Bengal,Howrah,2019-05,22.5736296,88.3251045,108.0,2.0,0.6215048781,0.0,305.0933334,61.333333333333336,0.6666666666666666,17.0,5,Summer
West Bengal,Howrah,2021-04,22.5736296,88.3251045,31.0,0.0,0.04199322725,11.0,305.7633334,48.333333333333336,0.6666666666666666,-0.712962962962963,4,Summer
West Bengal,Howrah,2021-09,22.5736296,88.3251045,42.0,0.0,0.4185922657,10.0,298.47200000000004,60.333333333333336,0.6666666666666666,0.35483870967741926,9,Monsoon
West Bengal,Howrah,2021-10,22.5736296,88.3251045,290.0,0.0,0.293379319,17.0,300.7066666,121.0,0.0,5.904761904761905,10,Post-Monsoon
West Bengal,Howrah,2022-04,22.5736296,88.3251045,53.0,0.0,0.002075951935,10.0,305.268,128.33333333333334,0.0,-0.8172413793103448,4,Summer
West Bengal,Jalpaiguri,2010-04,26.4733048,88.67886686,42666652.0,0.0,0.18323003037500002,0.0,296.339,42666652.0,0.0,0.0,4,Summer
West Bengal,Jalpaiguri,2010-08,26.4733048,88.67886686,6634.0,8.0,0.5701580535,21.0,298.2433333,21336643.0,4.0,-0.9998445155715522,8,Monsoon
West Bengal,Jalpaiguri,2010-09,26.4733048,88.67886686,334146.0,3.0,2.045599452,18.0,289.685,14335810.666666666,3.6666666666666665,49.36870666264697,9,Monsoon
West Bengal,Jalpaiguri,2010-10,26.4733048,88.67886686,482224.0,0.0,0.11217965498,0.0,300.5366666666667,274334.6666666667,3.6666666666666665,0.4431535915438163,10,Post-Monsoon
West Bengal,Jalpaiguri,2011-02,26.4733048,88.67886686,475661.0,0.0,0.004832064648,23.0,292.6033334,430677.0,1.0,-0.013609857659510949,2,Winter
West Bengal,Jalpaiguri,2011-04,26.4733048,88.67886686,64.0,0.0,0.2846339955,0.0,296.2266666,319316.3333333333,0.0,-0.9998654503942934,4,Summer
West Bengal,Jalpaiguri,2011-05,26.4733048,88.67886686,1536646454545454.0,2.0,0.869569099725,20.5,296.85833335,512215485007059.7,0.6666666666666666,24010100852271.72,5,Summer
West Bengal,Jalpaiguri,2011-06,26.4733048,88.67886686,111111.0,2.0,0.6625597915,24.0,300.9966666,512215484885543.0,1.3333333333333333,-0.9999999999276925,6,Monsoon
West Bengal,Jalpaiguri,2011-11,26.4733048,88.67886686,21780.0,0.0,0.01132713893,34.0,298.056,512215484892781.7,1.3333333333333333,-0.803979803979804,11,Post-Monsoon
West Bengal,Jalpaiguri,2012-05,26.4733048,88.67886686,4410141.0,0.0,0.27125931756666666,27.0,296.24666666666667,1514344.0,0.6666666666666666,201.4858126721763,5,Summer
West Bengal,Jalpaiguri,2012-06,26.4733048,88.67886686,281.0,0.0,1.492751894,15.0,294.9666666,1477400.6666666667,0.0,-0.9999362832163416,6,Monsoon
West Bengal,Jalpaiguri,2012-08,26.4733048,88.67886686,1923.0,0.0,1.2303929462,17.5,298.27666669999996,1470781.6666666667,0.0,5.843416370106762,8,Monsoon
West Bengal,Jalpaiguri,2012-10,26.4733048,88.67886686,201768.0,3.0,0.3266533401,32.0,298.6116666666667,67990.66666666667,1.0,103.92355694227768,10,Post-Monsoon
West Bengal,Jalpaiguri,2013-08,26.4733048,88.67886686,189.0,1.0,1.191221325,15.0,297.04,67960.0,1.3333333333333333,-0.9990632805995004,8,Monsoon
West Bengal,Jalpaiguri,2013-10,26.4733048,88.67886686,7615.0,0.0,0.27587741219,16.0,299.24,69857.33333333333,1.3333333333333333,39.29100529100529,10,Post-Monsoon
West Bengal,Jalpaiguri,2014-06,26.4733048,88.67886686,87.0,0.0,4.066443031,0.0,287.64,2630.3333333333335,0.3333333333333333,-0.988575180564675,6,Monsoon
West Bengal,Jalpaiguri,2015-06,26.4733048,88.67886686,5483.0,0.0,1.502784551,12.0,290.88,4395.0,0.0,62.02298850574713,6,Monsoon
West Bengal,Jalpaiguri,2015-10,26.4733048,88.67886686,102430.0,0.0,0.15979680147,12.333333333333334,299.3955556,36000.0,0.0,17.681378807222323,10,Post-Monsoon
West Bengal,Jalpaiguri,2016-05,26.4733048,88.67886686,7171.0,0.0,0.487725339,0.0,300.4733334,38361.333333333336,0.0,-0.9299912135116665,5,Summer
West Bengal,Jalpaiguri,2016-10,26.4733048,88.67886686,252263263.0,0.0,2.7307069379999995,36.0,291.32,84124288.0,0.0,35177.254497280715,10,Post-Monsoon
West Bengal,Jalpaiguri,2017-05,26.4733048,88.67886686,533.0,0.0,0.3568819471,27.0,300.256,84090322.33333333,0.0,-0.9999978871279406,5,Summer
West Bengal,Jalpaiguri,2021-09,26.4733048,88.67886686,119.0,1.0,0.8274690328,37.0,296.148,84087971.66666667,0.3333333333333333,-0.776735459662289,9,Monsoon
West Bengal,Jalpaiguri,2022-05,26.4733048,88.67886686,272.0,0.0,0.2161416423,0.0,304.6,308.0,0.3333333333333333,1.2857142857142856,5,Summer
West Bengal,Jhargram,2020-02,22.3770636,87.04867177,62.0,0.0,0.05328491101,8.0,296.54400000000004,62.0,0.0,0.0,2,Winter
West Bengal,Kolkata,2011-07,22.5666449,88.3544854,78.0,0.0,0.4891034868,5.0,301.11333340000004,78.0,0.0,0.0,7,Monsoon
West Bengal,Malda,2009-11,25.0057449,88.1398483,50.0,0.0,7.61e-05,12.0,301.608,50.0,0.0,0.0,11,Post-Monsoon
West Bengal,Malda,2011-07,25.0057449,88.1398483,148234236.0,0.0,1.7958235369999997,0.0,300.38,74117143.0,0.0,2964683.72,7,Monsoon
West Bengal,Malda,2011-09,25.0057449,88.1398483,36.0,0.0,0.3558414286,15.0,301.2566666,49411440.666666664,0.0,-0.9999997571411235,9,Monsoon
West Bengal,Malda,2011-12,25.0057449,88.1398483,40.0,2.0,0.004872643105,6.0,300.408,49411437.333333336,0.6666666666666666,0.11111111111111116,12,Winter
West Bengal,Malda,2012-07,25.0057449,88.1398483,45.0,0.0,0.1151740729,8.0,302.36,40.333333333333336,0.6666666666666666,0.125,7,Monsoon
West Bengal,Malda,2012-09,25.0057449,88.1398483,87.0,0.0,0.9318668218,8.0,296.08,57.333333333333336,0.6666666666666666,0.9333333333333333,9,Monsoon
West Bengal,Malda,2013-05,25.0057449,88.1398483,2431.0,1.0,0.4143181729,6.0,307.579,854.3333333333334,0.3333333333333333,26.942528735632184,5,Summer
West Bengal,Malda,2013-09,25.0057449,88.1398483,251.0,0.0,0.8015506819,0.0,298.46,923.0,0.3333333333333333,-0.8967503085150144,9,Monsoon
West Bengal,Malda,2013-11,25.0057449,88.1398483,22.0,0.0,0.008647886468,12.0,300.548,901.3333333333334,0.3333333333333333,-0.9123505976095617,11,Post-Monsoon
West Bengal,Malda,2014-01,25.0057449,88.1398483,61.0,0.0,0.0006860751964,8.0,295.552,111.33333333333333,0.0,1.772727272727273,1,Winter
West Bengal,Malda,2014-04,25.0057449,88.1398483,47.0,0.0,2.95e-05,8.0,313.94,43.333333333333336,0.0,-0.2295081967213115,4,Summer
West Bengal,Malda,2014-06,25.0057449,88.1398483,696973.0,95.0,0.42971348979999996,9.0,302.812,232360.33333333334,31.666666666666668,14828.212765957447,6,Monsoon
West Bengal,Malda,2014-07,25.0057449,88.1398483,22.0,0.0,0.6358668522,10.0,299.64,232347.33333333334,31.666666666666668,-0.9999684349321997,7,Monsoon
West Bengal,Malda,2014-08,25.0057449,88.1398483,92151.0,1.0,1.35079462,2.0,300.72,263048.6666666667,32.0,4187.681818181818,8,Monsoon
West Bengal,Malda,2014-10,25.0057449,88.1398483,327685.0,6.0,0.05474470437,16.0,301.48,139952.66666666666,2.3333333333333335,2.55595707046044,10,Post-Monsoon
West Bengal,Malda,2014-11,25.0057449,88.1398483,132121.0,0.0,8.9e-05,7.0,299.82,183985.66666666666,2.3333333333333335,-0.5968048583243053,11,Post-Monsoon
West Bengal,Malda,2014-12,25.0057449,88.1398483,37.0,0.0,0.02914822248,0.0,294.98,153281.0,2.0,-0.9997199536788247,12,Winter
West Bengal,Malda,2015-07,25.0057449,88.1398483,53.0,1.0,1.114236037,7.0,302.08,44070.333333333336,0.3333333333333333,0.43243243243243246,7,Monsoon
West Bengal,Malda,2016-05,25.0057449,88.1398483,12101.0,0.0,0.2632656319,8.0,308.629,4063.6666666666665,0.3333333333333333,227.32075471698113,5,Summer
West Bengal,Malda,2017-07,25.0057449,88.1398483,493735.0,0.0,1.295882154,4.0,0.0,168629.66666666666,0.3333333333333333,39.801173456739114,7,Monsoon
West Bengal,Malda,2017-09,25.0057449,88.1398483,124278.0,0.0,0.4726291382,17.5,301.15999999999997,210038.0,0.0,-0.7482900746351788,9,Monsoon
West Bengal,Malda,2018-04,25.0057449,88.1398483,61.0,0.0,0.04142471576,10.0,304.6,206024.66666666666,0.0,-0.9995091649366742,4,Summer
West Bengal,Medinipur,2019-11,22.4221814,87.3221281,28.0,0.0,0.6049356307,16.0,297.28000000000003,28.0,0.0,0.0,11,Post-Monsoon
West Bengal,Medinipur West,2013-06,22.4221814,87.3221281,87.0,0.0,0.5479036541,13.0,304.7266666,87.0,0.0,0.0,6,Monsoon
West Bengal,Medinipur West,2014-01,22.4221814,87.3221281,31.0,0.0,0.0008298155457,6.0,296.16,59.0,0.0,-0.6436781609195402,1,Winter
West Bengal,Medinipur West,2014-09,22.4221814,87.3221281,148.0,0.0,0.7540796909,20.0,301.72,88.66666666666667,0.0,3.774193548387097,9,Monsoon
West Bengal,Medinipur West,2019-09,22.4221814,87.3221281,53.0,1.0,0.5158848629,9.0,302.3,77.33333333333333,0.3333333333333333,-0.6418918918918919,9,Monsoon
West Bengal,Midnapore,2015-04,22.4671958,87.17500551,92.0,0.0,0.1335085865,7.0,307.27500000000003,92.0,0.0,0.0,4,Summer
West Bengal,Midnapore East,2019-07,22.05211075,88.07124658,22.0,0.0,0.8999829591,7.0,299.78000000000003,22.0,0.0,0.0,7,Monsoon
West Bengal,Midnapore West,2015-02,22.4671958,87.17500551,400.0,0.0,0.002337955336,7.0,298.428,400.0,0.0,0.0,2,Winter
West Bengal,Midnapur West,2015-06,22.4205314,87.3219109,200.0,0.0,0.07864023381,0.0,311.7266666,200.0,0.0,0.0,6,Monsoon
West Bengal,Murshidabad,2010-04,24.1745993,88.2721335,145.0,0.0,0.0753457464,8.0,307.2033334,145.0,0.0,0.0,4,Summer
West Bengal,Murshidabad,2010-07,24.1745993,88.2721335,34.0,1.0,1.071846974,8.0,300.62,89.5,0.5,-0.7655172413793103,7,Monsoon
West Bengal,Murshidabad,2010-08,24.1745993,88.2721335,1888.0,0.0,0.6515505131,9.0,298.1,689.0,0.3333333333333333,54.529411764705884,8,Monsoon
West Bengal,Murshidabad,2010-11,24.1745993,88.2721335,3636.0,0.0,0.05698276869,9.0,302.5,1852.6666666666667,0.3333333333333333,0.9258474576271187,11,Post-Monsoon
West Bengal,Murshidabad,2011-07,24.1745993,88.2721335,1314.0,2.0,1.323108293,7.0,287.72,2279.3333333333335,0.6666666666666666,-0.6386138613861386,7,Monsoon
West Bengal,Murshidabad,2011-08,24.1745993,88.2721335,23.0,0.0,0.475402698,14.0,300.504,1657.6666666666667,0.6666666666666666,-0.982496194824962,8,Monsoon
West Bengal,Murshidabad,2011-09,24.1745993,88.2721335,21.0,0.0,0.5222860714,11.0,300.88,452.6666666666667,0.6666666666666666,-0.08695652173913049,9,Monsoon
West Bengal,Murshidabad,2011-11,24.1745993,88.2721335,29.0,0.0,4.34e-05,7.0,302.0666666,24.333333333333332,0.0,0.38095238095238093,11,Post-Monsoon
West Bengal,Murshidabad,2012-06,24.1745993,88.2721335,41.0,0.0,0.1757088485,7.0,305.685,30.333333333333332,0.0,0.4137931034482758,6,Monsoon
West Bengal,Murshidabad,2013-08,24.1745993,88.2721335,3236.0,0.0,0.7899448616,10.0,300.475,1102.0,0.0,77.92682926829268,8,Monsoon
West Bengal,Murshidabad,2013-09,24.1745993,88.2721335,59.0,0.0,0.7656059518,14.0,301.16,1112.0,0.0,-0.9817676143386898,9,Monsoon
West Bengal,Murshidabad,2013-10,24.1745993,88.2721335,27.0,0.0,0.9734056509,6.0,300.40000000000003,1107.3333333333333,0.0,-0.5423728813559322,10,Post-Monsoon
West Bengal,Murshidabad,2014-10,24.1745993,88.2721335,77.0,0.0,0.05176576577,0.0,301.815,54.333333333333336,0.0,1.8518518518518516,10,Post-Monsoon
West Bengal,Murshidabad,2015-11,24.1745993,88.2721335,3052.0,0.0,0.0058353210661,11.0,301.3153333,1052.0,0.0,38.63636363636363,11,Post-Monsoon
West Bengal,Murshidabad,2016-03,24.1745993,88.2721335,43.0,0.0,0.03540201986,11.0,302.668,1057.3333333333333,0.0,-0.9859108781127129,3,Summer
West Bengal,Murshidabad,2016-07,24.1745993,88.2721335,58.0,0.0,0.5094029031,10.0,301.0133334,1051.0,0.0,0.34883720930232553,7,Monsoon
West Bengal,Murshidabad,2016-08,24.1745993,88.2721335,118148148148.0,0.0,0.7605017521,6.0,301.05,39382716083.0,0.0,2037037036.0344827,8,Monsoon
West Bengal,Murshidabad,2016-09,24.1745993,88.2721335,47.0,0.0,0.7345677473,10.0,302.26,39382716084.333336,0.0,-0.9999999996021943,9,Monsoon
West Bengal,Murshidabad,2018-07,24.1745993,88.2721335,241.0,0.0,0.3702091536,10.0,300.0333334,39382716145.333336,0.0,4.127659574468085,7,Monsoon
West Bengal,Murshidabad,2018-08,24.1745993,88.2721335,344391532651.0,0.0,0.9536736194750001,3.25,75.93,114797177646.33333,0.0,1429010507.925311,8,Monsoon
West Bengal,Murshidabad,2019-08,24.1745993,88.2721335,17480.0,0.0,0.7416281037,8.0,304.38,114797183457.33333,0.0,-0.999999949243816,8,Monsoon
West Bengal,Nadia,2009-06,23.48454125,88.55676307,24.0,0.0,0.1380151688,8.0,303.8866666,24.0,0.0,0.0,6,Monsoon
West Bengal,Nadia,2010-05,23.48454125,88.55676307,7639.0,0.0,0.215320033375,9.0,305.84850000000006,3831.5,0.0,317.2916666666667,5,Summer
West Bengal,Nadia,2010-06,23.48454125,88.55676307,51287.0,0.0,0.6455403109,5.5,300.53499999999997,19650.0,0.0,5.713836889645242,6,Monsoon
West Bengal,Nadia,2010-08,23.48454125,88.55676307,800931993.0,0.0,0.3522695191,7.0,300.22,266996973.0,0.0,15615.666855148478,8,Monsoon
West Bengal,Nadia,2010-09,23.48454125,88.55676307,10213110424.0,0.0,0.68733040515,7.5,300.11,3671364568.0,0.0,11.751532606089816,9,Monsoon
West Bengal,Nadia,2010-10,23.48454125,88.55676307,301.0,0.0,0.2277246495,14.0,301.30333340000004,3671347572.6666665,0.0,-0.9999999705280774,10,Post-Monsoon
West Bengal,Nadia,2011-06,23.48454125,88.55676307,71.0,0.0,0.1904720442,11.0,303.572,3404370265.3333335,0.0,-0.7641196013289037,6,Monsoon
West Bengal,Nadia,2011-10,23.48454125,88.55676307,1721.0,0.0,0.07887107351,16.0,303.346,697.6666666666666,0.0,23.239436619718308,10,Post-Monsoon
West Bengal,Nadia,2012-03,23.48454125,88.55676307,41.0,0.0,0.0001090914192,0.0,305.7666666,611.0,0.0,-0.9761766414875073,3,Summer
West Bengal,Nadia,2012-07,23.48454125,88.55676307,38.0,0.0,0.6467231556,8.0,299.65000000000003,600.0,0.0,-0.07317073170731703,7,Monsoon
West Bengal,Nadia,2012-08,23.48454125,88.55676307,16292717.0,0.0,0.64511015165,9.5,300.57375,5430932.0,0.0,428754.7105263158,8,Monsoon
West Bengal,Nadia,2012-09,23.48454125,88.55676307,59272526.0,0.0,0.37146934935,12.75,300.04625,25188427.0,0.0,2.637976772075523,9,Monsoon
West Bengal,Nadia,2012-10,23.48454125,88.55676307,37493110.0,0.0,0.374469681671,11.0,303.60566665,37686117.666666664,0.0,-0.3674453827056401,10,Post-Monsoon
West Bengal,Nadia,2013-08,23.48454125,88.55676307,263526.0,0.0,0.8911238649333333,3.6666666666666665,301.1666666666667,32343054.0,0.0,-0.9929713486024498,8,Monsoon
West Bengal,Nadia,2013-10,23.48454125,88.55676307,51.0,0.0,0.2488551425,0.0,301.28000000000003,12585562.333333334,0.0,-0.9998064707087726,10,Post-Monsoon
West Bengal,Nadia,2014-07,23.48454125,88.55676307,696956.0,0.0,1.0621523906333332,9.0,299.99,320177.6666666667,0.0,13664.803921568628,7,Monsoon
West Bengal,Nadia,2015-04,23.48454125,88.55676307,59.0,0.0,0.2479846539,0.0,302.016,232355.33333333334,0.0,-0.999915346162455,4,Summer
West Bengal,Nadia,2015-06,23.48454125,88.55676307,59.0,0.0,0.9757700111,0.0,300.85,232358.0,0.0,0.0,6,Monsoon
West Bengal,Nadia,2015-07,23.48454125,88.55676307,28.0,0.0,1.839021019,10.0,302.39,48.666666666666664,0.0,-0.5254237288135593,7,Monsoon
West Bengal,Nadia,2015-08,23.48454125,88.55676307,76108123133.0,0.0,0.665427952525,1.25,224.49,25369374406.666668,0.0,2718147253.75,8,Monsoon
West Bengal,Nadia,2016-08,23.48454125,88.55676307,1625353.0,0.0,1.3481775269666667,3.6666666666666665,302.78000000000003,25369916171.333332,0.0,-0.9999786441586904,8,Monsoon
West Bengal,Nadia,2017-08,23.48454125,88.55676307,124284284286.0,0.0,0.9129071531,0.0,301.19,66798010924.0,0.0,76465.02571010728,8,Monsoon
West Bengal,Nadia,2018-07,23.48454125,88.55676307,419.0,0.0,0.3733149412,11.0,300.355,41428636686.0,0.0,-0.9999999966286969,7,Monsoon
West Bengal,Nadia,2018-08,23.48454125,88.55676307,465.0,0.0,0.3576269969,0.0,296.90000000000003,41428095056.666664,0.0,0.10978520286396187,8,Monsoon
West Bengal,Nadia,2018-09,23.48454125,88.55676307,479286587419.0,0.0,0.5010591874,7.5,300.00625,159762196101.0,0.0,1030723842.9118279,9,Monsoon
West Bengal,Nadia,2019-04,23.48454125,88.55676307,332.0,0.0,0.215991275,0.0,303.2233334,159762196072.0,0.0,-0.9999999993073038,4,Summer
West Bengal,Nadia,2019-08,23.48454125,88.55676307,27.0,0.0,0.6856440832,9.0,301.33,159762195926.0,0.0,-0.9186746987951807,8,Monsoon
West Bengal,Nayabasti,2018-01,26.1090303,88.070742,39.0,0.0,4.34e-05,6.5,297.49,39.0,0.0,0.0,1,Winter
West Bengal,North 24 Parganas,2010-09,22.642931,88.8930579,292684101.0,0.0,0.7923914175999999,11.0,0.0,292684101.0,0.0,0.0,9,Monsoon
West Bengal,North 24 Parganas,2010-10,22.642931,88.8930579,279.0,0.0,0.01066506888,17.0,301.445,146342190.0,0.0,-0.9999990467538242,10,Post-Monsoon
West Bengal,North 24 Parganas,2011-04,22.642931,88.8930579,25.0,1.0,0.1518664035,0.0,303.17,97561468.33333333,0.3333333333333333,-0.910394265232975,4,Summer
West Bengal,North 24 Parganas,2011-05,22.642931,88.8930579,21.0,0.0,0.536171301,13.0,302.996,108.33333333333333,0.3333333333333333,-0.16000000000000003,5,Summer
West Bengal,North 24 Parganas,2011-07,22.642931,88.8930579,78.0,0.0,0.5312132695,9.0,299.40000000000003,41.333333333333336,0.3333333333333333,2.7142857142857144,7,Monsoon
West Bengal,North 24 Parganas,2012-02,22.642931,88.8930579,3095.0,0.0,0.05165978424,0.0,296.132,1064.6666666666667,0.0,38.67948717948718,2,Winter
West Bengal,North 24 Parganas,2012-10,22.642931,88.8930579,376197.0,2.0,0.69160053185,22.0,300.42333340000005,126456.66666666667,0.6666666666666666,120.54991922455574,10,Post-Monsoon
West Bengal,North 24 Parganas,2013-05,22.642931,88.8930579,35144.0,1.0,0.490482427145,5.0,300.355,138145.33333333334,1.0,-0.90658086055976,5,Summer
West Bengal,North 24 Parganas,2013-07,22.642931,88.8930579,424239.0,0.0,0.68060406,7.0,200.34666666666666,278526.6666666667,1.0,11.071448895970862,7,Monsoon
West Bengal,North 24 Parganas,2013-08,22.642931,88.8930579,1317237.0,0.0,0.8083050353333334,10.333333333333334,301.74,592206.6666666666,0.3333333333333333,2.104940847022551,8,Monsoon
West Bengal,North 24 Parganas,2013-09,22.642931,88.8930579,924036190248.0,2.0,0.47410398887999994,9.0,301.27840000000003,308012643908.0,0.6666666666666666,701494.7750564249,9,Monsoon
West Bengal,North 24 Parganas,2013-10,22.642931,88.8930579,698803.0,1.0,1.225737338,22.0,298.76,308012735429.3333,1.0,-0.999999243749317,10,Post-Monsoon
West Bengal,North 24 Parganas,2014-07,22.642931,88.8930579,1.3529044547782142e+19,0.0,0.6738098861714287,7.428571428571429,258.7371428571428,4.5096818239396767e+18,1.0,19360312631430.38,7,Monsoon
West Bengal,North 24 Parganas,2014-08,22.642931,88.8930579,88448647.0,1.0,0.8215743203,9.0,301.42,4.5096815159570964e+18,0.6666666666666666,-0.9999999999934623,8,Monsoon
West Bengal,North 24 Parganas,2014-09,22.642931,88.8930579,225.0,0.0,0.788186879,0.0,301.89,4.5096815159568635e+18,0.3333333333333333,-0.9999974561510251,9,Monsoon
West Bengal,North 24 Parganas,2016-02,22.642931,88.8930579,299.0,0.0,0.3064307018,17.0,0.0,29483057.0,0.3333333333333333,0.3288888888888888,2,Winter
West Bengal,North 24 Parganas,2016-03,22.642931,88.8930579,11235686288509.0,1.0,0.11406297644,16.4,302.01533331999997,3745228763011.0,0.3333333333333333,37577546114.41472,3,Summer
West Bengal,North 24 Parganas,2016-06,22.642931,88.8930579,598.0,0.0,0.5447739172,13.0,299.152,3745228763135.3335,0.3333333333333333,-0.9999999999467767,6,Monsoon
West Bengal,North 24 Parganas,2016-07,22.642931,88.8930579,1378250.0,0.0,0.6789268465999999,4.666666666666667,298.27111113333336,3745229222452.3335,0.3333333333333333,2303.7658862876256,7,Monsoon
West Bengal,North 24 Parganas,2016-08,22.642931,88.8930579,248279281.0,3.0,0.8922636225000001,8.0,300.42,83219376.33333333,1.0,179.14096208960638,8,Monsoon
West Bengal,North 24 Parganas,2017-03,22.642931,88.8930579,4848.0,0.0,0.4075908985,18.0,300.40500000000003,83220793.0,1.0,-0.9999804736022254,3,Summer
West Bengal,North 24 Parganas,2017-07,22.642931,88.8930579,193.0,0.0,0.675513068,0.0,295.96,82761440.66666667,1.0,-0.9601897689768977,7,Monsoon
West Bengal,North 24 Parganas,2017-08,22.642931,88.8930579,3.87186807578068e+19,0.0,0.7340631387000001,3.4285714285714284,297.0014285714286,1.2906226919268936e+19,0.0,2.0061492620625286e+17,8,Monsoon
West Bengal,North 24 Parganas,2017-09,22.642931,88.8930579,9171305.0,0.0,1.668240644,0.0,301.12,1.2906226919271991e+19,0.0,-0.9999999999997631,9,Monsoon
West Bengal,North 24 Parganas,2018-06,22.642931,88.8930579,112.0,0.0,0.6208200145,14.0,302.135,1.2906226919271991e+19,0.0,-0.9999877879974551,6,Monsoon
West Bengal,North 24 Parganas,2018-08,22.642931,88.8930579,253253.0,0.0,0.313504992,0.0,300.6233333,3141556.6666666665,0.0,2260.1875,8,Monsoon
West Bengal,North 24 Parganas,2021-01,22.642931,88.8930579,62.0,0.0,7.19e-05,6.0,293.5066666,84475.66666666667,0.0,-0.9997551855259366,1,Winter
West Bengal,North 24 Parganas,2021-03,22.642931,88.8930579,93.0,0.0,0.09780574633,20.0,301.7566666,84469.33333333333,0.0,0.5,3,Summer
West Bengal,North 24 Parganas,2021-09,22.642931,88.8930579,9410271027.0,2.0,0.3785768589,17.0,301.31,3136757060.6666665,0.6666666666666666,101185708.96774194,9,Monsoon
West Bengal,North 24 Parganas,2022-03,22.642931,88.8930579,359359556.0,0.0,0.0127255705,0.0,299.72,3256543558.6666665,0.6666666666666666,-0.9618119866081515,3,Summer
West Bengal,North 24 Parganas,2022-04,22.642931,88.8930579,132.0,0.0,0.1245795666,16.0,302.7066666,3256543571.6666665,0.6666666666666666,-0.9999996326798667,4,Summer
West Bengal,Paschim Medinipur,2010-05,22.3599134,87.41331448,181418.0,0.0,0.054106763296666666,7.0,305.155,181418.0,0.0,0.0,5,Summer
West Bengal,Paschim Medinipur,2010-07,22.3599134,87.41331448,5.0,2.0,0.5332420299,10.0,303.85,90711.5,1.0,-0.999972439338985,7,Monsoon
West Bengal,Paschim Medinipur,2010-08,22.3599134,87.41331448,77.0,1.0,0.4367004405,11.0,303.68,60500.0,1.0,14.4,8,Monsoon
West Bengal,Paschim Medinipur,2011-03,22.3599134,87.41331448,80.0,0.0,9.92e-05,14.0,304.296,54.0,1.0,0.03896103896103886,3,Summer
West Bengal,Paschim Medinipur,2013-06,22.3599134,87.41331448,29635083.0,0.0,0.6717876459,14.333333333333334,303.21666666666664,9878413.333333334,0.3333333333333333,370437.5375,6,Monsoon
West Bengal,Paschim Medinipur,2013-07,22.3599134,87.41331448,92.0,0.0,0.4794822168,8.0,303.78000000000003,9878418.333333334,0.0,-0.999996895571374,7,Monsoon
West Bengal,Paschim Medinipur,2013-08,22.3599134,87.41331448,7111.0,1.0,0.93984409295,0.0,151.76,9880762.0,0.3333333333333333,76.29347826086956,8,Monsoon
West Bengal,Paschim Medinipur,2013-09,22.3599134,87.41331448,2123.0,1.0,0.79531451905,11.0,300.45000000000005,3108.6666666666665,0.6666666666666666,-0.7014484601321895,9,Monsoon
West Bengal,Paschim Medinipur,2015-06,22.3599134,87.41331448,5421395.0,0.0,0.5903385431466667,7.666666666666667,203.96166666666667,1810209.6666666667,0.6666666666666666,2552.6481394253415,6,Monsoon
West Bengal,Paschim Medinipur,2015-07,22.3599134,87.41331448,2020.0,0.0,1.4982132975,4.5,0.0,1808512.6666666667,0.3333333333333333,-0.9996274021723192,7,Monsoon
West Bengal,Paschim Medinipur,2015-09,22.3599134,87.41331448,22.0,0.0,0.2086396692,0.0,301.3,1807812.3333333333,0.0,-0.9891089108910891,9,Monsoon
West Bengal,Paschim Medinipur,2015-10,22.3599134,87.41331448,8787.0,0.0,0.04006380641,0.0,302.952,3609.6666666666665,0.0,398.40909090909093,10,Post-Monsoon
West Bengal,Paschim Medinipur,2016-05,22.3599134,87.41331448,35113.0,0.0,0.41929966350000003,11.0,302.31666670000004,14640.666666666666,0.0,2.9960168430636167,5,Summer
West Bengal,Paschim Medinipur,2016-07,22.3599134,87.41331448,16651665.0,4.0,0.3408034743,4.0,0.0,5565188.333333333,1.3333333333333333,473.2307692307692,7,Monsoon
West Bengal,Paschim Medinipur,2016-12,22.3599134,87.41331448,20.0,0.0,0.002038949924,7.0,299.5233334,5562266.0,1.3333333333333333,-0.9999987989189069,12,Winter
West Bengal,Paschim Medinipur,2018-05,22.3599134,87.41331448,1173.0,0.0,0.3585401131,13.0,303.08,5550952.666666667,1.3333333333333333,57.65,5,Summer
West Bengal,Paschim Medinipur,2018-08,22.3599134,87.41331448,14301568497.0,0.0,0.7441723480999999,3.6666666666666665,200.66666666666666,4767189896.666667,0.0,12192299.508951407,8,Monsoon
West Bengal,Paschim Medinipur,2018-09,22.3599134,87.41331448,1430.0,0.0,0.6796600413,10.0,301.56,4767190366.666667,0.0,-0.9999999000109673,9,Monsoon
West Bengal,Paschim Medinipur,2022-04,22.3599134,87.41331448,105.0,0.0,0.001576650271,17.0,303.61,4767190010.666667,0.0,-0.9265734265734266,4,Summer
West Bengal,Purba Bardhaman,2021-03,23.391717,87.90621212,126.0,0.0,0.004923739049,14.0,305.7766666,126.0,0.0,0.0,3,Summer
West Bengal,Purba Bardhaman,2021-05,23.391717,87.90621212,29.0,0.0,0.8991830033,5.0,302.24,77.5,0.0,-0.7698412698412699,5,Summer
West Bengal,Purba Medinipur,2009-05,22.06217445,87.83672383,9689.0,0.0,0.0312300409,7.0,307.135,9689.0,0.0,0.0,5,Summer
West Bengal,Purba Medinipur,2010-04,22.06217445,87.83672383,5656.0,0.0,0.01595741024,13.0,305.748,7672.5,0.0,-0.41624522654556717,4,Summer
West Bengal,Purba Medinipur,2012-03,22.06217445,87.83672383,20.0,0.0,0.00127212215,16.0,305.5666666,5121.666666666667,0.0,-0.9964639321074965,3,Summer
West Bengal,Purba Medinipur,2012-04,22.06217445,87.83672383,288.0,0.0,0.07721241987,12.0,307.3866666,1988.0,0.0,13.4,4,Summer
West Bengal,Purba Medinipur,2012-05,22.06217445,87.83672383,61.0,0.0,0.3057073361,12.0,305.83,123.0,0.0,-0.7881944444444444,5,Summer
West Bengal,Purba Medinipur,2013-05,22.06217445,87.83672383,15.0,1.0,0.2743950832,11.0,306.02,121.33333333333333,0.3333333333333333,-0.7540983606557377,5,Summer
West Bengal,Purba Medinipur,2013-06,22.06217445,87.83672383,28.0,0.0,1.013651826,13.0,303.9666666,34.666666666666664,0.3333333333333333,0.8666666666666667,6,Monsoon
West Bengal,Purba Medinipur,2013-07,22.06217445,87.83672383,133.0,0.0,0.8392125134,0.0,0.0,58.666666666666664,0.3333333333333333,3.75,7,Monsoon
West Bengal,Purba Medinipur,2015-08,22.06217445,87.83672383,4141.0,0.0,2.00167827655,4.0,151.055,1434.0,0.0,30.13533834586466,8,Monsoon
West Bengal,Purba Medinipur,2015-09,22.06217445,87.83672383,40.0,0.0,0.6741331972,0.0,302.2,1438.0,0.0,-0.9903404974643806,9,Monsoon
West Bengal,Purba Medinipur,2016-02,22.06217445,87.83672383,27.0,0.0,0.04543780319,0.0,298.51,1402.6666666666667,0.0,-0.32499999999999996,2,Winter
West Bengal,Purba Medinipur,2017-07,22.06217445,87.83672383,14718690.0,0.0,1.5981315700000003,5.0,0.0,4906252.333333333,0.0,545135.6666666666,7,Monsoon
West Bengal,Purba Medinipur,2017-08,22.06217445,87.83672383,65104.0,0.0,0.6258037772,5.0,0.0,4927940.333333333,0.0,-0.9955767802705268,8,Monsoon
West Bengal,Purba Medinipur,2019-08,22.06217445,87.83672383,428464.0,0.0,0.6876565804,0.0,304.09000000000003,5070752.666666667,0.0,5.581223887933153,8,Monsoon
West Bengal,Purulia,2009-06,23.3291882,86.3672378,10520.0,0.0,0.105475161,9.0,308.2466666,10520.0,0.0,0.0,6,Monsoon
West Bengal,Purulia,2010-06,23.3291882,86.3672378,67.0,1.0,0.5502031647,8.0,306.17,5293.5,0.5,-0.9936311787072243,6,Monsoon
West Bengal,Purulia,2010-07,23.3291882,86.3672378,10.0,0.0,0.184327081,8.0,305.72,3532.3333333333335,0.3333333333333333,-0.8507462686567164,7,Monsoon
West Bengal,Purulia,2011-02,23.3291882,86.3672378,1584.0,0.0,0.0039387503585,2.5,300.805,553.6666666666666,0.3333333333333333,157.4,2,Winter
West Bengal,Purulia,2011-05,23.3291882,86.3672378,684246.0,0.0,0.2634705017666667,7.333333333333333,308.02633333333335,228613.33333333334,0.0,430.9734848484849,5,Summer
West Bengal,Purulia,2011-08,23.3291882,86.3672378,626428.0,0.0,1.5332545905000001,3.3333333333333335,99.46666666666668,437419.3333333333,0.0,-0.08449884982886269,8,Monsoon
West Bengal,Purulia,2011-09,23.3291882,86.3672378,52.0,0.0,1.30074146,14.0,299.46,436908.6666666667,0.0,-0.9999169896620203,9,Monsoon
West Bengal,Purulia,2012-07,23.3291882,86.3672378,24.0,0.0,0.764212161,5.0,298.68,208834.66666666666,0.0,-0.5384615384615384,7,Monsoon
West Bengal,Purulia,2013-01,23.3291882,86.3672378,195.0,0.0,0.0005306157107,5.0,293.28400000000005,90.33333333333333,0.0,7.125,1,Winter
West Bengal,Purulia,2013-05,23.3291882,86.3672378,6022.0,1.0,0.041657517907,3.0,311.14,2080.3333333333335,0.3333333333333333,29.882051282051282,5,Summer
West Bengal,Purulia,2013-07,23.3291882,86.3672378,152122346713.0,2.0,0.9186675707833333,7.833333333333333,300.68,50707450976.666664,1.0,25261099.417303223,7,Monsoon
West Bengal,Purulia,2013-08,23.3291882,86.3672378,4730231920.0,2.0,0.50725106502,6.0,301.254,52284194885.0,1.6666666666666667,-0.9689050818488605,8,Monsoon
West Bengal,Purulia,2013-09,23.3291882,86.3672378,171740.0,0.0,0.5723350720666667,5.666666666666667,301.94944446666665,52284250124.333336,1.3333333333333333,-0.9999636931121128,9,Monsoon
West Bengal,Purulia,2013-10,23.3291882,86.3672378,37377043602311.0,0.0,0.6902321815714286,8.857142857142858,300.7761904571429,12460591335323.666,0.6666666666666666,217637378.77355886,10,Post-Monsoon
West Bengal,Purulia,2013-11,23.3291882,86.3672378,524333.0,0.0,0.0015114980026666666,8.666666666666666,299.478,12459014766128.0,0.0,-0.9999999859717904,11,Post-Monsoon
West Bengal,Purulia,2014-03,23.3291882,86.3672378,85.0,0.0,0.04697146231,7.0,306.6266666,12459014708909.666,0.0,-0.9998378892802856,3,Summer
West Bengal,Purulia,2014-05,23.3291882,86.3672378,21.0,0.0,0.08476274688,6.0,312.1966666,174813.0,0.0,-0.7529411764705882,5,Summer
West Bengal,Purulia,2014-08,23.3291882,86.3672378,67.0,0.0,1.201280507,8.0,0.0,57.666666666666664,0.0,2.1904761904761907,8,Monsoon
West Bengal,Purulia,2014-09,23.3291882,86.3672378,3771.0,0.0,0.4035063195,15.0,300.0733334,1286.3333333333333,0.0,55.28358208955224,9,Monsoon
West Bengal,Purulia,2015-05,23.3291882,86.3672378,2319.0,0.0,0.07051245872,8.0,309.99,2052.3333333333335,0.0,-0.3850437549721559,5,Summer
West Bengal,Purulia,2015-06,23.3291882,86.3672378,2130.0,0.0,0.3922971656,9.0,303.3933334,2740.0,0.0,-0.08150064683053038,6,Monsoon
West Bengal,Purulia,2015-09,23.3291882,86.3672378,15.0,0.0,0.7917855506,13.0,300.86,1488.0,0.0,-0.9929577464788732,9,Monsoon
West Bengal,Purulia,2015-11,23.3291882,86.3672378,31.0,0.0,7.87e-05,5.0,303.04,725.3333333333334,0.0,1.0666666666666669,11,Post-Monsoon
West Bengal,Purulia,2016-01,23.3291882,86.3672378,19.0,0.0,1.74e-06,4.0,298.148,21.666666666666668,0.0,-0.3870967741935484,1,Winter
West Bengal,Purulia,2016-03,23.3291882,86.3672378,24.0,0.0,0.006067224981,5.0,310.3066666,24.666666666666668,0.0,0.26315789473684204,3,Summer
West Bengal,Purulia,2016-05,23.3291882,86.3672378,11753.0,2.0,0.2404158461,7.0,307.4841667,3932.0,0.6666666666666666,488.7083333333333,5,Summer
West Bengal,Purulia,2016-06,23.3291882,86.3672378,963030.0,0.0,0.39458404766666666,4.666666666666667,308.83433333333335,324935.6666666667,0.6666666666666666,80.93907938398706,6,Monsoon
West Bengal,Purulia,2016-07,23.3291882,86.3672378,4646313160603535.0,0.0,0.679460657,4.0,151.4,1548771053859439.2,0.6666666666666666,4824681639.8663645,7,Monsoon
West Bengal,Purulia,2016-08,23.3291882,86.3672378,1395858.0,1.0,1.104072466,13.0,300.6911110666667,1548771054320807.8,0.3333333333333333,-0.9999999996995773,8,Monsoon
West Bengal,Purulia,2017-07,23.3291882,86.3672378,115.0,0.0,1.356479216,1.0,0.0,1548771053999836.0,0.3333333333333333,-0.9999176133962051,7,Monsoon
West Bengal,Purulia,2018-04,23.3291882,86.3672378,4142.0,0.0,0.0309011268685,3.5,309.35333330000003,466705.0,0.3333333333333333,35.017391304347825,4,Summer
West Bengal,Purulia,2018-07,23.3291882,86.3672378,6515716.0,0.0,0.6876034650666666,3.6666666666666665,101.13333333333334,2173324.3333333335,0.0,1572.0845002414292,7,Monsoon
West Bengal,Purulia,2019-06,23.3291882,86.3672378,25.0,0.0,0.130734667,0.0,309.42,2173294.3333333335,0.0,-0.9999961631231318,6,Monsoon
West Bengal,Purulia,2019-07,23.3291882,86.3672378,31.0,0.0,0.7925198686,0.0,0.0,2171924.0,0.0,0.24,7,Monsoon
West Bengal,Purulia,2019-08,23.3291882,86.3672378,35.0,0.0,0.5817800031,7.0,302.21,30.333333333333332,0.0,0.12903225806451624,8,Monsoon
West Bengal,Purulia,2019-10,23.3291882,86.3672378,30.0,0.0,0.4544244418,20.0,301.0,32.0,0.0,-0.1428571428571429,10,Post-Monsoon
West Bengal,Purulia,2020-02,23.3291882,86.3672378,68.0,0.0,0.1675449555,6.0,299.18,44.333333333333336,0.0,1.2666666666666666,2,Winter
West Bengal,Purulia,2021-02,23.3291882,86.3672378,25.0,0.0,0.02399720849,4.0,299.0,41.0,0.0,-0.6323529411764706,2,Winter
West Bengal,Purulia,2021-07,23.3291882,86.3672378,37.0,0.0,0.4780475287,0.0,0.0,43.333333333333336,0.0,0.48,7,Monsoon
West Bengal,Purulia,2021-08,23.3291882,86.3672378,22.0,0.0,0.6639760347,8.0,0.0,28.0,0.0,-0.4054054054054054,8,Monsoon
West Bengal,Purulia,2021-10,23.3291882,86.3672378,2822.0,0.0,1.0944818159799998,20.5,299.8333333,960.3333333333334,0.0,127.27272727272728,10,Post-Monsoon
West Bengal,Purulia,2021-11,23.3291882,86.3672378,25.0,0.0,0.0103289685,14.0,300.77,956.3333333333334,0.0,-0.9911410347271439,11,Post-Monsoon
West Bengal,Puruliya,2021-03,23.19989585,86.3209473,255.0,0.0,0.219921134,6.0,307.012,255.0,0.0,0.0,3,Summer
West Bengal,Rampurhat,2018-10,24.1763069,87.7859569,102.0,0.0,0.001800650255,17.0,302.42400000000004,102.0,0.0,0.0,10,Post-Monsoon
West Bengal,Rampurhat,2019-04,24.1763069,87.7859569,72.0,0.0,0.1243603352,11.0,307.2633334,87.0,0.0,-0.2941176470588235,4,Summer
West Bengal,South 24 Parganas,2009-05,22.5760669,88.42006758,51225.0,23.0,0.4886619113,0.0,302.92,51225.0,23.0,0.0,5,Summer
West Bengal,South 24 Parganas,2009-07,22.5760669,88.42006758,112.0,0.0,0.4744473145,9.0,302.75,25668.5,11.5,-0.9978135675939482,7,Monsoon
West Bengal,South 24 Parganas,2009-09,22.5760669,88.42006758,4485.0,0.0,0.7405739352,14.0,299.768,18607.333333333332,7.666666666666667,39.044642857142854,9,Monsoon
West Bengal,South 24 Parganas,2010-09,22.5760669,88.42006758,78.0,0.0,0.5877028879,14.0,299.236,1558.3333333333333,0.0,-0.9826086956521739,9,Monsoon
West Bengal,South 24 Parganas,2011-05,22.5760669,88.42006758,21.0,0.0,0.5945047607,12.0,304.392,1528.0,0.0,-0.7307692307692308,5,Summer
West Bengal,South 24 Parganas,2011-12,22.5760669,88.42006758,2523.0,0.0,0.006126871217,7.0,296.9666666,874.0,0.0,119.14285714285714,12,Winter
West Bengal,South 24 Parganas,2013-04,22.5760669,88.42006758,70.0,0.0,0.06509398581,0.0,304.7733334,871.3333333333334,0.0,-0.9722552516845026,4,Summer
West Bengal,South 24 Parganas,2013-06,22.5760669,88.42006758,2336.0,1.0,0.37388254055000003,15.0,301.41,1643.0,0.3333333333333333,32.371428571428574,6,Monsoon
West Bengal,South 24 Parganas,2014-07,22.5760669,88.42006758,107113287070.0,0.0,0.70476234346,5.2,114.832,35704429825.333336,0.3333333333333333,45853289.69777397,7,Monsoon
West Bengal,South 24 Parganas,2015-05,22.5760669,88.42006758,18.0,0.0,0.01330339936,10.0,305.052,35704429808.0,0.3333333333333333,-0.9999999998319536,5,Summer
West Bengal,South 24 Parganas,2015-07,22.5760669,88.42006758,19.0,0.0,1.642966621,0.0,0.0,35704429035.666664,0.0,0.05555555555555558,7,Monsoon
West Bengal,South 24 Parganas,2015-08,22.5760669,88.42006758,57515.0,0.0,0.48131282995,7.0,150.29500000000002,19184.0,0.0,3026.1052631578946,8,Monsoon
West Bengal,South 24 Parganas,2016-02,22.5760669,88.42006758,39.0,0.0,0.02198617318,0.0,301.6533334,19191.0,0.0,-0.9993219160219073,2,Winter
West Bengal,South 24 Parganas,2016-03,22.5760669,88.42006758,776.0,0.0,0.03823733197,13.0,303.9766666,19443.333333333332,0.0,18.897435897435898,3,Summer
West Bengal,South 24 Parganas,2016-05,22.5760669,88.42006758,5.944286161612529e+19,0.0,0.40349735063000003,9.5,306.03740002000006,1.9814287205375095e+19,0.0,7.660162579397589e+16,5,Summer
West Bengal,South 24 Parganas,2016-06,22.5760669,88.42006758,26574317.0,0.0,0.498444110375,6.0,302.98975,1.9814287205383954e+19,0.0,-0.9999999999995529,6,Monsoon
West Bengal,South 24 Parganas,2016-08,22.5760669,88.42006758,79.0,0.0,1.476226079,0.0,300.7266666,1.9814287205383954e+19,0.0,-0.999997027204876,8,Monsoon
West Bengal,South 24 Parganas,2016-09,22.5760669,88.42006758,157127.0,0.0,0.59300570765,16.0,299.2186667,8910507.666666666,0.0,1987.9493670886077,9,Monsoon
West Bengal,South 24 Parganas,2016-10,22.5760669,88.42006758,83.0,0.0,0.1254093123,16.0,301.764,52429.666666666664,0.0,-0.9994717648780922,10,Post-Monsoon
West Bengal,South 24 Parganas,2018-09,22.5760669,88.42006758,728.0,0.0,0.5798968279,0.0,302.67,52646.0,0.0,7.771084337349398,9,Monsoon
West Bengal,South 24 Parganas,2019-09,22.5760669,88.42006758,59.0,0.0,0.2094489234,19.0,302.6666666,290.0,0.0,-0.9189560439560439,9,Monsoon
West Bengal,South 24 Parganas,2021-03,22.5760669,88.42006758,1223257.0,0.0,0.007444875335866667,6.333333333333333,304.40333333333336,408014.6666666667,0.0,20732.169491525423,3,Summer
West Bengal,South 24 Parganas,2021-04,22.5760669,88.42006758,12014655.0,1.0,0.036272905550000005,7.666666666666667,306.18,4412657.0,0.3333333333333333,8.821856731659823,4,Summer
West Bengal,South 24 Parganas,2021-07,22.5760669,88.42006758,51.0,0.0,0.518780131,9.0,301.89,4412654.333333333,0.3333333333333333,-0.9999957551839815,7,Monsoon
West Bengal,South 24 Parganas,2022-02,22.5760669,88.42006758,21.0,0.0,0.1333235523,10.0,299.22,4004909.0,0.3333333333333333,-0.5882352941176471,2,Winter
West Bengal,South 24 Parganas,2022-04,22.5760669,88.42006758,71.0,0.0,0.001930660318,10.0,304.93333340000004,47.666666666666664,0.0,2.380952380952381,4,Summer
West Bengal,South 24 parganas,2015-06,22.5760669,88.42006758,18.0,0.0,0.9995718671,4.0,0.0,18.0,0.0,0.0,6,Monsoon
West Bengal,South 24 parganas,2022-02,22.5760669,88.42006758,2121.0,0.0,0.1333235523,10.0,299.22,1069.5,0.0,116.83333333333333,2,Winter
West Bengal,South 24 parganas,2022-03,22.5760669,88.42006758,35.0,0.0,0.01326398044,13.0,304.952,724.6666666666666,0.0,-0.9834983498349835,3,Summer
West Bengal,South Parganas,2014-09,22.5760669,88.42006758,115115.0,0.0,0.1911812722,12.0,301.536,115115.0,0.0,0.0,9,Monsoon
West Bengal,Uttar Dinajpur,2016-02,25.8707958,87.96259728,140.0,0.0,0.001412002241,0.0,298.97,140.0,0.0,0.0,2,Winter
West Bengal,Uttar Dinajpur,2016-03,25.8707958,87.96259728,870.0,0.0,0.01384412423,8.0,304.48,505.0,0.0,5.214285714285714,3,Summer
West Bengal,West Medinipur,2010-04,22.2788943,87.92227864,13.0,1.0,0.04071258185,7.0,305.7133334,13.0,1.0,0.0,4,Summer
West Bengal,West Medinipur,2012-07,22.2788943,87.92227864,65.0,0.0,0.6640967487,16.0,301.90000000000003,39.0,0.5,4.0,7,Monsoon
West Bengal,West Medinipur,2013-07,22.2788943,87.92227864,59.0,0.0,2.50305217,6.0,0.0,45.666666666666664,0.3333333333333333,-0.09230769230769231,7,Monsoon
West Bengal,West Medinipur,2013-10,22.2788943,87.92227864,2414595.0,3.0,1.1478248806666667,22.0,200.26666666666668,804906.3333333334,1.0,40924.338983050846,10,Post-Monsoon
West Bengal,West Medinipur,2013-12,22.2788943,87.92227864,39.0,0.0,0.002176742252,6.0,296.808,804897.6666666666,1.0,-0.9999838482229939,12,Winter
West Bengal,West Medinipur,2014-01,22.2788943,87.92227864,145.0,0.0,6.3e-05,6.0,296.165,804926.3333333334,1.0,2.717948717948718,1,Winter
West Bengal,West Medinipur,2014-07,22.2788943,87.92227864,818824.0,0.0,0.4398133653333334,3.6666666666666665,0.0,273002.6666666667,0.0,5646.062068965517,7,Monsoon
West Bengal,West Medinipur,2018-06,22.2788943,87.92227864,43.0,0.0,0.151667724,0.0,304.16,273004.0,0.0,-0.9999474856623646,6,Monsoon
West Bengal,West Medinipur,2019-09,22.2788943,87.92227864,47.0,0.0,0.4316577618,5.0,302.62,272971.3333333333,0.0,0.09302325581395343,9,Monsoon
West Bengal,West Midnapore,2015-06,22.05211075,88.07124658,70.0,0.0,0.03668623146,10.0,305.115,70.0,0.0,0.0,6,Monsoon
West Bengal,West Midnapore,2015-08,22.05211075,88.07124658,26.0,0.0,0.2878018505,9.0,295.88,48.0,0.0,-0.6285714285714286,8,Monsoon
